ISO-10303-21;
HEADER;
FILE_DESCRIPTION (( 'STEP AP214' ),
    '1' );
FILE_NAME ('CASE_LEFT_BOT_CLIPS.STP',
    '2025-03-03T06:53:40',
    ( '' ),
    ( '' ),
    'SwSTEP 2.0',
    'SolidWorks 2022',
    '' );
FILE_SCHEMA (( 'AUTOMOTIVE_DESIGN' ));
ENDSEC;

DATA;
#1 = ORIENTED_EDGE ( 'NONE', *, *, #4806, .T. ) ;
#2 = DIRECTION ( 'NONE',  ( 0.000000000000000000, 0.000000000000000000, 1.000000000000000000 ) ) ;
#3 = CIRCLE ( 'NONE', #5928, 69.21297688990915731 ) ;
#4 = DIRECTION ( 'NONE',  ( -2.972808324392569924E-08, 0.9999999999999995559, 0.000000000000000000 ) ) ;
#5 = EDGE_CURVE ( 'NONE', #5530, #1557, #103, .T. ) ;
#6 = AXIS2_PLACEMENT_3D ( 'NONE', #8048, #4225, #2412 ) ;
#7 = CARTESIAN_POINT ( 'NONE',  ( 6.810036434708695907, -10.76178768431326205, 3.449999999999997513 ) ) ;
#8 = AXIS2_PLACEMENT_3D ( 'NONE', #5088, #1330, #1453 ) ;
#9 = MECHANICAL_DESIGN_GEOMETRIC_PRESENTATION_REPRESENTATION (  '', ( #3576 ), #1987 ) ;
#10 = CARTESIAN_POINT ( 'NONE',  ( 118.3122811893314434, 1.524973922286212459E-05, -4.599999999999992539 ) ) ;
#11 = ORIENTED_EDGE ( 'NONE', *, *, #1585, .F. ) ;
#12 = DIRECTION ( 'NONE',  ( 0.000000000000000000, 0.000000000000000000, 1.000000000000000000 ) ) ;
#13 = ORIENTED_EDGE ( 'NONE', *, *, #6242, .F. ) ;
#14 = CARTESIAN_POINT ( 'NONE',  ( 6.333840999999999610, 12.63464199999999948, 2.250000000000000000 ) ) ;
#15 = EDGE_CURVE ( 'NONE', #7861, #3287, #3521, .T. ) ;
#16 = ORIENTED_EDGE ( 'NONE', *, *, #7820, .T. ) ;
#17 = EDGE_CURVE ( 'NONE', #3975, #4467, #6441, .T. ) ;
#18 = AXIS2_PLACEMENT_3D ( 'NONE', #1587, #5425, #6676 ) ;
#19 = CARTESIAN_POINT ( 'NONE',  ( 31.43860974639945383, 1.244110999999999079, -4.599999999999992539 ) ) ;
#20 = VECTOR ( 'NONE', #6745, 1000.000000000000000 ) ;
#21 = CARTESIAN_POINT ( 'NONE',  ( 22.35370608041267104, 77.84411100000001227, -4.599999999999992539 ) ) ;
#22 = DIRECTION ( 'NONE',  ( 0.4809831074316376909, -0.8767298616822661872, 0.000000000000000000 ) ) ;
#23 = AXIS2_PLACEMENT_3D ( 'NONE', #992, #3514, #3474 ) ;
#24 = CARTESIAN_POINT ( 'NONE',  ( -19.36772099999999597, 46.73547018669192710, -2.199999999999995293 ) ) ;
#25 = PLANE ( 'NONE',  #1985 ) ;
#26 = EDGE_LOOP ( 'NONE', ( #1490, #3910, #8010, #1787 ) ) ;
#27 = EDGE_LOOP ( 'NONE', ( #2955, #1937, #452, #590 ) ) ;
#28 = ORIENTED_EDGE ( 'NONE', *, *, #4449, .T. ) ;
#29 = ADVANCED_FACE ( 'NONE', ( #3272 ), #6978, .F. ) ;
#30 = CIRCLE ( 'NONE', #4645, 1.697767288274091513 ) ;
#31 = DIRECTION ( 'NONE',  ( 0.8660254062730189384, 0.4999999956896525322, 0.000000000000000000 ) ) ;
#32 = CARTESIAN_POINT ( 'NONE',  ( -15.34093431725251300, 80.28515208232292366, 0.3709814254245482612 ) ) ;
#33 = DIRECTION ( 'NONE',  ( 1.000000000000000000, 0.000000000000000000, 0.000000000000000000 ) ) ;
#34 = ORIENTED_EDGE ( 'NONE', *, *, #7412, .F. ) ;
#35 = ORIENTED_EDGE ( 'NONE', *, *, #17, .F. ) ;
#36 = DIRECTION ( 'NONE',  ( -0.000000000000000000, 0.000000000000000000, 1.000000000000000000 ) ) ;
#37 = ORIENTED_EDGE ( 'NONE', *, *, #4596, .F. ) ;
#38 = CARTESIAN_POINT ( 'NONE',  ( -18.16772099999999668, 76.15268391958780114, -4.599999999999992539 ) ) ;
#39 = ADVANCED_FACE ( 'NONE', ( #4564 ), #6401, .F. ) ;
#40 = CARTESIAN_POINT ( 'NONE',  ( -15.44801676249468336, 80.20338603567569180, 0.1577167488822941999 ) ) ;
#41 = CARTESIAN_POINT ( 'NONE',  ( 41.40370608041266109, 80.84411100000002648, -4.599999999999992539 ) ) ;
#42 = CARTESIAN_POINT ( 'NONE',  ( -1.073295220596637733, 84.13780609067096350, 0.4525492188716485065 ) ) ;
#43 = VERTEX_POINT ( 'NONE', #758 ) ;
#44 = ORIENTED_EDGE ( 'NONE', *, *, #8006, .F. ) ;
#45 = DIRECTION ( 'NONE',  ( -1.000000000000000000, 0.000000000000000000, 0.000000000000000000 ) ) ;
#46 = CARTESIAN_POINT ( 'NONE',  ( 61.16228894959200346, 84.14856685720403107, 2.250000000000000000 ) ) ;
#47 = AXIS2_PLACEMENT_3D ( 'NONE', #153, #2667, #5188 ) ;
#48 = DIRECTION ( 'NONE',  ( 1.000000000000000000, 0.000000000000000000, 0.000000000000000000 ) ) ;
#49 = ADVANCED_FACE ( 'NONE', ( #5792 ), #721, .F. ) ;
#50 = CARTESIAN_POINT ( 'NONE',  ( 79.51673485720000656, 22.99635366131899872, -4.599999999999992539 ) ) ;
#51 = ORIENTED_EDGE ( 'NONE', *, *, #622, .F. ) ;
#52 = DIRECTION ( 'NONE',  ( 0.000000000000000000, 0.000000000000000000, 1.000000000000000000 ) ) ;
#53 = ORIENTED_EDGE ( 'NONE', *, *, #7960, .T. ) ;
#54 = FACE_OUTER_BOUND ( 'NONE', #6900, .T. ) ;
#55 = ORIENTED_EDGE ( 'NONE', *, *, #5137, .T. ) ;
#56 = CARTESIAN_POINT ( 'NONE',  ( 96.81228253471061862, 15.29411099999999912, -2.199999999999991296 ) ) ;
#57 = CARTESIAN_POINT ( 'NONE',  ( 96.81227900000000375, 53.59411099999999806, 1.750000000000017097 ) ) ;
#58 = CARTESIAN_POINT ( 'NONE',  ( 101.4372790000000322, 15.29411099999999912, -4.599999999999992539 ) ) ;
#59 = EDGE_CURVE ( 'NONE', #7006, #5108, #6787, .T. ) ;
#60 = ADVANCED_FACE ( 'NONE', ( #7516 ), #1881, .F. ) ;
#61 = DIRECTION ( 'NONE',  ( -0.000000000000000000, -0.000000000000000000, -1.000000000000000000 ) ) ;
#62 = DIRECTION ( 'NONE',  ( -0.8660254037844358210, -1.116254493224312270E-07, -0.4999999999999923950 ) ) ;
#63 = EDGE_LOOP ( 'NONE', ( #909, #5314 ) ) ;
#64 = DIRECTION ( 'NONE',  ( 1.000000000000000000, 0.000000000000000000, 0.000000000000000000 ) ) ;
#65 = ORIENTED_EDGE ( 'NONE', *, *, #4530, .T. ) ;
#66 = CARTESIAN_POINT ( 'NONE',  ( 61.16367833426492950, 81.09556294374070262, -4.599999999999992539 ) ) ;
#67 = FACE_OUTER_BOUND ( 'NONE', #6911, .T. ) ;
#68 = PRODUCT_DEFINITION_CONTEXT ( 'detailed design', #5045, 'design' ) ;
#69 = CARTESIAN_POINT ( 'NONE',  ( -15.45156374899132778, 80.20063093007729549, 0.1398103017863395192 ) ) ;
#70 = EDGE_CURVE ( 'NONE', #2197, #6690, #5871, .T. ) ;
#71 = AXIS2_PLACEMENT_3D ( 'NONE', #3351, #6558, #5861 ) ;
#72 = AXIS2_PLACEMENT_3D ( 'NONE', #7981, #2346, #4870 ) ;
#73 = CARTESIAN_POINT ( 'NONE',  ( 99.06227900000000375, 34.54411100000000090, 1.349999999999999867 ) ) ;
#74 = ORIENTED_EDGE ( 'NONE', *, *, #1733, .T. ) ;
#75 = ORIENTED_EDGE ( 'NONE', *, *, #2982, .F. ) ;
#76 = DIRECTION ( 'NONE',  ( 0.000000000000000000, -0.000000000000000000, -1.000000000000000000 ) ) ;
#77 = EDGE_LOOP ( 'NONE', ( #1813, #6132, #7642, #5030 ) ) ;
#78 = PLANE ( 'NONE',  #8016 ) ;
#79 = AXIS2_PLACEMENT_3D ( 'NONE', #1288, #4519, #2691 ) ;
#80 = VECTOR ( 'NONE', #4824, 1000.000000000000000 ) ;
#81 = CARTESIAN_POINT ( 'NONE',  ( 22.86227900000000091, 60.09411099999999806, 2.250000000000000000 ) ) ;
#82 = CARTESIAN_POINT ( 'NONE',  ( -18.16772100000000023, 19.23547018669193065, -2.199999999999991740 ) ) ;
#83 = ADVANCED_FACE ( 'NONE', ( #6486 ), #3358, .F. ) ;
#84 = CARTESIAN_POINT ( 'NONE',  ( 6.810036434708695907, -10.76178768431326205, 3.449999999999997513 ) ) ;
#85 = ORIENTED_EDGE ( 'NONE', *, *, #6395, .F. ) ;
#86 = VECTOR ( 'NONE', #6341, 1000.000000000000000 ) ;
#87 = VERTEX_POINT ( 'NONE', #2823 ) ;
#88 = CARTESIAN_POINT ( 'NONE',  ( -13.55859082457480369, -1.465830875177938308, -2.149999999999971045 ) ) ;
#89 = CARTESIAN_POINT ( 'NONE',  ( 119.9122789294974751, 12.87146824717517113, 4.450000000000000178 ) ) ;
#90 = DIRECTION ( 'NONE',  ( 0.000000000000000000, 1.000000000000000000, 0.000000000000000000 ) ) ;
#91 = DIRECTION ( 'NONE',  ( -0.000000000000000000, 0.000000000000000000, 1.000000000000000000 ) ) ;
#92 = EDGE_LOOP ( 'NONE', ( #4603, #34, #6151, #7884 ) ) ;
#93 = DIRECTION ( 'NONE',  ( 0.000000000000000000, 0.000000000000000000, -1.000000000000000000 ) ) ;
#94 = ORIENTED_EDGE ( 'NONE', *, *, #1429, .F. ) ;
#95 = LINE ( 'NONE', #2484, #275 ) ;
#96 = ORIENTED_EDGE ( 'NONE', *, *, #1676, .F. ) ;
#97 = CARTESIAN_POINT ( 'NONE',  ( 77.68728330292589135, 19.29411698796796415, -1.550000000000002709 ) ) ;
#98 = LINE ( 'NONE', #3187, #1589 ) ;
#99 = DIRECTION ( 'NONE',  ( 1.000000000000000000, 0.000000000000000000, 0.000000000000000000 ) ) ;
#100 = CARTESIAN_POINT ( 'NONE',  ( -2.939168329610156061, -10.97058647013408894, -4.599999999999992539 ) ) ;
#101 = CYLINDRICAL_SURFACE ( 'NONE', #6444, 0.5999999999999992006 ) ;
#102 = VERTEX_POINT ( 'NONE', #4781 ) ;
#103 = LINE ( 'NONE', #3777, #5365 ) ;
#104 = VERTEX_POINT ( 'NONE', #2125 ) ;
#105 = CARTESIAN_POINT ( 'NONE',  ( 0.000000000000000000, 80.84411100000002648, -4.599999999999992539 ) ) ;
#106 = EDGE_CURVE ( 'NONE', #828, #4924, #351, .T. ) ;
#107 = ADVANCED_FACE ( 'NONE', ( #7842, #6528 ), #3452, .T. ) ;
#108 = CARTESIAN_POINT ( 'NONE',  ( -15.44658947559663886, 80.20444107033893033, 0.1591222332009094020 ) ) ;
#109 = DIRECTION ( 'NONE',  ( 1.288939664294365441E-07, -0.9999999999999916733, 0.000000000000000000 ) ) ;
#110 = AXIS2_PLACEMENT_3D ( 'NONE', #1802, #6775, #489 ) ;
#111 = ORIENTED_EDGE ( 'NONE', *, *, #7530, .T. ) ;
#112 = ORIENTED_EDGE ( 'NONE', *, *, #7228, .F. ) ;
#113 = LINE ( 'NONE', #6365, #7746 ) ;
#114 = ORIENTED_EDGE ( 'NONE', *, *, #2891, .F. ) ;
#115 = DIRECTION ( 'NONE',  ( 0.000000000000000000, 0.000000000000000000, -1.000000000000000000 ) ) ;
#116 = ADVANCED_FACE ( 'NONE', ( #2865 ), #7881, .T. ) ;
#117 = EDGE_CURVE ( 'NONE', #3252, #7683, #7267, .T. ) ;
#118 = AXIS2_PLACEMENT_3D ( 'NONE', #4506, #206, #5204 ) ;
#119 = CARTESIAN_POINT ( 'NONE',  ( 7.458841000000000498, 12.63464199999999948, 3.449999999999961098 ) ) ;
#120 = CIRCLE ( 'NONE', #6163, 1.697767288279056208 ) ;
#121 = LINE ( 'NONE', #2594, #4633 ) ;
#122 = DIRECTION ( 'NONE',  ( 1.000000000000000000, 0.000000000000000000, 0.000000000000000000 ) ) ;
#123 = ORIENTED_EDGE ( 'NONE', *, *, #2279, .T. ) ;
#124 = CONICAL_SURFACE ( 'NONE', #118, 0.4500000000000059508, 0.7853981633974282950 ) ;
#125 = EDGE_LOOP ( 'NONE', ( #437, #4412, #3549, #7068 ) ) ;
#126 = CARTESIAN_POINT ( 'NONE',  ( 2.026404518837212620, 82.71805134740756671, -4.599999999999992539 ) ) ;
#127 = DIRECTION ( 'NONE',  ( 0.9999999999999837907, 1.798198651385039339E-07, 0.000000000000000000 ) ) ;
#128 = EDGE_CURVE ( 'NONE', #5221, #4407, #6436, .T. ) ;
#129 = VECTOR ( 'NONE', #3994, 1000.000000000000000 ) ;
#130 = LINE ( 'NONE', #3343, #6442 ) ;
#131 = CIRCLE ( 'NONE', #3005, 1.850000000000018296 ) ;
#132 = AXIS2_PLACEMENT_3D ( 'NONE', #6788, #1152, #6710 ) ;
#133 = CARTESIAN_POINT ( 'NONE',  ( 90.21227469707440605, 76.84410589528943092, -2.150000000000027889 ) ) ;
#134 = ORIENTED_EDGE ( 'NONE', *, *, #528, .F. ) ;
#135 = DIRECTION ( 'NONE',  ( 1.000000000000000000, 0.000000000000000000, 0.000000000000000000 ) ) ;
#136 = AXIS2_PLACEMENT_3D ( 'NONE', #934, #7846, #2129 ) ;
#137 = EDGE_LOOP ( 'NONE', ( #7364, #4862 ) ) ;
#138 = CARTESIAN_POINT ( 'NONE',  ( 99.06227900000000375, 53.59411099999999806, 4.450000000000000178 ) ) ;
#139 = AXIS2_PLACEMENT_3D ( 'NONE', #1270, #115, #6458 ) ;
#140 = ORIENTED_EDGE ( 'NONE', *, *, #2444, .T. ) ;
#141 = EDGE_CURVE ( 'NONE', #4783, #6388, #7182, .T. ) ;
#142 = DIRECTION ( 'NONE',  ( -0.000000000000000000, 0.000000000000000000, 1.000000000000000000 ) ) ;
#143 = AXIS2_PLACEMENT_3D ( 'NONE', #2323, #1745, #4259 ) ;
#144 = VECTOR ( 'NONE', #7631, 1000.000000000000114 ) ;
#145 = DIRECTION ( 'NONE',  ( -5.448606792506972210E-17, -1.000000000000000000, 0.000000000000000000 ) ) ;
#146 = FACE_OUTER_BOUND ( 'NONE', #3124, .T. ) ;
#148 = VECTOR ( 'NONE', #5903, 1000.000000000000000 ) ;
#147 = DIRECTION ( 'NONE',  ( 1.018552587902412228E-15, 1.000000000000000000, 0.000000000000000000 ) ) ;
#149 = AXIS2_PLACEMENT_3D ( 'NONE', #1209, #6758, #6878 ) ;
#150 = EDGE_LOOP ( 'NONE', ( #3017, #7550, #360, #8023 ) ) ;
#151 = ORIENTED_EDGE ( 'NONE', *, *, #4380, .F. ) ;
#152 = ORIENTED_EDGE ( 'NONE', *, *, #1534, .F. ) ;
#153 = CARTESIAN_POINT ( 'NONE',  ( -19.36772099999999597, 48.98547018669192710, -2.199999999999995293 ) ) ;
#154 =( NAMED_UNIT ( * ) SI_UNIT ( $, .STERADIAN. ) SOLID_ANGLE_UNIT ( ) );
#155 = CIRCLE ( 'NONE', #6068, 1.049999999999995381 ) ;
#156 = CARTESIAN_POINT ( 'NONE',  ( -15.46773261303346914, 80.18824048004927363, 0.02021846340068226069 ) ) ;
#157 = EDGE_CURVE ( 'NONE', #228, #104, #7098, .T. ) ;
#158 = PLANE ( 'NONE',  #334 ) ;
#159 = VERTEX_POINT ( 'NONE', #1008 ) ;
#160 = ORIENTED_EDGE ( 'NONE', *, *, #5255, .T. ) ;
#161 = DIRECTION ( 'NONE',  ( -1.000000000000000000, 0.000000000000000000, 0.000000000000000000 ) ) ;
#162 = ORIENTED_EDGE ( 'NONE', *, *, #1676, .T. ) ;
#163 = LINE ( 'NONE', #3333, #4083 ) ;
#164 = DIRECTION ( 'NONE',  ( -0.000000000000000000, 0.000000000000000000, 1.000000000000000000 ) ) ;
#165 = CIRCLE ( 'NONE', #5173, 1.899999999999999467 ) ;
#166 = FACE_OUTER_BOUND ( 'NONE', #1946, .T. ) ;
#167 = ADVANCED_FACE ( 'NONE', ( #4729 ), #7443, .F. ) ;
#168 = CARTESIAN_POINT ( 'NONE',  ( -1.060134878946899839, 84.14501349333066571, 0.4407737955266709529 ) ) ;
#169 = ADVANCED_FACE ( 'NONE', ( #7754 ), #5361, .F. ) ;
#170 = EDGE_LOOP ( 'NONE', ( #2465, #6679 ) ) ;
#171 = ORIENTED_EDGE ( 'NONE', *, *, #7705, .F. ) ;
#172 = DIRECTION ( 'NONE',  ( -0.9997000655982539730, 0.02449038266027345895, 0.000000000000000000 ) ) ;
#173 = DIRECTION ( 'NONE',  ( 1.000000000000000000, 0.000000000000000000, 0.000000000000000000 ) ) ;
#174 = EDGE_CURVE ( 'NONE', #2785, #2542, #3238, .T. ) ;
#175 = CARTESIAN_POINT ( 'NONE',  ( 101.3122790000000037, 53.59411099999999806, 1.349999999999999867 ) ) ;
#176 = ORIENTED_EDGE ( 'NONE', *, *, #7418, .F. ) ;
#177 = FACE_OUTER_BOUND ( 'NONE', #3899, .T. ) ;
#178 = VECTOR ( 'NONE', #2580, 1000.000000000000114 ) ;
#179 = DIRECTION ( 'NONE',  ( -0.000000000000000000, -0.000000000000000000, 1.000000000000000000 ) ) ;
#180 = ORIENTED_EDGE ( 'NONE', *, *, #3141, .F. ) ;
#181 = LINE ( 'NONE', #4428, #7438 ) ;
#182 = LINE ( 'NONE', #7054, #148 ) ;
#183 = EDGE_CURVE ( 'NONE', #1518, #1329, #6780, .T. ) ;
#184 = LINE ( 'NONE', #4060, #7177 ) ;
#185 = CARTESIAN_POINT ( 'NONE',  ( 101.3122825347106328, 15.29411798029977554, -4.599999999999992539 ) ) ;
#186 = VERTEX_POINT ( 'NONE', #1468 ) ;
#187 = CARTESIAN_POINT ( 'NONE',  ( -6.242186192145746442E-06, 23.29409667233047543, -4.599999999999992539 ) ) ;
#188 = VERTEX_POINT ( 'NONE', #3986 ) ;
#189 = DIRECTION ( 'NONE',  ( 0.000000000000000000, 0.000000000000000000, -1.000000000000000000 ) ) ;
#190 = CARTESIAN_POINT ( 'NONE',  ( 48.95412350020969683, -1.755882021704229912, -4.599999999999992539 ) ) ;
#191 = CARTESIAN_POINT ( 'NONE',  ( -15.37415577478576445, 80.25981288758475785, 0.3219234236597460219 ) ) ;
#192 = CARTESIAN_POINT ( 'NONE',  ( -17.94379997115632364, 11.62957402845913180, -4.599999999999992539 ) ) ;
#193 = ORIENTED_EDGE ( 'NONE', *, *, #6793, .F. ) ;
#194 = ORIENTED_EDGE ( 'NONE', *, *, #2685, .F. ) ;
#195 = FACE_BOUND ( 'NONE', #4404, .T. ) ;
#196 = VERTEX_POINT ( 'NONE', #269 ) ;
#197 = CYLINDRICAL_SURFACE ( 'NONE', #1056, 1.399999999999998579 ) ;
#198 = EDGE_CURVE ( 'NONE', #2835, #4268, #311, .T. ) ;
#199 = DIRECTION ( 'NONE',  ( 0.000000000000000000, 0.000000000000000000, 1.000000000000000000 ) ) ;
#200 = CARTESIAN_POINT ( 'NONE',  ( 74.56228330292589135, 19.29411698796796415, -2.150000000000027889 ) ) ;
#201 = AXIS2_PLACEMENT_3D ( 'NONE', #4789, #5312, #2792 ) ;
#202 = CARTESIAN_POINT ( 'NONE',  ( 99.06227900000000375, 53.59411099999999806, 1.750000000000017097 ) ) ;
#203 = ORIENTED_EDGE ( 'NONE', *, *, #5901, .T. ) ;
#204 = DIRECTION ( 'NONE',  ( 1.000000000000000000, 0.000000000000000000, 0.000000000000000000 ) ) ;
#205 = EDGE_LOOP ( 'NONE', ( #7026, #1275, #1073, #5340 ) ) ;
#206 = DIRECTION ( 'NONE',  ( 0.000000000000000000, 0.000000000000000000, -1.000000000000000000 ) ) ;
#207 = CIRCLE ( 'NONE', #5727, 9.972662243599758725 ) ;
#208 = CIRCLE ( 'NONE', #3366, 1.600000000000014522 ) ;
#209 = EDGE_CURVE ( 'NONE', #7777, #1452, #1793, .T. ) ;
#210 = EDGE_CURVE ( 'NONE', #4675, #793, #1548, .T. ) ;
#211 = CARTESIAN_POINT ( 'NONE',  ( -19.36772099999999597, 48.98547018669192710, -2.199999999999995293 ) ) ;
#212 = VECTOR ( 'NONE', #4143, 1000.000000000000000 ) ;
#213 = DIRECTION ( 'NONE',  ( -1.000000000000000000, 0.000000000000000000, 0.000000000000000000 ) ) ;
#214 = ORIENTED_EDGE ( 'NONE', *, *, #2477, .T. ) ;
#215 = CARTESIAN_POINT ( 'NONE',  ( 116.6167348572000151, 16.99186833868100166, -4.599999999999992539 ) ) ;
#216 = DIRECTION ( 'NONE',  ( -1.000000000000000000, 0.000000000000000000, 0.000000000000000000 ) ) ;
#217 = ORIENTED_EDGE ( 'NONE', *, *, #1582, .T. ) ;
#218 = EDGE_LOOP ( 'NONE', ( #3077, #4121, #3763, #1540 ) ) ;
#219 = DIRECTION ( 'NONE',  ( -0.000000000000000000, -0.000000000000000000, -1.000000000000000000 ) ) ;
#220 = CARTESIAN_POINT ( 'NONE',  ( 22.66228598029827168, 78.14098492032248089, -4.599999999999992539 ) ) ;
#221 = EDGE_CURVE ( 'NONE', #5250, #644, #4267, .T. ) ;
#222 = LINE ( 'NONE', #3394, #7911 ) ;
#223 = DIRECTION ( 'NONE',  ( 0.000000000000000000, 0.000000000000000000, -1.000000000000000000 ) ) ;
#224 = DIRECTION ( 'NONE',  ( 0.000000000000000000, 0.000000000000000000, -1.000000000000000000 ) ) ;
#225 = VERTEX_POINT ( 'NONE', #4347 ) ;
#226 = DIRECTION ( 'NONE',  ( 0.8660254062730189384, 0.4999999956896525322, 0.000000000000000000 ) ) ;
#227 = EDGE_LOOP ( 'NONE', ( #2496, #361, #1741, #5247, #8129, #3054, #4514, #16, #1635, #5778, #7394, #2728, #2459, #2041, #3209, #4918, #2909, #3996, #3481, #1457, #3357, #3232, #3510, #2379, #901, #7153, #368, #6845, #1929, #3711, #7142, #6530, #2413, #65, #6262, #3987, #4181, #2935, #3858, #5209, #3246, #2349, #6363, #3869, #7338, #4950, #3400, #8091, #2110, #403, #7852, #5734, #1192, #5118, #7685, #4805, #2624, #5242, #3487, #5815, #5261, #6750, #6226, #5838, #1908, #1860, #5750, #4209, #7952, #7158, #7224, #4635, #2671, #313, #6937, #4711, #1633, #1148, #4284, #3913, #2956, #7940, #6987, #7124, #926, #4050, #746, #5069, #4043, #600, #759, #1305, #7840, #6240, #5880, #4554, #7883, #8012, #363, #3368, #3181, #7019, #5739, #5061, #5594, #6207, #6138, #1956, #5366, #5329 ) ) ;
#228 = VERTEX_POINT ( 'NONE', #5503 ) ;
#229 = CARTESIAN_POINT ( 'NONE',  ( -5.317732590508779111, 76.94410602412557409, -4.599999999999992539 ) ) ;
#230 = LINE ( 'NONE', #1472, #7621 ) ;
#231 = ADVANCED_FACE ( 'NONE', ( #4934 ), #6844, .F. ) ;
#232 = FACE_OUTER_BOUND ( 'NONE', #485, .T. ) ;
#233 = CARTESIAN_POINT ( 'NONE',  ( 14.51226043005735633, 81.84410925728559505, -4.599999999999992539 ) ) ;
#234 = ORIENTED_EDGE ( 'NONE', *, *, #6009, .T. ) ;
#235 = ORIENTED_EDGE ( 'NONE', *, *, #422, .T. ) ;
#236 = PLANE ( 'NONE',  #3692 ) ;
#237 = ORIENTED_EDGE ( 'NONE', *, *, #4917, .F. ) ;
#238 = LINE ( 'NONE', #2748, #3822 ) ;
#239 = EDGE_CURVE ( 'NONE', #7489, #186, #2330, .T. ) ;
#240 = CARTESIAN_POINT ( 'NONE',  ( -0.2726855075442934928, 85.18782280805228879, 0.8118748792388227331 ) ) ;
#241 = CARTESIAN_POINT ( 'NONE',  ( 48.66227899999999096, 24.49411100000000019, 2.250000000000000000 ) ) ;
#242 = ORIENTED_EDGE ( 'NONE', *, *, #3382, .F. ) ;
#243 = CARTESIAN_POINT ( 'NONE',  ( 12.66226043005733892, 81.84410925728559505, -4.599999999999992539 ) ) ;
#244 = ORIENTED_EDGE ( 'NONE', *, *, #2426, .T. ) ;
#245 = PLANE ( 'NONE',  #5266 ) ;
#246 = VECTOR ( 'NONE', #4365, 1000.000000000000000 ) ;
#247 = DIRECTION ( 'NONE',  ( 0.000000000000000000, 0.000000000000000000, 1.000000000000000000 ) ) ;
#248 = CIRCLE ( 'NONE', #6170, 1.697767288287466148 ) ;
#249 = VERTEX_POINT ( 'NONE', #5543 ) ;
#250 = DIRECTION ( 'NONE',  ( 0.000000000000000000, 0.000000000000000000, -1.000000000000000000 ) ) ;
#251 = EDGE_CURVE ( 'NONE', #5475, #7037, #1752, .T. ) ;
#252 = VERTEX_POINT ( 'NONE', #556 ) ;
#253 = DIRECTION ( 'NONE',  ( 0.000000000000000000, 0.000000000000000000, 1.000000000000000000 ) ) ;
#254 = LINE ( 'NONE', #2771, #6968 ) ;
#255 = EDGE_LOOP ( 'NONE', ( #7728, #2652, #2795, #8037 ) ) ;
#256 = ORIENTED_EDGE ( 'NONE', *, *, #7163, .T. ) ;
#257 = FACE_OUTER_BOUND ( 'NONE', #2099, .T. ) ;
#258 = APPLICATION_PROTOCOL_DEFINITION ( 'draft international standard', 'automotive_design', 1998, #6755 ) ;
#259 = VECTOR ( 'NONE', #393, 1000.000000000000227 ) ;
#260 = DIRECTION ( 'NONE',  ( 1.000000000000000000, 0.000000000000000000, 3.043374519257507218E-16 ) ) ;
#261 = AXIS2_PLACEMENT_3D ( 'NONE', #1190, #997, #3517 ) ;
#262 = CIRCLE ( 'NONE', #406, 1.875000000000001776 ) ;
#263 = CARTESIAN_POINT ( 'NONE',  ( 78.64951094318641367, 80.84095914592992926, -4.599999999999992539 ) ) ;
#264 = EDGE_CURVE ( 'NONE', #6374, #1796, #2907, .T. ) ;
#265 = AXIS2_PLACEMENT_3D ( 'NONE', #2268, #6580, #6659 ) ;
#266 = ADVANCED_FACE ( 'NONE', ( #3571 ), #8000, .F. ) ;
#267 = LINE ( 'NONE', #2162, #1184 ) ;
#268 = EDGE_LOOP ( 'NONE', ( #1904, #6158, #6166, #1091 ) ) ;
#269 = CARTESIAN_POINT ( 'NONE',  ( -19.36772099999999952, 19.23547018669193065, -4.599999999999992539 ) ) ;
#270 = ORIENTED_EDGE ( 'NONE', *, *, #3173, .F. ) ;
#271 = ORIENTED_EDGE ( 'NONE', *, *, #6839, .T. ) ;
#272 = VECTOR ( 'NONE', #6975, 1000.000000000000000 ) ;
#273 = DIRECTION ( 'NONE',  ( 0.000000000000000000, 0.000000000000000000, -1.000000000000000000 ) ) ;
#274 = CARTESIAN_POINT ( 'NONE',  ( 14.53726043005733892, 81.84410925728559505, -1.550000000000002709 ) ) ;
#275 = VECTOR ( 'NONE', #7050, 1000.000000000000000 ) ;
#276 = DIRECTION ( 'NONE',  ( -0.000000000000000000, 0.000000000000000000, 1.000000000000000000 ) ) ;
#277 = AXIS2_PLACEMENT_3D ( 'NONE', #5184, #7673, #7710 ) ;
#278 = LINE ( 'NONE', #1514, #5988 ) ;
#279 = ADVANCED_FACE ( 'NONE', ( #6225 ), #4623, .F. ) ;
#280 = ORIENTED_EDGE ( 'NONE', *, *, #774, .T. ) ;
#281 = ORIENTED_EDGE ( 'NONE', *, *, #6596, .T. ) ;
#282 = CARTESIAN_POINT ( 'NONE',  ( 52.26227900109225288, -0.3558820217042309442, -4.599999999999992539 ) ) ;
#283 = EDGE_LOOP ( 'NONE', ( #1115, #2319, #4588, #8138 ) ) ;
#284 = DIRECTION ( 'NONE',  ( -0.000000000000000000, -0.000000000000000000, -1.000000000000000000 ) ) ;
#285 = DIRECTION ( 'NONE',  ( 0.000000000000000000, 0.000000000000000000, 1.000000000000000000 ) ) ;
#286 = AXIS2_PLACEMENT_3D ( 'NONE', #7578, #4928, #4997 ) ;
#287 = CIRCLE ( 'NONE', #6983, 4.999999999999990230 ) ;
#288 = DIRECTION ( 'NONE',  ( -1.000000000000000000, 5.448606792506972827E-17, -0.000000000000000000 ) ) ;
#289 = LINE ( 'NONE', #6624, #4460 ) ;
#290 = EDGE_CURVE ( 'NONE', #4326, #2875, #6076, .T. ) ;
#291 = ORIENTED_EDGE ( 'NONE', *, *, #2098, .F. ) ;
#292 = DIRECTION ( 'NONE',  ( 0.000000000000000000, 0.000000000000000000, -1.000000000000000000 ) ) ;
#293 = VECTOR ( 'NONE', #5979, 1000.000000000000000 ) ;
#294 = ORIENTED_EDGE ( 'NONE', *, *, #687, .T. ) ;
#295 = CARTESIAN_POINT ( 'NONE',  ( 53.66227900109225146, -0.3558820217042209522, -4.599999999999992539 ) ) ;
#296 = VECTOR ( 'NONE', #3756, 999.9999999999998863 ) ;
#297 = CARTESIAN_POINT ( 'NONE',  ( -3.417732932166563042, 78.84410636578330411, -4.599999999999992539 ) ) ;
#298 = ORIENTED_EDGE ( 'NONE', *, *, #1161, .F. ) ;
#299 = CARTESIAN_POINT ( 'NONE',  ( 24.98727900000002933, 60.09411099999999806, 4.450000000000000178 ) ) ;
#300 = EDGE_LOOP ( 'NONE', ( #4600, #1500, #3034, #5921 ) ) ;
#301 = CARTESIAN_POINT ( 'NONE',  ( 77.06228330292589135, 19.29411698796796415, -2.150000000000027889 ) ) ;
#302 = CARTESIAN_POINT ( 'NONE',  ( 95.21227469707440605, 76.84410589528944513, -3.999999999999992450 ) ) ;
#303 = ORIENTED_EDGE ( 'NONE', *, *, #2519, .F. ) ;
#304 = ORIENTED_EDGE ( 'NONE', *, *, #2186, .F. ) ;
#305 = CARTESIAN_POINT ( 'NONE',  ( 6.333840999999999610, 12.63464199999999948, 3.449999999999961098 ) ) ;
#306 = DIRECTION ( 'NONE',  ( -1.000000000000000000, 0.000000000000000000, 0.000000000000000000 ) ) ;
#307 = EDGE_CURVE ( 'NONE', #1127, #4467, #6724, .T. ) ;
#308 = CARTESIAN_POINT ( 'NONE',  ( 13.91226043005733715, 81.84410925728559505, -3.999999999999970690 ) ) ;
#309 = CARTESIAN_POINT ( 'NONE',  ( -1.467733844732094450, 83.91899365446646186, 0.6000000000000067502 ) ) ;
#310 = VERTEX_POINT ( 'NONE', #436 ) ;
#311 = LINE ( 'NONE', #3489, #4298 ) ;
#312 = ORIENTED_EDGE ( 'NONE', *, *, #6283, .F. ) ;
#313 = ORIENTED_EDGE ( 'NONE', *, *, #3112, .F. ) ;
#314 = CARTESIAN_POINT ( 'NONE',  ( 43.78727899999999806, 24.49411100000000019, 4.450000000000000178 ) ) ;
#315 = LINE ( 'NONE', #2046, #1054 ) ;
#316 = CIRCLE ( 'NONE', #5835, 0.5999999999999998668 ) ;
#317 = EDGE_CURVE ( 'NONE', #43, #4582, #2449, .T. ) ;
#318 = EDGE_CURVE ( 'NONE', #4376, #3610, #3648, .T. ) ;
#319 = CARTESIAN_POINT ( 'NONE',  ( 75.81228330292589135, 19.29411698796796415, -4.599999999999992539 ) ) ;
#320 = FACE_OUTER_BOUND ( 'NONE', #4893, .T. ) ;
#321 = VERTEX_POINT ( 'NONE', #6150 ) ;
#322 = VERTEX_POINT ( 'NONE', #2947 ) ;
#323 = DIRECTION ( 'NONE',  ( 1.000000000000000000, 0.000000000000000000, 0.000000000000000000 ) ) ;
#324 = VERTEX_POINT ( 'NONE', #1092 ) ;
#325 = CARTESIAN_POINT ( 'NONE',  ( 92.06227469707442879, 76.84410589528943092, -1.550000000000002709 ) ) ;
#326 = CARTESIAN_POINT ( 'NONE',  ( 79.81087966573605286, 23.04265905622177257, -4.599999999999992539 ) ) ;
#327 = ADVANCED_FACE ( 'NONE', ( #3020, #6189, #2293, #5465, #2365, #4817 ), #3064, .F. ) ;
#328 = DIRECTION ( 'NONE',  ( -0.000000000000000000, -0.000000000000000000, 1.000000000000000000 ) ) ;
#329 = CARTESIAN_POINT ( 'NONE',  ( 80.50915292031825743, 72.84410401970066573, -4.599999999999992539 ) ) ;
#330 = EDGE_LOOP ( 'NONE', ( #2876, #5385, #5456, #5629 ) ) ;
#331 = DIRECTION ( 'NONE',  ( 1.000000000000000000, 0.000000000000000000, 0.000000000000000000 ) ) ;
#332 = ORIENTED_EDGE ( 'NONE', *, *, #1419, .F. ) ;
#333 = CARTESIAN_POINT ( 'NONE',  ( 40.39193696028076630, -1.178533457750147395, 4.450000000000000178 ) ) ;
#334 = AXIS2_PLACEMENT_3D ( 'NONE', #3198, #1351, #6274 ) ;
#335 = EDGE_CURVE ( 'NONE', #4882, #8079, #4897, .T. ) ;
#336 = DIRECTION ( 'NONE',  ( 0.9999999999999839018, 1.798198684919793434E-07, 3.043374519257557015E-16 ) ) ;
#337 = ORIENTED_EDGE ( 'NONE', *, *, #4049, .T. ) ;
#338 = DIRECTION ( 'NONE',  ( 1.000000000000000000, -5.448606792506973443E-17, -0.000000000000000000 ) ) ;
#339 = AXIS2_PLACEMENT_3D ( 'NONE', #716, #3229, #2612 ) ;
#340 = ORIENTED_EDGE ( 'NONE', *, *, #239, .T. ) ;
#341 = DIRECTION ( 'NONE',  ( 0.000000000000000000, 0.000000000000000000, -1.000000000000000000 ) ) ;
#342 = CARTESIAN_POINT ( 'NONE',  ( 80.21367833426489824, 73.09556294374071683, 2.249999999999999556 ) ) ;
#343 = CYLINDRICAL_SURFACE ( 'NONE', #4026, 1.249999999999999334 ) ;
#344 = EDGE_CURVE ( 'NONE', #6909, #5766, #7303, .T. ) ;
#345 = DIRECTION ( 'NONE',  ( -0.000000000000000000, 0.000000000000000000, 1.000000000000000000 ) ) ;
#346 = CIRCLE ( 'NONE', #6383, 213.8027930341700937 ) ;
#347 = FACE_OUTER_BOUND ( 'NONE', #3472, .T. ) ;
#348 = DIRECTION ( 'NONE',  ( 1.000000000000000000, 0.000000000000000000, 0.000000000000000000 ) ) ;
#349 = VERTEX_POINT ( 'NONE', #4182 ) ;
#350 = AXIS2_PLACEMENT_3D ( 'NONE', #1536, #2196, #7736 ) ;
#351 = LINE ( 'NONE', #4063, #357 ) ;
#352 = EDGE_LOOP ( 'NONE', ( #4611, #7564, #1821, #4742 ) ) ;
#353 = ORIENTED_EDGE ( 'NONE', *, *, #2027, .T. ) ;
#354 = DIRECTION ( 'NONE',  ( 1.000000000000000000, -5.448606792506972827E-17, -0.000000000000000000 ) ) ;
#355 = DIRECTION ( 'NONE',  ( -1.000000000000000000, 0.000000000000000000, 0.000000000000000000 ) ) ;
#356 = CARTESIAN_POINT ( 'NONE',  ( -14.92489368860844756, 80.59893165576653473, 0.6000000000000066391 ) ) ;
#357 = VECTOR ( 'NONE', #3528, 1000.000000000000114 ) ;
#358 = CARTESIAN_POINT ( 'NONE',  ( -1.467733844732094450, 83.91899365446646186, 0.6000000000000067502 ) ) ;
#359 = CARTESIAN_POINT ( 'NONE',  ( 90.21227469707440605, 76.84410589528943092, 1.400000000000010569 ) ) ;
#360 = ORIENTED_EDGE ( 'NONE', *, *, #4786, .F. ) ;
#361 = ORIENTED_EDGE ( 'NONE', *, *, #903, .T. ) ;
#362 = EDGE_CURVE ( 'NONE', #6018, #2736, #5779, .T. ) ;
#363 = ORIENTED_EDGE ( 'NONE', *, *, #7858, .T. ) ;
#364 = PLANE ( 'NONE',  #265 ) ;
#365 = DIRECTION ( 'NONE',  ( -0.000000000000000000, 0.000000000000000000, 1.000000000000000000 ) ) ;
#366 = CARTESIAN_POINT ( 'NONE',  ( 50.65912714593270749, 2.806879056926866234, -4.599999999999992539 ) ) ;
#367 = DIRECTION ( 'NONE',  ( -0.000000000000000000, 0.000000000000000000, 1.000000000000000000 ) ) ;
#368 = ORIENTED_EDGE ( 'NONE', *, *, #251, .T. ) ;
#369 = CARTESIAN_POINT ( 'NONE',  ( -1.221842012363271168, 84.05605271065627448, 0.5476413011376943807 ) ) ;
#370 = EDGE_CURVE ( 'NONE', #8079, #875, #6708, .T. ) ;
#371 = ORIENTED_EDGE ( 'NONE', *, *, #7812, .F. ) ;
#372 = CARTESIAN_POINT ( 'NONE',  ( 0.000000000000000000, 80.84411100000002648, -4.599999999999992539 ) ) ;
#373 = EDGE_CURVE ( 'NONE', #6843, #6535, #661, .T. ) ;
#374 = CYLINDRICAL_SURFACE ( 'NONE', #1340, 3.300000000000007816 ) ;
#375 = ORIENTED_EDGE ( 'NONE', *, *, #5467, .F. ) ;
#376 = DIRECTION ( 'NONE',  ( 0.000000000000000000, 0.000000000000000000, 1.000000000000000000 ) ) ;
#377 = EDGE_LOOP ( 'NONE', ( #4907, #7722, #707, #1682 ) ) ;
#378 = CARTESIAN_POINT ( 'NONE',  ( 96.81227900000000375, 34.54411100000000090, 1.750000000000017097 ) ) ;
#379 = EDGE_CURVE ( 'NONE', #3867, #7700, #7761, .T. ) ;
#380 = CONICAL_SURFACE ( 'NONE', #6936, 2.250000000000001776, 0.7853981633974579379 ) ;
#381 = CARTESIAN_POINT ( 'NONE',  ( 61.16228894959200346, 84.14856685720403107, -4.599999999999992539 ) ) ;
#382 = PLANE ( 'NONE',  #3630 ) ;
#383 = CARTESIAN_POINT ( 'NONE',  ( 90.21227469707440605, 76.84410589528943092, -1.550000000000002709 ) ) ;
#384 = CIRCLE ( 'NONE', #4992, 0.4500000000000337064 ) ;
#385 = DIRECTION ( 'NONE',  ( 1.000000000000000000, 0.000000000000000000, 0.000000000000000000 ) ) ;
#386 = CARTESIAN_POINT ( 'NONE',  ( 94.76227469707440321, 76.84410589528944513, -3.999999999999992450 ) ) ;
#387 = EDGE_CURVE ( 'NONE', #2017, #1062, #3134, .T. ) ;
#388 = ORIENTED_EDGE ( 'NONE', *, *, #7774, .T. ) ;
#389 = DIRECTION ( 'NONE',  ( 0.000000000000000000, 0.000000000000000000, -1.000000000000000000 ) ) ;
#390 = AXIS2_PLACEMENT_3D ( 'NONE', #6629, #6507, #2313 ) ;
#391 = VERTEX_POINT ( 'NONE', #1332 ) ;
#392 = ORIENTED_EDGE ( 'NONE', *, *, #726, .F. ) ;
#393 = DIRECTION ( 'NONE',  ( -0.9999999999999054090, -4.347624119164472122E-07, 0.000000000000000000 ) ) ;
#394 = AXIS2_PLACEMENT_3D ( 'NONE', #8122, #6726, #6113 ) ;
#395 = DIRECTION ( 'NONE',  ( 0.000000000000000000, 0.000000000000000000, 1.000000000000000000 ) ) ;
#396 = AXIS2_PLACEMENT_3D ( 'NONE', #4493, #36, #3286 ) ;
#397 = CARTESIAN_POINT ( 'NONE',  ( -15.40859082457482110, -1.465830875177938308, -4.599999999999992539 ) ) ;
#398 = CARTESIAN_POINT ( 'NONE',  ( -1.443644625136627946, 83.93252539179673022, 0.6000000000000068612 ) ) ;
#399 = VECTOR ( 'NONE', #3465, 1000.000000000000000 ) ;
#400 = CARTESIAN_POINT ( 'NONE',  ( 40.39384565921501036, -1.755885432175285921, -4.599999999999992539 ) ) ;
#401 = ORIENTED_EDGE ( 'NONE', *, *, #5723, .T. ) ;
#402 = VECTOR ( 'NONE', #8147, 999.9999999999998863 ) ;
#403 = ORIENTED_EDGE ( 'NONE', *, *, #2345, .T. ) ;
#404 = EDGE_LOOP ( 'NONE', ( #332, #1071, #392, #6270 ) ) ;
#405 = DIRECTION ( 'NONE',  ( 1.000000000000000000, 0.000000000000000000, 0.000000000000000000 ) ) ;
#406 = AXIS2_PLACEMENT_3D ( 'NONE', #6849, #4430, #7545 ) ;
#407 = CARTESIAN_POINT ( 'NONE',  ( 8.112260430057395055, 81.84410835818626140, -3.999999999999992450 ) ) ;
#408 =( GEOMETRIC_REPRESENTATION_CONTEXT ( 3 ) GLOBAL_UNCERTAINTY_ASSIGNED_CONTEXT ( ( #570 ) ) GLOBAL_UNIT_ASSIGNED_CONTEXT ( ( #5065, #6318, #154 ) ) REPRESENTATION_CONTEXT ( 'NONE', 'WORKASPACE' ) );
#409 = CIRCLE ( 'NONE', #3031, 1.125000000000000888 ) ;
#410 = AXIS2_PLACEMENT_3D ( 'NONE', #4345, #5577, #2531 ) ;
#411 = CARTESIAN_POINT ( 'NONE',  ( 41.40370608041266109, 80.84411100000002648, -4.599999999999992539 ) ) ;
#412 = EDGE_CURVE ( 'NONE', #7574, #1720, #5005, .T. ) ;
#413 = CONICAL_SURFACE ( 'NONE', #1854, 2.125000000000029754, 0.7853981633974431720 ) ;
#414 = CARTESIAN_POINT ( 'NONE',  ( 71.68142950036546779, 82.04411100000002932, -2.199999999999999289 ) ) ;
#415 = ORIENTED_EDGE ( 'NONE', *, *, #8125, .F. ) ;
#416 = PLANE ( 'NONE',  #4093 ) ;
#417 = ORIENTED_EDGE ( 'NONE', *, *, #1484, .T. ) ;
#418 = CARTESIAN_POINT ( 'NONE',  ( 45.91227899999999806, 24.49411100000000019, 2.250000000000000000 ) ) ;
#419 = AXIS2_PLACEMENT_3D ( 'NONE', #5136, #1543, #3444 ) ;
#420 = CARTESIAN_POINT ( 'NONE',  ( -1.467733111986463612, 79.84410671643202306, -1.699999999999990630 ) ) ;
#421 = EDGE_CURVE ( 'NONE', #2588, #6297, #5615, .T. ) ;
#422 = EDGE_CURVE ( 'NONE', #5155, #7572, #4221, .T. ) ;
#423 = AXIS2_PLACEMENT_3D ( 'NONE', #1818, #5689, #48 ) ;
#424 = VECTOR ( 'NONE', #1895, 999.9999999999998863 ) ;
#425 = VERTEX_POINT ( 'NONE', #1286 ) ;
#426 = ORIENTED_EDGE ( 'NONE', *, *, #4041, .T. ) ;
#427 = DIRECTION ( 'NONE',  ( 0.000000000000000000, -0.000000000000000000, -1.000000000000000000 ) ) ;
#428 = CIRCLE ( 'NONE', #2135, 1.697767288276516684 ) ;
#429 = DIRECTION ( 'NONE',  ( -1.798198690644564870E-07, 0.9999999999999839018, 0.000000000000000000 ) ) ;
#430 = DIRECTION ( 'NONE',  ( -1.288939666242958913E-07, 0.9999999999999916733, 0.000000000000000000 ) ) ;
#431 = DIRECTION ( 'NONE',  ( 1.000000000000000000, 0.000000000000000000, 0.000000000000000000 ) ) ;
#432 = EDGE_CURVE ( 'NONE', #1044, #7414, #5130, .T. ) ;
#433 = DIRECTION ( 'NONE',  ( 0.000000000000000000, 0.000000000000000000, -1.000000000000000000 ) ) ;
#434 = DIRECTION ( 'NONE',  ( 0.000000000000000000, 0.000000000000000000, 1.000000000000000000 ) ) ;
#435 = ORIENTED_EDGE ( 'NONE', *, *, #1837, .F. ) ;
#436 = CARTESIAN_POINT ( 'NONE',  ( -20.16772100000000378, 40.98547018669194131, -3.199999999999991740 ) ) ;
#437 = ORIENTED_EDGE ( 'NONE', *, *, #1876, .F. ) ;
#438 = DIRECTION ( 'NONE',  ( 1.000000000000000000, 0.000000000000000000, 0.000000000000000000 ) ) ;
#439 = DIRECTION ( 'NONE',  ( -0.000000000000000000, -0.000000000000000000, -1.000000000000000000 ) ) ;
#440 = CARTESIAN_POINT ( 'NONE',  ( -15.30114331417450657, 80.31543419319072541, 0.4153370357779041511 ) ) ;
#441 = EDGE_CURVE ( 'NONE', #6690, #3170, #2533, .T. ) ;
#442 = CARTESIAN_POINT ( 'NONE',  ( -1.119640126141095093, 84.11238666596284475, 0.4891224285256815518 ) ) ;
#443 = CARTESIAN_POINT ( 'NONE',  ( -16.74401804078511091, 81.14931567161198700, 5.204170427930421283E-15 ) ) ;
#444 = ORIENTED_EDGE ( 'NONE', *, *, #2306, .F. ) ;
#445 = ORIENTED_EDGE ( 'NONE', *, *, #2694, .T. ) ;
#446 = ORIENTED_EDGE ( 'NONE', *, *, #4319, .F. ) ;
#447 = CARTESIAN_POINT ( 'NONE',  ( -0.9679713318569970193, 85.04498305407243208, 1.438417151259372417 ) ) ;
#448 = CARTESIAN_POINT ( 'NONE',  ( 61.16367833426492950, 81.09556294374070262, -4.599999999999992539 ) ) ;
#449 = VECTOR ( 'NONE', #3276, 1000.000000000000000 ) ;
#450 = CARTESIAN_POINT ( 'NONE',  ( -16.49331113927821235, 81.22122328594453222, 0.8584624630913754162 ) ) ;
#451 = CARTESIAN_POINT ( 'NONE',  ( -20.16772100000000023, 12.48788592914254458, -4.599999999999992539 ) ) ;
#452 = ORIENTED_EDGE ( 'NONE', *, *, #2808, .T. ) ;
#453 = PLANE ( 'NONE',  #6833 ) ;
#454 = ORIENTED_EDGE ( 'NONE', *, *, #6358, .T. ) ;
#455 = LINE ( 'NONE', #3714, #4339 ) ;
#456 = ORIENTED_EDGE ( 'NONE', *, *, #6973, .F. ) ;
#457 = EDGE_CURVE ( 'NONE', #6120, #7769, #95, .T. ) ;
#458 = DIRECTION ( 'NONE',  ( 1.000000000000000000, 0.000000000000000000, 0.000000000000000000 ) ) ;
#459 = CARTESIAN_POINT ( 'NONE',  ( -10.60859082457482572, -5.795957894100131291, -3.999999999999992450 ) ) ;
#460 = ORIENTED_EDGE ( 'NONE', *, *, #4996, .T. ) ;
#461 = ORIENTED_EDGE ( 'NONE', *, *, #5377, .F. ) ;
#462 = CARTESIAN_POINT ( 'NONE',  ( 12.74474674335479563, 12.48788592914254103, 4.450000000000000178 ) ) ;
#463 = DIRECTION ( 'NONE',  ( 0.000000000000000000, 0.000000000000000000, 1.000000000000000000 ) ) ;
#464 = ADVANCED_FACE ( 'NONE', ( #4517 ), #1414, .T. ) ;
#465 = EDGE_CURVE ( 'NONE', #6130, #4064, #4962, .T. ) ;
#466 = PLANE ( 'NONE',  #8040 ) ;
#467 = AXIS2_PLACEMENT_3D ( 'NONE', #7295, #1039, #4810 ) ;
#468 = AXIS2_PLACEMENT_3D ( 'NONE', #3783, #1927, #5028 ) ;
#469 = CARTESIAN_POINT ( 'NONE',  ( 101.3122825347106328, 15.29411798029977554, -2.199999999999991296 ) ) ;
#470 = CARTESIAN_POINT ( 'NONE',  ( -0.6264728054686573566, -15.05525824661052781, 3.449999999999999289 ) ) ;
#471 = ORIENTED_EDGE ( 'NONE', *, *, #1409, .F. ) ;
#472 = DIRECTION ( 'NONE',  ( 0.8660254037844412611, 4.609079380078385689E-17, -0.4999999999999956146 ) ) ;
#473 = EDGE_CURVE ( 'NONE', #2331, #2409, #6306, .T. ) ;
#474 = EDGE_LOOP ( 'NONE', ( #2558, #6611 ) ) ;
#475 = EDGE_CURVE ( 'NONE', #4573, #6443, #2512, .T. ) ;
#476 = CIRCLE ( 'NONE', #2190, 0.2977672882881476912 ) ;
#477 = CARTESIAN_POINT ( 'NONE',  ( -4.603728215441089496E-16, -1.755882021704217033, -4.599999999999992539 ) ) ;
#478 = CONICAL_SURFACE ( 'NONE', #6380, 0.4499999999999781952, 0.7853981633974331800 ) ;
#479 = CARTESIAN_POINT ( 'NONE',  ( 116.3122720203380709, 71.13595435076683771, 4.450000000000000178 ) ) ;
#480 = CARTESIAN_POINT ( 'NONE',  ( 67.61227900000001512, 80.84411100000001227, 2.249999999999999556 ) ) ;
#481 = VECTOR ( 'NONE', #3525, 1000.000000000000000 ) ;
#482 = CARTESIAN_POINT ( 'NONE',  ( 61.16227900000001938, 81.15268391958792904, -4.599999999999992539 ) ) ;
#483 = ORIENTED_EDGE ( 'NONE', *, *, #3403, .F. ) ;
#484 = ORIENTED_EDGE ( 'NONE', *, *, #2872, .T. ) ;
#485 = EDGE_LOOP ( 'NONE', ( #6802, #7434, #6513, #6821 ) ) ;
#486 = PLANE ( 'NONE',  #5407 ) ;
#487 = ADVANCED_FACE ( 'NONE', ( #54 ), #6880, .F. ) ;
#488 = CARTESIAN_POINT ( 'NONE',  ( 39.62694757073123242, -0.9707702770651943647, -4.599999999999992539 ) ) ;
#489 = DIRECTION ( 'NONE',  ( 5.322106441609202775E-17, -1.000000000000000000, 0.000000000000000000 ) ) ;
#490 = DIRECTION ( 'NONE',  ( 1.000000000000000000, 0.000000000000000000, 0.000000000000000000 ) ) ;
#491 = ORIENTED_EDGE ( 'NONE', *, *, #7820, .F. ) ;
#492 = DIRECTION ( 'NONE',  ( -0.000000000000000000, -0.000000000000000000, 1.000000000000000000 ) ) ;
#493 = ORIENTED_EDGE ( 'NONE', *, *, #5591, .T. ) ;
#494 = LINE ( 'NONE', #1232, #5645 ) ;
#495 = EDGE_CURVE ( 'NONE', #1237, #4542, #3406, .T. ) ;
#496 = DIRECTION ( 'NONE',  ( -0.7071067811865366926, 0.000000000000000000, -0.7071067811865584529 ) ) ;
#497 = CARTESIAN_POINT ( 'NONE',  ( 90.21227469707440605, 76.84410589528943092, -1.550000000000002709 ) ) ;
#498 = EDGE_CURVE ( 'NONE', #7777, #1061, #3388, .T. ) ;
#499 = DIRECTION ( 'NONE',  ( -0.000000000000000000, 0.000000000000000000, 1.000000000000000000 ) ) ;
#500 = ORIENTED_EDGE ( 'NONE', *, *, #7530, .F. ) ;
#501 = ORIENTED_EDGE ( 'NONE', *, *, #6106, .F. ) ;
#502 = FACE_OUTER_BOUND ( 'NONE', #5616, .T. ) ;
#503 = DIRECTION ( 'NONE',  ( -1.000000000000000000, 0.000000000000000000, -0.000000000000000000 ) ) ;
#504 = DIRECTION ( 'NONE',  ( 0.000000000000000000, 0.000000000000000000, 1.000000000000000000 ) ) ;
#505 = DIRECTION ( 'NONE',  ( -0.9999999999999812372, -1.932974505730857680E-07, 0.000000000000000000 ) ) ;
#506 = EDGE_CURVE ( 'NONE', #4542, #4174, #6515, .T. ) ;
#507 = CIRCLE ( 'NONE', #1564, 0.2977672882960475942 ) ;
#508 = DIRECTION ( 'NONE',  ( 0.000000000000000000, 0.000000000000000000, -1.000000000000000000 ) ) ;
#509 = ORIENTED_EDGE ( 'NONE', *, *, #3241, .F. ) ;
#510 = CARTESIAN_POINT ( 'NONE',  ( 119.5122720196896893, 56.81910750985032621, -2.200000000000001066 ) ) ;
#511 = VERTEX_POINT ( 'NONE', #7872 ) ;
#512 = DIRECTION ( 'NONE',  ( -0.000000000000000000, -0.000000000000000000, 1.000000000000000000 ) ) ;
#513 = EDGE_LOOP ( 'NONE', ( #4719, #3108, #75, #1785, #7193, #7643, #5485, #5552, #2908, #6877, #4807, #2734, #2146, #4478, #796, #7403, #5917, #6028, #3410, #3210, #13, #554, #2664, #3409, #5450, #4034, #1236, #7450, #7420, #1577, #1740, #1948, #4476, #5725, #768, #7584, #1162, #2815, #5512, #7110, #1146, #6040, #6872, #1423, #2587, #4801, #6917, #444, #1899, #11, #2797, #2638, #3022, #3063, #817, #1413, #3453, #3454, #2472, #5202, #2852 ) ) ;
#514 = LINE ( 'NONE', #1213, #1307 ) ;
#515 = LINE ( 'NONE', #7933, #1976 ) ;
#516 = CIRCLE ( 'NONE', #1570, 2.250000000000001776 ) ;
#517 = CARTESIAN_POINT ( 'NONE',  ( -15.13956080662382142, 80.43780932960591201, 0.5349797947318142288 ) ) ;
#518 = EDGE_CURVE ( 'NONE', #4657, #1404, #8027, .T. ) ;
#519 = ADVANCED_FACE ( 'NONE', ( #5897 ), #5277, .F. ) ;
#520 = DIRECTION ( 'NONE',  ( -0.000000000000000000, -0.000000000000000000, 1.000000000000000000 ) ) ;
#521 = CONICAL_SURFACE ( 'NONE', #2888, 1.250000000000001110, 0.7853981633974445042 ) ;
#522 = VERTEX_POINT ( 'NONE', #4013 ) ;
#523 = EDGE_LOOP ( 'NONE', ( #8121, #2276 ) ) ;
#524 = CARTESIAN_POINT ( 'NONE',  ( -1.160201353878896224, 85.00507248753386591, 1.516998910964347802 ) ) ;
#525 = DIRECTION ( 'NONE',  ( 1.000000000000000000, 0.000000000000000000, 0.000000000000000000 ) ) ;
#526 = VECTOR ( 'NONE', #6419, 1000.000000000000000 ) ;
#527 = CYLINDRICAL_SURFACE ( 'NONE', #7871, 2.250000000000001776 ) ;
#528 = EDGE_CURVE ( 'NONE', #6120, #7907, #409, .T. ) ;
#529 = AXIS2_PLACEMENT_3D ( 'NONE', #5716, #2550, #6326 ) ;
#530 = LINE ( 'NONE', #3709, #4869 ) ;
#531 = AXIS2_PLACEMENT_3D ( 'NONE', #630, #7586, #674 ) ;
#532 = VERTEX_POINT ( 'NONE', #794 ) ;
#533 = DIRECTION ( 'NONE',  ( 1.000000000000000000, 0.000000000000000000, 0.000000000000000000 ) ) ;
#534 = AXIS2_PLACEMENT_3D ( 'NONE', #1567, #292, #3547 ) ;
#535 = ORIENTED_EDGE ( 'NONE', *, *, #2186, .T. ) ;
#536 = CARTESIAN_POINT ( 'NONE',  ( 22.66228894960605444, 78.13965514279601621, -4.599999999999992539 ) ) ;
#537 = CARTESIAN_POINT ( 'NONE',  ( 84.76227469707440321, 76.84410589528944513, -3.999999999999992450 ) ) ;
#538 = AXIS2_PLACEMENT_3D ( 'NONE', #2613, #3936, #6399 ) ;
#539 = AXIS2_PLACEMENT_3D ( 'NONE', #4388, #6884, #1214 ) ;
#540 = CARTESIAN_POINT ( 'NONE',  ( 119.9122790047357228, 12.29411797798554673, -4.599999999999992539 ) ) ;
#541 = EDGE_CURVE ( 'NONE', #2090, #1383, #6555, .T. ) ;
#542 = CARTESIAN_POINT ( 'NONE',  ( -2.939168329610156061, -10.97058647013408894, -4.599999999999992539 ) ) ;
#543 = ORIENTED_EDGE ( 'NONE', *, *, #4012, .F. ) ;
#544 = CIRCLE ( 'NONE', #149, 0.4500000000000059508 ) ;
#545 = ORIENTED_EDGE ( 'NONE', *, *, #1299, .T. ) ;
#546 = CARTESIAN_POINT ( 'NONE',  ( 50.66227908726789053, 1.506092450033296655E-06, -4.599999999999992539 ) ) ;
#547 = CYLINDRICAL_SURFACE ( 'NONE', #6332, 1.697767288279049325 ) ;
#548 = AXIS2_PLACEMENT_3D ( 'NONE', #2610, #2119, #5217 ) ;
#549 = AXIS2_PLACEMENT_3D ( 'NONE', #2061, #4580, #6623 ) ;
#550 = DIRECTION ( 'NONE',  ( 0.000000000000000000, 0.000000000000000000, -1.000000000000000000 ) ) ;
#551 = DIRECTION ( 'NONE',  ( -1.000000000000000000, 0.000000000000000000, 0.000000000000000000 ) ) ;
#552 = ORIENTED_EDGE ( 'NONE', *, *, #373, .T. ) ;
#553 = DIRECTION ( 'NONE',  ( -1.000000000000000000, 0.000000000000000000, 0.000000000000000000 ) ) ;
#554 = ORIENTED_EDGE ( 'NONE', *, *, #7747, .F. ) ;
#555 = AXIS2_PLACEMENT_3D ( 'NONE', #6549, #6099, #4089 ) ;
#556 = CARTESIAN_POINT ( 'NONE',  ( 22.41082705626368821, 77.84551033426501476, -4.599999999999992539 ) ) ;
#557 = VERTEX_POINT ( 'NONE', #874 ) ;
#558 = LINE ( 'NONE', #7052, #5350 ) ;
#559 = ADVANCED_FACE ( 'NONE', ( #7085 ), #4091, .F. ) ;
#560 = DIRECTION ( 'NONE',  ( 1.000000000000000000, 0.000000000000000000, 0.000000000000000000 ) ) ;
#561 = VECTOR ( 'NONE', #4744, 1000.000000000000000 ) ;
#562 = DIRECTION ( 'NONE',  ( -1.000000000000000000, 0.000000000000000000, 0.000000000000000000 ) ) ;
#563 = CARTESIAN_POINT ( 'NONE',  ( 63.11245933445583489, 1.546112011906927597, -4.599999999999992539 ) ) ;
#564 = ORIENTED_EDGE ( 'NONE', *, *, #1837, .T. ) ;
#565 = ORIENTED_EDGE ( 'NONE', *, *, #7613, .T. ) ;
#566 = CARTESIAN_POINT ( 'NONE',  ( -0.2320369748232900542, 85.19608661710284991, 0.7152053414434725864 ) ) ;
#567 = DIRECTION ( 'NONE',  ( -0.000000000000000000, 0.000000000000000000, 1.000000000000000000 ) ) ;
#568 = EDGE_CURVE ( 'NONE', #6857, #5144, #254, .T. ) ;
#569 = ADVANCED_FACE ( 'NONE', ( #2725 ), #4890, .F. ) ;
#570 = UNCERTAINTY_MEASURE_WITH_UNIT (LENGTH_MEASURE( 1.000000000000000082E-05 ), #5065, 'distance_accuracy_value', 'NONE');
#571 = CARTESIAN_POINT ( 'NONE',  ( -16.24322224272568249, 81.29262551980696117, 1.160741197807662495 ) ) ;
#572 = LINE ( 'NONE', #1185, #246 ) ;
#573 = EDGE_LOOP ( 'NONE', ( #1516, #7233, #2303, #809 ) ) ;
#574 = ORIENTED_EDGE ( 'NONE', *, *, #335, .F. ) ;
#575 = DIRECTION ( 'NONE',  ( -0.02449038266019914686, -0.9997000655982558603, 0.000000000000000000 ) ) ;
#576 = EDGE_LOOP ( 'NONE', ( #7682, #3887, #6400, #7326 ) ) ;
#577 = FACE_OUTER_BOUND ( 'NONE', #6417, .T. ) ;
#578 = EDGE_CURVE ( 'NONE', #5448, #4293, #931, .T. ) ;
#579 = DIRECTION ( 'NONE',  ( -0.000000000000000000, 0.000000000000000000, 1.000000000000000000 ) ) ;
#580 = CARTESIAN_POINT ( 'NONE',  ( 99.06227900000000375, 53.59411099999999806, 1.349999999999999867 ) ) ;
#581 = ORIENTED_EDGE ( 'NONE', *, *, #7280, .F. ) ;
#582 = ORIENTED_EDGE ( 'NONE', *, *, #1024, .F. ) ;
#583 = DIRECTION ( 'NONE',  ( -0.5000000000001012523, -1.486404144095839223E-08, 0.8660254037843800878 ) ) ;
#584 = DIRECTION ( 'NONE',  ( 1.000000000000000000, 0.000000000000000000, 0.000000000000000000 ) ) ;
#585 = EDGE_CURVE ( 'NONE', #3595, #6741, #7171, .T. ) ;
#586 = CARTESIAN_POINT ( 'NONE',  ( 12.66226043005733892, 81.84410925728559505, -1.550000000000002709 ) ) ;
#587 = CARTESIAN_POINT ( 'NONE',  ( -15.46773317386870161, 80.18824006237409208, 6.722053469410127491E-15 ) ) ;
#588 = VERTEX_POINT ( 'NONE', #3974 ) ;
#589 = DIRECTION ( 'NONE',  ( 1.000000000000000000, 0.000000000000000000, 0.000000000000000000 ) ) ;
#590 = ORIENTED_EDGE ( 'NONE', *, *, #6259, .T. ) ;
#591 = DIRECTION ( 'NONE',  ( 0.9999999999999837907, 1.798198706795446324E-07, 0.000000000000000000 ) ) ;
#592 = ORIENTED_EDGE ( 'NONE', *, *, #5371, .T. ) ;
#593 = ADVANCED_FACE ( 'NONE', ( #5823 ), #2155, .T. ) ;
#594 = CARTESIAN_POINT ( 'NONE',  ( -19.36772099999999597, 46.73547018669192710, -4.599999999999992539 ) ) ;
#595 = LINE ( 'NONE', #21, #6184 ) ;
#596 = DIRECTION ( 'NONE',  ( -0.000000000000000000, -0.000000000000000000, -1.000000000000000000 ) ) ;
#597 = VECTOR ( 'NONE', #7805, 1000.000000000000000 ) ;
#598 = PLANE ( 'NONE',  #7567 ) ;
#599 = AXIS2_PLACEMENT_3D ( 'NONE', #3855, #4313, #1338 ) ;
#600 = ORIENTED_EDGE ( 'NONE', *, *, #290, .T. ) ;
#601 = CIRCLE ( 'NONE', #1533, 2.250000000000001776 ) ;
#602 = ORIENTED_EDGE ( 'NONE', *, *, #3495, .T. ) ;
#603 = CARTESIAN_POINT ( 'NONE',  ( -0.8881923234925193089, 84.23859031915395690, 0.1566043303641542483 ) ) ;
#604 = DIRECTION ( 'NONE',  ( 1.000000000000000000, 0.000000000000000000, 0.000000000000000000 ) ) ;
#605 = DIRECTION ( 'NONE',  ( -0.8660254011972055022, -0.5000000044812193956, 0.000000000000000000 ) ) ;
#606 = EDGE_CURVE ( 'NONE', #4948, #1044, #5333, .T. ) ;
#607 = CARTESIAN_POINT ( 'NONE',  ( 71.68142950036546779, 82.04411100000002932, -4.599999999999992539 ) ) ;
#608 = ORIENTED_EDGE ( 'NONE', *, *, #8031, .F. ) ;
#609 = ORIENTED_EDGE ( 'NONE', *, *, #7250, .T. ) ;
#610 = DIRECTION ( 'NONE',  ( -1.000000000000000000, 0.000000000000000000, 0.000000000000000000 ) ) ;
#611 = ORIENTED_EDGE ( 'NONE', *, *, #7299, .F. ) ;
#612 = CARTESIAN_POINT ( 'NONE',  ( -14.86773325536845114, 80.64147005892621678, 0.6000000000000064171 ) ) ;
#613 = LINE ( 'NONE', #7528, #424 ) ;
#614 = EDGE_CURVE ( 'NONE', #7414, #4713, #2200, .T. ) ;
#615 = CYLINDRICAL_SURFACE ( 'NONE', #4219, 1.697767288287466148 ) ;
#616 = EDGE_CURVE ( 'NONE', #6231, #5758, #7367, .T. ) ;
#617 = VERTEX_POINT ( 'NONE', #5858 ) ;
#618 = ORIENTED_EDGE ( 'NONE', *, *, #7953, .T. ) ;
#619 = FACE_OUTER_BOUND ( 'NONE', #5291, .T. ) ;
#620 = DIRECTION ( 'NONE',  ( 0.000000000000000000, -0.000000000000000000, -1.000000000000000000 ) ) ;
#621 = CARTESIAN_POINT ( 'NONE',  ( 4.083840999999999610, 12.63464199999999948, 1.750000000000021538 ) ) ;
#622 = EDGE_CURVE ( 'NONE', #102, #6092, #1579, .T. ) ;
#623 = CYLINDRICAL_SURFACE ( 'NONE', #4294, 0.2977672882931020615 ) ;
#624 = VERTEX_POINT ( 'NONE', #6599 ) ;
#625 = LINE ( 'NONE', #3180, #7632 ) ;
#626 = VERTEX_POINT ( 'NONE', #1498 ) ;
#627 = CARTESIAN_POINT ( 'NONE',  ( 52.26227900109225288, -0.3558820217042309442, 4.450000000000000178 ) ) ;
#628 = VERTEX_POINT ( 'NONE', #342 ) ;
#629 = LINE ( 'NONE', #6391, #7966 ) ;
#630 = CARTESIAN_POINT ( 'NONE',  ( 85.21227469707440605, 76.84410589528944513, -3.999999999999992450 ) ) ;
#631 = CARTESIAN_POINT ( 'NONE',  ( 48.95915292032525912, 1.244117980299762172, 2.249999999999999556 ) ) ;
#632 = ADVANCED_FACE ( 'NONE', ( #2856 ), #5378, .F. ) ;
#633 = DIRECTION ( 'NONE',  ( 1.000000000000000000, 0.000000000000000000, 0.000000000000000000 ) ) ;
#634 = CARTESIAN_POINT ( 'NONE',  ( -11.05859082457480369, -5.795957894100131291, -3.999999999999992450 ) ) ;
#635 = ORIENTED_EDGE ( 'NONE', *, *, #2028, .F. ) ;
#636 = ORIENTED_EDGE ( 'NONE', *, *, #344, .F. ) ;
#637 = ORIENTED_EDGE ( 'NONE', *, *, #2120, .T. ) ;
#638 = AXIS2_PLACEMENT_3D ( 'NONE', #3111, #5559, #7520 ) ;
#639 = CARTESIAN_POINT ( 'NONE',  ( 99.06227900000000375, 53.59411099999999806, 1.750000000000017097 ) ) ;
#640 = CARTESIAN_POINT ( 'NONE',  ( -15.25892890036888971, 80.34749401786289980, 0.4550417234311333603 ) ) ;
#641 = CIRCLE ( 'NONE', #3015, 1.049999999999999822 ) ;
#642 = DIRECTION ( 'NONE',  ( -0.000000000000000000, -0.000000000000000000, 1.000000000000000000 ) ) ;
#643 = VERTEX_POINT ( 'NONE', #3604 ) ;
#644 = VERTEX_POINT ( 'NONE', #6636 ) ;
#645 = CARTESIAN_POINT ( 'NONE',  ( -16.05859082457480014, 2.864296143744255119, -3.999999999999992450 ) ) ;
#646 = ORIENTED_EDGE ( 'NONE', *, *, #915, .F. ) ;
#647 = FACE_BOUND ( 'NONE', #7036, .T. ) ;
#648 = VECTOR ( 'NONE', #5158, 1000.000000000000114 ) ;
#649 = VECTOR ( 'NONE', #2739, 1000.000000000000114 ) ;
#650 = EDGE_CURVE ( 'NONE', #4148, #810, #2359, .T. ) ;
#651 = CARTESIAN_POINT ( 'NONE',  ( -15.46773317386870161, 80.18824006237409208, 6.722053469410127491E-15 ) ) ;
#652 = CIRCLE ( 'NONE', #4340, 0.4499999999999781952 ) ;
#653 = DIRECTION ( 'NONE',  ( 1.000000000000000000, 0.000000000000000000, 0.000000000000000000 ) ) ;
#654 = CARTESIAN_POINT ( 'NONE',  ( 101.1872789999999753, 53.59411099999999806, 4.450000000000000178 ) ) ;
#655 = PRESENTATION_LAYER_ASSIGNMENT (  '', '', ( #4618 ) ) ;
#656 = ORIENTED_EDGE ( 'NONE', *, *, #7982, .T. ) ;
#657 = EDGE_LOOP ( 'NONE', ( #3308, #5872, #1846, #3159, #2986, #7897, #6781, #298 ) ) ;
#658 = FACE_OUTER_BOUND ( 'NONE', #7361, .T. ) ;
#659 = AXIS2_PLACEMENT_3D ( 'NONE', #282, #6578, #3370 ) ;
#660 = DIRECTION ( 'NONE',  ( 1.000000000000000000, 0.000000000000000000, 0.000000000000000000 ) ) ;
#661 = CIRCLE ( 'NONE', #2383, 2.749999999999988454 ) ;
#662 = ADVANCED_FACE ( 'NONE', ( #6792 ), #1698, .F. ) ;
#663 = ADVANCED_FACE ( 'NONE', ( #6104 ), #3639, .F. ) ;
#664 = LINE ( 'NONE', #1280, #5295 ) ;
#665 = AXIS2_PLACEMENT_3D ( 'NONE', #4777, #2291, #2250 ) ;
#666 = DIRECTION ( 'NONE',  ( -0.000000000000000000, -0.000000000000000000, -1.000000000000000000 ) ) ;
#667 = ORIENTED_EDGE ( 'NONE', *, *, #7747, .T. ) ;
#668 = LINE ( 'NONE', #6298, #5287 ) ;
#669 = EDGE_LOOP ( 'NONE', ( #2137, #6222, #3019, #5100 ) ) ;
#670 = DIRECTION ( 'NONE',  ( 1.798198684919793169E-07, -0.9999999999999839018, 0.000000000000000000 ) ) ;
#671 = ORIENTED_EDGE ( 'NONE', *, *, #6523, .F. ) ;
#672 = AXIS2_PLACEMENT_3D ( 'NONE', #4301, #6837, #1241 ) ;
#673 = DIRECTION ( 'NONE',  ( 1.798198684919793169E-07, -0.9999999999999839018, 0.000000000000000000 ) ) ;
#674 = DIRECTION ( 'NONE',  ( -1.000000000000000000, 0.000000000000000000, 0.000000000000000000 ) ) ;
#675 = EDGE_CURVE ( 'NONE', #5078, #1680, #6065, .T. ) ;
#676 = CYLINDRICAL_SURFACE ( 'NONE', #5216, 1.125000000000000888 ) ;
#677 = VECTOR ( 'NONE', #7417, 1000.000000000000000 ) ;
#678 = AXIS2_PLACEMENT_3D ( 'NONE', #7203, #5412, #1693 ) ;
#679 = DIRECTION ( 'NONE',  ( 2.270622705517130185E-16, 0.8660254037843811981, -0.5000000000000995870 ) ) ;
#680 = DIRECTION ( 'NONE',  ( 1.000000000000000000, 0.000000000000000000, 0.000000000000000000 ) ) ;
#681 = ORIENTED_EDGE ( 'NONE', *, *, #7188, .F. ) ;
#682 = ORIENTED_EDGE ( 'NONE', *, *, #4510, .T. ) ;
#683 = VERTEX_POINT ( 'NONE', #3057 ) ;
#684 = VECTOR ( 'NONE', #6874, 1000.000000000000000 ) ;
#685 = FACE_OUTER_BOUND ( 'NONE', #891, .T. ) ;
#686 = CARTESIAN_POINT ( 'NONE',  ( 59.46452166131001604, 84.14856685720403107, -4.599999999999992539 ) ) ;
#687 = EDGE_CURVE ( 'NONE', #4873, #2172, #8076, .T. ) ;
#688 = CARTESIAN_POINT ( 'NONE',  ( -15.02016832967822069, 80.52760264581921490, 0.5806328605259246656 ) ) ;
#689 = DIRECTION ( 'NONE',  ( 0.000000000000000000, 0.000000000000000000, -1.000000000000000000 ) ) ;
#690 = ORIENTED_EDGE ( 'NONE', *, *, #4622, .T. ) ;
#691 = ORIENTED_EDGE ( 'NONE', *, *, #7892, .F. ) ;
#692 = CARTESIAN_POINT ( 'NONE',  ( -13.55859082457480369, -1.465830875177938308, -1.550000000000002709 ) ) ;
#693 = ORIENTED_EDGE ( 'NONE', *, *, #4400, .F. ) ;
#694 = DIRECTION ( 'NONE',  ( -1.000000000000000000, 0.000000000000000000, 0.000000000000000000 ) ) ;
#695 = LINE ( 'NONE', #3248, #1780 ) ;
#696 = CARTESIAN_POINT ( 'NONE',  ( -0.3935927471058874860, 85.16319620074958152, 0.9898581231573978512 ) ) ;
#697 = LINE ( 'NONE', #2022, #5770 ) ;
#698 = ORIENTED_EDGE ( 'NONE', *, *, #4244, .F. ) ;
#699 = EDGE_CURVE ( 'NONE', #6215, #349, #6715, .T. ) ;
#700 = ORIENTED_EDGE ( 'NONE', *, *, #2685, .T. ) ;
#701 = LINE ( 'NONE', #3300, #5525 ) ;
#702 = CARTESIAN_POINT ( 'NONE',  ( 31.18142950036545358, 82.04411100000002932, -2.199999999999999734 ) ) ;
#703 = AXIS2_PLACEMENT_3D ( 'NONE', #5625, #6161, #6124 ) ;
#704 = LINE ( 'NONE', #5850, #3587 ) ;
#705 = DIRECTION ( 'NONE',  ( -1.288939666242958913E-07, 0.9999999999999916733, 0.000000000000000000 ) ) ;
#706 = EDGE_CURVE ( 'NONE', #617, #102, #3301, .T. ) ;
#707 = ORIENTED_EDGE ( 'NONE', *, *, #8015, .T. ) ;
#708 = ADVANCED_FACE ( 'NONE', ( #4927 ), #7334, .T. ) ;
#709 = DIRECTION ( 'NONE',  ( -1.000000000000000000, 0.000000000000000000, 0.000000000000000000 ) ) ;
#710 = EDGE_LOOP ( 'NONE', ( #6454, #1509, #5434, #3219 ) ) ;
#711 = CARTESIAN_POINT ( 'NONE',  ( 22.86227900000000091, 60.09411099999999806, 2.250000000000000000 ) ) ;
#712 = EDGE_LOOP ( 'NONE', ( #2920, #6239, #6020, #6257 ) ) ;
#713 = DIRECTION ( 'NONE',  ( 1.000000000000000000, 0.000000000000000000, 0.000000000000000000 ) ) ;
#714 = LINE ( 'NONE', #3103, #3426 ) ;
#715 = CYLINDRICAL_SURFACE ( 'NONE', #1912, 1.250000000000001110 ) ;
#716 = CARTESIAN_POINT ( 'NONE',  ( 90.21227469707440605, 76.84410589528943092, -2.150000000000027889 ) ) ;
#717 = EDGE_CURVE ( 'NONE', #644, #3378, #2977, .T. ) ;
#718 = EDGE_CURVE ( 'NONE', #2437, #5101, #1037, .T. ) ;
#719 = FACE_OUTER_BOUND ( 'NONE', #4678, .T. ) ;
#720 = VERTEX_POINT ( 'NONE', #1157 ) ;
#721 = PLANE ( 'NONE',  #5745 ) ;
#722 = ORIENTED_EDGE ( 'NONE', *, *, #2456, .T. ) ;
#723 = DIRECTION ( 'NONE',  ( 0.000000000000000000, 0.000000000000000000, 1.000000000000000000 ) ) ;
#724 = CARTESIAN_POINT ( 'NONE',  ( -15.43479830564663935, 80.21346822112988662, 0.1970576164615807924 ) ) ;
#725 = FACE_OUTER_BOUND ( 'NONE', #300, .T. ) ;
#726 = EDGE_CURVE ( 'NONE', #196, #7517, #1086, .T. ) ;
#727 = ORIENTED_EDGE ( 'NONE', *, *, #6754, .T. ) ;
#728 = ORIENTED_EDGE ( 'NONE', *, *, #1544, .F. ) ;
#729 = CARTESIAN_POINT ( 'NONE',  ( 17.66226043005725899, 81.84411015638494291, -4.599999999999992539 ) ) ;
#730 = VERTEX_POINT ( 'NONE', #6142 ) ;
#731 = CARTESIAN_POINT ( 'NONE',  ( -16.74401804078513578, 81.14931567161195858, -4.599999999999992539 ) ) ;
#732 = AXIS2_PLACEMENT_3D ( 'NONE', #7873, #5296, #6024 ) ;
#733 = AXIS2_PLACEMENT_3D ( 'NONE', #1207, #3094, #7699 ) ;
#734 = DIRECTION ( 'NONE',  ( 1.798198684919793434E-07, -0.9999999999999837907, -0.000000000000000000 ) ) ;
#735 = DIRECTION ( 'NONE',  ( 1.798198684919793434E-07, -0.9999999999999837907, -0.000000000000000000 ) ) ;
#736 = AXIS2_PLACEMENT_3D ( 'NONE', #4687, #5304, #7798 ) ;
#737 = CARTESIAN_POINT ( 'NONE',  ( -0.8677339041912699447, 84.24965336201780985, 0.07842302862451880352 ) ) ;
#738 = ADVANCED_FACE ( 'NONE', ( #1777 ), #7494, .F. ) ;
#739 = ORIENTED_EDGE ( 'NONE', *, *, #3228, .F. ) ;
#740 = AXIS2_PLACEMENT_3D ( 'NONE', #2722, #7825, #4051 ) ;
#741 = ORIENTED_EDGE ( 'NONE', *, *, #2839, .T. ) ;
#742 = CARTESIAN_POINT ( 'NONE',  ( 6.333840999999999610, 12.63464199999999948, 1.349999999999999867 ) ) ;
#743 = DIRECTION ( 'NONE',  ( 1.000000000000000000, 0.000000000000000000, 0.000000000000000000 ) ) ;
#744 = CYLINDRICAL_SURFACE ( 'NONE', #6992, 2.798033192550286596 ) ;
#745 = FACE_OUTER_BOUND ( 'NONE', #6030, .T. ) ;
#746 = ORIENTED_EDGE ( 'NONE', *, *, #8125, .T. ) ;
#747 = DIRECTION ( 'NONE',  ( -1.000000000000000000, 0.000000000000000000, 0.000000000000000000 ) ) ;
#748 = VERTEX_POINT ( 'NONE', #3012 ) ;
#749 = DIRECTION ( 'NONE',  ( -0.02449038266019105611, -0.9997000655982560824, 0.000000000000000000 ) ) ;
#750 = ORIENTED_EDGE ( 'NONE', *, *, #6559, .F. ) ;
#751 = CARTESIAN_POINT ( 'NONE',  ( 70.81228330292591977, 19.29411633638648382, -3.999999999999992450 ) ) ;
#752 = DIRECTION ( 'NONE',  ( 0.7071067811865460184, 8.659560562354913137E-17, -0.7071067811865489050 ) ) ;
#753 = DIRECTION ( 'NONE',  ( -1.000000000000000000, 0.000000000000000000, 0.000000000000000000 ) ) ;
#754 = ADVANCED_FACE ( 'NONE', ( #8039 ), #4297, .T. ) ;
#755 = DIRECTION ( 'NONE',  ( 0.9999999999998941957, 4.600815822094847433E-07, 0.000000000000000000 ) ) ;
#756 = CARTESIAN_POINT ( 'NONE',  ( 75.81228330292589135, 19.29411698796796415, -3.999999999999968914 ) ) ;
#757 = ORIENTED_EDGE ( 'NONE', *, *, #2326, .F. ) ;
#758 = CARTESIAN_POINT ( 'NONE',  ( -0.06637713212790524731, 85.22972665496169498, -4.599999999999992539 ) ) ;
#759 = ORIENTED_EDGE ( 'NONE', *, *, #2557, .T. ) ;
#760 = LINE ( 'NONE', #4604, #3479 ) ;
#761 = CARTESIAN_POINT ( 'NONE',  ( 99.06228253471061862, 14.09411798029977803, -2.199999999999991296 ) ) ;
#762 = ADVANCED_FACE ( 'NONE', ( #6179 ), #547, .F. ) ;
#763 = ADVANCED_FACE ( 'NONE', ( #4139 ), #6022, .F. ) ;
#764 = CARTESIAN_POINT ( 'NONE',  ( -15.40391733627178006, 80.23708662962461347, 0.2700071714886599361 ) ) ;
#765 = DIRECTION ( 'NONE',  ( -0.000000000000000000, 0.000000000000000000, 1.000000000000000000 ) ) ;
#766 = VECTOR ( 'NONE', #5846, 1000.000000000000114 ) ;
#767 = ORIENTED_EDGE ( 'NONE', *, *, #3791, .T. ) ;
#768 = ORIENTED_EDGE ( 'NONE', *, *, #4031, .F. ) ;
#769 = FACE_BOUND ( 'NONE', #2965, .T. ) ;
#770 = EDGE_LOOP ( 'NONE', ( #5586, #1931, #7515, #6552 ) ) ;
#771 = DIRECTION ( 'NONE',  ( 0.000000000000000000, -0.000000000000000000, -1.000000000000000000 ) ) ;
#772 = CIRCLE ( 'NONE', #5392, 1.125000000000000888 ) ;
#773 = DIRECTION ( 'NONE',  ( 1.000000000000000000, -5.448606792506973443E-17, 0.000000000000000000 ) ) ;
#774 = EDGE_CURVE ( 'NONE', #3369, #4462, #1744, .T. ) ;
#775 = VECTOR ( 'NONE', #2309, 1000.000000000000000 ) ;
#776 = CARTESIAN_POINT ( 'NONE',  ( 17.66226043005725899, 81.84411015638494291, -3.999999999999992450 ) ) ;
#777 = FACE_OUTER_BOUND ( 'NONE', #8055, .T. ) ;
#778 = VERTEX_POINT ( 'NONE', #5769 ) ;
#779 = CONICAL_SURFACE ( 'NONE', #8142, 1.249999999999999334, 0.7853981633974461696 ) ;
#780 = VERTEX_POINT ( 'NONE', #1239 ) ;
#781 = FACE_OUTER_BOUND ( 'NONE', #1660, .T. ) ;
#782 = AXIS2_PLACEMENT_3D ( 'NONE', #4652, #354, #7845 ) ;
#783 = CARTESIAN_POINT ( 'NONE',  ( -18.16772099999999668, 39.98547018669192710, -3.199999999999991740 ) ) ;
#784 = CIRCLE ( 'NONE', #5403, 2.124999999999974243 ) ;
#785 = EDGE_CURVE ( 'NONE', #7061, #5101, #165, .T. ) ;
#786 = CARTESIAN_POINT ( 'NONE',  ( -1.892452981709167315, 77.25013513273106014, -4.599999999999992539 ) ) ;
#787 = VECTOR ( 'NONE', #331, 1000.000000000000000 ) ;
#788 = CONICAL_SURFACE ( 'NONE', #3566, 2.250000000000001776, 0.7853981633974579379 ) ;
#789 = FACE_OUTER_BOUND ( 'NONE', #2663, .T. ) ;
#790 = EDGE_LOOP ( 'NONE', ( #5714, #3430, #4413, #8103 ) ) ;
#791 = LINE ( 'NONE', #3973, #1169 ) ;
#792 = VECTOR ( 'NONE', #4470, 1000.000000000000000 ) ;
#793 = VERTEX_POINT ( 'NONE', #1365 ) ;
#794 = CARTESIAN_POINT ( 'NONE',  ( -0.6264728054686573566, -15.05525824661052781, 3.449999999999999289 ) ) ;
#795 = AXIS2_PLACEMENT_3D ( 'NONE', #2581, #5189, #1961 ) ;
#796 = ORIENTED_EDGE ( 'NONE', *, *, #7522, .F. ) ;
#797 = DIRECTION ( 'NONE',  ( 1.000000000000000000, 0.000000000000000000, 0.000000000000000000 ) ) ;
#798 = CARTESIAN_POINT ( 'NONE',  ( 81.51003633868002396, 16.98965514279599986, -4.599999999999992539 ) ) ;
#799 = VECTOR ( 'NONE', #6673, 1000.000000000000227 ) ;
#800 = CIRCLE ( 'NONE', #3039, 1.399999999999998579 ) ;
#801 = FACE_OUTER_BOUND ( 'NONE', #7665, .T. ) ;
#802 = CIRCLE ( 'NONE', #2769, 2.125000000000029754 ) ;
#803 = CARTESIAN_POINT ( 'NONE',  ( 119.9122790047357228, 12.29411797798554673, 3.449999999999999289 ) ) ;
#805 = AXIS2_PLACEMENT_3D ( 'NONE', #6107, #6753, #4260 ) ;
#804 = CARTESIAN_POINT ( 'NONE',  ( 20.40084906455487257, -2.955779412135975726, -2.199999999999988187 ) ) ;
#806 = CIRCLE ( 'NONE', #1859, 1.125000000000000888 ) ;
#807 = ORIENTED_EDGE ( 'NONE', *, *, #2991, .F. ) ;
#808 = EDGE_CURVE ( 'NONE', #532, #4370, #4243, .T. ) ;
#809 = ORIENTED_EDGE ( 'NONE', *, *, #318, .F. ) ;
#810 = VERTEX_POINT ( 'NONE', #46 ) ;
#811 = CARTESIAN_POINT ( 'NONE',  ( 22.86227900000000091, 60.09411099999999806, 1.750000000000020650 ) ) ;
#812 = DIRECTION ( 'NONE',  ( -5.448606792506972827E-17, -1.000000000000000000, 0.000000000000000000 ) ) ;
#813 = CIRCLE ( 'NONE', #1078, 2.798033192550286596 ) ;
#814 = CIRCLE ( 'NONE', #5026, 0.4499999999999781952 ) ;
#815 = CARTESIAN_POINT ( 'NONE',  ( 10.81226043005734816, 81.84410925728559505, -1.550000000000002709 ) ) ;
#816 = LINE ( 'NONE', #2086, #2705 ) ;
#817 = ORIENTED_EDGE ( 'NONE', *, *, #965, .F. ) ;
#818 = VERTEX_POINT ( 'NONE', #3879 ) ;
#819 = DIRECTION ( 'NONE',  ( -0.7071067811865412445, 8.659560562354856437E-17, 0.7071067811865537900 ) ) ;
#820 = ADVANCED_FACE ( 'NONE', ( #1862 ), #6254, .F. ) ;
#821 = ORIENTED_EDGE ( 'NONE', *, *, #4758, .F. ) ;
#822 = DIRECTION ( 'NONE',  ( 1.000000000000000000, 0.000000000000000000, 0.000000000000000000 ) ) ;
#823 = EDGE_CURVE ( 'NONE', #4382, #196, #2599, .T. ) ;
#824 = LINE ( 'NONE', #1437, #4162 ) ;
#825 = DIRECTION ( 'NONE',  ( -0.7071067811865449082, 8.659560562354902043E-17, 0.7071067811865502373 ) ) ;
#826 = CARTESIAN_POINT ( 'NONE',  ( -1.016522496506392148, 84.16886135786450041, 0.3975955660490766985 ) ) ;
#827 = EDGE_LOOP ( 'NONE', ( #3390, #6700, #2380, #5859 ) ) ;
#828 = VERTEX_POINT ( 'NONE', #6913 ) ;
#829 = CARTESIAN_POINT ( 'NONE',  ( 35.68142950036546068, 80.84411100000002648, -4.599999999999992539 ) ) ;
#830 = EDGE_CURVE ( 'NONE', #2680, #532, #6379, .T. ) ;
#831 = LINE ( 'NONE', #3304, #6602 ) ;
#832 = CARTESIAN_POINT ( 'NONE',  ( 70.81228330292591977, 19.29411633638648382, -3.999999999999992450 ) ) ;
#833 = ORIENTED_EDGE ( 'NONE', *, *, #209, .F. ) ;
#834 = CARTESIAN_POINT ( 'NONE',  ( 99.06227900000000375, 53.59411099999999806, 1.349999999999999867 ) ) ;
#835 = EDGE_CURVE ( 'NONE', #7928, #2744, #428, .T. ) ;
#836 = VECTOR ( 'NONE', #5666, 1000.000000000000000 ) ;
#837 = CARTESIAN_POINT ( 'NONE',  ( 75.81228330292589135, 19.29411698796796415, -1.550000000000002709 ) ) ;
#838 = ORIENTED_EDGE ( 'NONE', *, *, #2435, .T. ) ;
#839 = CARTESIAN_POINT ( 'NONE',  ( 22.86227900000000091, 60.09411099999999806, 1.349999999999999867 ) ) ;
#840 = CARTESIAN_POINT ( 'NONE',  ( -7.036517315624389186E-06, 15.29406433057294556, -4.599999999999992539 ) ) ;
#841 = CYLINDRICAL_SURFACE ( 'NONE', #6128, 1.875000000000000000 ) ;
#842 = CARTESIAN_POINT ( 'NONE',  ( -14.86773440668929958, 87.04410430684566791, 6.722053469410127491E-15 ) ) ;
#843 = EDGE_CURVE ( 'NONE', #7662, #5564, #5043, .T. ) ;
#844 = ORIENTED_EDGE ( 'NONE', *, *, #7045, .T. ) ;
#845 = DIRECTION ( 'NONE',  ( 0.9999999999999914513, 1.303162954756303595E-07, 0.000000000000000000 ) ) ;
#846 = VERTEX_POINT ( 'NONE', #89 ) ;
#847 = CARTESIAN_POINT ( 'NONE',  ( -15.60859082457482394, 2.864296143744255119, -3.999999999999992450 ) ) ;
#848 = DIRECTION ( 'NONE',  ( -1.000000000000000000, 0.000000000000000000, 0.000000000000000000 ) ) ;
#849 = DIRECTION ( 'NONE',  ( 0.8660254062730190494, 0.4999999956896523101, 0.000000000000000000 ) ) ;
#850 = CARTESIAN_POINT ( 'NONE',  ( 90.21227469707440605, 76.84410589528943092, -1.550000000000002709 ) ) ;
#851 = EDGE_LOOP ( 'NONE', ( #7939, #5832, #979, #2617 ) ) ;
#852 = ORIENTED_EDGE ( 'NONE', *, *, #7498, .T. ) ;
#853 = LINE ( 'NONE', #2796, #5145 ) ;
#854 = EDGE_LOOP ( 'NONE', ( #6664, #4331 ) ) ;
#855 = DIRECTION ( 'NONE',  ( 0.9999144385346806496, 0.01308111653775047289, 0.000000000000000000 ) ) ;
#856 = CARTESIAN_POINT ( 'NONE',  ( -15.35247986338923631, 80.27634853107511503, 0.3540933725274704180 ) ) ;
#857 = DIRECTION ( 'NONE',  ( 0.000000000000000000, 0.5000000000000996980, 0.8660254037843811981 ) ) ;
#858 = CIRCLE ( 'NONE', #5476, 0.5999999999999998668 ) ;
#859 = EDGE_CURVE ( 'NONE', #7316, #7374, #3460, .T. ) ;
#860 = CARTESIAN_POINT ( 'NONE',  ( 119.5122720196896893, 59.06910750985032621, -2.200000000000001510 ) ) ;
#861 = EDGE_LOOP ( 'NONE', ( #5957, #1344, #3572, #6712 ) ) ;
#862 = CARTESIAN_POINT ( 'NONE',  ( 80.21236427083987053, 9.350011570627669551E-05, 2.250000000000000000 ) ) ;
#863 = EDGE_LOOP ( 'NONE', ( #6536, #4699, #1282, #2187 ) ) ;
#864 = CYLINDRICAL_SURFACE ( 'NONE', #390, 1.697767288281991416 ) ;
#865 = CIRCLE ( 'NONE', #3634, 0.5999999999999997558 ) ;
#866 = AXIS2_PLACEMENT_3D ( 'NONE', #1098, #2919, #3535 ) ;
#867 = DIRECTION ( 'NONE',  ( 0.000000000000000000, 0.000000000000000000, 1.000000000000000000 ) ) ;
#868 = EDGE_CURVE ( 'NONE', #7133, #7006, #5170, .T. ) ;
#869 = EDGE_CURVE ( 'NONE', #4627, #1706, #4337, .T. ) ;
#870 = CIRCLE ( 'NONE', #1263, 1.049999999999993605 ) ;
#871 = LINE ( 'NONE', #4718, #2712 ) ;
#872 = ORIENTED_EDGE ( 'NONE', *, *, #6339, .T. ) ;
#873 = CARTESIAN_POINT ( 'NONE',  ( 75.81228330292589135, 19.29411698796796415, -3.999999999999968914 ) ) ;
#874 = CARTESIAN_POINT ( 'NONE',  ( 41.71543085406953111, 84.28134294316404862, 2.249999999999999556 ) ) ;
#875 = VERTEX_POINT ( 'NONE', #3797 ) ;
#876 = ORIENTED_EDGE ( 'NONE', *, *, #2933, .T. ) ;
#877 = LINE ( 'NONE', #7832, #6510 ) ;
#878 = DIRECTION ( 'NONE',  ( -0.000000000000000000, -0.000000000000000000, 1.000000000000000000 ) ) ;
#879 = EDGE_CURVE ( 'NONE', #6014, #2173, #7390, .T. ) ;
#880 = CARTESIAN_POINT ( 'NONE',  ( 61.45782314279001923, 81.14186833868102156, 2.250000000000000000 ) ) ;
#881 = DIRECTION ( 'NONE',  ( 0.000000000000000000, -0.000000000000000000, -1.000000000000000000 ) ) ;
#882 = ORIENTED_EDGE ( 'NONE', *, *, #4736, .F. ) ;
#883 = DIRECTION ( 'NONE',  ( 0.000000000000000000, 0.000000000000000000, 1.000000000000000000 ) ) ;
#884 = EDGE_LOOP ( 'NONE', ( #4237, #833, #3332, #6426 ) ) ;
#885 = ORIENTED_EDGE ( 'NONE', *, *, #1572, .T. ) ;
#886 = DIRECTION ( 'NONE',  ( -0.000000000000000000, -0.000000000000000000, -1.000000000000000000 ) ) ;
#887 = DIRECTION ( 'NONE',  ( 0.000000000000000000, 0.000000000000000000, -1.000000000000000000 ) ) ;
#888 = EDGE_CURVE ( 'NONE', #7609, #3244, #3723, .T. ) ;
#889 = DIRECTION ( 'NONE',  ( 1.000000000000000000, 0.000000000000000000, 0.000000000000000000 ) ) ;
#890 = CARTESIAN_POINT ( 'NONE',  ( -13.55859082457480369, -1.465830875177938308, -2.149999999999971045 ) ) ;
#891 = EDGE_LOOP ( 'NONE', ( #7396, #7538, #4201, #5272 ) ) ;
#892 = ORIENTED_EDGE ( 'NONE', *, *, #1534, .T. ) ;
#893 = DIRECTION ( 'NONE',  ( 0.000000000000000000, 0.000000000000000000, -1.000000000000000000 ) ) ;
#894 = ORIENTED_EDGE ( 'NONE', *, *, #2087, .F. ) ;
#895 = DIRECTION ( 'NONE',  ( 0.000000000000000000, 0.000000000000000000, 1.000000000000000000 ) ) ;
#896 = CYLINDRICAL_SURFACE ( 'NONE', #6854, 2.250000000000001776 ) ;
#897 = VECTOR ( 'NONE', #4982, 1000.000000000000000 ) ;
#898 = DIRECTION ( 'NONE',  ( -1.000000000000000000, 9.999428271258533804E-31, 6.162975822039154730E-33 ) ) ;
#899 = ORIENTED_EDGE ( 'NONE', *, *, #1809, .T. ) ;
#900 = CARTESIAN_POINT ( 'NONE',  ( 2.681757418439194121E-29, 26.81910750985032621, -4.599999999999992539 ) ) ;
#901 = ORIENTED_EDGE ( 'NONE', *, *, #706, .T. ) ;
#902 = DIRECTION ( 'NONE',  ( -0.8767298616822661872, -0.4809831074316377464, 0.000000000000000000 ) ) ;
#903 = EDGE_CURVE ( 'NONE', #1805, #624, #5608, .T. ) ;
#904 = CIRCLE ( 'NONE', #2618, 1.875000000000000000 ) ;
#905 = LINE ( 'NONE', #4207, #4642 ) ;
#906 = AXIS2_PLACEMENT_3D ( 'NONE', #7731, #3342, #2598 ) ;
#907 = VERTEX_POINT ( 'NONE', #5082 ) ;
#908 = FACE_OUTER_BOUND ( 'NONE', #4527, .T. ) ;
#909 = ORIENTED_EDGE ( 'NONE', *, *, #5415, .T. ) ;
#910 = CARTESIAN_POINT ( 'NONE',  ( -1.399791708008358899E-05, 77.84410698035701159, -4.599999999999992539 ) ) ;
#911 = DIRECTION ( 'NONE',  ( 0.000000000000000000, -0.000000000000000000, -1.000000000000000000 ) ) ;
#912 = EDGE_CURVE ( 'NONE', #522, #720, #7491, .T. ) ;
#913 = VERTEX_POINT ( 'NONE', #3212 ) ;
#914 = VERTEX_POINT ( 'NONE', #3172 ) ;
#915 = EDGE_CURVE ( 'NONE', #5323, #6759, #5688, .T. ) ;
#916 = CARTESIAN_POINT ( 'NONE',  ( 50.66227900000001938, 2.935538080412094519, 2.249999999999999556 ) ) ;
#917 = AXIS2_PLACEMENT_3D ( 'NONE', #7030, #6941, #694 ) ;
#918 = SURFACE_STYLE_USAGE ( .BOTH. , #1584 ) ;
#919 = VECTOR ( 'NONE', #8085, 1000.000000000000000 ) ;
#920 = CARTESIAN_POINT ( 'NONE',  ( 43.41540507968174722, 85.84410401969522297, -4.599999999999992539 ) ) ;
#921 = CIRCLE ( 'NONE', #3560, 1.900000000000000133 ) ;
#922 = CIRCLE ( 'NONE', #8022, 214.2254427649804995 ) ;
#923 = CARTESIAN_POINT ( 'NONE',  ( -13.55859082457480369, -1.465830875177938308, -1.550000000000002709 ) ) ;
#924 = AXIS2_PLACEMENT_3D ( 'NONE', #4123, #982, #855 ) ;
#925 = DIRECTION ( 'NONE',  ( 1.000000000000000000, 0.000000000000000000, 0.000000000000000000 ) ) ;
#926 = ORIENTED_EDGE ( 'NONE', *, *, #3121, .F. ) ;
#927 = DIRECTION ( 'NONE',  ( 1.000000000000000000, 0.000000000000000000, 0.000000000000000000 ) ) ;
#928 = EDGE_LOOP ( 'NONE', ( #6666, #7441, #7623, #6628 ) ) ;
#929 = ORIENTED_EDGE ( 'NONE', *, *, #3651, .F. ) ;
#930 = ADVANCED_FACE ( 'NONE', ( #1407 ), #4913, .T. ) ;
#931 = CIRCLE ( 'NONE', #1715, 2.249999999999998668 ) ;
#932 = AXIS2_PLACEMENT_3D ( 'NONE', #7096, #4647, #6484 ) ;
#933 = DIRECTION ( 'NONE',  ( -0.000000000000000000, -0.000000000000000000, -1.000000000000000000 ) ) ;
#934 = CARTESIAN_POINT ( 'NONE',  ( 4.747940987644062361, -8.707939123547880911, -4.599999999999992539 ) ) ;
#935 = LINE ( 'NONE', #7936, #2880 ) ;
#936 = VECTOR ( 'NONE', #7998, 1000.000000000000000 ) ;
#937 = DIRECTION ( 'NONE',  ( 0.000000000000000000, 0.000000000000000000, 1.000000000000000000 ) ) ;
#938 = ORIENTED_EDGE ( 'NONE', *, *, #2279, .F. ) ;
#939 = ORIENTED_EDGE ( 'NONE', *, *, #2582, .T. ) ;
#940 = LINE ( 'NONE', #7808, #6707 ) ;
#941 = ORIENTED_EDGE ( 'NONE', *, *, #2838, .T. ) ;
#942 = CARTESIAN_POINT ( 'NONE',  ( 61.45915292031825317, 80.84410401970065152, -4.599999999999992539 ) ) ;
#943 = EDGE_CURVE ( 'NONE', #4717, #7861, #7195, .T. ) ;
#944 = DIRECTION ( 'NONE',  ( 0.000000000000000000, 0.000000000000000000, 1.000000000000000000 ) ) ;
#945 = CIRCLE ( 'NONE', #2394, 1.050000000000002265 ) ;
#946 = AXIS2_PLACEMENT_3D ( 'NONE', #776, #3294, #5200 ) ;
#947 = DIRECTION ( 'NONE',  ( -1.000000000000000000, 0.000000000000000000, -0.000000000000000000 ) ) ;
#948 = DIRECTION ( 'NONE',  ( 1.000000000000000000, 0.000000000000000000, 0.000000000000000000 ) ) ;
#949 = EDGE_LOOP ( 'NONE', ( #5848, #4915, #6940, #957 ) ) ;
#950 = CARTESIAN_POINT ( 'NONE',  ( -1.428682574687151430, 83.94090967458356545, 0.5990438391182603128 ) ) ;
#951 = AXIS2_PLACEMENT_3D ( 'NONE', #3880, #2029, #7615 ) ;
#952 = VERTEX_POINT ( 'NONE', #6694 ) ;
#953 = CARTESIAN_POINT ( 'NONE',  ( 59.47085191958734640, 85.84411100000001227, -4.599999999999992539 ) ) ;
#954 = VECTOR ( 'NONE', #285, 1000.000000000000000 ) ;
#955 = DIRECTION ( 'NONE',  ( 0.000000000000000000, -0.000000000000000000, -1.000000000000000000 ) ) ;
#956 = EDGE_CURVE ( 'NONE', #7896, #3657, #4512, .T. ) ;
#957 = ORIENTED_EDGE ( 'NONE', *, *, #1492, .T. ) ;
#958 = DIRECTION ( 'NONE',  ( -0.7071067811865369146, 0.000000000000000000, -0.7071067811865581199 ) ) ;
#959 = ORIENTED_EDGE ( 'NONE', *, *, #7447, .F. ) ;
#960 = LINE ( 'NONE', #3603, #3808 ) ;
#961 = CARTESIAN_POINT ( 'NONE',  ( 118.3122811893314434, 1.524973922286212459E-05, -4.599999999999992539 ) ) ;
#962 = EDGE_LOOP ( 'NONE', ( #1858, #7269, #4686, #1606 ) ) ;
#963 = DIRECTION ( 'NONE',  ( 1.000000000000000000, 0.000000000000000000, 0.000000000000000000 ) ) ;
#964 = CARTESIAN_POINT ( 'NONE',  ( 31.18142950036545358, 80.84411100000002648, -2.199999999999999734 ) ) ;
#965 = EDGE_CURVE ( 'NONE', #7740, #6495, #30, .T. ) ;
#966 = EDGE_CURVE ( 'NONE', #3975, #7424, #1561, .T. ) ;
#967 = DIRECTION ( 'NONE',  ( -1.000000000000000000, 0.000000000000000000, 0.000000000000000000 ) ) ;
#968 = CYLINDRICAL_SURFACE ( 'NONE', #5159, 0.2977672882960475942 ) ;
#969 = ORIENTED_EDGE ( 'NONE', *, *, #4736, .T. ) ;
#970 = DIRECTION ( 'NONE',  ( 1.000000000000000000, 0.000000000000000000, 0.000000000000000000 ) ) ;
#971 = ORIENTED_EDGE ( 'NONE', *, *, #7703, .T. ) ;
#972 = EDGE_LOOP ( 'NONE', ( #4095, #1870, #5991, #3123 ) ) ;
#973 = DIRECTION ( 'NONE',  ( 0.000000000000000000, 0.000000000000000000, -1.000000000000000000 ) ) ;
#974 = DIRECTION ( 'NONE',  ( -0.000000000000000000, -0.000000000000000000, -1.000000000000000000 ) ) ;
#975 = DIRECTION ( 'NONE',  ( 1.000000000000000000, 0.000000000000000000, 0.000000000000000000 ) ) ;
#976 = EDGE_CURVE ( 'NONE', #2267, #2163, #2269, .T. ) ;
#977 = EDGE_CURVE ( 'NONE', #2267, #1188, #2924, .T. ) ;
#978 = CARTESIAN_POINT ( 'NONE',  ( 96.81228253471061862, 15.29411099999999912, -2.199999999999991296 ) ) ;
#979 = ORIENTED_EDGE ( 'NONE', *, *, #8064, .F. ) ;
#980 = ORIENTED_EDGE ( 'NONE', *, *, #1631, .F. ) ;
#981 = ORIENTED_EDGE ( 'NONE', *, *, #1409, .T. ) ;
#982 = DIRECTION ( 'NONE',  ( 0.01308111653775047463, -0.9999144385346807606, 0.000000000000000000 ) ) ;
#983 = CARTESIAN_POINT ( 'NONE',  ( -4.410241971408653150, -11.81123575416829929, -4.599999999999992539 ) ) ;
#984 = CARTESIAN_POINT ( 'NONE',  ( 99.06227900000000375, 34.54411100000000090, 1.349999999999999867 ) ) ;
#985 = EDGE_CURVE ( 'NONE', #1266, #7384, #1609, .T. ) ;
#986 = DIRECTION ( 'NONE',  ( 0.000000000000000000, 0.000000000000000000, 1.000000000000000000 ) ) ;
#987 = VERTEX_POINT ( 'NONE', #4832 ) ;
#988 = CARTESIAN_POINT ( 'NONE',  ( -1.467733844732094672, 83.91899365446646186, 0.6000000000000065281 ) ) ;
#989 = ORIENTED_EDGE ( 'NONE', *, *, #5807, .T. ) ;
#990 = DIRECTION ( 'NONE',  ( -0.000000000000000000, -1.000000000000000000, -0.000000000000000000 ) ) ;
#991 = CIRCLE ( 'NONE', #4028, 2.250000000000006217 ) ;
#992 = CARTESIAN_POINT ( 'NONE',  ( 63.05759268073793322, 2.898797320354307594, -4.599999999999992539 ) ) ;
#993 = EDGE_CURVE ( 'NONE', #1812, #818, #7320, .T. ) ;
#994 = AXIS2_PLACEMENT_3D ( 'NONE', #1875, #3140, #4471 ) ;
#995 = VERTEX_POINT ( 'NONE', #4077 ) ;
#996 = B_SPLINE_CURVE_WITH_KNOTS ( 'NONE', 3,
 ( #4581, #7074, #1440, #4166 ),
 .UNSPECIFIED., .F., .F.,
 ( 4, 4 ),
 ( 0.000000000000000000, 1.000000000000000000 ),
 .UNSPECIFIED. ) ;
#997 = DIRECTION ( 'NONE',  ( 0.000000000000000000, 0.000000000000000000, -1.000000000000000000 ) ) ;
#998 = CIRCLE ( 'NONE', #6776, 2.250000000000001776 ) ;
#999 = VERTEX_POINT ( 'NONE', #7900 ) ;
#1000 = DIRECTION ( 'NONE',  ( -0.000000000000000000, 0.000000000000000000, 1.000000000000000000 ) ) ;
#1001 = DIRECTION ( 'NONE',  ( 0.000000000000000000, 0.000000000000000000, -1.000000000000000000 ) ) ;
#1002 = DIRECTION ( 'NONE',  ( -0.000000000000000000, 0.000000000000000000, 1.000000000000000000 ) ) ;
#1003 = CYLINDRICAL_SURFACE ( 'NONE', #4903, 1.875000000000001776 ) ;
#1004 = VECTOR ( 'NONE', #5854, 1000.000000000000114 ) ;
#1005 = FACE_OUTER_BOUND ( 'NONE', #7524, .T. ) ;
#1006 = DIRECTION ( 'NONE',  ( 0.000000000000000000, 0.000000000000000000, 1.000000000000000000 ) ) ;
#1007 = VERTEX_POINT ( 'NONE', #407 ) ;
#1008 = CARTESIAN_POINT ( 'NONE',  ( 63.05759268073771295, 12.87146126918962530, 4.450000000000000178 ) ) ;
#1009 = ORIENTED_EDGE ( 'NONE', *, *, #5754, .F. ) ;
#1010 = ORIENTED_EDGE ( 'NONE', *, *, #4708, .T. ) ;
#1011 = DIRECTION ( 'NONE',  ( 1.000000000000000000, 0.000000000000000000, 0.000000000000000000 ) ) ;
#1012 = EDGE_CURVE ( 'NONE', #6130, #1375, #5397, .T. ) ;
#1013 = CARTESIAN_POINT ( 'NONE',  ( 35.68142950036546068, 82.04411100000002932, -2.199999999999999289 ) ) ;
#1014 = CARTESIAN_POINT ( 'NONE',  ( -15.26018061857606689, 80.34654930115054583, 0.4542782152225310899 ) ) ;
#1015 = AXIS2_PLACEMENT_3D ( 'NONE', #2252, #389, #4649 ) ;
#1016 = DIRECTION ( 'NONE',  ( 0.000000000000000000, 0.000000000000000000, -1.000000000000000000 ) ) ;
#1017 = CARTESIAN_POINT ( 'NONE',  ( 22.57418217683190420, -2.373436572324036931, -2.199999999999988631 ) ) ;
#1018 = ORIENTED_EDGE ( 'NONE', *, *, #4012, .T. ) ;
#1019 = ORIENTED_EDGE ( 'NONE', *, *, #3883, .T. ) ;
#1020 = VERTEX_POINT ( 'NONE', #5970 ) ;
#1021 = LINE ( 'NONE', #7194, #399 ) ;
#1022 = CARTESIAN_POINT ( 'NONE',  ( -18.16772100000000023, 26.58547018669192852, -3.199999999999991740 ) ) ;
#1023 = EDGE_CURVE ( 'NONE', #522, #5736, #2009, .T. ) ;
#1024 = EDGE_CURVE ( 'NONE', #7713, #2219, #3056, .T. ) ;
#1025 = PLANE ( 'NONE',  #4904 ) ;
#1026 = DIRECTION ( 'NONE',  ( 1.000000000000000000, 0.000000000000000000, 0.000000000000000000 ) ) ;
#1027 = B_SPLINE_SURFACE_WITH_KNOTS ( 'NONE', 1, 3, ( 
 ( #7474, #2462, #6895, #1105, #5590, #3623, #6205, #2961, #8019, #8134, #2388, #1841, #5027, #1262, #3781, #3040, #571, #3743, #4912, #7399, #450, #7980, #1762, #6162, #1475, #6984, #7640, #6405, #2049, #1298, #2669, #5670, #5798, #5755 ),
 ( #1350, #3239, #3864, #5191, #688, #6272, #5228, #2012, #6933, #6361, #2621, #5836, #3906, #2085, #640, #6450, #4606, #5066, #32, #3326, #191, #7680, #7717, #764, #7106, #4570, #724, #108, #69, #3153, #5149, #4531, #156, #7024 ) ),
 .UNSPECIFIED., .F., .F., .F.,
 ( 2, 2 ),
 ( 4, 2, 2, 2, 2, 2, 2, 2, 2, 2, 2, 2, 2, 2, 2, 2, 4 ),
 ( 0.000000000000000000, 1.000000000000000000 ),
 ( 0.000000000000000000, 0.0003185930764555495098, 0.0004778896146833242647, 0.0006371861529110990196, 0.0007964826911388738287, 0.0009557792293666485294, 0.001115075767594423230, 0.001194724036708310743, 0.001274372305822198039, 0.001592965382277747657, 0.001672613651391634954, 0.001752261920505522250, 0.001911558458733297059, 0.002070854996961071868, 0.002230151535188846460, 0.002389448073416621486, 0.002548744611644396078 ),
 .UNSPECIFIED. ) ;
#1028 = ORIENTED_EDGE ( 'NONE', *, *, #879, .F. ) ;
#1029 = CARTESIAN_POINT ( 'NONE',  ( 22.66543085406954461, 79.28134294316419073, -4.599999999999992539 ) ) ;
#1030 = ORIENTED_EDGE ( 'NONE', *, *, #1339, .F. ) ;
#1031 = LINE ( 'NONE', #4046, #5399 ) ;
#1032 = EDGE_CURVE ( 'NONE', #624, #7574, #7040, .T. ) ;
#1033 = CARTESIAN_POINT ( 'NONE',  ( 80.21236427083987053, 9.350011570627669551E-05, -4.599999999999992539 ) ) ;
#1034 = EDGE_LOOP ( 'NONE', ( #4128, #939, #3930, #2590 ) ) ;
#1035 = ORIENTED_EDGE ( 'NONE', *, *, #4134, .T. ) ;
#1036 = LINE ( 'NONE', #5376, #6424 ) ;
#1037 = LINE ( 'NONE', #1118, #799 ) ;
#1038 = EDGE_CURVE ( 'NONE', #3193, #6831, #4544, .T. ) ;
#1039 = DIRECTION ( 'NONE',  ( -0.000000000000000000, 0.000000000000000000, 1.000000000000000000 ) ) ;
#1040 = CARTESIAN_POINT ( 'NONE',  ( 22.86227900000000091, 60.09411099999999806, 3.449999999999961986 ) ) ;
#1041 = AXIS2_PLACEMENT_3D ( 'NONE', #910, #5420, #1661 ) ;
#1042 = DIRECTION ( 'NONE',  ( 0.9999999999999914513, 1.303162954756303595E-07, 0.000000000000000000 ) ) ;
#1043 = DIRECTION ( 'NONE',  ( -0.7071067811865460184, 0.000000000000000000, -0.7071067811865489050 ) ) ;
#1044 = VERTEX_POINT ( 'NONE', #7811 ) ;
#1045 = DIRECTION ( 'NONE',  ( 5.322106441609202775E-17, -1.000000000000000000, 0.000000000000000000 ) ) ;
#1046 = VECTOR ( 'NONE', #6742, 1000.000000000000114 ) ;
#1047 = EDGE_LOOP ( 'NONE', ( #1259, #2481 ) ) ;
#1048 = ORIENTED_EDGE ( 'NONE', *, *, #2233, .T. ) ;
#1049 = FACE_OUTER_BOUND ( 'NONE', #576, .T. ) ;
#1050 = VECTOR ( 'NONE', #3066, 1000.000000000000000 ) ;
#1051 = FACE_OUTER_BOUND ( 'NONE', #7317, .T. ) ;
#1052 = VECTOR ( 'NONE', #8139, 1000.000000000000000 ) ;
#1053 = CARTESIAN_POINT ( 'NONE',  ( 99.06227900000000375, 53.59411099999999806, 4.450000000000000178 ) ) ;
#1054 = VECTOR ( 'NONE', #887, 1000.000000000000000 ) ;
#1055 = CARTESIAN_POINT ( 'NONE',  ( -1.168201477733482818, 84.08566129146622359, 0.5202506866230377502 ) ) ;
#1056 = AXIS2_PLACEMENT_3D ( 'NONE', #2711, #4537, #2675 ) ;
#1057 = EDGE_CURVE ( 'NONE', #6632, #5193, #7238, .T. ) ;
#1058 = CARTESIAN_POINT ( 'NONE',  ( 6.333840999999999610, 12.63464199999999948, 1.349999999999999867 ) ) ;
#1059 = EDGE_LOOP ( 'NONE', ( #4852, #180, #4434, #6002 ) ) ;
#1060 = VECTOR ( 'NONE', #4956, 1000.000000000000000 ) ;
#1061 = VERTEX_POINT ( 'NONE', #3414 ) ;
#1062 = VERTEX_POINT ( 'NONE', #4125 ) ;
#1063 = CARTESIAN_POINT ( 'NONE',  ( -0.1211880889847562481, 85.21861061163809836, 0.4176115476497644363 ) ) ;
#1064 = VECTOR ( 'NONE', #5432, 1000.000000000000000 ) ;
#1065 = CARTESIAN_POINT ( 'NONE',  ( 99.06227900000000375, 34.54411100000000090, 2.250000000000000000 ) ) ;
#1066 = VECTOR ( 'NONE', #8045, 1000.000000000000000 ) ;
#1067 = FACE_OUTER_BOUND ( 'NONE', #7755, .T. ) ;
#1068 = EDGE_CURVE ( 'NONE', #2875, #5221, #2180, .T. ) ;
#1069 = FACE_OUTER_BOUND ( 'NONE', #5230, .T. ) ;
#1070 = EDGE_CURVE ( 'NONE', #643, #2069, #1647, .T. ) ;
#1071 = ORIENTED_EDGE ( 'NONE', *, *, #2615, .F. ) ;
#1072 = CARTESIAN_POINT ( 'NONE',  ( 11.41226043005733892, 81.84410925728559505, -2.149999999999970601 ) ) ;
#1073 = ORIENTED_EDGE ( 'NONE', *, *, #585, .F. ) ;
#1074 = CARTESIAN_POINT ( 'NONE',  ( 7.662260430057417082, 81.84410835818626140, -4.599999999999992539 ) ) ;
#1075 = AXIS2_PLACEMENT_3D ( 'NONE', #7215, #7297, #4848 ) ;
#1076 = AXIS2_PLACEMENT_3D ( 'NONE', #2021, #7033, #6414 ) ;
#1077 = FACE_OUTER_BOUND ( 'NONE', #6529, .T. ) ;
#1078 = AXIS2_PLACEMENT_3D ( 'NONE', #3059, #2562, #7536 ) ;
#1079 = VECTOR ( 'NONE', #2934, 1000.000000000000114 ) ;
#1080 = LINE ( 'NONE', #1856, #2902 ) ;
#1081 = EDGE_CURVE ( 'NONE', #7785, #6575, #316, .T. ) ;
#1082 = ORIENTED_EDGE ( 'NONE', *, *, #5309, .F. ) ;
#1083 = ORIENTED_EDGE ( 'NONE', *, *, #8107, .F. ) ;
#1084 = DIRECTION ( 'NONE',  ( 1.000000000000000000, 0.000000000000000000, 0.000000000000000000 ) ) ;
#1085 = VECTOR ( 'NONE', #7657, 1000.000000000000000 ) ;
#1086 = LINE ( 'NONE', #3520, #3964 ) ;
#1087 = DIRECTION ( 'NONE',  ( 1.000000000000000000, 0.000000000000000000, 0.000000000000000000 ) ) ;
#1088 = ADVANCED_FACE ( 'NONE', ( #3622 ), #1839, .F. ) ;
#1089 = CARTESIAN_POINT ( 'NONE',  ( 79.81227900000001796, 22.98553808041251401, 2.249999999999999556 ) ) ;
#1090 = CARTESIAN_POINT ( 'NONE',  ( -0.7219968984393214662, -14.88818685242185680, 3.783333382476048001 ) ) ;
#1091 = ORIENTED_EDGE ( 'NONE', *, *, #7679, .T. ) ;
#1092 = CARTESIAN_POINT ( 'NONE',  ( 10.78726043005733892, 81.84410925728559505, 4.450000000000000178 ) ) ;
#1093 = ORIENTED_EDGE ( 'NONE', *, *, #6945, .F. ) ;
#1094 = DIRECTION ( 'NONE',  ( 1.000000000000000000, 0.000000000000000000, 0.000000000000000000 ) ) ;
#1095 = CARTESIAN_POINT ( 'NONE',  ( 59.46452166131001604, 84.14856685720403107, -4.599999999999992539 ) ) ;
#1096 = CARTESIAN_POINT ( 'NONE',  ( -14.98383274810433008, 80.55481871047058462, 0.5886615761747078235 ) ) ;
#1097 = ADVANCED_FACE ( 'NONE', ( #1761 ), #7398, .F. ) ;
#1098 = CARTESIAN_POINT ( 'NONE',  ( 99.06227900000000375, 34.54411100000000090, 3.450000000000012612 ) ) ;
#1099 = EDGE_LOOP ( 'NONE', ( #6689, #1116, #4014, #4909 ) ) ;
#1100 = ORIENTED_EDGE ( 'NONE', *, *, #3097, .F. ) ;
#1101 = ORIENTED_EDGE ( 'NONE', *, *, #675, .T. ) ;
#1102 = CARTESIAN_POINT ( 'NONE',  ( -0.06637865342967723403, 85.22972633579561830, 0.05339068186190217002 ) ) ;
#1103 = CARTESIAN_POINT ( 'NONE',  ( -3.417734047049747481, 85.04410636578319327, -4.599999999999992539 ) ) ;
#1104 = AXIS2_PLACEMENT_3D ( 'NONE', #2044, #7062, #2786 ) ;
#1105 = CARTESIAN_POINT ( 'NONE',  ( -15.49476716120435249, 81.50436511707076193, 1.560608383075756667 ) ) ;
#1106 = LINE ( 'NONE', #8061, #4158 ) ;
#1107 = EDGE_LOOP ( 'NONE', ( #7989, #1208, #1093, #4941 ) ) ;
#1108 = CARTESIAN_POINT ( 'NONE',  ( -19.16772100000000023, 25.98547018669193065, -3.199999999999991740 ) ) ;
#1109 = ORIENTED_EDGE ( 'NONE', *, *, #3967, .F. ) ;
#1110 = CARTESIAN_POINT ( 'NONE',  ( 120.7349287355461058, 16.94879715256895381, 4.450000000000000178 ) ) ;
#1111 = DIRECTION ( 'NONE',  ( -0.9997000655982547501, -0.02449038266024561664, 0.000000000000000000 ) ) ;
#1112 = EDGE_CURVE ( 'NONE', #43, #1765, #4262, .T. ) ;
#1113 = LINE ( 'NONE', #7448, #3716 ) ;
#1114 = PLANE ( 'NONE',  #1320 ) ;
#1115 = ORIENTED_EDGE ( 'NONE', *, *, #2337, .T. ) ;
#1116 = ORIENTED_EDGE ( 'NONE', *, *, #7913, .T. ) ;
#1117 = PLANE ( 'NONE',  #5260 ) ;
#1118 = CARTESIAN_POINT ( 'NONE',  ( -5.317734047049716750, 85.04410602412544051, -2.699999999999991740 ) ) ;
#1119 = CONICAL_SURFACE ( 'NONE', #3216, 0.4499999999999781952, 0.7853981633974332910 ) ;
#1120 = ADVANCED_FACE ( 'NONE', ( #1223 ), #3704, .F. ) ;
#1121 = EDGE_CURVE ( 'NONE', #5758, #6231, #5973, .T. ) ;
#1122 = CARTESIAN_POINT ( 'NONE',  ( 24.35782314279001071, 79.14635366131901151, -4.599999999999992539 ) ) ;
#1123 = VECTOR ( 'NONE', #8053, 1000.000000000000000 ) ;
#1124 = DIRECTION ( 'NONE',  ( -0.000000000000000000, 0.000000000000000000, 1.000000000000000000 ) ) ;
#1125 = VERTEX_POINT ( 'NONE', #5555 ) ;
#1126 = DIRECTION ( 'NONE',  ( 1.000000000000000000, 0.000000000000000000, 0.000000000000000000 ) ) ;
#1127 = VERTEX_POINT ( 'NONE', #7979 ) ;
#1128 = CARTESIAN_POINT ( 'NONE',  ( -0.8677187544296538491, -1.560330723095669855E-07, -4.599999999999992539 ) ) ;
#1129 = ORIENTED_EDGE ( 'NONE', *, *, #2791, .T. ) ;
#1130 = AXIS2_PLACEMENT_3D ( 'NONE', #305, #7741, #2117 ) ;
#1131 = CARTESIAN_POINT ( 'NONE',  ( 12.66226043005733892, 81.84410925728559505, -2.149999999999970601 ) ) ;
#1132 = AXIS2_PLACEMENT_3D ( 'NONE', #4976, #4432, #1954 ) ;
#1133 = CARTESIAN_POINT ( 'NONE',  ( -16.50447752050400396, 12.46043432054700340, -4.599999999999992539 ) ) ;
#1134 = ADVANCED_FACE ( 'NONE', ( #8014 ), #2422, .T. ) ;
#1135 = CARTESIAN_POINT ( 'NONE',  ( -15.23733212347156751, 80.36387578449883051, 0.4727499948527111306 ) ) ;
#1136 = AXIS2_PLACEMENT_3D ( 'NONE', #1786, #2985, #1166 ) ;
#1137 = AXIS2_PLACEMENT_3D ( 'NONE', #4513, #1991, #5001 ) ;
#1138 = DIRECTION ( 'NONE',  ( -0.9999999999999054090, -4.347624119164471063E-07, 0.000000000000000000 ) ) ;
#1139 = ORIENTED_EDGE ( 'NONE', *, *, #7913, .F. ) ;
#1140 = EDGE_LOOP ( 'NONE', ( #5002, #6888, #3439, #2568 ) ) ;
#1141 = CARTESIAN_POINT ( 'NONE',  ( 119.5122720196896893, 56.81910750985032621, -4.599999999999992539 ) ) ;
#1142 = DIRECTION ( 'NONE',  ( 1.000000000000000000, -2.621889260516956749E-16, 0.000000000000000000 ) ) ;
#1143 = ADVANCED_FACE ( 'NONE', ( #2461 ), #6892, .F. ) ;
#1144 = DIRECTION ( 'NONE',  ( 0.5000000044812192845, -0.8660254011972053911, 0.000000000000000000 ) ) ;
#1145 = DIRECTION ( 'NONE',  ( 1.000000000000000000, -0.000000000000000000, 0.000000000000000000 ) ) ;
#1146 = ORIENTED_EDGE ( 'NONE', *, *, #6245, .F. ) ;
#1147 = LINE ( 'NONE', #3712, #7888 ) ;
#1148 = ORIENTED_EDGE ( 'NONE', *, *, #5679, .F. ) ;
#1149 = CARTESIAN_POINT ( 'NONE',  ( 24.36540507968175362, 80.84410401969522297, -4.599999999999992539 ) ) ;
#1150 = DIRECTION ( 'NONE',  ( 1.018552587902412228E-15, 1.000000000000000000, -1.322063213371184253E-16 ) ) ;
#1151 = LINE ( 'NONE', #2714, #5036 ) ;
#1152 = DIRECTION ( 'NONE',  ( 0.02449038266015117135, 0.9997000655982569706, -0.000000000000000000 ) ) ;
#1153 = ORIENTED_EDGE ( 'NONE', *, *, #2260, .F. ) ;
#1154 = EDGE_CURVE ( 'NONE', #3847, #2921, #4277, .T. ) ;
#1155 = ORIENTED_EDGE ( 'NONE', *, *, #17, .T. ) ;
#1156 = DIRECTION ( 'NONE',  ( 1.165656391701703065E-06, -0.9999999999993206545, 0.000000000000000000 ) ) ;
#1157 = CARTESIAN_POINT ( 'NONE',  ( -11.01773293216644234, 78.84410499915230730, -2.699999999999993072 ) ) ;
#1158 = LINE ( 'NONE', #5609, #2925 ) ;
#1159 = CIRCLE ( 'NONE', #7471, 0.2977672882960510914 ) ;
#1160 = CARTESIAN_POINT ( 'NONE',  ( 22.86227900000000091, 60.09411099999999806, 1.349999999999999867 ) ) ;
#1161 = EDGE_CURVE ( 'NONE', #7099, #2238, #6744, .T. ) ;
#1162 = ORIENTED_EDGE ( 'NONE', *, *, #6048, .F. ) ;
#1163 = EDGE_CURVE ( 'NONE', #87, #225, #4363, .T. ) ;
#1164 = DIRECTION ( 'NONE',  ( 0.000000000000000000, 0.000000000000000000, -1.000000000000000000 ) ) ;
#1165 = EDGE_LOOP ( 'NONE', ( #193, #7582, #2063, #456 ) ) ;
#1166 = DIRECTION ( 'NONE',  ( 0.8660254062730190494, 0.4999999956896523101, 0.000000000000000000 ) ) ;
#1167 = VERTEX_POINT ( 'NONE', #6773 ) ;
#1168 = DIRECTION ( 'NONE',  ( -1.000000000000000000, 0.000000000000000000, 0.000000000000000000 ) ) ;
#1169 = VECTOR ( 'NONE', #253, 1000.000000000000000 ) ;
#1170 = CARTESIAN_POINT ( 'NONE',  ( 78.64951094318641367, 80.84095914592992926, 2.249999999999999556 ) ) ;
#1171 = AXIS2_PLACEMENT_3D ( 'NONE', #5404, #7906, #2715 ) ;
#1172 = DIRECTION ( 'NONE',  ( 0.000000000000000000, 0.000000000000000000, 1.000000000000000000 ) ) ;
#1173 = DIRECTION ( 'NONE',  ( -0.000000000000000000, -0.000000000000000000, 1.000000000000000000 ) ) ;
#1174 = CIRCLE ( 'NONE', #4607, 1.049999999999999822 ) ;
#1175 = EDGE_CURVE ( 'NONE', #913, #249, #3660, .T. ) ;
#1176 = EDGE_LOOP ( 'NONE', ( #1393, #5109, #4193, #7070 ) ) ;
#1177 = ORIENTED_EDGE ( 'NONE', *, *, #4272, .T. ) ;
#1178 = CARTESIAN_POINT ( 'NONE',  ( -0.4194606918750046209, 85.15785521390046142, 1.000898057267671559 ) ) ;
#1179 = AXIS2_PLACEMENT_3D ( 'NONE', #3432, #2686, #7786 ) ;
#1180 = DIRECTION ( 'NONE',  ( 0.000000000000000000, -0.000000000000000000, -1.000000000000000000 ) ) ;
#1181 = AXIS2_PLACEMENT_3D ( 'NONE', #2065, #2229, #6589 ) ;
#1182 = AXIS2_PLACEMENT_3D ( 'NONE', #5722, #4411, #2062 ) ;
#1183 = DIRECTION ( 'NONE',  ( 0.000000000000000000, 0.000000000000000000, 1.000000000000000000 ) ) ;
#1184 = VECTOR ( 'NONE', #5257, 1000.000000000000114 ) ;
#1185 = CARTESIAN_POINT ( 'NONE',  ( 4.083840999999999610, 12.63464199999999948, 1.349999999999999867 ) ) ;
#1186 = CIRCLE ( 'NONE', #5535, 1.697767288281991416 ) ;
#1187 = ADVANCED_FACE ( 'NONE', ( #6859 ), #6735, .F. ) ;
#1188 = VERTEX_POINT ( 'NONE', #6235 ) ;
#1189 = EDGE_LOOP ( 'NONE', ( #3412, #2281 ) ) ;
#1190 = CARTESIAN_POINT ( 'NONE',  ( -16.86772099999999597, 77.67724262499595511, 4.450000000000000178 ) ) ;
#1191 = AXIS2_PLACEMENT_3D ( 'NONE', #1683, #7941, #4194 ) ;
#1192 = ORIENTED_EDGE ( 'NONE', *, *, #362, .T. ) ;
#1193 = DIRECTION ( 'NONE',  ( 0.000000000000000000, 0.000000000000000000, -1.000000000000000000 ) ) ;
#1194 = AXIS2_PLACEMENT_3D ( 'NONE', #4590, #911, #2814 ) ;
#1195 = AXIS2_PLACEMENT_3D ( 'NONE', #5049, #1164, #3803 ) ;
#1196 = CIRCLE ( 'NONE', #539, 2.125000000000029754 ) ;
#1197 = FACE_OUTER_BOUND ( 'NONE', #7611, .T. ) ;
#1198 = CARTESIAN_POINT ( 'NONE',  ( 116.7495109432711757, 72.84095914592785448, 2.249999999999999556 ) ) ;
#1199 = VERTEX_POINT ( 'NONE', #7519 ) ;
#1200 = AXIS2_PLACEMENT_3D ( 'NONE', #756, #3270, #2661 ) ;
#1201 = EDGE_LOOP ( 'NONE', ( #6041, #2235 ) ) ;
#1202 = FACE_OUTER_BOUND ( 'NONE', #6268, .T. ) ;
#1203 = DIRECTION ( 'NONE',  ( -1.000000000000000000, 5.448606792506972827E-17, -0.000000000000000000 ) ) ;
#1204 = CONICAL_SURFACE ( 'NONE', #6466, 1.249999999999999334, 0.7853981633974461696 ) ;
#1205 = AXIS2_PLACEMENT_3D ( 'NONE', #1521, #6584, #5401 ) ;
#1206 = DIRECTION ( 'NONE',  ( 0.000000000000000000, 0.000000000000000000, 1.000000000000000000 ) ) ;
#1207 = CARTESIAN_POINT ( 'NONE',  ( 45.91227899999999806, 24.49411100000000019, 2.250000000000000000 ) ) ;
#1208 = ORIENTED_EDGE ( 'NONE', *, *, #7299, .T. ) ;
#1209 = CARTESIAN_POINT ( 'NONE',  ( 95.21227469707440605, 76.84410589528944513, -3.999999999999992450 ) ) ;
#1210 = ORIENTED_EDGE ( 'NONE', *, *, #2573, .T. ) ;
#1211 = DIRECTION ( 'NONE',  ( 1.798198684919793434E-07, -0.9999999999999837907, -0.000000000000000000 ) ) ;
#1212 = ORIENTED_EDGE ( 'NONE', *, *, #3513, .F. ) ;
#1213 = CARTESIAN_POINT ( 'NONE',  ( 118.3122720196896722, 71.14098492032255194, -4.599999999999992539 ) ) ;
#1214 = DIRECTION ( 'NONE',  ( 1.000000000000000000, 0.000000000000000000, 0.000000000000000000 ) ) ;
#1215 = AXIS2_PLACEMENT_3D ( 'NONE', #7534, #2644, #1901 ) ;
#1216 = DIRECTION ( 'NONE',  ( -0.02449038266019914686, -0.9997000655982558603, 0.000000000000000000 ) ) ;
#1217 = EDGE_CURVE ( 'NONE', #7061, #2984, #8132, .T. ) ;
#1218 = B_SPLINE_CURVE_WITH_KNOTS ( 'NONE', 3,
 ( #5662, #4202, #7549, #7589 ),
 .UNSPECIFIED., .F., .F.,
 ( 4, 4 ),
 ( 0.000000000000000000, 1.000000000000000000 ),
 .UNSPECIFIED. ) ;
#1219 = DIRECTION ( 'NONE',  ( 4.600815822094847433E-07, -0.9999999999998941957, 0.000000000000000000 ) ) ;
#1220 = ORIENTED_EDGE ( 'NONE', *, *, #5246, .F. ) ;
#1221 = EDGE_LOOP ( 'NONE', ( #6003, #4349, #1495, #3310 ) ) ;
#1222 = CARTESIAN_POINT ( 'NONE',  ( -0.06905499738716132374, 85.22918394959378929, 0.1063168345263549724 ) ) ;
#1223 = FACE_OUTER_BOUND ( 'NONE', #2532, .T. ) ;
#1224 = EDGE_CURVE ( 'NONE', #6092, #7799, #7015, .T. ) ;
#1225 = ADVANCED_FACE ( 'NONE', ( #2499 ), #5024, .F. ) ;
#1226 = CARTESIAN_POINT ( 'NONE',  ( -8.422096595950048226, -4.862499794919266982, -4.599999999999992539 ) ) ;
#1227 = CARTESIAN_POINT ( 'NONE',  ( -17.10859082457476177, 2.864296143744255119, -4.599999999999992539 ) ) ;
#1228 = ORIENTED_EDGE ( 'NONE', *, *, #5122, .T. ) ;
#1229 = ORIENTED_EDGE ( 'NONE', *, *, #4278, .T. ) ;
#1230 = DIRECTION ( 'NONE',  ( 5.322106441609202775E-17, -1.000000000000000000, 0.000000000000000000 ) ) ;
#1231 = ORIENTED_EDGE ( 'NONE', *, *, #4261, .F. ) ;
#1232 = CARTESIAN_POINT ( 'NONE',  ( 121.3122790047357284, 0.000000000000000000, -4.599999999999992539 ) ) ;
#1233 = ADVANCED_FACE ( 'NONE', ( #2421 ), #2544, .F. ) ;
#1234 = DIRECTION ( 'NONE',  ( 0.000000000000000000, 0.000000000000000000, -1.000000000000000000 ) ) ;
#1235 = DIRECTION ( 'NONE',  ( 1.000000000000000000, 0.000000000000000000, 0.000000000000000000 ) ) ;
#1236 = ORIENTED_EDGE ( 'NONE', *, *, #2857, .F. ) ;
#1237 = VERTEX_POINT ( 'NONE', #4481 ) ;
#1238 = CARTESIAN_POINT ( 'NONE',  ( -24.16772100000000378, 26.58547018669192852, -2.599999999999992095 ) ) ;
#1239 = CARTESIAN_POINT ( 'NONE',  ( -15.40859082457479445, -1.465830875177938086, -1.550000000000002709 ) ) ;
#1240 = ADVANCED_FACE ( 'NONE', ( #685 ), #8069, .F. ) ;
#1241 = DIRECTION ( 'NONE',  ( -1.000000000000000000, 0.000000000000000000, 0.000000000000000000 ) ) ;
#1242 = DIRECTION ( 'NONE',  ( 1.000000000000000000, 0.000000000000000000, 0.000000000000000000 ) ) ;
#1243 = ORIENTED_EDGE ( 'NONE', *, *, #1851, .T. ) ;
#1244 = CYLINDRICAL_SURFACE ( 'NONE', #4899, 1.399999999999998579 ) ;
#1245 = EDGE_LOOP ( 'NONE', ( #7348, #6428 ) ) ;
#1246 = CARTESIAN_POINT ( 'NONE',  ( -15.96134917466324943, 81.37294494651894183, 1.435901551174419533 ) ) ;
#1247 = ORIENTED_EDGE ( 'NONE', *, *, #7250, .F. ) ;
#1248 = CARTESIAN_POINT ( 'NONE',  ( 95.21227469707440605, 76.84410589528944513, -4.599999999999992539 ) ) ;
#1249 = LINE ( 'NONE', #1829, #6835 ) ;
#1250 = DIRECTION ( 'NONE',  ( -0.000000000000000000, -0.000000000000000000, -1.000000000000000000 ) ) ;
#1251 = VECTOR ( 'NONE', #7596, 1000.000000000000000 ) ;
#1252 = DIRECTION ( 'NONE',  ( 0.000000000000000000, -0.000000000000000000, -1.000000000000000000 ) ) ;
#1254 = VECTOR ( 'NONE', #3222, 1000.000000000000000 ) ;
#1253 = DIRECTION ( 'NONE',  ( 0.000000000000000000, 0.000000000000000000, -1.000000000000000000 ) ) ;
#1255 = VERTEX_POINT ( 'NONE', #6488 ) ;
#1256 = CONICAL_SURFACE ( 'NONE', #2320, 1.250000000000001110, 0.7853981633974459475 ) ;
#1257 = ADVANCED_FACE ( 'NONE', ( #5064 ), #5701, .T. ) ;
#1258 = VERTEX_POINT ( 'NONE', #3941 ) ;
#1259 = ORIENTED_EDGE ( 'NONE', *, *, #3173, .T. ) ;
#1260 = CARTESIAN_POINT ( 'NONE',  ( -0.8969161762357218404, 84.23386710651520559, 0.1851127333328542179 ) ) ;
#1261 = DIRECTION ( 'NONE',  ( -0.2588190399164175259, 0.9659258276786804043, 0.000000000000000000 ) ) ;
#1262 = CARTESIAN_POINT ( 'NONE',  ( -16.16436905237673116, 81.31507081876779353, 1.230471916995590886 ) ) ;
#1263 = AXIS2_PLACEMENT_3D ( 'NONE', #7926, #2290, #8043 ) ;
#1264 = CARTESIAN_POINT ( 'NONE',  ( 59.46452166131001604, 84.14856685720403107, 2.250000000000000000 ) ) ;
#1265 = ORIENTED_EDGE ( 'NONE', *, *, #943, .T. ) ;
#1266 = VERTEX_POINT ( 'NONE', #66 ) ;
#1267 = LINE ( 'NONE', #6410, #6047 ) ;
#1268 = ADVANCED_FACE ( 'NONE', ( #2083 ), #2700, .F. ) ;
#1269 = ORIENTED_EDGE ( 'NONE', *, *, #3538, .F. ) ;
#1270 = CARTESIAN_POINT ( 'NONE',  ( 70.81228330292591977, 19.29411633638648382, -4.599999999999992539 ) ) ;
#1271 = EDGE_CURVE ( 'NONE', #7183, #2588, #2010, .T. ) ;
#1272 = CARTESIAN_POINT ( 'NONE',  ( -15.46382922930612480, 80.19127023499105178, 0.07920294367848719486 ) ) ;
#1273 = DIRECTION ( 'NONE',  ( -1.000000000000000000, 0.000000000000000000, 0.000000000000000000 ) ) ;
#1274 = LINE ( 'NONE', #4540, #4734 ) ;
#1275 = ORIENTED_EDGE ( 'NONE', *, *, #6284, .F. ) ;
#1276 = ORIENTED_EDGE ( 'NONE', *, *, #1299, .F. ) ;
#1277 = DIRECTION ( 'NONE',  ( 0.000000000000000000, 0.000000000000000000, 1.000000000000000000 ) ) ;
#1278 = EDGE_CURVE ( 'NONE', #7799, #2605, #760, .T. ) ;
#1279 = CARTESIAN_POINT ( 'NONE',  ( 50.66227908726789053, 1.506092450033296655E-06, -4.599999999999992539 ) ) ;
#1280 = CARTESIAN_POINT ( 'NONE',  ( 8.112260430057395055, 81.84410835818626140, -3.999999999999992450 ) ) ;
#1281 = LINE ( 'NONE', #7579, #5870 ) ;
#1282 = ORIENTED_EDGE ( 'NONE', *, *, #7601, .T. ) ;
#1283 = DIRECTION ( 'NONE',  ( 1.000000000000000000, -9.999428271258533804E-31, 0.000000000000000000 ) ) ;
#1284 = EDGE_CURVE ( 'NONE', #5544, #3193, #3150, .T. ) ;
#1285 = ORIENTED_EDGE ( 'NONE', *, *, #7353, .F. ) ;
#1286 = CARTESIAN_POINT ( 'NONE',  ( -12.10859082457476532, -5.795957894100131291, -4.599999999999992539 ) ) ;
#1287 = ORIENTED_EDGE ( 'NONE', *, *, #174, .F. ) ;
#1288 = CARTESIAN_POINT ( 'NONE',  ( 40.95410443796348687, -70.96659471956760967, 4.450000000000000178 ) ) ;
#1289 = DIRECTION ( 'NONE',  ( 1.000000000000000000, 0.000000000000000000, 0.000000000000000000 ) ) ;
#1290 = CARTESIAN_POINT ( 'NONE',  ( 79.81087966573605286, 23.04265905622177257, -4.599999999999992539 ) ) ;
#1291 = FACE_OUTER_BOUND ( 'NONE', #5780, .T. ) ;
#1292 = FACE_OUTER_BOUND ( 'NONE', #5841, .T. ) ;
#1293 = ORIENTED_EDGE ( 'NONE', *, *, #4771, .T. ) ;
#1294 = ORIENTED_EDGE ( 'NONE', *, *, #3250, .T. ) ;
#1295 = ORIENTED_EDGE ( 'NONE', *, *, #5713, .F. ) ;
#1296 = CARTESIAN_POINT ( 'NONE',  ( 120.7349217511484198, 71.13595492082002636, 4.450000000000000178 ) ) ;
#1297 = DIRECTION ( 'NONE',  ( -1.000000000000000000, 0.000000000000000000, 0.000000000000000000 ) ) ;
#1298 = CARTESIAN_POINT ( 'NONE',  ( -16.72229833217895134, 81.15555860343435768, 0.2675836021782059260 ) ) ;
#1299 = EDGE_CURVE ( 'NONE', #2072, #3620, #3988, .T. ) ;
#1300 = AXIS2_PLACEMENT_3D ( 'NONE', #546, #5571, #8074 ) ;
#1301 = DIRECTION ( 'NONE',  ( 6.899580080555519496E-06, -0.9999999999761978176, 0.000000000000000000 ) ) ;
#1302 = EDGE_LOOP ( 'NONE', ( #7599, #4830, #6626, #471 ) ) ;
#1303 = ORIENTED_EDGE ( 'NONE', *, *, #5656, .T. ) ;
#1304 = CARTESIAN_POINT ( 'NONE',  ( 90.21227469707440605, 76.84410589528943092, -3.999999999999968914 ) ) ;
#1305 = ORIENTED_EDGE ( 'NONE', *, *, #3183, .T. ) ;
#1306 = DIRECTION ( 'NONE',  ( -0.000000000000000000, 0.000000000000000000, 1.000000000000000000 ) ) ;
#1307 = VECTOR ( 'NONE', #4972, 1000.000000000000000 ) ;
#1308 = CARTESIAN_POINT ( 'NONE',  ( -17.94379997115632364, 11.62957402845913180, -4.599999999999992539 ) ) ;
#1309 = CIRCLE ( 'NONE', #3425, 1.875000000000000000 ) ;
#1310 = DIRECTION ( 'NONE',  ( 0.000000000000000000, 0.000000000000000000, -1.000000000000000000 ) ) ;
#1311 = EDGE_CURVE ( 'NONE', #7006, #2310, #4528, .T. ) ;
#1312 = EDGE_CURVE ( 'NONE', #1255, #2552, #6445, .T. ) ;
#1313 = VECTOR ( 'NONE', #7759, 1000.000000000000114 ) ;
#1314 = DIRECTION ( 'NONE',  ( -0.000000000000000000, 0.000000000000000000, 1.000000000000000000 ) ) ;
#1315 = AXIS2_PLACEMENT_3D ( 'NONE', #5324, #6627, #2885 ) ;
#1316 = ORIENTED_EDGE ( 'NONE', *, *, #4545, .F. ) ;
#1317 = ORIENTED_EDGE ( 'NONE', *, *, #6212, .F. ) ;
#1318 = CARTESIAN_POINT ( 'NONE',  ( 6.333840999999999610, 12.63464199999999948, 1.349999999999999867 ) ) ;
#1319 = VECTOR ( 'NONE', #463, 1000.000000000000000 ) ;
#1320 = AXIS2_PLACEMENT_3D ( 'NONE', #580, #4922, #7330 ) ;
#1321 = DIRECTION ( 'NONE',  ( -0.9659258276786802933, -0.2588190399164175259, 0.000000000000000000 ) ) ;
#1322 = AXIS2_PLACEMENT_3D ( 'NONE', #1874, #4973, #4351 ) ;
#1323 = VECTOR ( 'NONE', #1705, 1000.000000000000114 ) ;
#1324 = DIRECTION ( 'NONE',  ( -1.000000000000000000, 0.000000000000000000, 0.000000000000000000 ) ) ;
#1325 = EDGE_CURVE ( 'NONE', #780, #1061, #7943, .T. ) ;
#1326 = EDGE_CURVE ( 'NONE', #3765, #7183, #1347, .T. ) ;
#1327 = AXIS2_PLACEMENT_3D ( 'NONE', #7265, #3526, #5428 ) ;
#1328 = CARTESIAN_POINT ( 'NONE',  ( -12.30859082457480369, -1.465830875177938086, -3.999999999999970690 ) ) ;
#1329 = VERTEX_POINT ( 'NONE', #5709 ) ;
#1330 = DIRECTION ( 'NONE',  ( 0.000000000000000000, -0.000000000000000000, -1.000000000000000000 ) ) ;
#1331 = ORIENTED_EDGE ( 'NONE', *, *, #1816, .T. ) ;
#1332 = CARTESIAN_POINT ( 'NONE',  ( -20.16772100000000023, 12.48788592914254458, 3.449999999999999289 ) ) ;
#1333 = ORIENTED_EDGE ( 'NONE', *, *, #977, .T. ) ;
#1334 = VECTOR ( 'NONE', #7874, 1000.000000000000000 ) ;
#1335 = DIRECTION ( 'NONE',  ( 0.000000000000000000, 0.000000000000000000, -1.000000000000000000 ) ) ;
#1336 = AXIS2_PLACEMENT_3D ( 'NONE', #4989, #3165, #1736 ) ;
#1337 = DIRECTION ( 'NONE',  ( -0.000000000000000000, 0.000000000000000000, 1.000000000000000000 ) ) ;
#1338 = DIRECTION ( 'NONE',  ( 1.000000000000000000, 0.000000000000000000, 0.000000000000000000 ) ) ;
#1339 = EDGE_CURVE ( 'NONE', #7562, #6210, #5751, .T. ) ;
#1340 = AXIS2_PLACEMENT_3D ( 'NONE', #7951, #2352, #2889 ) ;
#1341 = LINE ( 'NONE', #24, #2191 ) ;
#1342 = DIRECTION ( 'NONE',  ( -0.7071067811865612285, 8.659560562355101724E-17, 0.7071067811865339170 ) ) ;
#1343 = ORIENTED_EDGE ( 'NONE', *, *, #3327, .F. ) ;
#1344 = ORIENTED_EDGE ( 'NONE', *, *, #4920, .T. ) ;
#1345 = ORIENTED_EDGE ( 'NONE', *, *, #7091, .T. ) ;
#1346 = AXIS2_PLACEMENT_3D ( 'NONE', #6006, #4704, #2959 ) ;
#1347 = LINE ( 'NONE', #7594, #7535 ) ;
#1348 = LINE ( 'NONE', #2431, #3295 ) ;
#1349 = ADVANCED_FACE ( 'NONE', ( #1960 ), #6980, .F. ) ;
#1350 = CARTESIAN_POINT ( 'NONE',  ( -14.86773325536845114, 80.64147005892621678, 0.6000000000000063061 ) ) ;
#1351 = DIRECTION ( 'NONE',  ( 5.448606792506972827E-17, 1.000000000000000000, 0.000000000000000000 ) ) ;
#1352 = VERTEX_POINT ( 'NONE', #6403 ) ;
#1353 = VERTEX_POINT ( 'NONE', #1386 ) ;
#1354 = CARTESIAN_POINT ( 'NONE',  ( 6.333840999999999610, 12.63464199999999948, 4.450000000000000178 ) ) ;
#1355 = ORIENTED_EDGE ( 'NONE', *, *, #1730, .F. ) ;
#1356 = ORIENTED_EDGE ( 'NONE', *, *, #318, .T. ) ;
#1357 = DIRECTION ( 'NONE',  ( -0.000000000000000000, -0.000000000000000000, -1.000000000000000000 ) ) ;
#1358 = PRODUCT_DEFINITION ( 'UNKNOWN', '', #3156, #68 ) ;
#1359 = LINE ( 'NONE', #5680, #1520 ) ;
#1360 = CARTESIAN_POINT ( 'NONE',  ( 63.05759268073793322, 12.29411100000000090, 3.449999999999999289 ) ) ;
#1361 = DIRECTION ( 'NONE',  ( -1.000000000000000000, 0.000000000000000000, 0.000000000000000000 ) ) ;
#1362 = ORIENTED_EDGE ( 'NONE', *, *, #5371, .F. ) ;
#1363 = ORIENTED_EDGE ( 'NONE', *, *, #976, .F. ) ;
#1364 = DIRECTION ( 'NONE',  ( 0.000000000000000000, 0.000000000000000000, 1.000000000000000000 ) ) ;
#1365 = CARTESIAN_POINT ( 'NONE',  ( 43.66227899999999806, 24.49411100000000019, 1.750000000000023759 ) ) ;
#1366 = ADVANCED_FACE ( 'NONE', ( #3903 ), #5795, .T. ) ;
#1367 = AXIS2_PLACEMENT_3D ( 'NONE', #4980, #3110, #525 ) ;
#1368 = CARTESIAN_POINT ( 'NONE',  ( 22.86227900000000091, 60.09411099999999806, 1.349999999999999867 ) ) ;
#1369 = CARTESIAN_POINT ( 'NONE',  ( -24.16772100000000378, 25.98547018669193065, -3.199999999999991740 ) ) ;
#1370 = ORIENTED_EDGE ( 'NONE', *, *, #6059, .F. ) ;
#1371 = CARTESIAN_POINT ( 'NONE',  ( 96.31227900000001796, 53.59411099999999806, 2.250000000000000000 ) ) ;
#1372 = VERTEX_POINT ( 'NONE', #7677 ) ;
#1373 = CARTESIAN_POINT ( 'NONE',  ( 33.43142950036545358, 82.04411100000002932, -2.199999999999999734 ) ) ;
#1374 = EDGE_CURVE ( 'NONE', #1258, #793, #4665, .T. ) ;
#1375 = VERTEX_POINT ( 'NONE', #314 ) ;
#1376 = EDGE_CURVE ( 'NONE', #6557, #3847, #2154, .T. ) ;
#1377 = CARTESIAN_POINT ( 'NONE',  ( -15.46773311198623624, 79.84410419895387179, 6.722053469410127491E-15 ) ) ;
#1378 = LINE ( 'NONE', #8123, #2914 ) ;
#1379 = CARTESIAN_POINT ( 'NONE',  ( 118.3122720196896722, 61.31910750985031910, -2.200000000000001510 ) ) ;
#1380 = CARTESIAN_POINT ( 'NONE',  ( 3.583841000000011157, 12.63464199999999948, 2.250000000000000000 ) ) ;
#1381 = FACE_OUTER_BOUND ( 'NONE', #7020, .T. ) ;
#1382 = ORIENTED_EDGE ( 'NONE', *, *, #2037, .T. ) ;
#1383 = VERTEX_POINT ( 'NONE', #6647 ) ;
#1384 = ORIENTED_EDGE ( 'NONE', *, *, #3277, .F. ) ;
#1385 = ADVANCED_FACE ( 'NONE', ( #2257 ), #4820, .F. ) ;
#1386 = CARTESIAN_POINT ( 'NONE',  ( 35.68142950036546068, 82.04411100000002932, -2.199999999999999289 ) ) ;
#1387 = AXIS2_PLACEMENT_3D ( 'NONE', #1888, #6362, #4403 ) ;
#1388 = DIRECTION ( 'NONE',  ( -0.9999999999999839018, -1.798198684919792640E-07, 0.000000000000000000 ) ) ;
#1389 = CARTESIAN_POINT ( 'NONE',  ( -0.000000000000000000, 15.29411099999999912, -4.599999999999992539 ) ) ;
#1390 = VECTOR ( 'NONE', #1216, 1000.000000000000000 ) ;
#1391 = CIRCLE ( 'NONE', #1531, 0.4499999999999781952 ) ;
#1392 = FACE_OUTER_BOUND ( 'NONE', #1415, .T. ) ;
#1393 = ORIENTED_EDGE ( 'NONE', *, *, #2353, .T. ) ;
#1394 = ORIENTED_EDGE ( 'NONE', *, *, #843, .T. ) ;
#1395 = CARTESIAN_POINT ( 'NONE',  ( 79.51673485720000656, 22.99635366131899872, 2.250000000000000000 ) ) ;
#1396 = VERTEX_POINT ( 'NONE', #5874 ) ;
#1397 = CARTESIAN_POINT ( 'NONE',  ( -19.36772099999999952, 16.98547018669192710, -2.199999999999991740 ) ) ;
#1398 = EDGE_CURVE ( 'NONE', #6890, #626, #5959, .T. ) ;
#1399 = AXIS2_PLACEMENT_3D ( 'NONE', #5219, #2121, #4598 ) ;
#1400 = DIRECTION ( 'NONE',  ( 0.000000000000000000, 0.000000000000000000, 1.000000000000000000 ) ) ;
#1401 = LINE ( 'NONE', #4000, #4232 ) ;
#1402 = VECTOR ( 'NONE', #226, 1000.000000000000000 ) ;
#1403 = CYLINDRICAL_SURFACE ( 'NONE', #1182, 0.2977672882881476912 ) ;
#1404 = VERTEX_POINT ( 'NONE', #1551 ) ;
#1405 = ORIENTED_EDGE ( 'NONE', *, *, #6446, .F. ) ;
#1406 = CARTESIAN_POINT ( 'NONE',  ( 45.91227899999999806, 24.49411100000000019, 4.450000000000000178 ) ) ;
#1407 = FACE_OUTER_BOUND ( 'NONE', #2150, .T. ) ;
#1408 = DIRECTION ( 'NONE',  ( -0.000000000000000000, -0.000000000000000000, 1.000000000000000000 ) ) ;
#1409 = EDGE_CURVE ( 'NONE', #2156, #1596, #8143, .T. ) ;
#1410 = CARTESIAN_POINT ( 'NONE',  ( -20.16772100000000378, 40.98547018669194131, -4.599999999999992539 ) ) ;
#1411 = ORIENTED_EDGE ( 'NONE', *, *, #5057, .F. ) ;
#1412 = CARTESIAN_POINT ( 'NONE',  ( 96.26227469707438900, 76.84410589528944513, -4.599999999999992539 ) ) ;
#1413 = ORIENTED_EDGE ( 'NONE', *, *, #6721, .F. ) ;
#1414 = PLANE ( 'NONE',  #4491 ) ;
#1415 = EDGE_LOOP ( 'NONE', ( #214, #1753, #6342, #8057 ) ) ;
#1416 = CARTESIAN_POINT ( 'NONE',  ( 118.0689104308284811, 75.81721716060667404, -4.599999999999992539 ) ) ;
#1417 = CARTESIAN_POINT ( 'NONE',  ( -18.16772099999999668, 46.73547018669192710, -2.199999999999995293 ) ) ;
#1418 = DIRECTION ( 'NONE',  ( 1.000000000000000000, 0.000000000000000000, 0.000000000000000000 ) ) ;
#1419 = EDGE_CURVE ( 'NONE', #3312, #4382, #7307, .T. ) ;
#1420 = EDGE_CURVE ( 'NONE', #5707, #730, #3492, .T. ) ;
#1421 = DIRECTION ( 'NONE',  ( -0.7071067811865459074, 0.000000000000000000, -0.7071067811865491270 ) ) ;
#1422 = LINE ( 'NONE', #1464, #3957 ) ;
#1423 = ORIENTED_EDGE ( 'NONE', *, *, #7604, .F. ) ;
#1424 = DIRECTION ( 'NONE',  ( -0.000000000000000000, 0.000000000000000000, 1.000000000000000000 ) ) ;
#1425 = ORIENTED_EDGE ( 'NONE', *, *, #4888, .T. ) ;
#1426 = CARTESIAN_POINT ( 'NONE',  ( 119.5122720196896893, 61.31910750985031910, -2.200000000000001510 ) ) ;
#1427 = CARTESIAN_POINT ( 'NONE',  ( -0.6264728054686573566, -15.05525824661052781, -4.599999999999992539 ) ) ;
#1428 = LINE ( 'NONE', #2545, #3544 ) ;
#1429 = EDGE_CURVE ( 'NONE', #4025, #7109, #2826, .T. ) ;
#1430 = CYLINDRICAL_SURFACE ( 'NONE', #201, 0.2977672882960510914 ) ;
#1431 = ORIENTED_EDGE ( 'NONE', *, *, #4545, .T. ) ;
#1432 = VERTEX_POINT ( 'NONE', #7225 ) ;
#1433 = CARTESIAN_POINT ( 'NONE',  ( 48.16227900000000517, 24.49411100000000019, 1.750000000000023759 ) ) ;
#1434 = EDGE_LOOP ( 'NONE', ( #3070, #1220, #2922, #4730 ) ) ;
#1435 = DIRECTION ( 'NONE',  ( -1.798198690644564870E-07, 0.9999999999999839018, 0.000000000000000000 ) ) ;
#1436 = CIRCLE ( 'NONE', #7088, 0.6000000000000015321 ) ;
#1437 = CARTESIAN_POINT ( 'NONE',  ( -20.16772100000000378, 40.98547018669194131, -3.199999999999991740 ) ) ;
#1438 = CARTESIAN_POINT ( 'NONE',  ( 88.33727469707440605, 76.84410589528943092, 4.450000000000000178 ) ) ;
#1439 = ADVANCED_FACE ( 'NONE', ( #4185 ), #7483, .F. ) ;
#1440 = CARTESIAN_POINT ( 'NONE',  ( -0.3334960561491104314, 84.90303597209147313, 6.938893903907228378E-15 ) ) ;
#1441 = ORIENTED_EDGE ( 'NONE', *, *, #5426, .T. ) ;
#1442 = VECTOR ( 'NONE', #5033, 1000.000000000000114 ) ;
#1443 = EDGE_LOOP ( 'NONE', ( #635, #2727, #3701, #6074 ) ) ;
#1444 = PLANE ( 'NONE',  #4738 ) ;
#1445 = CIRCLE ( 'NONE', #5531, 1.875000000000001776 ) ;
#1446 = CIRCLE ( 'NONE', #4087, 1.049999999999988498 ) ;
#1447 = DIRECTION ( 'NONE',  ( -0.9997000655982547501, -0.02449038266024560970, 0.000000000000000000 ) ) ;
#1448 = CIRCLE ( 'NONE', #2502, 1.697767288274091513 ) ;
#1449 = EDGE_CURVE ( 'NONE', #1020, #5873, #4114, .T. ) ;
#1450 = AXIS2_PLACEMENT_3D ( 'NONE', #1729, #5868, #7058 ) ;
#1451 = CARTESIAN_POINT ( 'NONE',  ( -19.16772100000000023, 39.38547018669192568, -2.599999999999992095 ) ) ;
#1452 = VERTEX_POINT ( 'NONE', #4732 ) ;
#1453 = DIRECTION ( 'NONE',  ( 1.000000000000000000, -1.804576191961767821E-15, 0.000000000000000000 ) ) ;
#1454 = VECTOR ( 'NONE', #3048, 999.9999999999998863 ) ;
#1455 = DIRECTION ( 'NONE',  ( 0.000000000000000000, 0.000000000000000000, 1.000000000000000000 ) ) ;
#1456 = EDGE_LOOP ( 'NONE', ( #6577, #3380, #6588, #5419 ) ) ;
#1457 = ORIENTED_EDGE ( 'NONE', *, *, #3651, .T. ) ;
#1458 = FACE_OUTER_BOUND ( 'NONE', #2708, .T. ) ;
#1459 = DIRECTION ( 'NONE',  ( 0.000000000000000000, -0.000000000000000000, -1.000000000000000000 ) ) ;
#1460 = AXIS2_PLACEMENT_3D ( 'NONE', #5293, #4677, #2241 ) ;
#1461 = VECTOR ( 'NONE', #5003, 999.9999999999998863 ) ;
#1462 = CARTESIAN_POINT ( 'NONE',  ( -5.317732932166531867, 78.84410602412555136, -2.699999999999991740 ) ) ;
#1463 = DIRECTION ( 'NONE',  ( 0.000000000000000000, 0.000000000000000000, 1.000000000000000000 ) ) ;
#1465 = VECTOR ( 'NONE', #5864, 1000.000000000000000 ) ;
#1464 = CARTESIAN_POINT ( 'NONE',  ( 35.68142950036546068, 80.84411100000002648, -4.599999999999992539 ) ) ;
#1466 = ORIENTED_EDGE ( 'NONE', *, *, #3695, .T. ) ;
#1467 = VECTOR ( 'NONE', #6464, 1000.000000000000000 ) ;
#1468 = CARTESIAN_POINT ( 'NONE',  ( 118.3122720196896722, 56.81910750985032621, -2.200000000000001066 ) ) ;
#1469 = ORIENTED_EDGE ( 'NONE', *, *, #5164, .T. ) ;
#1470 = DIRECTION ( 'NONE',  ( -0.9997000655982547501, -0.02449038266024560970, 0.000000000000000000 ) ) ;
#1471 = ADVANCED_FACE ( 'NONE', ( #5435 ), #2912, .F. ) ;
#1472 = CARTESIAN_POINT ( 'NONE',  ( 118.3122811893314434, 1.524973922286212459E-05, 2.250000000000000000 ) ) ;
#1473 = AXIS2_PLACEMENT_3D ( 'NONE', #6422, #4672, #7164 ) ;
#1474 = VECTOR ( 'NONE', #857, 999.9999999999998863 ) ;
#1475 = CARTESIAN_POINT ( 'NONE',  ( -16.59615492574717166, 81.19176636279247816, 0.6723753998310383340 ) ) ;
#1476 = CARTESIAN_POINT ( 'NONE',  ( 4.208840999999970300, 12.63464199999999948, 4.450000000000000178 ) ) ;
#1477 = VECTOR ( 'NONE', #6952, 1000.000000000000114 ) ;
#1478 = ORIENTED_EDGE ( 'NONE', *, *, #5901, .F. ) ;
#1479 = EDGE_LOOP ( 'NONE', ( #6146, #1317, #5443, #7256 ) ) ;
#1480 = DIRECTION ( 'NONE',  ( 1.000000000000000000, 0.000000000000000000, 0.000000000000000000 ) ) ;
#1481 = VERTEX_POINT ( 'NONE', #5346 ) ;
#1482 = DIRECTION ( 'NONE',  ( 1.000000000000000000, 0.000000000000000000, 0.000000000000000000 ) ) ;
#1483 = EDGE_CURVE ( 'NONE', #2984, #2331, #6570, .T. ) ;
#1484 = EDGE_CURVE ( 'NONE', #4137, #5873, #7886, .T. ) ;
#1485 = LINE ( 'NONE', #7116, #4826 ) ;
#1486 = CARTESIAN_POINT ( 'NONE',  ( -0.1094728189189453360, 85.22100380054568802, 0.4238963530082598963 ) ) ;
#1487 = LINE ( 'NONE', #7157, #6816 ) ;
#1488 = ORIENTED_EDGE ( 'NONE', *, *, #8107, .T. ) ;
#1489 = CARTESIAN_POINT ( 'NONE',  ( -1.257695861957933259, 84.03620230326296792, 0.5623712942734212517 ) ) ;
#1490 = ORIENTED_EDGE ( 'NONE', *, *, #2891, .T. ) ;
#1491 = DIRECTION ( 'NONE',  ( 0.000000000000000000, 0.000000000000000000, 1.000000000000000000 ) ) ;
#1492 = EDGE_CURVE ( 'NONE', #5193, #1383, #7089, .T. ) ;
#1493 = LINE ( 'NONE', #2721, #3313 ) ;
#1494 = LINE ( 'NONE', #1451, #5362 ) ;
#1495 = ORIENTED_EDGE ( 'NONE', *, *, #6894, .F. ) ;
#1496 = DIRECTION ( 'NONE',  ( 0.000000000000000000, 0.000000000000000000, -1.000000000000000000 ) ) ;
#1497 = AXIS2_PLACEMENT_3D ( 'NONE', #105, #5146, #7021 ) ;
#1498 = CARTESIAN_POINT ( 'NONE',  ( 43.41540507968174722, 85.84410401969522297, -4.599999999999992539 ) ) ;
#1499 = ORIENTED_EDGE ( 'NONE', *, *, #2469, .F. ) ;
#1500 = ORIENTED_EDGE ( 'NONE', *, *, #3841, .T. ) ;
#1501 = EDGE_CURVE ( 'NONE', #1528, #2697, #5267, .T. ) ;
#1502 = DIRECTION ( 'NONE',  ( -0.02449038266017687301, 0.9997000655982564155, 0.000000000000000000 ) ) ;
#1503 = DIRECTION ( 'NONE',  ( 1.000000000000000000, 0.000000000000000000, 0.000000000000000000 ) ) ;
#1504 = DIRECTION ( 'NONE',  ( 1.000000000000000000, 0.000000000000000000, 0.000000000000000000 ) ) ;
#1505 = CARTESIAN_POINT ( 'NONE',  ( -15.46773317386869806, 80.18824006237406365, -4.599999999999992539 ) ) ;
#1506 = ORIENTED_EDGE ( 'NONE', *, *, #506, .T. ) ;
#1507 = DIRECTION ( 'NONE',  ( -9.999428271258533804E-31, -1.000000000000000000, 0.000000000000000000 ) ) ;
#1508 = VERTEX_POINT ( 'NONE', #4027 ) ;
#1509 = ORIENTED_EDGE ( 'NONE', *, *, #5076, .F. ) ;
#1510 = DIRECTION ( 'NONE',  ( 1.000000000000000000, 0.000000000000000000, 0.000000000000000000 ) ) ;
#1511 = CARTESIAN_POINT ( 'NONE',  ( 119.9122790047357370, 13.69411797798554709, 4.450000000000000178 ) ) ;
#1512 = CARTESIAN_POINT ( 'NONE',  ( -19.36772099999999597, 51.23547018669193420, -2.199999999999995293 ) ) ;
#1513 = ADVANCED_FACE ( 'NONE', ( #3455 ), #3947, .F. ) ;
#1514 = CARTESIAN_POINT ( 'NONE',  ( -4.603728215441089496E-16, -1.755882021704217033, 3.450002953554892837 ) ) ;
#1515 = EDGE_LOOP ( 'NONE', ( #162, #3100, #4740, #44 ) ) ;
#1516 = ORIENTED_EDGE ( 'NONE', *, *, #7659, .F. ) ;
#1517 = LINE ( 'NONE', #3463, #7895 ) ;
#1518 = VERTEX_POINT ( 'NONE', #2868 ) ;
#1519 = DIRECTION ( 'NONE',  ( 0.000000000000000000, 0.000000000000000000, 1.000000000000000000 ) ) ;
#1520 = VECTOR ( 'NONE', #773, 1000.000000000000000 ) ;
#1521 = CARTESIAN_POINT ( 'NONE',  ( -11.05859082457480369, -5.795957894100131291, -4.599999999999992539 ) ) ;
#1522 = AXIS2_PLACEMENT_3D ( 'NONE', #3908, #6407, #7521 ) ;
#1523 = EDGE_CURVE ( 'NONE', #4323, #617, #5387, .T. ) ;
#1524 = FACE_OUTER_BOUND ( 'NONE', #1547, .T. ) ;
#1525 = EDGE_CURVE ( 'NONE', #6495, #3582, #3731, .T. ) ;
#1526 = ORIENTED_EDGE ( 'NONE', *, *, #7031, .T. ) ;
#1527 = CARTESIAN_POINT ( 'NONE',  ( 119.5122720196896893, 59.06910750985032621, -2.200000000000001510 ) ) ;
#1528 = VERTEX_POINT ( 'NONE', #1788 ) ;
#1529 = CARTESIAN_POINT ( 'NONE',  ( -8.888494782936771088, -4.876320549734168175, -4.599999999999992539 ) ) ;
#1530 = CIRCLE ( 'NONE', #79, 69.79032545386321829 ) ;
#1531 = AXIS2_PLACEMENT_3D ( 'NONE', #6605, #5953, #2820 ) ;
#1532 = CARTESIAN_POINT ( 'NONE',  ( -5.317732932166531867, 78.84410602412555136, -2.699999999999991740 ) ) ;
#1533 = AXIS2_PLACEMENT_3D ( 'NONE', #5183, #2039, #3935 ) ;
#1534 = EDGE_CURVE ( 'NONE', #3148, #4924, #2495, .T. ) ;
#1535 = VERTEX_POINT ( 'NONE', #1754 ) ;
#1536 = CARTESIAN_POINT ( 'NONE',  ( -1.892452981709167315, 77.25013513273106014, -4.599999999999992539 ) ) ;
#1537 = VERTEX_POINT ( 'NONE', #2451 ) ;
#1538 = FACE_OUTER_BOUND ( 'NONE', #4309, .T. ) ;
#1539 = CARTESIAN_POINT ( 'NONE',  ( 53.08493043713818338, 2.898797320354307594, 4.450000000000000178 ) ) ;
#1540 = ORIENTED_EDGE ( 'NONE', *, *, #1374, .T. ) ;
#1541 = CARTESIAN_POINT ( 'NONE',  ( 48.95915292032525912, 1.244117980299763726, -4.599999999999992539 ) ) ;
#1542 = DIRECTION ( 'NONE',  ( 1.000000000000000000, 0.000000000000000000, 0.000000000000000000 ) ) ;
#1543 = DIRECTION ( 'NONE',  ( -5.448606792506972827E-17, -1.000000000000000000, 0.000000000000000000 ) ) ;
#1544 = EDGE_CURVE ( 'NONE', #1481, #8099, #3556, .T. ) ;
#1545 = CARTESIAN_POINT ( 'NONE',  ( 118.3122720196896722, 59.06910750985032621, -2.200000000000001510 ) ) ;
#1546 = DIRECTION ( 'NONE',  ( 1.000000000000000000, 0.000000000000000000, 0.000000000000000000 ) ) ;
#1547 = EDGE_LOOP ( 'NONE', ( #1293, #1030, #6276, #340 ) ) ;
#1548 = LINE ( 'NONE', #6566, #3515 ) ;
#1549 = ORIENTED_EDGE ( 'NONE', *, *, #2651, .F. ) ;
#1550 = ORIENTED_EDGE ( 'NONE', *, *, #5105, .T. ) ;
#1551 = CARTESIAN_POINT ( 'NONE',  ( 77.66228330292589987, 19.29411698796796415, -1.550000000000002709 ) ) ;
#1552 = CARTESIAN_POINT ( 'NONE',  ( -12.30859082457480369, -1.465830875177938086, -2.149999999999971045 ) ) ;
#1553 = PRODUCT_DEFINITION_SHAPE ( 'NONE', 'NONE',  #1358 ) ;
#1554 = CARTESIAN_POINT ( 'NONE',  ( 59.59951094318634546, 85.84095914592992926, -4.599999999999992539 ) ) ;
#1555 = CARTESIAN_POINT ( 'NONE',  ( -18.16772100000000023, 19.23547018669193065, -4.599999999999992539 ) ) ;
#1556 = ORIENTED_EDGE ( 'NONE', *, *, #7923, .T. ) ;
#1557 = VERTEX_POINT ( 'NONE', #4936 ) ;
#1558 = CARTESIAN_POINT ( 'NONE',  ( 86.26227469707438900, 76.84410589528944513, -4.599999999999992539 ) ) ;
#1559 = EDGE_LOOP ( 'NONE', ( #618, #2378, #8011, #491 ) ) ;
#1560 = FACE_OUTER_BOUND ( 'NONE', #2784, .T. ) ;
#1561 = LINE ( 'NONE', #2307, #6995 ) ;
#1562 = ADVANCED_FACE ( 'NONE', ( #3613 ), #1873, .T. ) ;
#1563 = CARTESIAN_POINT ( 'NONE',  ( 118.3122720196896722, 71.14098492032255194, 2.249999999999999556 ) ) ;
#1564 = AXIS2_PLACEMENT_3D ( 'NONE', #1614, #367, #6663 ) ;
#1565 = CARTESIAN_POINT ( 'NONE',  ( 50.66227908726789053, 1.506092450033296655E-06, 2.250000000000000000 ) ) ;
#1566 = ORIENTED_EDGE ( 'NONE', *, *, #4086, .F. ) ;
#1567 = CARTESIAN_POINT ( 'NONE',  ( 12.74474674335479563, 12.48788592914254103, 4.450000000000000178 ) ) ;
#1568 = ORIENTED_EDGE ( 'NONE', *, *, #6973, .T. ) ;
#1569 = FACE_OUTER_BOUND ( 'NONE', #1621, .T. ) ;
#1570 = AXIS2_PLACEMENT_3D ( 'NONE', #202, #3468, #6585 ) ;
#1571 = EDGE_CURVE ( 'NONE', #626, #7121, #3424, .T. ) ;
#1572 = EDGE_CURVE ( 'NONE', #5369, #1508, #1445, .T. ) ;
#1573 = CARTESIAN_POINT ( 'NONE',  ( 42.60274304593886541, -125.2924481355107105, 1.600000000000021627 ) ) ;
#1574 = VECTOR ( 'NONE', #583, 1000.000000000000114 ) ;
#1575 = ORIENTED_EDGE ( 'NONE', *, *, #3640, .F. ) ;
#1576 = CARTESIAN_POINT ( 'NONE',  ( 67.18142950036545358, 80.84411100000002648, -4.599999999999992539 ) ) ;
#1577 = ORIENTED_EDGE ( 'NONE', *, *, #2286, .F. ) ;
#1578 = CYLINDRICAL_SURFACE ( 'NONE', #3552, 1.875000000000000000 ) ;
#1579 = LINE ( 'NONE', #7132, #7240 ) ;
#1580 = ORIENTED_EDGE ( 'NONE', *, *, #8106, .T. ) ;
#1581 = CARTESIAN_POINT ( 'NONE',  ( 53.08493043713818338, 2.898797041049642864, 4.450000000000000178 ) ) ;
#1582 = EDGE_CURVE ( 'NONE', #5354, #3602, #1972, .T. ) ;
#1583 = VECTOR ( 'NONE', #4371, 1000.000000000000000 ) ;
#1584 = SURFACE_SIDE_STYLE ('',( #7174 ) ) ;
#1585 = EDGE_CURVE ( 'NONE', #6288, #1826, #7463, .T. ) ;
#1586 = CONICAL_SURFACE ( 'NONE', #4756, 1.249999999999999334, 0.7853981633974459475 ) ;
#1587 = CARTESIAN_POINT ( 'NONE',  ( 42.60274304593886541, -125.2924481355107105, 4.450000000000000178 ) ) ;
#1588 = VECTOR ( 'NONE', #958, 1000.000000000000000 ) ;
#1589 = VECTOR ( 'NONE', #3733, 1000.000000000000000 ) ;
#1590 = LINE ( 'NONE', #6524, #5996 ) ;
#1591 = VECTOR ( 'NONE', #2220, 1000.000000000000114 ) ;
#1592 = LINE ( 'NONE', #5954, #6590 ) ;
#1593 = VERTEX_POINT ( 'NONE', #2486 ) ;
#1594 = CARTESIAN_POINT ( 'NONE',  ( 119.5122720196896893, 59.06910750985032621, -2.200000000000001510 ) ) ;
#1595 = ORIENTED_EDGE ( 'NONE', *, *, #2189, .F. ) ;
#1596 = VERTEX_POINT ( 'NONE', #2987 ) ;
#1597 = AXIS2_PLACEMENT_3D ( 'NONE', #1539, #5985, #5211 ) ;
#1598 = VECTOR ( 'NONE', #7371, 1000.000000000000000 ) ;
#1599 = DIRECTION ( 'NONE',  ( -0.000000000000000000, 0.000000000000000000, 1.000000000000000000 ) ) ;
#1600 = CARTESIAN_POINT ( 'NONE',  ( 67.18142950036545358, 82.04411100000002932, -2.199999999999999734 ) ) ;
#1601 = EDGE_CURVE ( 'NONE', #3346, #4384, #5915, .T. ) ;
#1602 = DIRECTION ( 'NONE',  ( 1.000000000000000000, -5.448606792506972827E-17, -0.000000000000000000 ) ) ;
#1603 = AXIS2_PLACEMENT_3D ( 'NONE', #7927, #2983, #4106 ) ;
#1604 = LINE ( 'NONE', #5391, #597 ) ;
#1605 = ORIENTED_EDGE ( 'NONE', *, *, #5817, .F. ) ;
#1606 = ORIENTED_EDGE ( 'NONE', *, *, #578, .T. ) ;
#1607 = ORIENTED_EDGE ( 'NONE', *, *, #2951, .T. ) ;
#1608 = DIRECTION ( 'NONE',  ( -0.7071067811865543451, 8.659560562355015442E-17, 0.7071067811865408004 ) ) ;
#1609 = LINE ( 'NONE', #448, #1085 ) ;
#1610 = AXIS2_PLACEMENT_3D ( 'NONE', #7794, #2160, #1503 ) ;
#1611 = ADVANCED_FACE ( 'NONE', ( #1049 ), #5505, .F. ) ;
#1612 = CIRCLE ( 'NONE', #6716, 1.875000000000000000 ) ;
#1613 = DIRECTION ( 'NONE',  ( -5.448606792506972210E-17, -1.000000000000000000, 0.000000000000000000 ) ) ;
#1614 = CARTESIAN_POINT ( 'NONE',  ( 22.36452166131000396, 78.13965514279601621, 2.250000000000000000 ) ) ;
#1615 = ORIENTED_EDGE ( 'NONE', *, *, #4400, .T. ) ;
#1616 = DIRECTION ( 'NONE',  ( -0.000000000000000000, -0.000000000000000000, 1.000000000000000000 ) ) ;
#1617 = EDGE_LOOP ( 'NONE', ( #6809, #5303, #2529, #3911 ) ) ;
#1618 = FACE_OUTER_BOUND ( 'NONE', #150, .T. ) ;
#1619 = VECTOR ( 'NONE', #6089, 1000.000000000000114 ) ;
#1620 = LINE ( 'NONE', #5938, #2788 ) ;
#1621 = EDGE_LOOP ( 'NONE', ( #4120, #3285, #1384, #821 ) ) ;
#1622 = DIRECTION ( 'NONE',  ( 0.000000000000000000, 0.000000000000000000, 1.000000000000000000 ) ) ;
#1623 = EDGE_CURVE ( 'NONE', #3147, #6101, #6695, .T. ) ;
#1624 = ORIENTED_EDGE ( 'NONE', *, *, #7660, .F. ) ;
#1625 = DIRECTION ( 'NONE',  ( 1.000000000000000000, 0.000000000000000000, 0.000000000000000000 ) ) ;
#1626 = DIRECTION ( 'NONE',  ( -0.000000000000000000, -0.000000000000000000, -1.000000000000000000 ) ) ;
#1627 = DIRECTION ( 'NONE',  ( -0.000000000000000000, -0.000000000000000000, 1.000000000000000000 ) ) ;
#1628 = DIRECTION ( 'NONE',  ( 0.000000000000000000, 0.000000000000000000, 1.000000000000000000 ) ) ;
#1629 = DIRECTION ( 'NONE',  ( 5.448606792506972827E-17, 1.000000000000000000, 0.000000000000000000 ) ) ;
#1630 = EDGE_CURVE ( 'NONE', #3838, #7590, #3816, .T. ) ;
#1631 = EDGE_CURVE ( 'NONE', #6208, #3537, #514, .T. ) ;
#1632 = LINE ( 'NONE', #2863, #936 ) ;
#1633 = ORIENTED_EDGE ( 'NONE', *, *, #117, .F. ) ;
#1634 = DIRECTION ( 'NONE',  ( -1.018552587902412228E-15, -1.000000000000000000, 0.000000000000000000 ) ) ;
#1635 = ORIENTED_EDGE ( 'NONE', *, *, #1964, .T. ) ;
#1636 = VERTEX_POINT ( 'NONE', #7388 ) ;
#1637 = DIRECTION ( 'NONE',  ( -1.165657147201231097E-06, 0.9999999999993206545, 0.000000000000000000 ) ) ;
#1638 = CARTESIAN_POINT ( 'NONE',  ( 43.40782314279000786, 84.14635366131902572, 2.250000000000000000 ) ) ;
#1639 = CARTESIAN_POINT ( 'NONE',  ( 7.458841000000000498, 12.63464199999999948, 1.349999999999999867 ) ) ;
#1640 = DIRECTION ( 'NONE',  ( 0.000000000000000000, -1.000000000000000000, 0.000000000000000000 ) ) ;
#1641 = LINE ( 'NONE', #4155, #80 ) ;
#1642 = EDGE_CURVE ( 'NONE', #3287, #7861, #2369, .T. ) ;
#1643 = ORIENTED_EDGE ( 'NONE', *, *, #977, .F. ) ;
#1644 = VERTEX_POINT ( 'NONE', #3690 ) ;
#1645 = ORIENTED_EDGE ( 'NONE', *, *, #1311, .F. ) ;
#1646 = CARTESIAN_POINT ( 'NONE',  ( 59.46452166131001604, 84.14856685720403107, -4.599999999999992539 ) ) ;
#1647 = LINE ( 'NONE', #4161, #1852 ) ;
#1648 = LINE ( 'NONE', #4242, #3689 ) ;
#1649 = DIRECTION ( 'NONE',  ( 1.000000000000000000, 0.000000000000000000, 0.000000000000000000 ) ) ;
#1650 = EDGE_CURVE ( 'NONE', #7854, #7999, #3023, .T. ) ;
#1651 = VERTEX_POINT ( 'NONE', #594 ) ;
#1652 = CARTESIAN_POINT ( 'NONE',  ( -1.276008377729345611, 84.02604642369178123, 0.5688745916138712166 ) ) ;
#1653 = EDGE_LOOP ( 'NONE', ( #7880, #3235, #4052, #1605 ) ) ;
#1654 = DIRECTION ( 'NONE',  ( -0.000000000000000000, 0.000000000000000000, 1.000000000000000000 ) ) ;
#1655 = CONICAL_SURFACE ( 'NONE', #7958, 1.249999999999999334, 0.7853981633974675969 ) ;
#1656 = CARTESIAN_POINT ( 'NONE',  ( -16.46459492032245464, 77.84410401969823567, -4.599999999999992539 ) ) ;
#1657 = VECTOR ( 'NONE', #199, 1000.000000000000000 ) ;
#1658 = ORIENTED_EDGE ( 'NONE', *, *, #1492, .F. ) ;
#1659 = VECTOR ( 'NONE', #3655, 1000.000000000000000 ) ;
#1660 = EDGE_LOOP ( 'NONE', ( #4658, #5587, #876, #6671 ) ) ;
#1661 = DIRECTION ( 'NONE',  ( -0.9999999999999837907, -1.798198684919792640E-07, 0.000000000000000000 ) ) ;
#1662 = DIRECTION ( 'NONE',  ( -0.000000000000000000, 0.000000000000000000, 1.000000000000000000 ) ) ;
#1663 = DIRECTION ( 'NONE',  ( 0.9999999999972718490, 2.335877759801060922E-06, -0.000000000000000000 ) ) ;
#1664 = LINE ( 'NONE', #7835, #1334 ) ;
#1665 = VECTOR ( 'NONE', #3925, 1000.000000000000000 ) ;
#1666 = EDGE_CURVE ( 'NONE', #7384, #1352, #2332, .T. ) ;
#1667 = DIRECTION ( 'NONE',  ( 0.000000000000000000, 0.000000000000000000, 1.000000000000000000 ) ) ;
#1668 = CARTESIAN_POINT ( 'NONE',  ( 118.3122889495875114, 71.14856685720401686, 2.250000000000000000 ) ) ;
#1669 = VERTEX_POINT ( 'NONE', #5546 ) ;
#1670 = CARTESIAN_POINT ( 'NONE',  ( -0.06637713212790524731, 85.22972665496169498, -4.599999999999992539 ) ) ;
#1671 = ORIENTED_EDGE ( 'NONE', *, *, #2729, .T. ) ;
#1672 = VERTEX_POINT ( 'NONE', #2414 ) ;
#1673 = CARTESIAN_POINT ( 'NONE',  ( -18.16772100000000023, 19.23547018669193065, -4.599999999999992539 ) ) ;
#1674 = LINE ( 'NONE', #7272, #3821 ) ;
#1675 = CARTESIAN_POINT ( 'NONE',  ( 79.81227900000003217, 22.98553808041251401, -4.599999999999992539 ) ) ;
#1676 = EDGE_CURVE ( 'NONE', #5108, #5175, #558, .T. ) ;
#1677 = ADVANCED_FACE ( 'NONE', ( #5654 ), #7011, .T. ) ;
#1678 = CARTESIAN_POINT ( 'NONE',  ( -1.202622632327227770, 84.06667043600134548, 0.5386060385315442067 ) ) ;
#1679 = CARTESIAN_POINT ( 'NONE',  ( 63.05759138113731410, 12.87146126918945477, 4.450000000000000178 ) ) ;
#1680 = VERTEX_POINT ( 'NONE', #3890 ) ;
#1681 = ORIENTED_EDGE ( 'NONE', *, *, #4725, .F. ) ;
#1682 = ORIENTED_EDGE ( 'NONE', *, *, #7944, .F. ) ;
#1683 = CARTESIAN_POINT ( 'NONE',  ( 99.06227900000000375, 34.54411100000000090, 1.349999999999999867 ) ) ;
#1684 = CARTESIAN_POINT ( 'NONE',  ( 43.78727899999999806, 24.49411100000000019, 4.450000000000000178 ) ) ;
#1685 = EDGE_CURVE ( 'NONE', #6789, #6092, #5732, .T. ) ;
#1686 = LINE ( 'NONE', #2841, #2271 ) ;
#1687 = CARTESIAN_POINT ( 'NONE',  ( 61.45782314279001923, 81.14186833868102156, -4.599999999999992539 ) ) ;
#1688 = ORIENTED_EDGE ( 'NONE', *, *, #3484, .F. ) ;
#1689 = CARTESIAN_POINT ( 'NONE',  ( 85.21227469707440605, 76.84410589528944513, -3.999999999999992450 ) ) ;
#1690 = EDGE_LOOP ( 'NONE', ( #5802, #3008, #3937, #3877 ) ) ;
#1691 = CARTESIAN_POINT ( 'NONE',  ( 70.36228330292588851, 19.29411633638648382, -3.999999999999992450 ) ) ;
#1692 = EDGE_CURVE ( 'NONE', #6231, #5369, #3264, .T. ) ;
#1693 = DIRECTION ( 'NONE',  ( 1.000000000000000000, 0.000000000000000000, 0.000000000000000000 ) ) ;
#1694 = CARTESIAN_POINT ( 'NONE',  ( 116.6208519195873805, 72.84411100000001227, 2.249999999999999556 ) ) ;
#1695 = VERTEX_POINT ( 'NONE', #7627 ) ;
#1696 = ORIENTED_EDGE ( 'NONE', *, *, #1175, .F. ) ;
#1697 = DIRECTION ( 'NONE',  ( 0.02449038266012940057, 0.9997000655982575257, 0.000000000000000000 ) ) ;
#1698 = CYLINDRICAL_SURFACE ( 'NONE', #5927, 1.249999999999999334 ) ;
#1699 = EDGE_CURVE ( 'NONE', #2238, #3086, #3769, .T. ) ;
#1700 = DIRECTION ( 'NONE',  ( -2.335877759801060922E-06, 0.9999999999972718490, 0.000000000000000000 ) ) ;
#1701 = VECTOR ( 'NONE', #5292, 1000.000000000000000 ) ;
#1702 = FACE_OUTER_BOUND ( 'NONE', #3635, .T. ) ;
#1703 = CARTESIAN_POINT ( 'NONE',  ( 53.66227900109225146, 0.000000000000000000, -4.599999999999992539 ) ) ;
#1704 = ORIENTED_EDGE ( 'NONE', *, *, #5402, .T. ) ;
#1705 = DIRECTION ( 'NONE',  ( 0.5000000044812192845, -0.8660254011972053911, 0.000000000000000000 ) ) ;
#1706 = VERTEX_POINT ( 'NONE', #5825 ) ;
#1707 = DIRECTION ( 'NONE',  ( -0.02449038266017580096, 0.9997000655982564155, 0.000000000000000000 ) ) ;
#1708 = AXIS2_PLACEMENT_3D ( 'NONE', #4228, #6227, #8050 ) ;
#1709 = DIRECTION ( 'NONE',  ( -0.000000000000000000, -0.000000000000000000, 1.000000000000000000 ) ) ;
#1710 = CONICAL_SURFACE ( 'NONE', #5000, 1.250000000000001110, 0.7853981633974459475 ) ;
#1711 = CARTESIAN_POINT ( 'NONE',  ( -14.99317309681417321, 80.54782671081257206, 0.5867469876526854033 ) ) ;
#1712 = AXIS2_PLACEMENT_3D ( 'NONE', #7102, #2787, #3402 ) ;
#1713 = CIRCLE ( 'NONE', #2637, 1.249999999999999334 ) ;
#1714 = CYLINDRICAL_SURFACE ( 'NONE', #4696, 2.249999999999998668 ) ;
#1715 = AXIS2_PLACEMENT_3D ( 'NONE', #3311, #4768, #4637 ) ;
#1716 = ORIENTED_EDGE ( 'NONE', *, *, #7270, .F. ) ;
#1717 = CONICAL_SURFACE ( 'NONE', #5657, 1.249999999999999334, 0.7853981633974675969 ) ;
#1718 = ORIENTED_EDGE ( 'NONE', *, *, #5566, .F. ) ;
#1719 = ADVANCED_FACE ( 'NONE', ( #1998 ), #5481, .F. ) ;
#1720 = VERTEX_POINT ( 'NONE', #56 ) ;
#1721 = CARTESIAN_POINT ( 'NONE',  ( -0.8757543908561141732, 85.06406441973906851, 1.389834886224466270 ) ) ;
#1722 = COLOUR_RGB ( '',0.1137254901960784298, 0.1137254901960784298, 0.1137254901960784298 ) ;
#1723 = AXIS2_PLACEMENT_3D ( 'NONE', #8120, #2567, #1995 ) ;
#1724 = DIRECTION ( 'NONE',  ( -1.798198684919793434E-07, 0.9999999999999837907, 0.000000000000000000 ) ) ;
#1725 = VECTOR ( 'NONE', #5176, 1000.000000000000000 ) ;
#1726 = CARTESIAN_POINT ( 'NONE',  ( 99.06227900000000375, 53.59411099999999806, 1.750000000000017097 ) ) ;
#1727 = DIRECTION ( 'NONE',  ( 1.798198684919793169E-07, -0.9999999999999839018, 0.000000000000000000 ) ) ;
#1728 = ORIENTED_EDGE ( 'NONE', *, *, #4859, .T. ) ;
#1729 = CARTESIAN_POINT ( 'NONE',  ( 45.91227899999999806, 24.49411100000000019, 4.450000000000000178 ) ) ;
#1730 = EDGE_CURVE ( 'NONE', #6130, #5540, #181, .T. ) ;
#1731 = EDGE_LOOP ( 'NONE', ( #7523, #1100, #1229, #7867 ) ) ;
#1732 = DIRECTION ( 'NONE',  ( 0.4999999956896525322, -0.8660254062730189384, 0.000000000000000000 ) ) ;
#1733 = EDGE_CURVE ( 'NONE', #7424, #5879, #865, .T. ) ;
#1734 = CONICAL_SURFACE ( 'NONE', #286, 2.124999999999974243, 0.7853981633974393972 ) ;
#1735 = AXIS2_PLACEMENT_3D ( 'NONE', #1810, #1234, #4953 ) ;
#1736 = DIRECTION ( 'NONE',  ( 1.000000000000000000, 0.000000000000000000, 0.000000000000000000 ) ) ;
#1737 = AXIS2_PLACEMENT_3D ( 'NONE', #5207, #3213, #7128 ) ;
#1738 = AXIS2_PLACEMENT_3D ( 'NONE', #5328, #6630, #7865 ) ;
#1739 = DIRECTION ( 'NONE',  ( 1.000000000000000000, 0.000000000000000000, 0.000000000000000000 ) ) ;
#1740 = ORIENTED_EDGE ( 'NONE', *, *, #5459, .T. ) ;
#1741 = ORIENTED_EDGE ( 'NONE', *, *, #3128, .F. ) ;
#1742 = LINE ( 'NONE', #6873, #1574 ) ;
#1743 = EDGE_CURVE ( 'NONE', #2895, #1823, #6263, .T. ) ;
#1744 = CIRCLE ( 'NONE', #3845, 2.250000000000000000 ) ;
#1745 = DIRECTION ( 'NONE',  ( 1.018552587902412228E-15, 1.000000000000000000, -1.322063213371184253E-16 ) ) ;
#1746 = DIRECTION ( 'NONE',  ( 1.000000000000000000, 0.000000000000000000, 0.000000000000000000 ) ) ;
#1747 = CARTESIAN_POINT ( 'NONE',  ( 118.3122889495875114, 71.14856685720401686, -4.599999999999992539 ) ) ;
#1748 = EDGE_LOOP ( 'NONE', ( #3461, #7930, #602, #7844 ) ) ;
#1749 = CARTESIAN_POINT ( 'NONE',  ( 5.681585899816754367E-29, 56.81910750985032621, -4.599999999999992539 ) ) ;
#1750 = EDGE_CURVE ( 'NONE', #6575, #4490, #5133, .T. ) ;
#1751 = ORIENTED_EDGE ( 'NONE', *, *, #4216, .T. ) ;
#1752 = LINE ( 'NONE', #6111, #4705 ) ;
#1753 = ORIENTED_EDGE ( 'NONE', *, *, #7784, .T. ) ;
#1754 = CARTESIAN_POINT ( 'NONE',  ( -19.36772099999999952, 14.73547018669192887, -2.199999999999991740 ) ) ;
#1755 = LINE ( 'NONE', #3024, #7749 ) ;
#1756 = CARTESIAN_POINT ( 'NONE',  ( 10.78726043005733892, 81.84410925728559505, -1.550000000000002709 ) ) ;
#1757 = DIRECTION ( 'NONE',  ( 0.000000000000000000, -1.000000000000000000, 0.000000000000000000 ) ) ;
#1758 = ORIENTED_EDGE ( 'NONE', *, *, #7696, .T. ) ;
#1759 = ORIENTED_EDGE ( 'NONE', *, *, #4435, .F. ) ;
#1760 = CARTESIAN_POINT ( 'NONE',  ( -0.4701533466065576095, 85.14748789941108953, 1.061750912265925217 ) ) ;
#1761 = FACE_OUTER_BOUND ( 'NONE', #3870, .T. ) ;
#1762 = CARTESIAN_POINT ( 'NONE',  ( -16.53460820930005326, 81.20940115652321367, 0.7901006805085819540 ) ) ;
#1763 = EDGE_CURVE ( 'NONE', #186, #4713, #3852, .T. ) ;
#1764 = DIRECTION ( 'NONE',  ( 0.000000000000000000, 0.000000000000000000, -1.000000000000000000 ) ) ;
#1765 = VERTEX_POINT ( 'NONE', #1416 ) ;
#1766 = DIRECTION ( 'NONE',  ( 1.000000000000000000, 0.000000000000000000, 0.000000000000000000 ) ) ;
#1767 = ORIENTED_EDGE ( 'NONE', *, *, #2386, .F. ) ;
#1768 = DIRECTION ( 'NONE',  ( -0.000000000000000000, 0.000000000000000000, 1.000000000000000000 ) ) ;
#1769 = CARTESIAN_POINT ( 'NONE',  ( 11.41226043005733892, 81.84410925728559505, -2.149999999999970601 ) ) ;
#1770 = DIRECTION ( 'NONE',  ( -0.7071067811865412445, 8.659560562354856437E-17, 0.7071067811865537900 ) ) ;
#1771 = EDGE_CURVE ( 'NONE', #6388, #6909, #1530, .T. ) ;
#1772 = EDGE_CURVE ( 'NONE', #1695, #6402, #2971, .T. ) ;
#1773 = FACE_OUTER_BOUND ( 'NONE', #1221, .T. ) ;
#1774 = ORIENTED_EDGE ( 'NONE', *, *, #5807, .F. ) ;
#1775 = ORIENTED_EDGE ( 'NONE', *, *, #912, .F. ) ;
#1776 = CARTESIAN_POINT ( 'NONE',  ( 1.853391795526236008, 75.65565329363091962, 2.250000000000000000 ) ) ;
#1777 = FACE_OUTER_BOUND ( 'NONE', #77, .T. ) ;
#1778 = CARTESIAN_POINT ( 'NONE',  ( -15.46773311198623624, 79.84410419895387179, -4.599999999999992539 ) ) ;
#1779 = EDGE_CURVE ( 'NONE', #3170, #4741, #2569, .T. ) ;
#1780 = VECTOR ( 'NONE', #4538, 1000.000000000000000 ) ;
#1781 = AXIS2_PLACEMENT_3D ( 'NONE', #5510, #4273, #1138 ) ;
#1782 = CARTESIAN_POINT ( 'NONE',  ( 100.1872790000000037, 53.59411099999999806, 4.450000000000000178 ) ) ;
#1783 = ORIENTED_EDGE ( 'NONE', *, *, #718, .T. ) ;
#1784 = CARTESIAN_POINT ( 'NONE',  ( 119.9122790047357370, 13.69411797798554709, -4.599999999999992539 ) ) ;
#1785 = ORIENTED_EDGE ( 'NONE', *, *, #888, .F. ) ;
#1786 = CARTESIAN_POINT ( 'NONE',  ( 54.62223551787489129, 17.50926467435967027, 4.450000000000000178 ) ) ;
#1787 = ORIENTED_EDGE ( 'NONE', *, *, #2615, .T. ) ;
#1788 = CARTESIAN_POINT ( 'NONE',  ( 8.583840999999999610, 12.63464199999999948, 1.750000000000021538 ) ) ;
#1789 = VECTOR ( 'NONE', #4179, 1000.000000000000000 ) ;
#1790 = DIRECTION ( 'NONE',  ( 0.9999999999999206191, 3.984065844824414605E-07, 0.000000000000000000 ) ) ;
#1791 = CARTESIAN_POINT ( 'NONE',  ( 75.81228330292589135, 19.29411698796796415, 1.400000000000010569 ) ) ;
#1792 = ADVANCED_FACE ( 'NONE', ( #4387 ), #6431, .F. ) ;
#1793 = CIRCLE ( 'NONE', #736, 1.249999999999999334 ) ;
#1794 = CIRCLE ( 'NONE', #3907, 1.250000000000001110 ) ;
#1795 = CARTESIAN_POINT ( 'NONE',  ( -18.16772100000000023, 25.98547018669193065, -4.599999999999992539 ) ) ;
#1796 = VERTEX_POINT ( 'NONE', #1377 ) ;
#1797 = ORIENTED_EDGE ( 'NONE', *, *, #6607, .T. ) ;
#1798 = CARTESIAN_POINT ( 'NONE',  ( -0.06637713212794563167, 85.22972665496169498, 6.938893903907228378E-15 ) ) ;
#1799 = CARTESIAN_POINT ( 'NONE',  ( 101.3122790000000037, 53.59411099999999806, 1.750000000000017097 ) ) ;
#1800 = AXIS2_PLACEMENT_3D ( 'NONE', #4396, #6889, #1634 ) ;
#1801 = EDGE_CURVE ( 'NONE', #7469, #7531, #629, .T. ) ;
#1802 = CARTESIAN_POINT ( 'NONE',  ( -20.16772100000000023, -1.073347578466771936E-15, -4.599999999999992539 ) ) ;
#1803 = DIRECTION ( 'NONE',  ( 0.000000000000000000, 0.000000000000000000, 1.000000000000000000 ) ) ;
#1804 = ORIENTED_EDGE ( 'NONE', *, *, #2827, .F. ) ;
#1805 = VERTEX_POINT ( 'NONE', #3137 ) ;
#1806 = FACE_OUTER_BOUND ( 'NONE', #3992, .T. ) ;
#1807 = ORIENTED_EDGE ( 'NONE', *, *, #3241, .T. ) ;
#1808 = FACE_OUTER_BOUND ( 'NONE', #6656, .T. ) ;
#1809 = EDGE_CURVE ( 'NONE', #5175, #2310, #4420, .T. ) ;
#1810 = CARTESIAN_POINT ( 'NONE',  ( 52.26227900109225288, -0.3558820217042309442, 4.450000000000000178 ) ) ;
#1811 = CARTESIAN_POINT ( 'NONE',  ( -15.46773311198623624, 79.84410419895387179, -9.399999999999993250 ) ) ;
#1812 = VERTEX_POINT ( 'NONE', #19 ) ;
#1813 = ORIENTED_EDGE ( 'NONE', *, *, #1483, .F. ) ;
#1814 = CARTESIAN_POINT ( 'NONE',  ( -20.16772100000000023, 26.58547018669192852, -1.599999999999977440 ) ) ;
#1815 = CARTESIAN_POINT ( 'NONE',  ( -5.317732752346662650, 77.84410602412556557, -4.599999999999991651 ) ) ;
#1816 = EDGE_CURVE ( 'NONE', #1352, #2707, #5698, .T. ) ;
#1817 = EDGE_CURVE ( 'NONE', #4827, #3849, #4641, .T. ) ;
#1818 = CARTESIAN_POINT ( 'NONE',  ( 99.06227900000000375, 34.54411100000000090, 1.750000000000017097 ) ) ;
#1819 = VECTOR ( 'NONE', #7147, 1000.000000000000000 ) ;
#1820 = CARTESIAN_POINT ( 'NONE',  ( 119.5122720196896893, 56.81910750985032621, -2.200000000000001066 ) ) ;
#1821 = ORIENTED_EDGE ( 'NONE', *, *, #3909, .F. ) ;
#1822 = LINE ( 'NONE', #1749, #2647 ) ;
#1823 = VERTEX_POINT ( 'NONE', #916 ) ;
#1824 = CARTESIAN_POINT ( 'NONE',  ( -8.422096595950048226, -4.862499794919266982, -4.599999999999992539 ) ) ;
#1825 = EDGE_CURVE ( 'NONE', #349, #6355, #3231, .T. ) ;
#1826 = VERTEX_POINT ( 'NONE', #6518 ) ;
#1827 = EDGE_CURVE ( 'NONE', #2072, #4108, #4032, .T. ) ;
#1828 = CARTESIAN_POINT ( 'NONE',  ( -1.892452981709167315, 77.25013513273106014, 2.250000000000000000 ) ) ;
#1829 = CARTESIAN_POINT ( 'NONE',  ( 118.3091271459327203, 16.85687905692685007, -4.599999999999992539 ) ) ;
#1830 = LINE ( 'NONE', #7427, #2442 ) ;
#1831 = FACE_OUTER_BOUND ( 'NONE', #3625, .T. ) ;
#1832 = AXIS2_PLACEMENT_3D ( 'NONE', #3003, #8026, #2393 ) ;
#1833 = VERTEX_POINT ( 'NONE', #3522 ) ;
#1834 = VECTOR ( 'NONE', #1637, 1000.000000000000000 ) ;
#1835 = ORIENTED_EDGE ( 'NONE', *, *, #5656, .F. ) ;
#1836 = CARTESIAN_POINT ( 'NONE',  ( -0.8677339041914936546, 84.24965460635104364, 6.795532277358968422E-15 ) ) ;
#1837 = EDGE_CURVE ( 'NONE', #5570, #2321, #5335, .T. ) ;
#1838 = AXIS2_PLACEMENT_3D ( 'NONE', #4765, #3747, #610 ) ;
#1839 = CYLINDRICAL_SURFACE ( 'NONE', #7146, 1.875000000000001776 ) ;
#1840 = CIRCLE ( 'NONE', #6438, 1.850000000000018296 ) ;
#1841 = CARTESIAN_POINT ( 'NONE',  ( -16.06051474759496855, 81.34458659575855677, 1.310292212108089993 ) ) ;
#1842 = CONICAL_SURFACE ( 'NONE', #1450, 2.125000000000001776, 0.7853981633974401744 ) ;
#1843 = DIRECTION ( 'NONE',  ( 0.000000000000000000, -0.000000000000000000, -1.000000000000000000 ) ) ;
#1844 = AXIS2_PLACEMENT_3D ( 'NONE', #6727, #2371, #1790 ) ;
#1845 = ORIENTED_EDGE ( 'NONE', *, *, #5499, .F. ) ;
#1846 = ORIENTED_EDGE ( 'NONE', *, *, #7569, .F. ) ;
#1847 = CARTESIAN_POINT ( 'NONE',  ( -24.16772100000000023, 39.38547018669192568, -3.199999999999991740 ) ) ;
#1848 = VECTOR ( 'NONE', #1388, 999.9999999999998863 ) ;
#1849 = EDGE_LOOP ( 'NONE', ( #235, #4072 ) ) ;
#1850 = LINE ( 'NONE', #1691, #1583 ) ;
#1851 = EDGE_CURVE ( 'NONE', #3645, #4037, #476, .T. ) ;
#1852 = VECTOR ( 'NONE', #6660, 1000.000000000000227 ) ;
#1853 = VECTOR ( 'NONE', #4223, 1000.000000000000000 ) ;
#1854 = AXIS2_PLACEMENT_3D ( 'NONE', #5095, #1911, #5699 ) ;
#1855 = CYLINDRICAL_SURFACE ( 'NONE', #4780, 4.999999999999990230 ) ;
#1856 = CARTESIAN_POINT ( 'NONE',  ( 81.37504705689889306, 15.29726285406799313, -4.599999999999992539 ) ) ;
#1857 = CIRCLE ( 'NONE', #6461, 9.395313679645688865 ) ;
#1858 = ORIENTED_EDGE ( 'NONE', *, *, #3998, .F. ) ;
#1859 = AXIS2_PLACEMENT_3D ( 'NONE', #834, #1496, #5896 ) ;
#1860 = ORIENTED_EDGE ( 'NONE', *, *, #4049, .F. ) ;
#1861 = CARTESIAN_POINT ( 'NONE',  ( 2.105542542463004541, -7.857991914729462124, -4.599999999999992539 ) ) ;
#1862 = FACE_OUTER_BOUND ( 'NONE', #5562, .T. ) ;
#1863 = VECTOR ( 'NONE', #1865, 1000.000000000000114 ) ;
#1864 = VECTOR ( 'NONE', #4198, 1000.000000000000000 ) ;
#1865 = DIRECTION ( 'NONE',  ( 2.317727722690345654E-06, -0.9999999999973140374, 0.000000000000000000 ) ) ;
#1866 = ADVANCED_FACE ( 'NONE', ( #6480 ), #2816, .T. ) ;
#1867 = DIRECTION ( 'NONE',  ( 1.000000000000000000, 0.000000000000000000, 0.000000000000000000 ) ) ;
#1868 = EDGE_LOOP ( 'NONE', ( #5639, #4828, #637, #28, #7949, #7180, #2005, #7851, #6251, #6757, #3901, #123, #5760, #111, #5177, #4525, #6224, #3440 ) ) ;
#1869 = CARTESIAN_POINT ( 'NONE',  ( -19.59037073081038116, 12.48788592914254458, 4.450000000000000178 ) ) ;
#1870 = ORIENTED_EDGE ( 'NONE', *, *, #7995, .F. ) ;
#1871 = DIRECTION ( 'NONE',  ( -0.000000000000000000, 0.000000000000000000, 1.000000000000000000 ) ) ;
#1872 = ORIENTED_EDGE ( 'NONE', *, *, #4796, .T. ) ;
#1873 = PLANE ( 'NONE',  #6045 ) ;
#1874 = CARTESIAN_POINT ( 'NONE',  ( 59.46452166131001604, 84.14856685720403107, 2.250000000000000000 ) ) ;
#1875 = CARTESIAN_POINT ( 'NONE',  ( 6.333840999999999610, 12.63464199999999948, 4.450000000000000178 ) ) ;
#1876 = EDGE_CURVE ( 'NONE', #7561, #7985, #4292, .T. ) ;
#1877 = ADVANCED_FACE ( 'NONE', ( #4769 ), #382, .F. ) ;
#1878 = LINE ( 'NONE', #6266, #4164 ) ;
#1879 = CARTESIAN_POINT ( 'NONE',  ( 53.66227900109225146, -0.3558820217042309442, 3.450002953554892837 ) ) ;
#1880 = ORIENTED_EDGE ( 'NONE', *, *, #2974, .T. ) ;
#1881 = PLANE ( 'NONE',  #1800 ) ;
#1882 = ORIENTED_EDGE ( 'NONE', *, *, #1449, .T. ) ;
#1883 = CARTESIAN_POINT ( 'NONE',  ( -0.9814975693912439958, 84.18793887726305059, 0.3516703085713758226 ) ) ;
#1884 = DIRECTION ( 'NONE',  ( 1.798198684919793169E-07, -0.9999999999999839018, 0.000000000000000000 ) ) ;
#1885 = FACE_OUTER_BOUND ( 'NONE', #5050, .T. ) ;
#1886 = EDGE_CURVE ( 'NONE', #617, #6789, #877, .T. ) ;
#1887 = B_SPLINE_CURVE_WITH_KNOTS ( 'NONE', 3,
 ( #358, #398, #2916, #7311, #3990, #5311, #2170, #4189, #3578, #2953, #5471, #7971, #4860, #6686, #2335, #1678, #1055, #6082, #442, #2595, #42, #168, #826, #6465, #5117, #5765, #4501, #2556, #6946, #737, #5039 ),
 .UNSPECIFIED., .F., .F.,
 ( 4, 2, 1, 2, 2, 2, 2, 2, 2, 2, 2, 2, 2, 2, 2, 4 ),
 ( 0.000000000000000000, 0.06249999999996722067, 0.09374999999995110855, 0.1093749999999430456, 0.1249999999999349964, 0.1874999999999542311, 0.2187499999999638345, 0.2499999999999734657, 0.3124999999999761302, 0.3749999999999788503, 0.4374999999999815148, 0.4999999999999842348, 0.6249999999999901190, 0.6874999999999932276, 0.7499999999999963363, 1.000000000000000000 ),
 .UNSPECIFIED. ) ;
#1888 = CARTESIAN_POINT ( 'NONE',  ( 6.333840999999999610, 12.63464199999999948, 4.450000000000000178 ) ) ;
#1889 = ORIENTED_EDGE ( 'NONE', *, *, #3495, .F. ) ;
#1890 = ORIENTED_EDGE ( 'NONE', *, *, #966, .T. ) ;
#1891 = DIRECTION ( 'NONE',  ( 1.000000000000000000, 0.000000000000000000, 0.000000000000000000 ) ) ;
#1892 = AXIS2_PLACEMENT_3D ( 'NONE', #5516, #567, #604 ) ;
#1893 = ORIENTED_EDGE ( 'NONE', *, *, #6009, .F. ) ;
#1894 = FACE_BOUND ( 'NONE', #7532, .T. ) ;
#1895 = DIRECTION ( 'NONE',  ( 0.8779737183685918378, 0.4787088361979842666, 0.000000000000000000 ) ) ;
#1896 = ADVANCED_FACE ( 'NONE', ( #257 ), #2315, .F. ) ;
#1897 = DIRECTION ( 'NONE',  ( -0.000000000000000000, -0.000000000000000000, 1.000000000000000000 ) ) ;
#1898 = ORIENTED_EDGE ( 'NONE', *, *, #5402, .F. ) ;
#1899 = ORIENTED_EDGE ( 'NONE', *, *, #3649, .F. ) ;
#1900 = PLANE ( 'NONE',  #6039 ) ;
#1901 = DIRECTION ( 'NONE',  ( 0.000000000000000000, 0.000000000000000000, -1.000000000000000000 ) ) ;
#1902 = CARTESIAN_POINT ( 'NONE',  ( 22.66227900000000872, 79.15268391958781535, -4.599999999999992539 ) ) ;
#1903 = DIRECTION ( 'NONE',  ( 0.000000000000000000, 0.000000000000000000, -1.000000000000000000 ) ) ;
#1904 = ORIENTED_EDGE ( 'NONE', *, *, #457, .F. ) ;
#1905 = DIRECTION ( 'NONE',  ( 1.000000000000000000, 0.000000000000000000, 0.000000000000000000 ) ) ;
#1906 = ORIENTED_EDGE ( 'NONE', *, *, #7045, .F. ) ;
#1907 = DIRECTION ( 'NONE',  ( -1.135586136444816684E-06, 0.9999999999993552935, 0.000000000000000000 ) ) ;
#1908 = ORIENTED_EDGE ( 'NONE', *, *, #3469, .T. ) ;
#1909 = DIRECTION ( 'NONE',  ( -1.000000000000000000, 0.000000000000000000, -0.000000000000000000 ) ) ;
#1910 = ADVANCED_FACE ( 'NONE', ( #2899 ), #5379, .F. ) ;
#1911 = DIRECTION ( 'NONE',  ( -0.000000000000000000, -0.000000000000000000, 1.000000000000000000 ) ) ;
#1912 = AXIS2_PLACEMENT_3D ( 'NONE', #1791, #596, #5055 ) ;
#1913 = LINE ( 'NONE', #7466, #4952 ) ;
#1914 = CARTESIAN_POINT ( 'NONE',  ( -20.16772100000000023, -1.073347578466771936E-15, 3.449999999999999289 ) ) ;
#1916 = AXIS2_PLACEMENT_3D ( 'NONE', #7668, #2036, #4556 ) ;
#1915 = DIRECTION ( 'NONE',  ( 0.000000000000000000, 0.000000000000000000, 1.000000000000000000 ) ) ;
#1917 = VERTEX_POINT ( 'NONE', #3482 ) ;
#1918 = CONICAL_SURFACE ( 'NONE', #1132, 2.125000000000029754, 0.7853981633974432830 ) ;
#1919 = CARTESIAN_POINT ( 'NONE',  ( 90.21227469707440605, 76.84410589528943092, 4.450000000000000178 ) ) ;
#1920 = ORIENTED_EDGE ( 'NONE', *, *, #4113, .F. ) ;
#1921 = DIRECTION ( 'NONE',  ( 1.798198684919793169E-07, -0.9999999999999839018, 0.000000000000000000 ) ) ;
#1922 = EDGE_CURVE ( 'NONE', #875, #1372, #7213, .T. ) ;
#1923 = CARTESIAN_POINT ( 'NONE',  ( 99.06227900000000375, 34.54411100000000090, 1.349999999999999867 ) ) ;
#1924 = EDGE_CURVE ( 'NONE', #5155, #3847, #5948, .T. ) ;
#1925 = CARTESIAN_POINT ( 'NONE',  ( -1.399791708008358899E-05, 77.84410698035701159, 2.250000000000000000 ) ) ;
#1926 = CIRCLE ( 'NONE', #4841, 0.4500000000000059508 ) ;
#1927 = DIRECTION ( 'NONE',  ( -0.000000000000000000, 0.000000000000000000, 1.000000000000000000 ) ) ;
#1928 = ORIENTED_EDGE ( 'NONE', *, *, #183, .T. ) ;
#1929 = ORIENTED_EDGE ( 'NONE', *, *, #198, .T. ) ;
#1930 = FACE_BOUND ( 'NONE', #3825, .T. ) ;
#1931 = ORIENTED_EDGE ( 'NONE', *, *, #7002, .T. ) ;
#1932 = DIRECTION ( 'NONE',  ( 0.2588190399164175259, -0.9659258276786804043, 0.000000000000000000 ) ) ;
#1933 = EDGE_CURVE ( 'NONE', #793, #1258, #5598, .T. ) ;
#1934 = CARTESIAN_POINT ( 'NONE',  ( -15.38509605809860403, 80.25146341014344387, 0.3045171646499936213 ) ) ;
#1935 = LINE ( 'NONE', #7073, #5940 ) ;
#1936 = CARTESIAN_POINT ( 'NONE',  ( 97.93727900000000375, 53.59411099999999806, 1.349999999999999867 ) ) ;
#1937 = ORIENTED_EDGE ( 'NONE', *, *, #5713, .T. ) ;
#1938 = EDGE_LOOP ( 'NONE', ( #7372, #2274 ) ) ;
#1939 = DIRECTION ( 'NONE',  ( 1.000000000000000000, 0.000000000000000000, 0.000000000000000000 ) ) ;
#1940 = CARTESIAN_POINT ( 'NONE',  ( 81.51003633868002396, 16.98965514279599986, 2.250000000000000000 ) ) ;
#1941 = EDGE_CURVE ( 'NONE', #5196, #5373, #4557, .T. ) ;
#1942 = LINE ( 'NONE', #8114, #7915 ) ;
#1943 = CARTESIAN_POINT ( 'NONE',  ( -11.01773259050869491, 76.94410499915231583, -4.599999999999992539 ) ) ;
#1944 = ORIENTED_EDGE ( 'NONE', *, *, #4278, .F. ) ;
#1945 = DIRECTION ( 'NONE',  ( 1.000000000000000000, 0.000000000000000000, 0.000000000000000000 ) ) ;
#1946 = EDGE_LOOP ( 'NONE', ( #7478, #7756, #7635, #1247 ) ) ;
#1947 = CARTESIAN_POINT ( 'NONE',  ( -15.55071159738049147, 81.48908032121660483, 1.599919279457388432 ) ) ;
#1948 = ORIENTED_EDGE ( 'NONE', *, *, #4745, .F. ) ;
#1949 = ADVANCED_FACE ( 'NONE', ( #1458 ), #343, .F. ) ;
#1950 = DIRECTION ( 'NONE',  ( 0.000000000000000000, 0.000000000000000000, 1.000000000000000000 ) ) ;
#1951 = DIRECTION ( 'NONE',  ( 0.7071067811865449082, 0.000000000000000000, 0.7071067811865502373 ) ) ;
#1952 = FACE_OUTER_BOUND ( 'NONE', #4751, .T. ) ;
#1953 = VECTOR ( 'NONE', #3280, 1000.000000000000000 ) ;
#1954 = DIRECTION ( 'NONE',  ( 1.000000000000000000, 0.000000000000000000, 0.000000000000000000 ) ) ;
#1955 = DIRECTION ( 'NONE',  ( 0.000000000000000000, -0.000000000000000000, 1.000000000000000000 ) ) ;
#1956 = ORIENTED_EDGE ( 'NONE', *, *, #6617, .T. ) ;
#1957 = DIRECTION ( 'NONE',  ( -0.000000000000000000, 0.000000000000000000, -1.000000000000000000 ) ) ;
#1958 = EDGE_LOOP ( 'NONE', ( #244, #1556, #1287, #6620 ) ) ;
#1959 = CIRCLE ( 'NONE', #7217, 1.249999999999999334 ) ;
#1960 = FACE_OUTER_BOUND ( 'NONE', #7654, .T. ) ;
#1961 = DIRECTION ( 'NONE',  ( 1.798198684919793434E-07, -0.9999999999999837907, 0.000000000000000000 ) ) ;
#1962 = LINE ( 'NONE', #1389, #1953 ) ;
#1963 = VECTOR ( 'NONE', #5243, 1000.000000000000000 ) ;
#1964 = EDGE_CURVE ( 'NONE', #5466, #6012, #5251, .T. ) ;
#1965 = CYLINDRICAL_SURFACE ( 'NONE', #5337, 0.2977672882960510914 ) ;
#1966 = ORIENTED_EDGE ( 'NONE', *, *, #6245, .T. ) ;
#1967 = EDGE_LOOP ( 'NONE', ( #5983, #6830, #426, #2690 ) ) ;
#1968 = FACE_BOUND ( 'NONE', #4454, .T. ) ;
#1969 = EDGE_LOOP ( 'NONE', ( #3500, #4157, #1231, #2864 ) ) ;
#1970 = CARTESIAN_POINT ( 'NONE',  ( 63.05759268073793322, 2.898797320354307594, 4.450000000000000178 ) ) ;
#1971 = VECTOR ( 'NONE', #6244, 1000.000000000000000 ) ;
#1972 = CIRCLE ( 'NONE', #4609, 2.250000000000001776 ) ;
#1973 = CARTESIAN_POINT ( 'NONE',  ( 13.91226043005733715, 81.84410925728559505, -3.999999999999970690 ) ) ;
#1974 = VECTOR ( 'NONE', #5071, 1000.000000000000000 ) ;
#1975 = DIRECTION ( 'NONE',  ( -1.000000000000000000, 0.000000000000000000, 0.000000000000000000 ) ) ;
#1976 = VECTOR ( 'NONE', #5469, 1000.000000000000227 ) ;
#1977 = ADVANCED_FACE ( 'NONE', ( #2939 ), #2287, .F. ) ;
#1978 = CARTESIAN_POINT ( 'NONE',  ( 22.66282511920246989, 0.0001563639767652844255, 2.250000000000000000 ) ) ;
#1979 = AXIS2_PLACEMENT_3D ( 'NONE', #2995, #7351, #4362 ) ;
#1980 = EDGE_CURVE ( 'NONE', #2267, #1672, #2704, .T. ) ;
#1981 = ORIENTED_EDGE ( 'NONE', *, *, #1023, .F. ) ;
#1982 = ORIENTED_EDGE ( 'NONE', *, *, #6212, .T. ) ;
#1983 = CARTESIAN_POINT ( 'NONE',  ( 79.51540507967466453, 23.29411798031837577, 2.249999999999999556 ) ) ;
#1984 = VECTOR ( 'NONE', #1626, 1000.000000000000000 ) ;
#1985 = AXIS2_PLACEMENT_3D ( 'NONE', #1108, #7325, #5705 ) ;
#1986 = DIRECTION ( 'NONE',  ( 1.798198684919793169E-07, -0.9999999999999839018, 0.000000000000000000 ) ) ;
#1987 =( GEOMETRIC_REPRESENTATION_CONTEXT ( 3 ) GLOBAL_UNCERTAINTY_ASSIGNED_CONTEXT ( ( #2048 ) ) GLOBAL_UNIT_ASSIGNED_CONTEXT ( ( #2159, #2818, #4102 ) ) REPRESENTATION_CONTEXT ( 'NONE', 'WORKASPACE' ) );
#1988 = CYLINDRICAL_SURFACE ( 'NONE', #3588, 2.250000000000001776 ) ;
#1989 = VECTOR ( 'NONE', #4144, 1000.000000000000000 ) ;
#1990 = EDGE_CURVE ( 'NONE', #2331, #1127, #3562, .T. ) ;
#1991 = DIRECTION ( 'NONE',  ( -0.000000000000000000, 0.000000000000000000, 1.000000000000000000 ) ) ;
#1992 = ORIENTED_EDGE ( 'NONE', *, *, #2982, .T. ) ;
#1993 = DIRECTION ( 'NONE',  ( 0.000000000000000000, 0.000000000000000000, 1.000000000000000000 ) ) ;
#1994 = ORIENTED_EDGE ( 'NONE', *, *, #2791, .F. ) ;
#1995 = DIRECTION ( 'NONE',  ( -1.000000000000000000, 0.000000000000000000, 0.000000000000000000 ) ) ;
#1996 = ORIENTED_EDGE ( 'NONE', *, *, #5791, .F. ) ;
#1997 = AXIS2_PLACEMENT_3D ( 'NONE', #7014, #6562, #1418 ) ;
#1998 = FACE_OUTER_BOUND ( 'NONE', #7691, .T. ) ;
#1999 = VECTOR ( 'NONE', #3006, 1000.000000000000000 ) ;
#2000 = DIRECTION ( 'NONE',  ( -0.000000000000000000, 0.000000000000000000, 1.000000000000000000 ) ) ;
#2001 = DIRECTION ( 'NONE',  ( 1.000000000000000000, -2.621889260516956749E-16, 0.000000000000000000 ) ) ;
#2002 = EDGE_CURVE ( 'NONE', #3161, #2707, #7032, .T. ) ;
#2003 = DIRECTION ( 'NONE',  ( 1.000000000000000000, 5.322106441609202775E-17, -0.000000000000000000 ) ) ;
#2004 = CARTESIAN_POINT ( 'NONE',  ( 22.86227900000000091, 60.09411099999999806, 4.450000000000000178 ) ) ;
#2005 = ORIENTED_EDGE ( 'NONE', *, *, #6284, .T. ) ;
#2006 = VECTOR ( 'NONE', #4110, 999.9999999999998863 ) ;
#2007 = DIRECTION ( 'NONE',  ( 1.018552587902412228E-15, 1.000000000000000000, -1.322063213371184253E-16 ) ) ;
#2008 = VERTEX_POINT ( 'NONE', #6942 ) ;
#2009 = CIRCLE ( 'NONE', #6604, 2.900000000000001688 ) ;
#2010 = LINE ( 'NONE', #3236, #178 ) ;
#2011 = CARTESIAN_POINT ( 'NONE',  ( 116.6041236157665395, 12.29411797798555384, 3.449999999999999289 ) ) ;
#2012 = CARTESIAN_POINT ( 'NONE',  ( -15.11171593184101347, 80.45879709843424621, 0.5484960306396721164 ) ) ;
#2013 = CARTESIAN_POINT ( 'NONE',  ( 69.43142950036545358, 80.84411306370144246, -2.199999999999999734 ) ) ;
#2014 = ORIENTED_EDGE ( 'NONE', *, *, #379, .F. ) ;
#2015 = ORIENTED_EDGE ( 'NONE', *, *, #4908, .F. ) ;
#2016 = CARTESIAN_POINT ( 'NONE',  ( 8.028778294999361800E-16, 14.73547018669192710, -4.599999999999992539 ) ) ;
#2017 = VERTEX_POINT ( 'NONE', #7687 ) ;
#2018 = CARTESIAN_POINT ( 'NONE',  ( -18.16456914593180016, 76.28134294310963526, -4.599999999999992539 ) ) ;
#2019 = EDGE_CURVE ( 'NONE', #6535, #6843, #6896, .T. ) ;
#2020 = CARTESIAN_POINT ( 'NONE',  ( -5.548071889116351407, -14.87273028169756550, -4.599999999999992539 ) ) ;
#2021 = CARTESIAN_POINT ( 'NONE',  ( 70.81228330292591977, 19.29411633638648382, -3.999999999999992450 ) ) ;
#2022 = CARTESIAN_POINT ( 'NONE',  ( 47.03727899999999806, 24.49411100000000019, 4.450000000000000178 ) ) ;
#2023 = VERTEX_POINT ( 'NONE', #6994 ) ;
#2024 = ORIENTED_EDGE ( 'NONE', *, *, #3876, .T. ) ;
#2025 = DIRECTION ( 'NONE',  ( -1.000000000000000000, 0.000000000000000000, 0.000000000000000000 ) ) ;
#2026 = DIRECTION ( 'NONE',  ( -0.7071067811865416886, 8.659560562354861368E-17, 0.7071067811865532349 ) ) ;
#2027 = EDGE_CURVE ( 'NONE', #2785, #2825, #3916, .T. ) ;
#2028 = EDGE_CURVE ( 'NONE', #249, #4490, #1359, .T. ) ;
#2029 = DIRECTION ( 'NONE',  ( -0.000000000000000000, -0.000000000000000000, -1.000000000000000000 ) ) ;
#2030 = CYLINDRICAL_SURFACE ( 'NONE', #7446, 1.249999999999999334 ) ;
#2031 = ORIENTED_EDGE ( 'NONE', *, *, #2557, .F. ) ;
#2032 = LINE ( 'NONE', #4550, #7373 ) ;
#2033 = ORIENTED_EDGE ( 'NONE', *, *, #3185, .T. ) ;
#2034 = CARTESIAN_POINT ( 'NONE',  ( -17.63327705059875328, 80.29004676807160479, 4.450000000000000178 ) ) ;
#2035 = ORIENTED_EDGE ( 'NONE', *, *, #568, .T. ) ;
#2036 = DIRECTION ( 'NONE',  ( 0.000000000000000000, 0.000000000000000000, -1.000000000000000000 ) ) ;
#2037 = EDGE_CURVE ( 'NONE', #2226, #7469, #3832, .T. ) ;
#2038 = DIRECTION ( 'NONE',  ( 0.000000000000000000, 0.000000000000000000, -1.000000000000000000 ) ) ;
#2039 = DIRECTION ( 'NONE',  ( 0.000000000000000000, -1.000000000000000000, 0.000000000000000000 ) ) ;
#2040 = CARTESIAN_POINT ( 'NONE',  ( -5.227179398038229508, -14.39277055161283414, 4.450000000000000178 ) ) ;
#2041 = ORIENTED_EDGE ( 'NONE', *, *, #6195, .T. ) ;
#2042 = ORIENTED_EDGE ( 'NONE', *, *, #2808, .F. ) ;
#2043 = ORIENTED_EDGE ( 'NONE', *, *, #2600, .T. ) ;
#2044 = CARTESIAN_POINT ( 'NONE',  ( 45.91227899999999806, 24.49411100000000019, 1.750000000000023759 ) ) ;
#2045 = CIRCLE ( 'NONE', #5721, 2.250000000000001776 ) ;
#2046 = CARTESIAN_POINT ( 'NONE',  ( 71.68142950036546779, 80.84411100000002648, -4.599999999999992539 ) ) ;
#2047 = EDGE_CURVE ( 'NONE', #5144, #310, #824, .T. ) ;
#2048 = UNCERTAINTY_MEASURE_WITH_UNIT (LENGTH_MEASURE( 1.000000000000000082E-05 ), #2159, 'distance_accuracy_value', 'NONE');
#2049 = CARTESIAN_POINT ( 'NONE',  ( -16.70069789670589344, 81.16176449884164867, 0.3728274714300770509 ) ) ;
#2050 = AXIS2_PLACEMENT_3D ( 'NONE', #6650, #2299, #6035 ) ;
#2051 = VECTOR ( 'NONE', #8089, 1000.000000000000114 ) ;
#2052 = FACE_OUTER_BOUND ( 'NONE', #7235, .T. ) ;
#2053 = ORIENTED_EDGE ( 'NONE', *, *, #1374, .F. ) ;
#2054 = ORIENTED_EDGE ( 'NONE', *, *, #2098, .T. ) ;
#2055 = FACE_BOUND ( 'NONE', #6881, .T. ) ;
#2056 = ORIENTED_EDGE ( 'NONE', *, *, #1398, .F. ) ;
#2057 = CARTESIAN_POINT ( 'NONE',  ( 13.08858891146493519, -3.672762158219244455, -4.599999999999992539 ) ) ;
#2058 = EDGE_CURVE ( 'NONE', #6568, #5879, #7605, .T. ) ;
#2059 = VECTOR ( 'NONE', #6144, 999.9999999999998863 ) ;
#2060 = CARTESIAN_POINT ( 'NONE',  ( -14.86773311198624548, 79.84410430684577875, 0.6000000000000064171 ) ) ;
#2061 = CARTESIAN_POINT ( 'NONE',  ( 22.86227900000000091, 60.09411099999999806, 4.450000000000000178 ) ) ;
#2062 = DIRECTION ( 'NONE',  ( 1.000000000000000000, 0.000000000000000000, 0.000000000000000000 ) ) ;
#2063 = ORIENTED_EDGE ( 'NONE', *, *, #7197, .T. ) ;
#2064 = ORIENTED_EDGE ( 'NONE', *, *, #5198, .F. ) ;
#2065 = CARTESIAN_POINT ( 'NONE',  ( 99.06227900000000375, 53.59411099999999806, 2.250000000000000000 ) ) ;
#2066 = CARTESIAN_POINT ( 'NONE',  ( 53.46030958398000621, 20.49838296832900397, -4.599999999999992539 ) ) ;
#2067 = CARTESIAN_POINT ( 'NONE',  ( 24.74751528910893583, -1.791093732512097692, -2.199999999999988631 ) ) ;
#2068 = EDGE_CURVE ( 'NONE', #310, #952, #695, .T. ) ;
#2069 = VERTEX_POINT ( 'NONE', #2060 ) ;
#2070 = CARTESIAN_POINT ( 'NONE',  ( 22.41082705626368821, 77.84551033426501476, 2.249999999999999556 ) ) ;
#2071 = CARTESIAN_POINT ( 'NONE',  ( -19.16772100000000023, 26.58547018669192852, -3.199999999999991740 ) ) ;
#2072 = VERTEX_POINT ( 'NONE', #119 ) ;
#2073 = DIRECTION ( 'NONE',  ( 0.000000000000000000, 1.000000000000000000, 0.000000000000000000 ) ) ;
#2074 = FILL_AREA_STYLE_COLOUR ( '', #1722 ) ;
#2075 = LINE ( 'NONE', #3893, #4231 ) ;
#2076 = FACE_OUTER_BOUND ( 'NONE', #4062, .T. ) ;
#2077 = EDGE_CURVE ( 'NONE', #5908, #2756, #5236, .T. ) ;
#2078 = EDGE_CURVE ( 'NONE', #1833, #5684, #3292, .T. ) ;
#2079 = PLANE ( 'NONE',  #277 ) ;
#2080 = ORIENTED_EDGE ( 'NONE', *, *, #3339, .T. ) ;
#2081 = DIRECTION ( 'NONE',  ( 0.000000000000000000, 0.000000000000000000, 1.000000000000000000 ) ) ;
#2082 = ORIENTED_EDGE ( 'NONE', *, *, #264, .T. ) ;
#2083 = FACE_OUTER_BOUND ( 'NONE', #7112, .T. ) ;
#2084 = FACE_OUTER_BOUND ( 'NONE', #2597, .T. ) ;
#2085 = CARTESIAN_POINT ( 'NONE',  ( -15.25137676563212530, 80.35322348271458281, 0.4614269688733934616 ) ) ;
#2086 = CARTESIAN_POINT ( 'NONE',  ( -11.68359082457480369, -1.465830875177938308, -1.550000000000002709 ) ) ;
#2087 = EDGE_CURVE ( 'NONE', #4326, #7917, #2713, .T. ) ;
#2088 = AXIS2_PLACEMENT_3D ( 'NONE', #5349, #7848, #5913 ) ;
#2089 = ORIENTED_EDGE ( 'NONE', *, *, #6861, .F. ) ;
#2090 = VERTEX_POINT ( 'NONE', #2676 ) ;
#2091 = CARTESIAN_POINT ( 'NONE',  ( 41.71247404278438609, 9.667815747122248846E-05, -4.599999999999992539 ) ) ;
#2092 = ORIENTED_EDGE ( 'NONE', *, *, #1750, .F. ) ;
#2093 = LINE ( 'NONE', #6005, #6964 ) ;
#2094 = CONICAL_SURFACE ( 'NONE', #7875, 214.8027930341700937, 0.7853981633974552734 ) ;
#2095 = DIRECTION ( 'NONE',  ( 1.000000000000000000, 0.000000000000000000, 0.000000000000000000 ) ) ;
#2096 = DIRECTION ( 'NONE',  ( -0.9999999999993565147, -1.134431386911876734E-06, 0.000000000000000000 ) ) ;
#2097 = CARTESIAN_POINT ( 'NONE',  ( 88.33727469707440605, 76.84410589528943092, -1.550000000000002709 ) ) ;
#2098 = EDGE_CURVE ( 'NONE', #4731, #4315, #7072, .T. ) ;
#2099 = EDGE_LOOP ( 'NONE', ( #1212, #1441, #2014, #1944 ) ) ;
#2100 = CARTESIAN_POINT ( 'NONE',  ( 101.3122790000000037, 34.54411100000000090, 1.349999999999999867 ) ) ;
#2101 = AXIS2_PLACEMENT_3D ( 'NONE', #5936, #3550, #4755 ) ;
#2102 = ORIENTED_EDGE ( 'NONE', *, *, #5817, .T. ) ;
#2103 = CARTESIAN_POINT ( 'NONE',  ( 80.21227201969416853, 79.14098492032252352, 2.249999999999999556 ) ) ;
#2104 = CONICAL_SURFACE ( 'NONE', #6697, 0.4500000000000337064, 0.7853981633974281840 ) ;
#2105 = AXIS2_PLACEMENT_3D ( 'NONE', #1638, #7969, #4311 ) ;
#2106 = DIRECTION ( 'NONE',  ( 1.000000000000000000, -5.448606792506972827E-17, 0.000000000000000000 ) ) ;
#2107 = AXIS2_PLACEMENT_3D ( 'NONE', #4865, #2342, #8094 ) ;
#2108 = AXIS2_PLACEMENT_3D ( 'NONE', #4291, #8034, #5568 ) ;
#2109 = CARTESIAN_POINT ( 'NONE',  ( -4.410241971407003803, -11.81123575416735250, 2.249999999999999556 ) ) ;
#2110 = ORIENTED_EDGE ( 'NONE', *, *, #6492, .T. ) ;
#2111 = CARTESIAN_POINT ( 'NONE',  ( -17.99837156823818418, 11.72904643824258386, 2.249999999999999556 ) ) ;
#2112 = AXIS2_PLACEMENT_3D ( 'NONE', #798, #2692, #4593 ) ;
#2113 = VECTOR ( 'NONE', #749, 1000.000000000000000 ) ;
#2114 = DIRECTION ( 'NONE',  ( -1.288939666242958913E-07, 0.9999999999999916733, 0.000000000000000000 ) ) ;
#2115 = ORIENTED_EDGE ( 'NONE', *, *, #6823, .F. ) ;
#2116 = EDGE_LOOP ( 'NONE', ( #646, #55, #5944, #6336 ) ) ;
#2117 = DIRECTION ( 'NONE',  ( 1.000000000000000000, 0.000000000000000000, 0.000000000000000000 ) ) ;
#2118 = VECTOR ( 'NONE', #2207, 1000.000000000000000 ) ;
#2119 = DIRECTION ( 'NONE',  ( -0.000000000000000000, 0.000000000000000000, 1.000000000000000000 ) ) ;
#2120 = EDGE_CURVE ( 'NONE', #1372, #159, #207, .T. ) ;
#2121 = DIRECTION ( 'NONE',  ( -0.000000000000000000, -0.000000000000000000, -1.000000000000000000 ) ) ;
#2122 = LINE ( 'NONE', #5140, #144 ) ;
#2123 = VERTEX_POINT ( 'NONE', #2020 ) ;
#2124 = VECTOR ( 'NONE', #288, 1000.000000000000000 ) ;
#2125 = CARTESIAN_POINT ( 'NONE',  ( 13.08858891146493697, -3.672762158219243123, 2.249999999999999556 ) ) ;
#2126 = ORIENTED_EDGE ( 'NONE', *, *, #3257, .F. ) ;
#2127 = ORIENTED_EDGE ( 'NONE', *, *, #5035, .F. ) ;
#2128 = DIRECTION ( 'NONE',  ( -1.000000000000000000, 5.448606792506972827E-17, 0.000000000000000000 ) ) ;
#2129 = DIRECTION ( 'NONE',  ( 0.8779737183685919488, 0.4787088361979842110, 0.000000000000000000 ) ) ;
#2130 = ADVANCED_FACE ( 'NONE', ( #4497 ), #3334, .F. ) ;
#2131 = EDGE_CURVE ( 'NONE', #4293, #5448, #7039, .T. ) ;
#2132 = AXIS2_PLACEMENT_3D ( 'NONE', #5244, #7697, #2683 ) ;
#2133 = CARTESIAN_POINT ( 'NONE',  ( -24.16772100000000023, 39.98547018669192710, -3.199999999999991740 ) ) ;
#2134 = CARTESIAN_POINT ( 'NONE',  ( 74.56228330292589135, 19.29411698796796415, -3.999999999999968914 ) ) ;
#2135 = AXIS2_PLACEMENT_3D ( 'NONE', #1940, #4457, #584 ) ;
#2136 = ORIENTED_EDGE ( 'NONE', *, *, #7260, .T. ) ;
#2137 = ORIENTED_EDGE ( 'NONE', *, *, #1376, .F. ) ;
#2138 = CARTESIAN_POINT ( 'NONE',  ( 48.95915292032525912, 1.244117980299763726, -4.599999999999992539 ) ) ;
#2139 = EDGE_LOOP ( 'NONE', ( #445, #741 ) ) ;
#2140 = CARTESIAN_POINT ( 'NONE',  ( 7.662260430057417082, 81.84410835818626140, -3.999999999999992450 ) ) ;
#2141 = EDGE_CURVE ( 'NONE', #6374, #643, #3136, .T. ) ;
#2142 = DIRECTION ( 'NONE',  ( -0.000000000000000000, -0.000000000000000000, 1.000000000000000000 ) ) ;
#2143 = DIRECTION ( 'NONE',  ( -0.000000000000000000, 0.000000000000000000, 1.000000000000000000 ) ) ;
#2144 = VERTEX_POINT ( 'NONE', #6729 ) ;
#2145 = DIRECTION ( 'NONE',  ( 1.000000000000000000, 0.000000000000000000, 0.000000000000000000 ) ) ;
#2146 = ORIENTED_EDGE ( 'NONE', *, *, #1224, .F. ) ;
#2147 = DIRECTION ( 'NONE',  ( 0.000000000000000000, 0.000000000000000000, 1.000000000000000000 ) ) ;
#2148 = EDGE_CURVE ( 'NONE', #5801, #5354, #7970, .T. ) ;
#2149 = CARTESIAN_POINT ( 'NONE',  ( 118.3122889495875114, 71.14856685720401686, -4.599999999999992539 ) ) ;
#2150 = EDGE_LOOP ( 'NONE', ( #807, #3371, #3450, #5981 ) ) ;
#2151 = CARTESIAN_POINT ( 'NONE',  ( 31.18142950036545358, 82.04411100000002932, -2.199999999999999734 ) ) ;
#2152 = ORIENTED_EDGE ( 'NONE', *, *, #141, .F. ) ;
#2153 = CARTESIAN_POINT ( 'NONE',  ( 96.81227900000000375, 53.59411099999999806, 1.750000000000017097 ) ) ;
#2154 = CIRCLE ( 'NONE', #6825, 2.250000000000001776 ) ;
#2155 = PLANE ( 'NONE',  #1597 ) ;
#2156 = VERTEX_POINT ( 'NONE', #7310 ) ;
#2157 = VERTEX_POINT ( 'NONE', #1639 ) ;
#2158 = DIRECTION ( 'NONE',  ( 0.000000000000000000, 0.000000000000000000, 1.000000000000000000 ) ) ;
#2159 =( LENGTH_UNIT ( ) NAMED_UNIT ( * ) SI_UNIT ( .MILLI., .METRE. ) );
#2160 = DIRECTION ( 'NONE',  ( 0.000000000000000000, 0.000000000000000000, 1.000000000000000000 ) ) ;
#2161 = CARTESIAN_POINT ( 'NONE',  ( 53.46685758666355781, 23.29411100000000800, -4.599999999999992539 ) ) ;
#2162 = CARTESIAN_POINT ( 'NONE',  ( -0.06637713212791762629, 85.22972665496169498, -4.599999999999992539 ) ) ;
#2163 = VERTEX_POINT ( 'NONE', #1675 ) ;
#2164 = EDGE_CURVE ( 'NONE', #2184, #7531, #3654, .T. ) ;
#2165 = CARTESIAN_POINT ( 'NONE',  ( 12.66226043005733892, 81.84410925728559505, -2.149999999999970601 ) ) ;
#2166 = ORIENTED_EDGE ( 'NONE', *, *, #3403, .T. ) ;
#2167 = ORIENTED_EDGE ( 'NONE', *, *, #3854, .F. ) ;
#2168 = CARTESIAN_POINT ( 'NONE',  ( 85.21227469707440605, 76.84410589528944513, -3.999999999999992450 ) ) ;
#2169 = FACE_OUTER_BOUND ( 'NONE', #2846, .T. ) ;
#2170 = CARTESIAN_POINT ( 'NONE',  ( -1.359001490144519542, 83.97986160731412042, 0.5900790982851356059 ) ) ;
#2171 = DIRECTION ( 'NONE',  ( 1.000000000000000000, 0.000000000000000000, 0.000000000000000000 ) ) ;
#2172 = VERTEX_POINT ( 'NONE', #480 ) ;
#2173 = VERTEX_POINT ( 'NONE', #1756 ) ;
#2174 = CARTESIAN_POINT ( 'NONE',  ( 101.3122825347106328, 14.09411798029977447, -2.199999999999991296 ) ) ;
#2175 = VECTOR ( 'NONE', #6129, 1000.000000000000114 ) ;
#2176 = EDGE_CURVE ( 'NONE', #2756, #5736, #1485, .T. ) ;
#2177 = ORIENTED_EDGE ( 'NONE', *, *, #4499, .F. ) ;
#2178 = CARTESIAN_POINT ( 'NONE',  ( 88.36227469707438331, 76.84410589528943092, -1.550000000000002709 ) ) ;
#2179 = EDGE_CURVE ( 'NONE', #4898, #7928, #4271, .T. ) ;
#2180 = LINE ( 'NONE', #983, #7263 ) ;
#2181 = VECTOR ( 'NONE', #2952, 1000.000000000000000 ) ;
#2182 = DIRECTION ( 'NONE',  ( 1.000000000000000000, 0.000000000000000000, 0.000000000000000000 ) ) ;
#2183 = LINE ( 'NONE', #1565, #3275 ) ;
#2184 = VERTEX_POINT ( 'NONE', #6154 ) ;
#2185 = CARTESIAN_POINT ( 'NONE',  ( -1.059490297517102553, 84.14536651193503758, 0.4401356564708546193 ) ) ;
#2186 = EDGE_CURVE ( 'NONE', #2144, #5540, #6646, .T. ) ;
#2187 = ORIENTED_EDGE ( 'NONE', *, *, #6423, .T. ) ;
#2188 = CARTESIAN_POINT ( 'NONE',  ( 63.05759138113731410, 12.87146126918945477, 4.450000000000000178 ) ) ;
#2189 = EDGE_CURVE ( 'NONE', #3147, #6402, #3375, .T. ) ;
#2190 = AXIS2_PLACEMENT_3D ( 'NONE', #7792, #1002, #3977 ) ;
#2191 = VECTOR ( 'NONE', #3812, 1000.000000000000000 ) ;
#2192 = CARTESIAN_POINT ( 'NONE',  ( 97.93727900000000375, 34.54411100000000090, 4.450000000000000178 ) ) ;
#2193 = VECTOR ( 'NONE', #4023, 1000.000000000000114 ) ;
#2194 = AXIS2_PLACEMENT_3D ( 'NONE', #6221, #666, #551 ) ;
#2195 = ORIENTED_EDGE ( 'NONE', *, *, #3228, .T. ) ;
#2196 = DIRECTION ( 'NONE',  ( -0.02449038266024561664, 0.9997000655982547501, 0.000000000000000000 ) ) ;
#2197 = VERTEX_POINT ( 'NONE', #3615 ) ;
#2198 = CARTESIAN_POINT ( 'NONE',  ( -18.16772100000000023, 9.898876804497156213E-16, -4.599999999999992539 ) ) ;
#2199 = EDGE_CURVE ( 'NONE', #310, #4689, #4286, .T. ) ;
#2200 = LINE ( 'NONE', #961, #6060 ) ;
#2201 = VERTEX_POINT ( 'NONE', #397 ) ;
#2202 = VECTOR ( 'NONE', #1957, 1000.000000000000000 ) ;
#2203 = DIRECTION ( 'NONE',  ( -2.335877759801060922E-06, 0.9999999999972718490, 0.000000000000000000 ) ) ;
#2204 = CARTESIAN_POINT ( 'NONE',  ( 77.06228330292589135, 19.29411698796796415, -3.999999999999968914 ) ) ;
#2205 = DIRECTION ( 'NONE',  ( 1.000000000000000000, -5.448606792506972827E-17, -0.000000000000000000 ) ) ;
#2206 = CARTESIAN_POINT ( 'NONE',  ( -6.242186192145746442E-06, 23.29409667233047543, 2.250000000000000000 ) ) ;
#2207 = DIRECTION ( 'NONE',  ( -0.9999999999993565147, -1.134431386911876734E-06, 0.000000000000000000 ) ) ;
#2208 = ADVANCED_FACE ( 'NONE', ( #6685 ), #5507, .F. ) ;
#2209 = ORIENTED_EDGE ( 'NONE', *, *, #5581, .T. ) ;
#2210 = DIRECTION ( 'NONE',  ( 0.02449038266017894427, 0.9997000655982564155, -0.000000000000000000 ) ) ;
#2211 = EDGE_LOOP ( 'NONE', ( #1285, #3322, #140, #3746 ) ) ;
#2212 = EDGE_LOOP ( 'NONE', ( #3730, #6670, #2649, #5212 ) ) ;
#2213 = CARTESIAN_POINT ( 'NONE',  ( -11.01773293216644234, 78.84410499915229309, -4.599999999999992539 ) ) ;
#2214 = CARTESIAN_POINT ( 'NONE',  ( -19.36772099999999597, 51.23547018669193420, -4.599999999999992539 ) ) ;
#2215 = CARTESIAN_POINT ( 'NONE',  ( 116.7495109432711757, 72.84095914592785448, -4.599999999999992539 ) ) ;
#2216 = DIRECTION ( 'NONE',  ( 0.000000000000000000, 0.000000000000000000, -1.000000000000000000 ) ) ;
#2217 = VERTEX_POINT ( 'NONE', #2334 ) ;
#2218 = EDGE_LOOP ( 'NONE', ( #2548, #8049 ) ) ;
#2219 = VERTEX_POINT ( 'NONE', #6351 ) ;
#2220 = DIRECTION ( 'NONE',  ( -0.02449038266017686954, 0.9997000655982564155, 0.000000000000000000 ) ) ;
#2221 = CARTESIAN_POINT ( 'NONE',  ( 0.000000000000000000, 80.84411100000002648, -4.599999999999992539 ) ) ;
#2222 = DIRECTION ( 'NONE',  ( 0.9997000655982575257, -0.02449038266012940057, 0.000000000000000000 ) ) ;
#2223 = ADVANCED_FACE ( 'NONE', ( #1952 ), #3093, .F. ) ;
#2224 = VECTOR ( 'NONE', #5683, 1000.000000000000000 ) ;
#2225 = LINE ( 'NONE', #6091, #3011 ) ;
#2226 = VERTEX_POINT ( 'NONE', #58 ) ;
#2227 = CARTESIAN_POINT ( 'NONE',  ( -1.313297881712942816, 84.00532866148218147, 0.5801128932134106408 ) ) ;
#2228 = ORIENTED_EDGE ( 'NONE', *, *, #1484, .F. ) ;
#2229 = DIRECTION ( 'NONE',  ( -0.000000000000000000, 0.000000000000000000, 1.000000000000000000 ) ) ;
#2230 = AXIS2_PLACEMENT_3D ( 'NONE', #5238, #6502, #948 ) ;
#2231 = PLANE ( 'NONE',  #5678 ) ;
#2232 = EDGE_CURVE ( 'NONE', #6286, #4326, #1913, .T. ) ;
#2233 = EDGE_CURVE ( 'NONE', #7220, #7234, #5619, .T. ) ;
#2234 = VECTOR ( 'NONE', #2147, 1000.000000000000000 ) ;
#2235 = ORIENTED_EDGE ( 'NONE', *, *, #1121, .T. ) ;
#2236 = AXIS2_PLACEMENT_3D ( 'NONE', #7932, #1599, #1011 ) ;
#2237 = CARTESIAN_POINT ( 'NONE',  ( -20.02127337494378523, 0.4904757568495307085, -4.599999999999992539 ) ) ;
#2238 = VERTEX_POINT ( 'NONE', #6229 ) ;
#2239 = CARTESIAN_POINT ( 'NONE',  ( 7.662260430057417082, 81.84410835818626140, -4.599999999999992539 ) ) ;
#2240 = VECTOR ( 'NONE', #4369, 1000.000000000000000 ) ;
#2241 = DIRECTION ( 'NONE',  ( -1.000000000000000000, 0.000000000000000000, 0.000000000000000000 ) ) ;
#2242 = DIRECTION ( 'NONE',  ( -0.000000000000000000, -0.000000000000000000, 1.000000000000000000 ) ) ;
#2243 = VECTOR ( 'NONE', #405, 1000.000000000000000 ) ;
#2244 = DIRECTION ( 'NONE',  ( 0.000000000000000000, 0.000000000000000000, 1.000000000000000000 ) ) ;
#2245 = ADVANCED_FACE ( 'NONE', ( #2454 ), #6194, .F. ) ;
#2246 = VECTOR ( 'NONE', #6887, 1000.000000000000114 ) ;
#2247 = AXIS2_PLACEMENT_3D ( 'NONE', #6447, #812, #2701 ) ;
#2248 = CARTESIAN_POINT ( 'NONE',  ( 84.16227469707442310, 76.84410589528944513, -4.599999999999992539 ) ) ;
#2249 = VECTOR ( 'NONE', #3997, 1000.000000000000000 ) ;
#2250 = DIRECTION ( 'NONE',  ( -1.000000000000000000, 0.000000000000000000, 0.000000000000000000 ) ) ;
#2251 = ORIENTED_EDGE ( 'NONE', *, *, #6471, .F. ) ;
#2252 = CARTESIAN_POINT ( 'NONE',  ( 6.333840999999999610, 12.63464199999999948, 1.349999999999999867 ) ) ;
#2253 = ORIENTED_EDGE ( 'NONE', *, *, #1964, .F. ) ;
#2254 = VERTEX_POINT ( 'NONE', #4353 ) ;
#2255 = VECTOR ( 'NONE', #5421, 999.9999999999998863 ) ;
#2256 = CONICAL_SURFACE ( 'NONE', #2387, 2.250000000000001776, 0.7853981633974579379 ) ;
#2257 = FACE_OUTER_BOUND ( 'NONE', #2427, .T. ) ;
#2258 = DIRECTION ( 'NONE',  ( -0.000000000000000000, -0.000000000000000000, -1.000000000000000000 ) ) ;
#2259 = DIRECTION ( 'NONE',  ( 0.7071067811865334729, 8.659560562354760295E-17, -0.7071067811865617836 ) ) ;
#2260 = EDGE_CURVE ( 'NONE', #7777, #5029, #1830, .T. ) ;
#2261 = CARTESIAN_POINT ( 'NONE',  ( -16.86772099999999597, 77.67724262499595511, 3.449999999999999289 ) ) ;
#2262 = VECTOR ( 'NONE', #7745, 1000.000000000000000 ) ;
#2263 = CIRCLE ( 'NONE', #6847, 1.250000000000001110 ) ;
#2264 = CARTESIAN_POINT ( 'NONE',  ( 6.333840999999999610, 12.63464199999999948, 2.250000000000000000 ) ) ;
#2265 = ORIENTED_EDGE ( 'NONE', *, *, #726, .T. ) ;
#2266 = ORIENTED_EDGE ( 'NONE', *, *, #412, .T. ) ;
#2267 = VERTEX_POINT ( 'NONE', #1290 ) ;
#2268 = CARTESIAN_POINT ( 'NONE',  ( 80.32716506643608056, 1.967833231367132063, -4.599999999999992539 ) ) ;
#2269 = LINE ( 'NONE', #5925, #1619 ) ;
#2270 = CONICAL_SURFACE ( 'NONE', #423, 2.250000000000001776, 0.7853981633974579379 ) ;
#2271 = VECTOR ( 'NONE', #3589, 1000.000000000000000 ) ;
#2272 = DIRECTION ( 'NONE',  ( -0.000000000000000000, 0.000000000000000000, 1.000000000000000000 ) ) ;
#2273 = CARTESIAN_POINT ( 'NONE',  ( 116.6167348572000151, 16.99186833868100166, 2.250000000000000000 ) ) ;
#2274 = ORIENTED_EDGE ( 'NONE', *, *, #3250, .F. ) ;
#2275 = DIRECTION ( 'NONE',  ( -0.000000000000000000, 0.000000000000000000, 1.000000000000000000 ) ) ;
#2276 = ORIENTED_EDGE ( 'NONE', *, *, #6651, .F. ) ;
#2277 = FACE_OUTER_BOUND ( 'NONE', #1201, .T. ) ;
#2278 = AXIS2_PLACEMENT_3D ( 'NONE', #1594, #5384, #1507 ) ;
#2279 = EDGE_CURVE ( 'NONE', #8119, #6140, #3772, .T. ) ;
#2280 = CARTESIAN_POINT ( 'NONE',  ( -0.8677344066895241737, 87.04410682432383339, -9.399999999999993250 ) ) ;
#2281 = ORIENTED_EDGE ( 'NONE', *, *, #1325, .T. ) ;
#2282 = ORIENTED_EDGE ( 'NONE', *, *, #2189, .T. ) ;
#2283 = PLANE ( 'NONE',  #1041 ) ;
#2284 = CARTESIAN_POINT ( 'NONE',  ( -20.16772100000000023, 24.98547018669191289, -3.199999999999991740 ) ) ;
#2285 = ADVANCED_FACE ( 'NONE', ( #2537 ), #676, .F. ) ;
#2286 = EDGE_CURVE ( 'NONE', #1188, #4898, #5658, .T. ) ;
#2287 = PLANE ( 'NONE',  #4690 ) ;
#2288 = CARTESIAN_POINT ( 'NONE',  ( 41.71228894960605516, 81.13965514279601621, 2.250000000000000000 ) ) ;
#2289 = AXIS2_PLACEMENT_3D ( 'NONE', #488, #3036, #6271 ) ;
#2290 = DIRECTION ( 'NONE',  ( 0.000000000000000000, 0.000000000000000000, -1.000000000000000000 ) ) ;
#2291 = DIRECTION ( 'NONE',  ( 0.000000000000000000, 0.000000000000000000, -1.000000000000000000 ) ) ;
#2292 = EDGE_LOOP ( 'NONE', ( #2596, #2450, #2082, #1303 ) ) ;
#2293 = FACE_BOUND ( 'NONE', #5975, .T. ) ;
#2294 = ORIENTED_EDGE ( 'NONE', *, *, #1924, .T. ) ;
#2295 = ORIENTED_EDGE ( 'NONE', *, *, #1032, .F. ) ;
#2296 = ADVANCED_FACE ( 'NONE', ( #2490 ), #715, .F. ) ;
#2297 = DIRECTION ( 'NONE',  ( 1.000000000000000000, 0.000000000000000000, 0.000000000000000000 ) ) ;
#2298 = CARTESIAN_POINT ( 'NONE',  ( 14.53726043005733892, 81.84410925728559505, 4.450000000000000178 ) ) ;
#2299 = DIRECTION ( 'NONE',  ( 1.000000000000000000, 5.322106441609202775E-17, -0.000000000000000000 ) ) ;
#2300 = CARTESIAN_POINT ( 'NONE',  ( 119.5122720196896893, 26.81910750985032621, -2.199999999999996625 ) ) ;
#2301 = CARTESIAN_POINT ( 'NONE',  ( 18.71226043005728457, 81.84411015638494291, -4.599999999999992539 ) ) ;
#2302 = EDGE_LOOP ( 'NONE', ( #8046, #2282, #2948, #509 ) ) ;
#2303 = ORIENTED_EDGE ( 'NONE', *, *, #5415, .F. ) ;
#2304 = EDGE_LOOP ( 'NONE', ( #4816, #1109, #2356, #1575 ) ) ;
#2305 = CARTESIAN_POINT ( 'NONE',  ( 118.3122720196896722, 31.31910750985032621, -4.599999999999992539 ) ) ;
#2306 = EDGE_CURVE ( 'NONE', #7894, #3737, #5473, .T. ) ;
#2307 = CARTESIAN_POINT ( 'NONE',  ( -0.8677344066895240626, 87.04410682432383339, 6.795532277358968422E-15 ) ) ;
#2308 = CARTESIAN_POINT ( 'NONE',  ( 116.3122720203380709, 71.13595435076683771, -4.599999999999992539 ) ) ;
#2309 = DIRECTION ( 'NONE',  ( -1.288939664294365441E-07, 0.9999999999999916733, 0.000000000000000000 ) ) ;
#2310 = VERTEX_POINT ( 'NONE', #4389 ) ;
#2311 = DIRECTION ( 'NONE',  ( 0.000000000000000000, -1.000000000000000000, 0.000000000000000000 ) ) ;
#2312 = ORIENTED_EDGE ( 'NONE', *, *, #7104, .F. ) ;
#2313 = DIRECTION ( 'NONE',  ( 1.000000000000000000, 0.000000000000000000, 0.000000000000000000 ) ) ;
#2314 = ADVANCED_FACE ( 'NONE', ( #5743 ), #6885, .T. ) ;
#2315 = CONICAL_SURFACE ( 'NONE', #6246, 2.124999999999974243, 0.7853981633974393972 ) ;
#2316 = CIRCLE ( 'NONE', #6897, 1.850000000000018296 ) ;
#2317 = DIRECTION ( 'NONE',  ( -1.798198684919793434E-07, 0.9999999999999837907, 0.000000000000000000 ) ) ;
#2318 = AXIS2_PLACEMENT_3D ( 'NONE', #3186, #6882, #7544 ) ;
#2319 = ORIENTED_EDGE ( 'NONE', *, *, #5754, .T. ) ;
#2320 = AXIS2_PLACEMENT_3D ( 'NONE', #5352, #2216, #4737 ) ;
#2321 = VERTEX_POINT ( 'NONE', #631 ) ;
#2322 = CARTESIAN_POINT ( 'NONE',  ( 9.083840999999988952, 12.63464199999999948, 2.250000000000000000 ) ) ;
#2323 = CARTESIAN_POINT ( 'NONE',  ( 99.06228253471061862, 14.09411798029977803, -2.199999999999991296 ) ) ;
#2324 = CARTESIAN_POINT ( 'NONE',  ( 20.09026621665517354, -1.796668418921559818, -4.599999999999992539 ) ) ;
#2325 = VECTOR ( 'NONE', #705, 1000.000000000000000 ) ;
#2326 = EDGE_CURVE ( 'NONE', #748, #1396, #7546, .T. ) ;
#2327 = DIRECTION ( 'NONE',  ( -0.9999999999999206191, -3.984065844030485859E-07, 0.000000000000000000 ) ) ;
#2328 = CARTESIAN_POINT ( 'NONE',  ( -9.171200995274940491E-05, 80.84403429840453725, -4.599999999999992539 ) ) ;
#2329 = EDGE_LOOP ( 'NONE', ( #1804, #203, #2805, #5239, #5958, #882, #7674, #4055 ) ) ;
#2330 = LINE ( 'NONE', #7423, #7049 ) ;
#2331 = VERTEX_POINT ( 'NONE', #6806 ) ;
#2332 = LINE ( 'NONE', #7341, #6126 ) ;
#2333 = LINE ( 'NONE', #2988, #4215 ) ;
#2334 = CARTESIAN_POINT ( 'NONE',  ( 67.18142950036545358, 80.84411051123082359, -2.199999999999999734 ) ) ;
#2335 = CARTESIAN_POINT ( 'NONE',  ( -1.220749371811732376, 84.05665765040858162, 0.5471941443278436346 ) ) ;
#2336 = ADVANCED_FACE ( 'NONE', ( #6308 ), #3188, .T. ) ;
#2337 = EDGE_CURVE ( 'NONE', #3499, #4565, #5096, .T. ) ;
#2338 = DIRECTION ( 'NONE',  ( 0.000000000000000000, -1.000000000000000000, 0.000000000000000000 ) ) ;
#2339 = ORIENTED_EDGE ( 'NONE', *, *, #2838, .F. ) ;
#2340 = ORIENTED_EDGE ( 'NONE', *, *, #5006, .F. ) ;
#2341 = ORIENTED_EDGE ( 'NONE', *, *, #808, .F. ) ;
#2342 = DIRECTION ( 'NONE',  ( -0.000000000000000000, -0.000000000000000000, 1.000000000000000000 ) ) ;
#2343 = CARTESIAN_POINT ( 'NONE',  ( 63.05759268073793322, -1.178533457750166935, 4.450000000000000178 ) ) ;
#2344 = DIRECTION ( 'NONE',  ( -0.02449038266017686954, 0.9997000655982564155, 0.000000000000000000 ) ) ;
#2345 = EDGE_CURVE ( 'NONE', #5856, #4025, #3068, .T. ) ;
#2346 = DIRECTION ( 'NONE',  ( 1.798198684919793169E-07, -0.9999999999999837907, -0.000000000000000000 ) ) ;
#2347 = EDGE_LOOP ( 'NONE', ( #8073, #5048 ) ) ;
#2348 = CARTESIAN_POINT ( 'NONE',  ( 31.18142950036545358, 80.84411100000002648, -4.599999999999992539 ) ) ;
#2349 = ORIENTED_EDGE ( 'NONE', *, *, #2749, .T. ) ;
#2350 = DIRECTION ( 'NONE',  ( 0.8660254062730189384, 0.4999999956896525322, 0.000000000000000000 ) ) ;
#2351 = CIRCLE ( 'NONE', #7210, 2.722649730810388302 ) ;
#2352 = DIRECTION ( 'NONE',  ( 0.000000000000000000, 0.000000000000000000, 1.000000000000000000 ) ) ;
#2353 = EDGE_CURVE ( 'NONE', #4536, #6899, #222, .T. ) ;
#2354 = FACE_OUTER_BOUND ( 'NONE', #4122, .T. ) ;
#2355 = EDGE_LOOP ( 'NONE', ( #5430, #3491, #535, #1355 ) ) ;
#2356 = ORIENTED_EDGE ( 'NONE', *, *, #1154, .T. ) ;
#2357 = LINE ( 'NONE', #7490, #2487 ) ;
#2358 = VECTOR ( 'NONE', #8021, 1000.000000000000000 ) ;
#2359 = LINE ( 'NONE', #381, #4762 ) ;
#2360 = CARTESIAN_POINT ( 'NONE',  ( 78.51452166131001320, 79.14856685720401686, -4.599999999999992539 ) ) ;
#2361 = CIRCLE ( 'NONE', #4469, 1.049999999999995381 ) ;
#2362 = PLANE ( 'NONE',  #7698 ) ;
#2363 = CARTESIAN_POINT ( 'NONE',  ( 52.26227900109225288, -0.3558820217042309442, 3.450002953554892837 ) ) ;
#2364 = ORIENTED_EDGE ( 'NONE', *, *, #6105, .F. ) ;
#2365 = FACE_BOUND ( 'NONE', #4065, .T. ) ;
#2366 = CONICAL_SURFACE ( 'NONE', #5782, 1.250000000000001110, 0.7853981633974445042 ) ;
#2367 = EDGE_LOOP ( 'NONE', ( #7818, #5899, #5442, #6771 ) ) ;
#2368 = DIRECTION ( 'NONE',  ( -1.000000000000000000, 0.000000000000000000, 0.000000000000000000 ) ) ;
#2369 = CIRCLE ( 'NONE', #4477, 1.875000000000001776 ) ;
#2370 = ADVANCED_FACE ( 'NONE', ( #3932 ), #7176, .F. ) ;
#2371 = DIRECTION ( 'NONE',  ( 3.984065844824414605E-07, -0.9999999999999206191, 0.000000000000000000 ) ) ;
#2372 = VECTOR ( 'NONE', #7404, 1000.000000000000114 ) ;
#2373 = CARTESIAN_POINT ( 'NONE',  ( -15.20392704735339784, 80.38917233156139730, 0.4970462073744270071 ) ) ;
#2374 = AXIS2_PLACEMENT_3D ( 'NONE', #1600, #848, #3325 ) ;
#2375 = CIRCLE ( 'NONE', #139, 1.050000000000009148 ) ;
#2376 = LINE ( 'NONE', #3069, #5865 ) ;
#2377 = VECTOR ( 'NONE', #3438, 1000.000000000000000 ) ;
#2378 = ORIENTED_EDGE ( 'NONE', *, *, #7652, .T. ) ;
#2379 = ORIENTED_EDGE ( 'NONE', *, *, #1523, .T. ) ;
#2380 = ORIENTED_EDGE ( 'NONE', *, *, #3038, .F. ) ;
#2381 = CARTESIAN_POINT ( 'NONE',  ( -0.1711894136880810768, 85.20845609753932592, 0.5689105285596269823 ) ) ;
#2382 = VECTOR ( 'NONE', #2658, 1000.000000000000000 ) ;
#2383 = AXIS2_PLACEMENT_3D ( 'NONE', #711, #1871, #5696 ) ;
#2384 = DIRECTION ( 'NONE',  ( 0.7071067811865543451, 0.000000000000000000, 0.7071067811865408004 ) ) ;
#2385 = ADVANCED_FACE ( 'NONE', ( #801 ), #4521, .F. ) ;
#2386 = EDGE_CURVE ( 'NONE', #4490, #4382, #2075, .T. ) ;
#2387 = AXIS2_PLACEMENT_3D ( 'NONE', #7539, #8118, #1126 ) ;
#2388 = CARTESIAN_POINT ( 'NONE',  ( -15.97357118996318270, 81.36924968810801317, 1.366950237504304111 ) ) ;
#2389 = CARTESIAN_POINT ( 'NONE',  ( 12.66226043005733892, 81.84410925728559505, -2.149999999999970601 ) ) ;
#2390 = ORIENTED_EDGE ( 'NONE', *, *, #1582, .F. ) ;
#2391 = CARTESIAN_POINT ( 'NONE',  ( 18.11226043005726538, 81.84411015638494291, -3.999999999999992450 ) ) ;
#2392 = ORIENTED_EDGE ( 'NONE', *, *, #2002, .T. ) ;
#2393 = DIRECTION ( 'NONE',  ( -0.9999999999999812372, -1.932974505730857680E-07, 0.000000000000000000 ) ) ;
#2394 = AXIS2_PLACEMENT_3D ( 'NONE', #3267, #2693, #5181 ) ;
#2395 = AXIS2_PLACEMENT_3D ( 'NONE', #6046, #5971, #4834 ) ;
#2396 = EDGE_CURVE ( 'NONE', #3765, #228, #182, .T. ) ;
#2397 = SURFACE_STYLE_FILL_AREA ( #7554 ) ;
#2398 = DIRECTION ( 'NONE',  ( 1.000000000000000000, 0.000000000000000000, 0.000000000000000000 ) ) ;
#2399 = CIRCLE ( 'NONE', #1336, 1.125000000000000888 ) ;
#2400 = LINE ( 'NONE', #1811, #8029 ) ;
#2401 = ORIENTED_EDGE ( 'NONE', *, *, #4418, .T. ) ;
#2402 = EDGE_LOOP ( 'NONE', ( #85, #4562 ) ) ;
#2403 = CARTESIAN_POINT ( 'NONE',  ( 116.6041236157664969, 12.29411797798554851, -4.599999999999992539 ) ) ;
#2404 = VECTOR ( 'NONE', #2561, 1000.000000000000000 ) ;
#2405 = DIRECTION ( 'NONE',  ( 1.000000000000000000, 0.000000000000000000, 0.000000000000000000 ) ) ;
#2406 = EDGE_CURVE ( 'NONE', #4268, #7713, #6434, .T. ) ;
#2407 = FACE_OUTER_BOUND ( 'NONE', #3928, .T. ) ;
#2408 = DIRECTION ( 'NONE',  ( 0.000000000000000000, 0.000000000000000000, 1.000000000000000000 ) ) ;
#2409 = VERTEX_POINT ( 'NONE', #2659 ) ;
#2410 = CARTESIAN_POINT ( 'NONE',  ( 48.03727900000000517, 24.49411100000000019, 4.450000000000000178 ) ) ;
#2411 = ORIENTED_EDGE ( 'NONE', *, *, #6242, .T. ) ;
#2412 = DIRECTION ( 'NONE',  ( 1.000000000000000000, 0.000000000000000000, 0.000000000000000000 ) ) ;
#2413 = ORIENTED_EDGE ( 'NONE', *, *, #5952, .F. ) ;
#2414 = CARTESIAN_POINT ( 'NONE',  ( 79.51540507967473559, 23.29411798030432124, -4.599999999999992539 ) ) ;
#2415 = DIRECTION ( 'NONE',  ( -1.000000000000000000, 0.000000000000000000, 0.000000000000000000 ) ) ;
#2416 = DIRECTION ( 'NONE',  ( -0.000000000000000000, -0.000000000000000000, 1.000000000000000000 ) ) ;
#2417 = DIRECTION ( 'NONE',  ( -0.9659258276786802933, -0.2588190399164175814, 0.000000000000000000 ) ) ;
#2418 = ORIENTED_EDGE ( 'NONE', *, *, #2801, .T. ) ;
#2419 = ORIENTED_EDGE ( 'NONE', *, *, #412, .F. ) ;
#2420 = CARTESIAN_POINT ( 'NONE',  ( -1.465482297849232118, 84.94131275988625873, 1.587347988597920034 ) ) ;
#2421 = FACE_OUTER_BOUND ( 'NONE', #1653, .T. ) ;
#2422 = CONICAL_SURFACE ( 'NONE', #4001, 2.250000000000001776, 0.7853981633974579379 ) ;
#2423 = DIRECTION ( 'NONE',  ( -0.000000000000000000, -1.000000000000000000, -0.000000000000000000 ) ) ;
#2424 = EDGE_CURVE ( 'NONE', #5873, #4137, #945, .T. ) ;
#2425 = CARTESIAN_POINT ( 'NONE',  ( -14.80859082457480191, -1.465830875177938086, -2.149999999999971045 ) ) ;
#2426 = EDGE_CURVE ( 'NONE', #5544, #7977, #3579, .T. ) ;
#2427 = EDGE_LOOP ( 'NONE', ( #4648, #6300, #2042, #4766 ) ) ;
#2428 = DIRECTION ( 'NONE',  ( -1.798198673297330110E-07, 0.9999999999999839018, 0.000000000000000000 ) ) ;
#2429 = VERTEX_POINT ( 'NONE', #4644 ) ;
#2430 = DIRECTION ( 'NONE',  ( -1.000000000000000000, 0.000000000000000000, 0.000000000000000000 ) ) ;
#2431 = CARTESIAN_POINT ( 'NONE',  ( -8.888494782936771088, -4.876320549734168175, 2.250000000000000000 ) ) ;
#2432 = CARTESIAN_POINT ( 'NONE',  ( 99.06228253471061862, 14.09411798029977803, -2.199999999999991296 ) ) ;
#2433 = ADVANCED_FACE ( 'NONE', ( #7708 ), #4594, .F. ) ;
#2434 = CARTESIAN_POINT ( 'NONE',  ( -18.16772099999999668, 76.15268391958780114, 2.249999999999999556 ) ) ;
#2435 = EDGE_CURVE ( 'NONE', #1167, #2552, #2655, .T. ) ;
#2436 = ORIENTED_EDGE ( 'NONE', *, *, #8115, .F. ) ;
#2437 = VERTEX_POINT ( 'NONE', #1462 ) ;
#2438 = CARTESIAN_POINT ( 'NONE',  ( 25.11227899999999735, 60.09411099999999806, 1.750000000000020650 ) ) ;
#2439 = CARTESIAN_POINT ( 'NONE',  ( 48.96673485720001651, 2.941868338680999173, -4.599999999999992539 ) ) ;
#2440 = VECTOR ( 'NONE', #6001, 1000.000000000000000 ) ;
#2441 = LINE ( 'NONE', #7493, #4240 ) ;
#2442 = VECTOR ( 'NONE', #1250, 1000.000000000000000 ) ;
#2443 = VECTOR ( 'NONE', #4684, 1000.000000000000114 ) ;
#2444 = EDGE_CURVE ( 'NONE', #6210, #4022, #2731, .T. ) ;
#2445 = DIRECTION ( 'NONE',  ( 1.000000000000000000, 0.000000000000000000, 0.000000000000000000 ) ) ;
#2446 = ORIENTED_EDGE ( 'NONE', *, *, #1772, .F. ) ;
#2447 = DIRECTION ( 'NONE',  ( 0.8779737183685918378, 0.4787088361979842666, 0.000000000000000000 ) ) ;
#2448 = ORIENTED_EDGE ( 'NONE', *, *, #1311, .T. ) ;
#2449 = LINE ( 'NONE', #1670, #1064 ) ;
#2450 = ORIENTED_EDGE ( 'NONE', *, *, #6182, .T. ) ;
#2451 = CARTESIAN_POINT ( 'NONE',  ( -19.16772100000000023, 39.98547018669192710, -4.599999999999992539 ) ) ;
#2452 = VECTOR ( 'NONE', #7959, 1000.000000000000000 ) ;
#2453 = CARTESIAN_POINT ( 'NONE',  ( -16.50447752050400396, 12.46043432054700340, -4.599999999999992539 ) ) ;
#2454 = FACE_OUTER_BOUND ( 'NONE', #4639, .T. ) ;
#2455 = AXIS2_PLACEMENT_3D ( 'NONE', #7712, #2081, #970 ) ;
#2456 = EDGE_CURVE ( 'NONE', #3688, #4407, #3980, .T. ) ;
#2457 = DIRECTION ( 'NONE',  ( 0.000000000000000000, 0.000000000000000000, -1.000000000000000000 ) ) ;
#2458 = EDGE_LOOP ( 'NONE', ( #3107, #4650, #7963, #1009 ) ) ;
#2459 = ORIENTED_EDGE ( 'NONE', *, *, #614, .T. ) ;
#2460 = CARTESIAN_POINT ( 'NONE',  ( -1.673860604187622281, 84.89751895257400349, 1.600000000000021627 ) ) ;
#2461 = FACE_OUTER_BOUND ( 'NONE', #4969, .T. ) ;
#2462 = CARTESIAN_POINT ( 'NONE',  ( -15.24076101387994164, 81.57557896875621850, 1.599979686912816668 ) ) ;
#2463 = LINE ( 'NONE', #451, #2358 ) ;
#2464 = ORIENTED_EDGE ( 'NONE', *, *, #3433, .F. ) ;
#2465 = ORIENTED_EDGE ( 'NONE', *, *, #4401, .T. ) ;
#2466 = CYLINDRICAL_SURFACE ( 'NONE', #6826, 0.6000000000000033085 ) ;
#2467 = EDGE_LOOP ( 'NONE', ( #1153, #5099, #592, #5767 ) ) ;
#2468 = CARTESIAN_POINT ( 'NONE',  ( 20.73727899999996893, 60.09411099999999806, 4.450000000000000178 ) ) ;
#2469 = EDGE_CURVE ( 'NONE', #2226, #2184, #4558, .T. ) ;
#2470 = CARTESIAN_POINT ( 'NONE',  ( -19.36772099999999952, 1.055270961959799404E-15, -4.599999999999992539 ) ) ;
#2471 = FACE_OUTER_BOUND ( 'NONE', #6122, .T. ) ;
#2472 = ORIENTED_EDGE ( 'NONE', *, *, #174, .T. ) ;
#2473 = ORIENTED_EDGE ( 'NONE', *, *, #1827, .F. ) ;
#2474 = DIRECTION ( 'NONE',  ( 0.000000000000000000, 0.000000000000000000, -1.000000000000000000 ) ) ;
#2475 = CARTESIAN_POINT ( 'NONE',  ( 22.26359932893220162, -1.214325579109620135, -2.199999999999988631 ) ) ;
#2476 = ADVANCED_FACE ( 'NONE', ( #5253 ), #4683, .T. ) ;
#2477 = EDGE_CURVE ( 'NONE', #626, #7201, #5785, .T. ) ;
#2478 = CYLINDRICAL_SURFACE ( 'NONE', #3976, 1.900000000000000133 ) ;
#2479 = VECTOR ( 'NONE', #4797, 1000.000000000000000 ) ;
#2480 = LINE ( 'NONE', #1369, #5605 ) ;
#2481 = ORIENTED_EDGE ( 'NONE', *, *, #4725, .T. ) ;
#2482 = CARTESIAN_POINT ( 'NONE',  ( 116.6145216613000457, 71.14856685720401686, 2.250000000000000000 ) ) ;
#2483 = ORIENTED_EDGE ( 'NONE', *, *, #3337, .T. ) ;
#2484 = CARTESIAN_POINT ( 'NONE',  ( 23.98727900000000091, 60.09411099999999806, 4.450000000000000178 ) ) ;
#2485 = ORIENTED_EDGE ( 'NONE', *, *, #1827, .T. ) ;
#2486 = CARTESIAN_POINT ( 'NONE',  ( 121.3122790047357142, 16.94879718977744432, -4.599999999999992539 ) ) ;
#2487 = VECTOR ( 'NONE', #6252, 1000.000000000000000 ) ;
#2488 = DIRECTION ( 'NONE',  ( 0.000000000000000000, 0.000000000000000000, 1.000000000000000000 ) ) ;
#2489 = ADVANCED_FACE ( 'NONE', ( #7136 ), #2776, .F. ) ;
#2490 = FACE_OUTER_BOUND ( 'NONE', #3952, .T. ) ;
#2491 = CARTESIAN_POINT ( 'NONE',  ( 77.06228330292589135, 19.29411698796796415, 1.400000000000010569 ) ) ;
#2492 = AXIS2_PLACEMENT_3D ( 'NONE', #4670, #990, #7162 ) ;
#2493 = DIRECTION ( 'NONE',  ( -1.288939664294365441E-07, 0.9999999999999916733, 0.000000000000000000 ) ) ;
#2494 = ORIENTED_EDGE ( 'NONE', *, *, #6668, .F. ) ;
#2495 = CIRCLE ( 'NONE', #394, 2.124999999999974243 ) ;
#2496 = ORIENTED_EDGE ( 'NONE', *, *, #3629, .T. ) ;
#2497 = CARTESIAN_POINT ( 'NONE',  ( -0.8755852179393878165, 84.24541026003170430, 0.09873811301962995279 ) ) ;
#2498 = AXIS2_PLACEMENT_3D ( 'NONE', #3411, #6496, #6537 ) ;
#2499 = FACE_OUTER_BOUND ( 'NONE', #4700, .T. ) ;
#2500 = VECTOR ( 'NONE', #5388, 1000.000000000000000 ) ;
#2501 = EDGE_CURVE ( 'NONE', #5766, #8079, #5950, .T. ) ;
#2502 = AXIS2_PLACEMENT_3D ( 'NONE', #4129, #2275, #4626 ) ;
#2503 = DIRECTION ( 'NONE',  ( 1.000000000000000000, 0.000000000000000000, 0.000000000000000000 ) ) ;
#2504 = AXIS2_PLACEMENT_3D ( 'NONE', #2004, #881, #4524 ) ;
#2505 = DIRECTION ( 'NONE',  ( -0.9999999999993565147, -1.134431388333859340E-06, 0.000000000000000000 ) ) ;
#2506 = CONICAL_SURFACE ( 'NONE', #1712, 2.250000000000000444, 0.7853981633974583820 ) ;
#2507 = ORIENTED_EDGE ( 'NONE', *, *, #7366, .F. ) ;
#2508 = EDGE_LOOP ( 'NONE', ( #7593, #6275, #1265, #3470 ) ) ;
#2509 = CARTESIAN_POINT ( 'NONE',  ( 91.46227469707440605, 76.84410589528943092, -2.150000000000027889 ) ) ;
#2510 = EDGE_LOOP ( 'NONE', ( #5283, #2064, #2866, #5664 ) ) ;
#2511 = DIRECTION ( 'NONE',  ( -1.000000000000000000, 0.000000000000000000, 0.000000000000000000 ) ) ;
#2512 = CIRCLE ( 'NONE', #2763, 2.749999999999988454 ) ;
#2513 = CIRCLE ( 'NONE', #7107, 2.250000000000001776 ) ;
#2514 = DIRECTION ( 'NONE',  ( 0.000000000000000000, 0.000000000000000000, -1.000000000000000000 ) ) ;
#2515 = CARTESIAN_POINT ( 'NONE',  ( 6.618675504031166668, -10.42782544864502192, 4.116666780771783607 ) ) ;
#2516 = CIRCLE ( 'NONE', #5668, 1.249999999999999334 ) ;
#2517 = ORIENTED_EDGE ( 'NONE', *, *, #717, .T. ) ;
#2518 = VECTOR ( 'NONE', #6371, 1000.000000000000227 ) ;
#2519 = EDGE_CURVE ( 'NONE', #5029, #2023, #4772, .T. ) ;
#2520 = ORIENTED_EDGE ( 'NONE', *, *, #106, .F. ) ;
#2521 = LINE ( 'NONE', #7375, #4875 ) ;
#2522 = DIRECTION ( 'NONE',  ( 1.165656391701703065E-06, -0.9999999999993206545, 0.000000000000000000 ) ) ;
#2523 = VECTOR ( 'NONE', #5537, 1000.000000000000000 ) ;
#2524 = AXIS2_PLACEMENT_3D ( 'NONE', #4509, #1408, #173 ) ;
#2525 = CYLINDRICAL_SURFACE ( 'NONE', #6073, 1.697767288281998299 ) ;
#2526 = AXIS2_PLACEMENT_3D ( 'NONE', #6290, #6834, #660 ) ;
#2527 = DIRECTION ( 'NONE',  ( 1.000000000000000000, -3.854460218692329741E-13, 0.000000000000000000 ) ) ;
#2528 = ADVANCED_FACE ( 'NONE', ( #4724 ), #1003, .F. ) ;
#2529 = ORIENTED_EDGE ( 'NONE', *, *, #4553, .T. ) ;
#2530 = ADVANCED_FACE ( 'NONE', ( #3524 ), #7378, .T. ) ;
#2531 = DIRECTION ( 'NONE',  ( -1.000000000000000000, 0.000000000000000000, 0.000000000000000000 ) ) ;
#2532 = EDGE_LOOP ( 'NONE', ( #51, #5052, #6569, #6619 ) ) ;
#2533 = LINE ( 'NONE', #5651, #3826 ) ;
#2534 = VERTEX_POINT ( 'NONE', #964 ) ;
#2535 = DIRECTION ( 'NONE',  ( -0.9999999999999839018, -1.798198684919792640E-07, 0.000000000000000000 ) ) ;
#2536 = CARTESIAN_POINT ( 'NONE',  ( 99.06227900000000375, 53.59411099999999806, 1.349999999999999867 ) ) ;
#2537 = FACE_OUTER_BOUND ( 'NONE', #2355, .T. ) ;
#2538 = DIRECTION ( 'NONE',  ( 1.000000000000000000, 0.000000000000000000, 0.000000000000000000 ) ) ;
#2539 = EDGE_CURVE ( 'NONE', #7907, #6120, #6846, .T. ) ;
#2540 = CARTESIAN_POINT ( 'NONE',  ( -17.79561669601519824, 80.84410378035408939, -4.599999999999992539 ) ) ;
#2541 = ORIENTED_EDGE ( 'NONE', *, *, #5620, .T. ) ;
#2542 = VERTEX_POINT ( 'NONE', #2288 ) ;
#2543 = ORIENTED_EDGE ( 'NONE', *, *, #2477, .F. ) ;
#2544 = CYLINDRICAL_SURFACE ( 'NONE', #2943, 1.250000000000001110 ) ;
#2545 = CARTESIAN_POINT ( 'NONE',  ( -16.46459492032245464, 77.84410401969823567, -4.599999999999992539 ) ) ;
#2546 = DIRECTION ( 'NONE',  ( -1.000000000000000000, 0.000000000000000000, 0.000000000000000000 ) ) ;
#2547 = ADVANCED_FACE ( 'NONE', ( #6603 ), #4218, .F. ) ;
#2548 = ORIENTED_EDGE ( 'NONE', *, *, #4312, .T. ) ;
#2549 = VERTEX_POINT ( 'NONE', #2942 ) ;
#2550 = DIRECTION ( 'NONE',  ( 0.000000000000000000, 0.000000000000000000, -1.000000000000000000 ) ) ;
#2551 = AXIS2_PLACEMENT_3D ( 'NONE', #3861, #189, #6359 ) ;
#2552 = VERTEX_POINT ( 'NONE', #4141 ) ;
#2553 = CARTESIAN_POINT ( 'NONE',  ( -20.16772100000000023, 12.48788592914254458, -4.599999999999992539 ) ) ;
#2554 = CARTESIAN_POINT ( 'NONE',  ( -15.43546351022720131, 80.21296461168640235, 0.1979959978692957534 ) ) ;
#2555 = CARTESIAN_POINT ( 'NONE',  ( 116.3122720203380709, 71.13595435076683771, -4.599999999999992539 ) ) ;
#2556 = CARTESIAN_POINT ( 'NONE',  ( -0.9220195396350426842, 84.22026017664677511, 0.2501950240199480313 ) ) ;
#2557 = EDGE_CURVE ( 'NONE', #2875, #3688, #6982, .T. ) ;
#2558 = ORIENTED_EDGE ( 'NONE', *, *, #6766, .F. ) ;
#2559 = ORIENTED_EDGE ( 'NONE', *, *, #4859, .F. ) ;
#2560 = CARTESIAN_POINT ( 'NONE',  ( 12.66226043005733892, 81.84410925728559505, -4.599999999999992539 ) ) ;
#2561 = DIRECTION ( 'NONE',  ( -1.018552587902412228E-15, -1.000000000000000000, 0.000000000000000000 ) ) ;
#2562 = DIRECTION ( 'NONE',  ( -0.000000000000000000, 0.000000000000000000, 1.000000000000000000 ) ) ;
#2563 = CARTESIAN_POINT ( 'NONE',  ( 41.41452166131000467, 81.13965514279601621, 2.250000000000000000 ) ) ;
#2564 = ORIENTED_EDGE ( 'NONE', *, *, #2058, .T. ) ;
#2565 = DIRECTION ( 'NONE',  ( 0.000000000000000000, 0.000000000000000000, -1.000000000000000000 ) ) ;
#2566 = ORIENTED_EDGE ( 'NONE', *, *, #4500, .T. ) ;
#2567 = DIRECTION ( 'NONE',  ( 0.000000000000000000, 0.000000000000000000, -1.000000000000000000 ) ) ;
#2568 = ORIENTED_EDGE ( 'NONE', *, *, #6559, .T. ) ;
#2569 = LINE ( 'NONE', #5180, #5863 ) ;
#2570 = CARTESIAN_POINT ( 'NONE',  ( 119.5122720196896893, 26.81910750985032621, -2.199999999999996625 ) ) ;
#2571 = AXIS2_PLACEMENT_3D ( 'NONE', #4151, #2989, #6499 ) ;
#2572 = DIRECTION ( 'NONE',  ( 0.000000000000000000, 0.000000000000000000, 1.000000000000000000 ) ) ;
#2573 = EDGE_CURVE ( 'NONE', #4505, #1396, #4631, .T. ) ;
#2574 = CYLINDRICAL_SURFACE ( 'NONE', #4559, 4.693943343173973659 ) ;
#2576 = VECTOR ( 'NONE', #2203, 1000.000000000000114 ) ;
#2575 = DIRECTION ( 'NONE',  ( 0.000000000000000000, 0.000000000000000000, 1.000000000000000000 ) ) ;
#2577 = ORIENTED_EDGE ( 'NONE', *, *, #157, .T. ) ;
#2578 = EDGE_LOOP ( 'NONE', ( #7634, #6618, #435, #5395 ) ) ;
#2579 = EDGE_LOOP ( 'NONE', ( #4673, #4845, #7276, #2884 ) ) ;
#2580 = DIRECTION ( 'NONE',  ( 0.9659258276786804043, 0.2588190399164173594, 0.000000000000000000 ) ) ;
#2581 = CARTESIAN_POINT ( 'NONE',  ( -15.46773440668928856, 87.04410419895374673, -9.399999999999993250 ) ) ;
#2582 = EDGE_CURVE ( 'NONE', #4334, #4565, #1857, .T. ) ;
#2583 = EDGE_CURVE ( 'NONE', #4534, #3161, #5498, .T. ) ;
#2584 = CARTESIAN_POINT ( 'NONE',  ( 8.458841000000029808, 12.63464199999999948, 4.450000000000000178 ) ) ;
#2585 = AXIS2_PLACEMENT_3D ( 'NONE', #1160, #433, #3608 ) ;
#2586 = LINE ( 'NONE', #5107, #1251 ) ;
#2587 = ORIENTED_EDGE ( 'NONE', *, *, #1825, .F. ) ;
#2588 = VERTEX_POINT ( 'NONE', #2324 ) ;
#2589 = FACE_BOUND ( 'NONE', #1938, .T. ) ;
#2590 = ORIENTED_EDGE ( 'NONE', *, *, #3027, .T. ) ;
#2591 = FACE_BOUND ( 'NONE', #5041, .T. ) ;
#2592 = CARTESIAN_POINT ( 'NONE',  ( 61.16227201969417138, 84.14098492032249510, -4.599999999999992539 ) ) ;
#2593 = EDGE_CURVE ( 'NONE', #7499, #1255, #6067, .T. ) ;
#2594 = CARTESIAN_POINT ( 'NONE',  ( 7.458841000000000498, 12.63464199999999948, 4.450000000000000178 ) ) ;
#2595 = CARTESIAN_POINT ( 'NONE',  ( -1.103610083308188328, 84.12118518795062982, 0.4772803312937456965 ) ) ;
#2596 = ORIENTED_EDGE ( 'NONE', *, *, #2077, .F. ) ;
#2597 = EDGE_LOOP ( 'NONE', ( #2339, #3340, #7046, #4978 ) ) ;
#2598 = DIRECTION ( 'NONE',  ( 1.000000000000000000, 0.000000000000000000, 0.000000000000000000 ) ) ;
#2599 = LINE ( 'NONE', #7001, #3981 ) ;
#2600 = EDGE_CURVE ( 'NONE', #1383, #7785, #1664, .T. ) ;
#2601 = CARTESIAN_POINT ( 'NONE',  ( 50.65912714593270749, 2.806879056926866234, 2.249999999999999556 ) ) ;
#2602 = DIRECTION ( 'NONE',  ( 1.000000000000000000, 0.000000000000000000, 0.000000000000000000 ) ) ;
#2603 = VERTEX_POINT ( 'NONE', #4889 ) ;
#2604 = CARTESIAN_POINT ( 'NONE',  ( 39.62694757073123242, -0.9707702770651943647, 2.250000000000000000 ) ) ;
#2605 = VERTEX_POINT ( 'NONE', #7380 ) ;
#2606 = CARTESIAN_POINT ( 'NONE',  ( 18.29530652209186670, 4.902212502593487287, -4.599999999999992539 ) ) ;
#2607 = ORIENTED_EDGE ( 'NONE', *, *, #7866, .F. ) ;
#2608 = CARTESIAN_POINT ( 'NONE',  ( 118.3122738656932569, 56.81910750985032621, -4.599999999999992539 ) ) ;
#2609 = CARTESIAN_POINT ( 'NONE',  ( 25.11227899999999735, 60.09411099999999806, 1.349999999999999867 ) ) ;
#2610 = CARTESIAN_POINT ( 'NONE',  ( 41.41452166131000467, 81.13965514279601621, -4.599999999999992539 ) ) ;
#2611 = CIRCLE ( 'NONE', #4328, 0.2977672882881476912 ) ;
#2612 = DIRECTION ( 'NONE',  ( 1.000000000000000000, 0.000000000000000000, 0.000000000000000000 ) ) ;
#2613 = CARTESIAN_POINT ( 'NONE',  ( 61.45782314279001923, 81.14186833868102156, -4.599999999999992539 ) ) ;
#2614 = VERTEX_POINT ( 'NONE', #6717 ) ;
#2615 = EDGE_CURVE ( 'NONE', #7517, #3312, #3642, .T. ) ;
#2616 = DIRECTION ( 'NONE',  ( -0.02449038266017580442, 0.9997000655982564155, 0.000000000000000000 ) ) ;
#2617 = ORIENTED_EDGE ( 'NONE', *, *, #2941, .F. ) ;
#2618 = AXIS2_PLACEMENT_3D ( 'NONE', #2802, #2143, #1649 ) ;
#2619 = CARTESIAN_POINT ( 'NONE',  ( 75.81228330292589135, 19.29411698796796415, 1.400000000000010569 ) ) ;
#2620 = CARTESIAN_POINT ( 'NONE',  ( 119.5122720196896893, 61.31910750985031910, -2.200000000000001510 ) ) ;
#2621 = CARTESIAN_POINT ( 'NONE',  ( -15.18016066578432088, 80.40715010461725853, 0.5126063390635305916 ) ) ;
#2622 = FACE_OUTER_BOUND ( 'NONE', #7143, .T. ) ;
#2623 = ORIENTED_EDGE ( 'NONE', *, *, #3799, .T. ) ;
#2624 = ORIENTED_EDGE ( 'NONE', *, *, #2941, .T. ) ;
#2625 = DIRECTION ( 'NONE',  ( -1.000000000000000000, 9.999428271258533804E-31, -0.000000000000000000 ) ) ;
#2626 = EDGE_CURVE ( 'NONE', #102, #5475, #3969, .T. ) ;
#2627 = ORIENTED_EDGE ( 'NONE', *, *, #3773, .T. ) ;
#2628 = FACE_BOUND ( 'NONE', #4669, .T. ) ;
#2629 = ADVANCED_FACE ( 'NONE', ( #4104 ), #4774, .F. ) ;
#2630 = AXIS2_PLACEMENT_3D ( 'NONE', #6169, #3953, #1932 ) ;
#2631 = AXIS2_PLACEMENT_3D ( 'NONE', #5106, #5711, #7064 ) ;
#2632 = DIRECTION ( 'NONE',  ( -0.000000000000000000, -0.000000000000000000, -1.000000000000000000 ) ) ;
#2633 = CIRCLE ( 'NONE', #6957, 2.125000000000029754 ) ;
#2634 = CARTESIAN_POINT ( 'NONE',  ( 59.47085191958734640, 85.84411100000001227, 2.249999999999999556 ) ) ;
#2635 = AXIS2_PLACEMENT_3D ( 'NONE', #1923, #4439, #1297 ) ;
#2636 = CARTESIAN_POINT ( 'NONE',  ( 45.91227899999999806, 24.49411100000000019, 1.349999999999999867 ) ) ;
#2637 = AXIS2_PLACEMENT_3D ( 'NONE', #2923, #5514, #2958 ) ;
#2638 = ORIENTED_EDGE ( 'NONE', *, *, #5172, .T. ) ;
#2639 = ORIENTED_EDGE ( 'NONE', *, *, #4132, .T. ) ;
#2640 = LINE ( 'NONE', #4455, #4602 ) ;
#2641 = ADVANCED_FACE ( 'NONE', ( #6638 ), #466, .F. ) ;
#2642 = AXIS2_PLACEMENT_3D ( 'NONE', #837, #3348, #7211 ) ;
#2643 = VECTOR ( 'NONE', #2311, 1000.000000000000000 ) ;
#2644 = DIRECTION ( 'NONE',  ( 1.000000000000000000, -0.000000000000000000, 0.000000000000000000 ) ) ;
#2645 = VECTOR ( 'NONE', #7669, 1000.000000000000000 ) ;
#2646 = DIRECTION ( 'NONE',  ( -0.000000000000000000, -0.000000000000000000, 1.000000000000000000 ) ) ;
#2647 = VECTOR ( 'NONE', #1283, 1000.000000000000000 ) ;
#2648 = CARTESIAN_POINT ( 'NONE',  ( 11.41226043005733892, 81.84410925728559505, -3.999999999999970690 ) ) ;
#2649 = ORIENTED_EDGE ( 'NONE', *, *, #6369, .T. ) ;
#2650 = DIRECTION ( 'NONE',  ( -0.02449038266020053117, -0.9997000655982558603, 0.000000000000000000 ) ) ;
#2651 = EDGE_CURVE ( 'NONE', #7590, #3838, #2516, .T. ) ;
#2652 = ORIENTED_EDGE ( 'NONE', *, *, #2406, .T. ) ;
#2653 = DIRECTION ( 'NONE',  ( 0.000000000000000000, -0.000000000000000000, -1.000000000000000000 ) ) ;
#2654 = ORIENTED_EDGE ( 'NONE', *, *, #5459, .F. ) ;
#2655 = CIRCLE ( 'NONE', #3715, 1.050000000000009148 ) ;
#2656 = DIRECTION ( 'NONE',  ( 0.02449038266012940057, 0.9997000655982575257, 0.000000000000000000 ) ) ;
#2657 = AXIS2_PLACEMENT_3D ( 'NONE', #3467, #2272, #7243 ) ;
#2658 = DIRECTION ( 'NONE',  ( -0.000000000000000000, -0.000000000000000000, 1.000000000000000000 ) ) ;
#2659 = CARTESIAN_POINT ( 'NONE',  ( -5.317733111986400196, 79.84410602412553715, -1.699999999999991740 ) ) ;
#2660 = CARTESIAN_POINT ( 'NONE',  ( -0.9129760658319583388, -14.55400431445274023, 4.450000000000000178 ) ) ;
#2661 = DIRECTION ( 'NONE',  ( -1.000000000000000000, 0.000000000000000000, 0.000000000000000000 ) ) ;
#2662 = ADVANCED_FACE ( 'NONE', ( #8077 ), #7771, .F. ) ;
#2663 = EDGE_LOOP ( 'NONE', ( #271, #3720, #6260, #1362 ) ) ;
#2664 = ORIENTED_EDGE ( 'NONE', *, *, #7652, .F. ) ;
#2665 = ORIENTED_EDGE ( 'NONE', *, *, #3291, .F. ) ;
#2666 = VECTOR ( 'NONE', #4795, 1000.000000000000000 ) ;
#2667 = DIRECTION ( 'NONE',  ( 1.000000000000000000, -5.448606792506972827E-17, 0.000000000000000000 ) ) ;
#2668 = PLANE ( 'NONE',  #795 ) ;
#2669 = CARTESIAN_POINT ( 'NONE',  ( -16.73044706977873020, 81.15321657524992816, 0.2143029057218240607 ) ) ;
#2670 = DIRECTION ( 'NONE',  ( -0.9999999999761979286, -6.899580080555520343E-06, 0.000000000000000000 ) ) ;
#2671 = ORIENTED_EDGE ( 'NONE', *, *, #5581, .F. ) ;
#2672 = EDGE_LOOP ( 'NONE', ( #3663, #682, #2794, #5628 ) ) ;
#2673 = PLANE ( 'NONE',  #3284 ) ;
#2674 = ORIENTED_EDGE ( 'NONE', *, *, #3038, .T. ) ;
#2675 = DIRECTION ( 'NONE',  ( 1.000000000000000000, 0.000000000000000000, 0.000000000000000000 ) ) ;
#2676 = CARTESIAN_POINT ( 'NONE',  ( -19.16772100000000023, 39.38547018669192568, -2.599999999999990319 ) ) ;
#2677 = CARTESIAN_POINT ( 'NONE',  ( -0.6264728054686573566, -15.05525824661052781, -4.599999999999992539 ) ) ;
#2678 = ADVANCED_FACE ( 'NONE', ( #5084 ), #1734, .F. ) ;
#2679 = FACE_BOUND ( 'NONE', #2716, .T. ) ;
#2680 = VERTEX_POINT ( 'NONE', #7 ) ;
#2681 = ORIENTED_EDGE ( 'NONE', *, *, #6706, .T. ) ;
#2682 = DIRECTION ( 'NONE',  ( -0.000000000000000000, 0.000000000000000000, 1.000000000000000000 ) ) ;
#2683 = DIRECTION ( 'NONE',  ( 0.000000000000000000, 0.000000000000000000, -1.000000000000000000 ) ) ;
#2684 = ADVANCED_FACE ( 'NONE', ( #3724 ), #2525, .F. ) ;
#2685 = EDGE_CURVE ( 'NONE', #952, #1537, #1942, .T. ) ;
#2686 = DIRECTION ( 'NONE',  ( 1.271518481875527389E-07, -0.7071067811865363595, 0.7071067811865472397 ) ) ;
#2687 = ORIENTED_EDGE ( 'NONE', *, *, #59, .F. ) ;
#2688 = LINE ( 'NONE', #3886, #2918 ) ;
#2689 = CARTESIAN_POINT ( 'NONE',  ( 121.3122794242442382, 13.69411797798561103, 3.449999999999999289 ) ) ;
#2690 = ORIENTED_EDGE ( 'NONE', *, *, #2839, .F. ) ;
#2691 = DIRECTION ( 'NONE',  ( 1.000000000000000000, 0.000000000000000000, 0.000000000000000000 ) ) ;
#2692 = DIRECTION ( 'NONE',  ( -0.000000000000000000, 0.000000000000000000, 1.000000000000000000 ) ) ;
#2693 = DIRECTION ( 'NONE',  ( 0.000000000000000000, 0.000000000000000000, -1.000000000000000000 ) ) ;
#2694 = EDGE_CURVE ( 'NONE', #7806, #3637, #5812, .T. ) ;
#2695 = FACE_OUTER_BOUND ( 'NONE', #6799, .T. ) ;
#2696 = DIRECTION ( 'NONE',  ( -1.000000000000000000, 9.999428271258533804E-31, 6.162975822039154730E-33 ) ) ;
#2697 = VERTEX_POINT ( 'NONE', #621 ) ;
#2698 = EDGE_LOOP ( 'NONE', ( #564, #7027, #2464, #4638 ) ) ;
#2699 = VERTEX_POINT ( 'NONE', #5644 ) ;
#2700 = PLANE ( 'NONE',  #3735 ) ;
#2701 = DIRECTION ( 'NONE',  ( 1.000000000000000000, -5.448606792506972827E-17, 0.000000000000000000 ) ) ;
#2702 = EDGE_CURVE ( 'NONE', #3738, #4037, #2441, .T. ) ;
#2703 = CARTESIAN_POINT ( 'NONE',  ( 80.21367833426489824, 73.09556294374070262, -4.599999999999992539 ) ) ;
#2704 = CIRCLE ( 'NONE', #467, 0.2977672882931020615 ) ;
#2705 = VECTOR ( 'NONE', #5964, 1000.000000000000000 ) ;
#2706 = CYLINDRICAL_SURFACE ( 'NONE', #6765, 1.250000000000001110 ) ;
#2707 = VERTEX_POINT ( 'NONE', #5574 ) ;
#2708 = EDGE_LOOP ( 'NONE', ( #4977, #5578, #3330, #2115 ) ) ;
#2709 = FACE_BOUND ( 'NONE', #63, .T. ) ;
#2710 = ORIENTED_EDGE ( 'NONE', *, *, #264, .F. ) ;
#2711 = CARTESIAN_POINT ( 'NONE',  ( 52.26227900109225288, -0.3558820217042309442, -4.599999999999992539 ) ) ;
#2712 = VECTOR ( 'NONE', #5894, 1000.000000000000114 ) ;
#2713 = LINE ( 'NONE', #1308, #7306 ) ;
#2714 = CARTESIAN_POINT ( 'NONE',  ( 94.76227469707440321, 76.84410589528944513, -3.999999999999992450 ) ) ;
#2715 = DIRECTION ( 'NONE',  ( -1.000000000000000000, 0.000000000000000000, 0.000000000000000000 ) ) ;
#2716 = EDGE_LOOP ( 'NONE', ( #2312, #304 ) ) ;
#2717 = CARTESIAN_POINT ( 'NONE',  ( 1.794959694563302399, -6.698880921515043774, 2.250000000000000000 ) ) ;
#2718 = EDGE_LOOP ( 'NONE', ( #3950, #700, #2874, #4224 ) ) ;
#2719 = DIRECTION ( 'NONE',  ( -0.9997000655982564155, 0.02449038266017894427, 0.000000000000000000 ) ) ;
#2720 = EDGE_CURVE ( 'NONE', #4462, #225, #6875, .T. ) ;
#2721 = CARTESIAN_POINT ( 'NONE',  ( 116.6208519195873805, 72.84411100000001227, -4.599999999999992539 ) ) ;
#2722 = CARTESIAN_POINT ( 'NONE',  ( 12.66226043005733892, 81.84410925728559505, -1.550000000000002709 ) ) ;
#2723 = ORIENTED_EDGE ( 'NONE', *, *, #1642, .F. ) ;
#2724 = DIRECTION ( 'NONE',  ( 1.000000000000000000, 0.000000000000000000, 0.000000000000000000 ) ) ;
#2725 = FACE_OUTER_BOUND ( 'NONE', #5386, .T. ) ;
#2726 = ADVANCED_FACE ( 'NONE', ( #6255 ), #2478, .F. ) ;
#2727 = ORIENTED_EDGE ( 'NONE', *, *, #6737, .T. ) ;
#2728 = ORIENTED_EDGE ( 'NONE', *, *, #432, .T. ) ;
#2729 = EDGE_CURVE ( 'NONE', #5250, #1706, #813, .T. ) ;
#2730 = DIRECTION ( 'NONE',  ( -1.000000000000000000, 0.000000000000000000, 0.000000000000000000 ) ) ;
#2731 = LINE ( 'NONE', #1379, #6319 ) ;
#2732 = CARTESIAN_POINT ( 'NONE',  ( 118.3122771524894148, 31.31910750985032621, -2.199999999999997069 ) ) ;
#2733 = CARTESIAN_POINT ( 'NONE',  ( -1.467733111986461170, 79.84410671643202306, 0.6000000000000067502 ) ) ;
#2734 = ORIENTED_EDGE ( 'NONE', *, *, #1278, .F. ) ;
#2735 = CARTESIAN_POINT ( 'NONE',  ( -1.602121930820903267E-06, 12.29410278256791322, -4.599999999999992539 ) ) ;
#2736 = VERTEX_POINT ( 'NONE', #1902 ) ;
#2737 = ORIENTED_EDGE ( 'NONE', *, *, #5467, .T. ) ;
#2738 = EDGE_CURVE ( 'NONE', #1007, #5008, #664, .T. ) ;
#2739 = DIRECTION ( 'NONE',  ( 0.7071066540346861995, 0.7071069083383859644, 0.000000000000000000 ) ) ;
#2740 = DIRECTION ( 'NONE',  ( 0.000000000000000000, 0.000000000000000000, 1.000000000000000000 ) ) ;
#2741 = PLANE ( 'NONE',  #5634 ) ;
#2742 = FACE_OUTER_BOUND ( 'NONE', #1958, .T. ) ;
#2743 = CIRCLE ( 'NONE', #3800, 3.300000000000007816 ) ;
#2744 = VERTEX_POINT ( 'NONE', #6291 ) ;
#2745 = ORIENTED_EDGE ( 'NONE', *, *, #7155, .T. ) ;
#2746 = DIRECTION ( 'NONE',  ( -0.5000000000001013634, 0.000000000000000000, 0.8660254037843801989 ) ) ;
#2747 = ORIENTED_EDGE ( 'NONE', *, *, #7104, .T. ) ;
#2748 = CARTESIAN_POINT ( 'NONE',  ( -17.99837156823818063, 11.72904643824258386, -4.599999999999992539 ) ) ;
#2749 = EDGE_CURVE ( 'NONE', #7444, #1833, #4419, .T. ) ;
#2750 = CIRCLE ( 'NONE', #906, 1.697767288287466148 ) ;
#2751 = CARTESIAN_POINT ( 'NONE',  ( 50.56002194904235125, -1.238605785321803987, -4.599999999999992539 ) ) ;
#2752 = DIRECTION ( 'NONE',  ( 0.9659258276786804043, 0.2588190399164173594, 0.000000000000000000 ) ) ;
#2753 = ORIENTED_EDGE ( 'NONE', *, *, #4418, .F. ) ;
#2754 = CARTESIAN_POINT ( 'NONE',  ( -2.939168329610156061, -10.97058647013408894, 4.450000000000000178 ) ) ;
#2755 = CIRCLE ( 'NONE', #7230, 1.899999999999999467 ) ;
#2756 = VERTEX_POINT ( 'NONE', #1778 ) ;
#2757 = LINE ( 'NONE', #6015, #2234 ) ;
#2758 = AXIS2_PLACEMENT_3D ( 'NONE', #5582, #3574, #1168 ) ;
#2759 = AXIS2_PLACEMENT_3D ( 'NONE', #6033, #5506, #3614 ) ;
#2760 = DIRECTION ( 'NONE',  ( 0.000000000000000000, 0.000000000000000000, 1.000000000000000000 ) ) ;
#2761 = CIRCLE ( 'NONE', #4887, 1.250000000000001110 ) ;
#2762 = ADVANCED_FACE ( 'NONE', ( #2407 ), #1204, .F. ) ;
#2763 = AXIS2_PLACEMENT_3D ( 'NONE', #14, #3099, #3182 ) ;
#2764 = ORIENTED_EDGE ( 'NONE', *, *, #7513, .F. ) ;
#2765 = CIRCLE ( 'NONE', #659, 1.399999999999998579 ) ;
#2766 = DIRECTION ( 'NONE',  ( -0.000000000000000000, -0.000000000000000000, -1.000000000000000000 ) ) ;
#2767 = ORIENTED_EDGE ( 'NONE', *, *, #7473, .F. ) ;
#2768 = CARTESIAN_POINT ( 'NONE',  ( 85.21227469707440605, 76.84410589528944513, -4.599999999999992539 ) ) ;
#2769 = AXIS2_PLACEMENT_3D ( 'NONE', #5862, #1459, #1542 ) ;
#2770 = AXIS2_PLACEMENT_3D ( 'NONE', #627, #6963, #3888 ) ;
#2771 = CARTESIAN_POINT ( 'NONE',  ( -20.16772100000000023, -1.073347578466771936E-15, -4.599999999999992539 ) ) ;
#2772 = ORIENTED_EDGE ( 'NONE', *, *, #7160, .F. ) ;
#2773 = DIRECTION ( 'NONE',  ( 0.000000000000000000, 0.000000000000000000, 1.000000000000000000 ) ) ;
#2774 = CARTESIAN_POINT ( 'NONE',  ( -18.16772099999999668, 51.23547018669193420, -2.199999999999995293 ) ) ;
#2775 = AXIS2_PLACEMENT_3D ( 'NONE', #3218, #5821, #2724 ) ;
#2776 = PLANE ( 'NONE',  #419 ) ;
#2777 = EDGE_CURVE ( 'NONE', #4174, #5908, #1158, .T. ) ;
#2778 = EDGE_CURVE ( 'NONE', #5758, #1508, #8042, .T. ) ;
#2779 = DIRECTION ( 'NONE',  ( 0.000000000000000000, 0.000000000000000000, -1.000000000000000000 ) ) ;
#2781 = AXIS2_PLACEMENT_3D ( 'NONE', #7335, #2861, #306 ) ;
#2780 = DIRECTION ( 'NONE',  ( 0.000000000000000000, 0.000000000000000000, 1.000000000000000000 ) ) ;
#2782 = ORIENTED_EDGE ( 'NONE', *, *, #2037, .F. ) ;
#2783 = DIRECTION ( 'NONE',  ( 0.000000000000000000, 1.000000000000000000, 0.000000000000000000 ) ) ;
#2784 = EDGE_LOOP ( 'NONE', ( #1333, #7432, #7787, #1363 ) ) ;
#2785 = VERTEX_POINT ( 'NONE', #3679 ) ;
#2786 = DIRECTION ( 'NONE',  ( 1.000000000000000000, 0.000000000000000000, 0.000000000000000000 ) ) ;
#2787 = DIRECTION ( 'NONE',  ( 0.000000000000000000, 0.000000000000000000, 1.000000000000000000 ) ) ;
#2788 = VECTOR ( 'NONE', #3427, 1000.000000000000000 ) ;
#2789 = CARTESIAN_POINT ( 'NONE',  ( 48.16227900000000517, 24.49411100000000019, 1.349999999999999867 ) ) ;
#2790 = ADVANCED_FACE ( 'NONE', ( #3798 ), #2270, .T. ) ;
#2791 = EDGE_CURVE ( 'NONE', #4323, #2603, #6181, .T. ) ;
#2792 = DIRECTION ( 'NONE',  ( 1.000000000000000000, 0.000000000000000000, 0.000000000000000000 ) ) ;
#2793 = AXIS2_PLACEMENT_3D ( 'NONE', #6218, #4416, #3840 ) ;
#2794 = ORIENTED_EDGE ( 'NONE', *, *, #1376, .T. ) ;
#2795 = ORIENTED_EDGE ( 'NONE', *, *, #1024, .T. ) ;
#2796 = CARTESIAN_POINT ( 'NONE',  ( 35.68142950036546068, 82.04411100000002932, -2.199999999999999289 ) ) ;
#2797 = ORIENTED_EDGE ( 'NONE', *, *, #3897, .T. ) ;
#2798 = FACE_OUTER_BOUND ( 'NONE', #7626, .T. ) ;
#2799 = DIRECTION ( 'NONE',  ( 0.9999999999999837907, 1.798198706795442883E-07, 0.000000000000000000 ) ) ;
#2800 = DIRECTION ( 'NONE',  ( 0.000000000000000000, -0.000000000000000000, -1.000000000000000000 ) ) ;
#2801 = EDGE_CURVE ( 'NONE', #2123, #4370, #704, .T. ) ;
#2802 = CARTESIAN_POINT ( 'NONE',  ( -13.55859082457480369, -1.465830875177938308, 4.450000000000000178 ) ) ;
#2803 = ORIENTED_EDGE ( 'NONE', *, *, #3842, .F. ) ;
#2804 = CARTESIAN_POINT ( 'NONE',  ( -1.389955768967640504, 83.96258355933453288, 0.5952554957243288980 ) ) ;
#2805 = ORIENTED_EDGE ( 'NONE', *, *, #1038, .F. ) ;
#2806 = DIRECTION ( 'NONE',  ( 0.000000000000000000, 0.000000000000000000, 1.000000000000000000 ) ) ;
#2807 = CARTESIAN_POINT ( 'NONE',  ( 20.61227900000000091, 60.09411099999999806, 1.750000000000020650 ) ) ;
#2808 = EDGE_CURVE ( 'NONE', #6597, #5653, #5677, .T. ) ;
#2809 = EDGE_LOOP ( 'NONE', ( #690, #4444, #6692, #6609 ) ) ;
#2810 = LINE ( 'NONE', #5174, #6250 ) ;
#2811 = ORIENTED_EDGE ( 'NONE', *, *, #4888, .F. ) ;
#2812 = FACE_OUTER_BOUND ( 'NONE', #710, .T. ) ;
#2813 = VECTOR ( 'NONE', #1724, 1000.000000000000227 ) ;
#2814 = DIRECTION ( 'NONE',  ( 1.000000000000000000, 0.000000000000000000, 0.000000000000000000 ) ) ;
#2815 = ORIENTED_EDGE ( 'NONE', *, *, #5132, .F. ) ;
#2816 = CYLINDRICAL_SURFACE ( 'NONE', #732, 214.8027930341700937 ) ;
#2817 = EDGE_CURVE ( 'NONE', #3738, #5707, #1493, .T. ) ;
#2818 =( NAMED_UNIT ( * ) PLANE_ANGLE_UNIT ( ) SI_UNIT ( $, .RADIAN. ) );
#2819 = CARTESIAN_POINT ( 'NONE',  ( 12.66226043005733892, 81.84410925728559505, -2.149999999999970601 ) ) ;
#2820 = DIRECTION ( 'NONE',  ( -1.000000000000000000, 0.000000000000000000, 0.000000000000000000 ) ) ;
#2821 = FACE_OUTER_BOUND ( 'NONE', #1099, .T. ) ;
#2822 = ORIENTED_EDGE ( 'NONE', *, *, #2778, .F. ) ;
#2823 = CARTESIAN_POINT ( 'NONE',  ( 24.74751528910893583, -1.791093732512098136, -4.599999999999992539 ) ) ;
#2824 = VERTEX_POINT ( 'NONE', #2149 ) ;
#2825 = VERTEX_POINT ( 'NONE', #4585 ) ;
#2826 = LINE ( 'NONE', #5307, #7356 ) ;
#2827 = EDGE_CURVE ( 'NONE', #3516, #2534, #5429, .T. ) ;
#2828 = LINE ( 'NONE', #4568, #4760 ) ;
#2829 = DIRECTION ( 'NONE',  ( 0.4999999956896523101, -0.8660254062730190494, 0.000000000000000000 ) ) ;
#2830 = FACE_OUTER_BOUND ( 'NONE', #3539, .T. ) ;
#2831 = ORIENTED_EDGE ( 'NONE', *, *, #5198, .T. ) ;
#2832 = ORIENTED_EDGE ( 'NONE', *, *, #221, .F. ) ;
#2833 = CARTESIAN_POINT ( 'NONE',  ( -24.16772100000000378, 26.58547018669192852, -3.199999999999991740 ) ) ;
#2834 = CIRCLE ( 'NONE', #5083, 1.125000000000000888 ) ;
#2835 = VERTEX_POINT ( 'NONE', #6472 ) ;
#2836 = FACE_OUTER_BOUND ( 'NONE', #377, .T. ) ;
#2837 = DIRECTION ( 'NONE',  ( 0.000000000000000000, 0.000000000000000000, -1.000000000000000000 ) ) ;
#2838 = EDGE_CURVE ( 'NONE', #2697, #4573, #7783, .T. ) ;
#2839 = EDGE_CURVE ( 'NONE', #3637, #7806, #4640, .T. ) ;
#2840 = AXIS2_PLACEMENT_3D ( 'NONE', #5719, #5843, #6280 ) ;
#2841 = CARTESIAN_POINT ( 'NONE',  ( -18.16772099999999668, 46.73547018669192710, -2.199999999999995293 ) ) ;
#2842 = CIRCLE ( 'NONE', #4288, 2.250000000000001776 ) ;
#2843 = DIRECTION ( 'NONE',  ( 0.000000000000000000, 0.000000000000000000, -1.000000000000000000 ) ) ;
#2844 = EDGE_LOOP ( 'NONE', ( #2448, #6314, #96, #2687 ) ) ;
#2845 = CARTESIAN_POINT ( 'NONE',  ( -1.152971511128954019, 84.09405418578248259, 0.5111884571698406265 ) ) ;
#2846 = EDGE_LOOP ( 'NONE', ( #722, #1966, #3785, #3044 ) ) ;
#2847 = PLANE ( 'NONE',  #3813 ) ;
#2848 = AXIS2_PLACEMENT_3D ( 'NONE', #751, #6349, #1909 ) ;
#2849 = EDGE_CURVE ( 'NONE', #5477, #6012, #130, .T. ) ;
#2850 = PLANE ( 'NONE',  #6723 ) ;
#2851 = AXIS2_PLACEMENT_3D ( 'NONE', #6800, #472, #1045 ) ;
#2852 = ORIENTED_EDGE ( 'NONE', *, *, #5164, .F. ) ;
#2853 = CARTESIAN_POINT ( 'NONE',  ( 31.18142950036545358, 82.04411100000002932, -2.199999999999999734 ) ) ;
#2854 = EDGE_LOOP ( 'NONE', ( #6778, #3802, #1210, #757 ) ) ;
#2855 = LINE ( 'NONE', #2198, #7610 ) ;
#2856 = FACE_OUTER_BOUND ( 'NONE', #6538, .T. ) ;
#2857 = EDGE_CURVE ( 'NONE', #2744, #3815, #6381, .T. ) ;
#2858 = CLOSED_SHELL ( 'NONE', ( #1134, #6652, #1257, #6219, #4932, #7392, #4813, #6811, #3811, #4511, #5341, #4710, #5359, #1439, #3344, #6273, #4289, #4098, #3782, #6509, #4446, #5852, #2662, #5703, #7003, #5206, #1233, #1949, #6346, #1088, #1143, #3080, #4716, #2678, #6803, #1719, #3374, #1896, #2285, #2245, #5941, #6008, #1611, #7313, #2684, #2370, #5269, #4390, #327, #5460, #4954, #5972, #1187, #7216, #1562, #3742, #3680, #4577, #2476, #3569, #3071, #1866, #3205, #3415, #4246, #1225, #5556, #4300, #7555, #6852, #487, #2547, #3708, #4255, #6037, #5215, #6479, #3933, #5356, #1471, #7902, #6914, #3548, #5256, #7748, #7066, #5235, #7877, #762, #3503, #6639, #2883, #7329, #49, #5067, #7259, #763, #6582, #6904, #3026, #4597, #6330, #2130, #5610, #5693, #83, #7117, #3831, #1877, #2999, #1120, #6747, #1349, #3279, #4142, #39, #1977, #6893, #5704, #4566, #6253, #5997, #7140, #2208, #7170, #5009, #4253, #7813, #2903, #4632, #8007, #5866, #2223, #6540, #6503, #2385, #6956, #5182, #3089, #2528, #3227, #4357, #4643, #2296, #662, #2762, #4366, #5980, #6801, #5479, #4671, #519, #169, #2629, #5547, #6606, #5282, #1792, #2336, #279, #4945, #569, #5771, #2433, #3559, #2726, #5910, #5744, #4154, #3037, #7547, #1268, #738, #5241, #1513, #7205, #3616, #6547, #7429, #4663, #5851, #7763, #29, #7410, #7802, #6947, #2530, #167, #5310, #593, #231, #3120, #7437, #1097, #4332, #4680, #266, #3863, #3393, #5642, #1677, #708, #6115, #5731, #2314, #3995, #4124, #5227, #6746, #559, #7354, #1240, #4206, #7714, #1366, #1385, #4926, #663, #2489, #6883, #7312, #4153, #7671, #3599, #464, #820, #1910, #6922, #116, #5114, #4608, #4021, #4475, #3718, #5452, #4975, #7860, #7127, #5103, #4486, #7577, #60, #2641, #632, #5898, #754, #3793, #2940, #107, #4464, #5691, #8067, #6675, #3494, #7734, #5829, #930, #2790, #3606 ) ) ;
#2859 = CARTESIAN_POINT ( 'NONE',  ( 12.66226043005733892, 81.84410925728559505, 1.400000000000010569 ) ) ;
#2860 = CARTESIAN_POINT ( 'NONE',  ( 0.000000000000000000, 0.000000000000000000, 0.000000000000000000 ) ) ;
#2861 = DIRECTION ( 'NONE',  ( 0.000000000000000000, 0.000000000000000000, -1.000000000000000000 ) ) ;
#2862 = DIRECTION ( 'NONE',  ( 1.000000000000000000, -5.448606792506972827E-17, 0.000000000000000000 ) ) ;
#2863 = CARTESIAN_POINT ( 'NONE',  ( -19.16772100000000023, 39.98547018669192710, -4.599999999999992539 ) ) ;
#2864 = ORIENTED_EDGE ( 'NONE', *, *, #2233, .F. ) ;
#2865 = FACE_OUTER_BOUND ( 'NONE', #3518, .T. ) ;
#2866 = ORIENTED_EDGE ( 'NONE', *, *, #7091, .F. ) ;
#2867 = ORIENTED_EDGE ( 'NONE', *, *, #830, .F. ) ;
#2868 = CARTESIAN_POINT ( 'NONE',  ( 22.66228894960605444, 78.13965514279601621, -4.599999999999992539 ) ) ;
#2869 = FACE_OUTER_BOUND ( 'NONE', #1617, .T. ) ;
#2870 = DIRECTION ( 'NONE',  ( 0.9999999999999837907, 1.798198684919792904E-07, 0.000000000000000000 ) ) ;
#2871 = PLANE ( 'NONE',  #3404 ) ;
#2872 = EDGE_CURVE ( 'NONE', #7985, #7561, #3174, .T. ) ;
#2873 = DIRECTION ( 'NONE',  ( -0.000000000000000000, -0.000000000000000000, -1.000000000000000000 ) ) ;
#2874 = ORIENTED_EDGE ( 'NONE', *, *, #4955, .F. ) ;
#2875 = VERTEX_POINT ( 'NONE', #4630 ) ;
#2876 = ORIENTED_EDGE ( 'NONE', *, *, #2068, .T. ) ;
#2877 = LINE ( 'NONE', #5275, #6829 ) ;
#2878 = DIRECTION ( 'NONE',  ( -0.000000000000000000, 0.000000000000000000, 1.000000000000000000 ) ) ;
#2879 = CARTESIAN_POINT ( 'NONE',  ( 53.46685758666355781, 23.29411100000000800, 2.249999999999999556 ) ) ;
#2880 = VECTOR ( 'NONE', #1640, 1000.000000000000000 ) ;
#2881 = EDGE_CURVE ( 'NONE', #7999, #4948, #5034, .T. ) ;
#2882 = CARTESIAN_POINT ( 'NONE',  ( 90.21227469707440605, 76.84410589528943092, -3.999999999999968914 ) ) ;
#2883 = ADVANCED_FACE ( 'NONE', ( #3844 ), #744, .T. ) ;
#2884 = ORIENTED_EDGE ( 'NONE', *, *, #5679, .T. ) ;
#2885 = DIRECTION ( 'NONE',  ( 1.000000000000000000, 0.000000000000000000, 0.000000000000000000 ) ) ;
#2886 = ORIENTED_EDGE ( 'NONE', *, *, #4917, .T. ) ;
#2887 = DIRECTION ( 'NONE',  ( 0.9997000655982554163, -0.02449038266021974497, 0.000000000000000000 ) ) ;
#2888 = AXIS2_PLACEMENT_3D ( 'NONE', #6672, #5457, #3435 ) ;
#2889 = DIRECTION ( 'NONE',  ( 1.000000000000000000, 0.000000000000000000, 0.000000000000000000 ) ) ;
#2890 = CIRCLE ( 'NONE', #3946, 2.749999999999988454 ) ;
#2891 = EDGE_CURVE ( 'NONE', #3312, #4443, #5949, .T. ) ;
#2892 = ORIENTED_EDGE ( 'NONE', *, *, #1779, .F. ) ;
#2893 = VECTOR ( 'NONE', #973, 1000.000000000000000 ) ;
#2894 = LINE ( 'NONE', #5630, #1052 ) ;
#2895 = VERTEX_POINT ( 'NONE', #2601 ) ;
#2896 = DIRECTION ( 'NONE',  ( -0.7071067811865543451, 8.659560562355015442E-17, 0.7071067811865408004 ) ) ;
#2897 = VECTOR ( 'NONE', #3079, 1000.000000000000000 ) ;
#2898 = CARTESIAN_POINT ( 'NONE',  ( -19.36772099999999952, 19.23547018669193065, -2.199999999999991740 ) ) ;
#2899 = FACE_OUTER_BOUND ( 'NONE', #2116, .T. ) ;
#2900 = VECTOR ( 'NONE', #6587, 1000.000000000000114 ) ;
#2901 = DIRECTION ( 'NONE',  ( 0.000000000000000000, 0.000000000000000000, 1.000000000000000000 ) ) ;
#2902 = VECTOR ( 'NONE', #4878, 1000.000000000000000 ) ;
#2903 = ADVANCED_FACE ( 'NONE', ( #5772 ), #3843, .F. ) ;
#2904 = LINE ( 'NONE', #5427, #1789 ) ;
#2905 = CARTESIAN_POINT ( 'NONE',  ( 48.96673485720001651, 2.941868338680999173, 2.250000000000000000 ) ) ;
#2906 = ORIENTED_EDGE ( 'NONE', *, *, #5962, .T. ) ;
#2907 = LINE ( 'NONE', #4308, #3905 ) ;
#2908 = ORIENTED_EDGE ( 'NONE', *, *, #4814, .T. ) ;
#2909 = ORIENTED_EDGE ( 'NONE', *, *, #5046, .T. ) ;
#2910 = AXIS2_PLACEMENT_3D ( 'NONE', #302, #7829, #216 ) ;
#2911 = AXIS2_PLACEMENT_3D ( 'NONE', #5613, #3727, #589 ) ;
#2912 = PLANE ( 'NONE',  #4747 ) ;
#2913 = CARTESIAN_POINT ( 'NONE',  ( 45.91227899999999806, 24.49411100000000019, 4.450000000000000178 ) ) ;
#2914 = VECTOR ( 'NONE', #1951, 1000.000000000000114 ) ;
#2915 = CARTESIAN_POINT ( 'NONE',  ( -15.00097867648215200, 80.54198252449329232, 0.5850596148091550264 ) ) ;
#2916 = CARTESIAN_POINT ( 'NONE',  ( -1.421870380289051550, 83.94470988913845133, 0.5985618364607613318 ) ) ;
#2917 = VECTOR ( 'NONE', #1700, 1000.000000000000114 ) ;
#2918 = VECTOR ( 'NONE', #6387, 1000.000000000000000 ) ;
#2919 = DIRECTION ( 'NONE',  ( -0.000000000000000000, -0.000000000000000000, 1.000000000000000000 ) ) ;
#2920 = ORIENTED_EDGE ( 'NONE', *, *, #2131, .F. ) ;
#2921 = VERTEX_POINT ( 'NONE', #5124 ) ;
#2922 = ORIENTED_EDGE ( 'NONE', *, *, #6348, .T. ) ;
#2923 = CARTESIAN_POINT ( 'NONE',  ( -13.55859082457480369, -1.465830875177938308, -3.999999999999970690 ) ) ;
#2924 = LINE ( 'NONE', #326, #954 ) ;
#2925 = VECTOR ( 'NONE', #6915, 1000.000000000000114 ) ;
#2926 = VECTOR ( 'NONE', #3751, 1000.000000000000114 ) ;
#2927 = DIRECTION ( 'NONE',  ( 0.000000000000000000, 0.000000000000000000, 1.000000000000000000 ) ) ;
#2928 = DIRECTION ( 'NONE',  ( 0.000000000000000000, 0.000000000000000000, 1.000000000000000000 ) ) ;
#2929 = ORIENTED_EDGE ( 'NONE', *, *, #5518, .T. ) ;
#2930 = FACE_OUTER_BOUND ( 'NONE', #205, .T. ) ;
#2931 = ORIENTED_EDGE ( 'NONE', *, *, #4342, .F. ) ;
#2932 = DIRECTION ( 'NONE',  ( 0.4809831074316377464, -0.8767298616822661872, 0.000000000000000000 ) ) ;
#2933 = EDGE_CURVE ( 'NONE', #2697, #1528, #7779, .T. ) ;
#2934 = DIRECTION ( 'NONE',  ( -0.9999999999999837907, -1.798198684919792904E-07, -3.043374519257557508E-16 ) ) ;
#2935 = ORIENTED_EDGE ( 'NONE', *, *, #7056, .T. ) ;
#2936 = ORIENTED_EDGE ( 'NONE', *, *, #1630, .T. ) ;
#2937 = DIRECTION ( 'NONE',  ( -0.000000000000000000, 0.000000000000000000, 1.000000000000000000 ) ) ;
#2938 = CARTESIAN_POINT ( 'NONE',  ( -5.317732932166530979, 78.84410602412555136, -4.599999999999991651 ) ) ;
#2939 = FACE_OUTER_BOUND ( 'NONE', #4264, .T. ) ;
#2940 = ADVANCED_FACE ( 'NONE', ( #7080 ), #1988, .T. ) ;
#2941 = EDGE_CURVE ( 'NONE', #252, #7302, #7042, .T. ) ;
#2942 = CARTESIAN_POINT ( 'NONE',  ( 71.68142950036546779, 80.84411100000002648, -2.199999999999999289 ) ) ;
#2943 = AXIS2_PLACEMENT_3D ( 'NONE', #2619, #3324, #5833 ) ;
#2944 = DIRECTION ( 'NONE',  ( 1.000000000000000000, 0.000000000000000000, 0.000000000000000000 ) ) ;
#2945 = CYLINDRICAL_SURFACE ( 'NONE', #6313, 1.125000000000000888 ) ;
#2946 = ORIENTED_EDGE ( 'NONE', *, *, #2501, .F. ) ;
#2947 = CARTESIAN_POINT ( 'NONE',  ( 100.1872790000000037, 53.59411099999999806, 1.349999999999999867 ) ) ;
#2948 = ORIENTED_EDGE ( 'NONE', *, *, #3768, .T. ) ;
#2949 = CARTESIAN_POINT ( 'NONE',  ( 90.21227469707440605, 76.84410589528943092, 4.450000000000000178 ) ) ;
#2950 = DIRECTION ( 'NONE',  ( -1.000000000000000000, 0.000000000000000000, 0.000000000000000000 ) ) ;
#2951 = EDGE_CURVE ( 'NONE', #1044, #7854, #831, .T. ) ;
#2952 = DIRECTION ( 'NONE',  ( 1.165656391701703065E-06, -0.9999999999993206545, 0.000000000000000000 ) ) ;
#2953 = CARTESIAN_POINT ( 'NONE',  ( -1.310888039131416383, 84.00666330885344735, 0.5794645096425318220 ) ) ;
#2954 = PLANE ( 'NONE',  #1781 ) ;
#2955 = ORIENTED_EDGE ( 'NONE', *, *, #5566, .T. ) ;
#2956 = ORIENTED_EDGE ( 'NONE', *, *, #1175, .T. ) ;
#2957 = ORIENTED_EDGE ( 'NONE', *, *, #1779, .T. ) ;
#2958 = DIRECTION ( 'NONE',  ( 1.000000000000000000, 0.000000000000000000, 0.000000000000000000 ) ) ;
#2959 = DIRECTION ( 'NONE',  ( 1.000000000000000000, 0.000000000000000000, 0.000000000000000000 ) ) ;
#2960 = EDGE_CURVE ( 'NONE', #6149, #1375, #4508, .T. ) ;
#2961 = CARTESIAN_POINT ( 'NONE',  ( -15.79019820335117785, 81.42113826622681927, 1.462656081696303234 ) ) ;
#2962 = CYLINDRICAL_SURFACE ( 'NONE', #72, 0.6000000000000000888 ) ;
#2963 = ORIENTED_EDGE ( 'NONE', *, *, #7188, .T. ) ;
#2964 = DIRECTION ( 'NONE',  ( 0.000000000000000000, 0.000000000000000000, 1.000000000000000000 ) ) ;
#2965 = EDGE_LOOP ( 'NONE', ( #5072, #981 ) ) ;
#2966 = DIRECTION ( 'NONE',  ( -0.9997000655982569706, 0.02449038266015117135, 0.000000000000000000 ) ) ;
#2967 = AXIS2_PLACEMENT_3D ( 'NONE', #4723, #4056, #2773 ) ;
#2968 = AXIS2_PLACEMENT_3D ( 'NONE', #1264, #7560, #8136 ) ;
#2969 = CARTESIAN_POINT ( 'NONE',  ( 12.66226043005733892, 81.84410925728559505, -1.550000000000002709 ) ) ;
#2970 = LINE ( 'NONE', #5493, #4488 ) ;
#2971 = CIRCLE ( 'NONE', #3365, 1.049999999999995381 ) ;
#2972 = ORIENTED_EDGE ( 'NONE', *, *, #2593, .F. ) ;
#2973 = VECTOR ( 'NONE', #7512, 1000.000000000000000 ) ;
#2974 = EDGE_CURVE ( 'NONE', #683, #1237, #3051, .T. ) ;
#2975 = ORIENTED_EDGE ( 'NONE', *, *, #2077, .T. ) ;
#2976 = DIRECTION ( 'NONE',  ( -0.000000000000000000, 0.000000000000000000, 1.000000000000000000 ) ) ;
#2977 = LINE ( 'NONE', #5497, #4358 ) ;
#2978 = DIRECTION ( 'NONE',  ( 1.000000000000000000, -1.018552587902412228E-15, 0.000000000000000000 ) ) ;
#2979 = VECTOR ( 'NONE', #508, 1000.000000000000000 ) ;
#2980 = CARTESIAN_POINT ( 'NONE',  ( 2.178651044607946997E-15, 39.98547018669192710, -4.599999999999992539 ) ) ;
#2981 = EDGE_CURVE ( 'NONE', #1062, #5175, #6075, .T. ) ;
#2982 = EDGE_CURVE ( 'NONE', #3244, #7201, #905, .T. ) ;
#2983 = DIRECTION ( 'NONE',  ( -0.2588190399164175259, 0.9659258276786805153, -1.277015003619096968E-16 ) ) ;
#2984 = VERTEX_POINT ( 'NONE', #297 ) ;
#2985 = DIRECTION ( 'NONE',  ( -0.4330126981593500068, 0.7500000021551761487, -0.4999999999999953371 ) ) ;
#2986 = ORIENTED_EDGE ( 'NONE', *, *, #3649, .T. ) ;
#2987 = CARTESIAN_POINT ( 'NONE',  ( 88.36227469707438331, 76.84410589528943092, -4.599999999999992539 ) ) ;
#2988 = CARTESIAN_POINT ( 'NONE',  ( -4.956570240454289548E-07, 1.244098474650672248, -4.599999999999992539 ) ) ;
#2989 = DIRECTION ( 'NONE',  ( 0.000000000000000000, 0.000000000000000000, -1.000000000000000000 ) ) ;
#2990 = CARTESIAN_POINT ( 'NONE',  ( 69.43142950036545358, 80.84411100000002648, -2.199999999999999734 ) ) ;
#2991 = EDGE_CURVE ( 'NONE', #4293, #6843, #4761, .T. ) ;
#2992 = ORIENTED_EDGE ( 'NONE', *, *, #4530, .F. ) ;
#2993 = EDGE_LOOP ( 'NONE', ( #5523, #2627, #1890, #74 ) ) ;
#2994 = ORIENTED_EDGE ( 'NONE', *, *, #6737, .F. ) ;
#2995 = CARTESIAN_POINT ( 'NONE',  ( 99.06227900000000375, 34.54411100000000090, 4.450000000000000178 ) ) ;
#2996 = DIRECTION ( 'NONE',  ( 0.000000000000000000, 0.000000000000000000, 1.000000000000000000 ) ) ;
#2997 = CARTESIAN_POINT ( 'NONE',  ( 81.95516925028452704, 2.007715638908055933, 2.250000000000000000 ) ) ;
#2998 = LINE ( 'NONE', #7323, #3091 ) ;
#2999 = ADVANCED_FACE ( 'NONE', ( #7290 ), #2231, .F. ) ;
#3000 = EDGE_LOOP ( 'NONE', ( #3961, #3042, #5129, #929 ) ) ;
#3001 = DIRECTION ( 'NONE',  ( -1.000000000000000000, 0.000000000000000000, -0.000000000000000000 ) ) ;
#3002 = ORIENTED_EDGE ( 'NONE', *, *, #5753, .T. ) ;
#3003 = CARTESIAN_POINT ( 'NONE',  ( -1.408057658815225471E-05, 72.84408845748393446, -4.599999999999992539 ) ) ;
#3004 = PLANE ( 'NONE',  #3297 ) ;
#3005 = AXIS2_PLACEMENT_3D ( 'NONE', #6573, #5999, #7187 ) ;
#3006 = DIRECTION ( 'NONE',  ( 1.000000000000000000, 0.000000000000000000, 0.000000000000000000 ) ) ;
#3007 = CARTESIAN_POINT ( 'NONE',  ( 8.583840999999999610, 12.63464199999999948, 1.349999999999999867 ) ) ;
#3008 = ORIENTED_EDGE ( 'NONE', *, *, #239, .F. ) ;
#3009 = ORIENTED_EDGE ( 'NONE', *, *, #6501, .T. ) ;
#3010 = FACE_BOUND ( 'NONE', #2402, .T. ) ;
#3011 = VECTOR ( 'NONE', #5520, 999.9999999999998863 ) ;
#3012 = CARTESIAN_POINT ( 'NONE',  ( 17.21226043005725259, 81.84411015638494291, -3.999999999999992450 ) ) ;
#3013 = CARTESIAN_POINT ( 'NONE',  ( 73.93728330292589135, 19.29411698796796415, -1.550000000000002709 ) ) ;
#3014 = EDGE_CURVE ( 'NONE', #7037, #2835, #1620, .T. ) ;
#3015 = AXIS2_PLACEMENT_3D ( 'NONE', #2239, #341, #7257 ) ;
#3016 = LINE ( 'NONE', #4892, #212 ) ;
#3017 = ORIENTED_EDGE ( 'NONE', *, *, #2827, .T. ) ;
#3018 = LINE ( 'NONE', #5541, #1066 ) ;
#3019 = ORIENTED_EDGE ( 'NONE', *, *, #6851, .F. ) ;
#3020 = FACE_BOUND ( 'NONE', #6565, .T. ) ;
#3021 = AXIS2_PLACEMENT_3D ( 'NONE', #4802, #4170, #7950 ) ;
#3022 = ORIENTED_EDGE ( 'NONE', *, *, #3791, .F. ) ;
#3023 = LINE ( 'NONE', #6192, #919 ) ;
#3024 = CARTESIAN_POINT ( 'NONE',  ( -1.602121930820903267E-06, 12.29410278256791322, 3.449999999999999289 ) ) ;
#3025 = CARTESIAN_POINT ( 'NONE',  ( -14.96307894929122817, 80.57035245621726460, 0.5927100916983835122 ) ) ;
#3026 = ADVANCED_FACE ( 'NONE', ( #4133 ), #5454, .F. ) ;
#3027 = EDGE_CURVE ( 'NONE', #3499, #2197, #5558, .T. ) ;
#3028 = VECTOR ( 'NONE', #2740, 1000.000000000000000 ) ;
#3029 = AXIS2_PLACEMENT_3D ( 'NONE', #3914, #771, #3288 ) ;
#3030 = DIRECTION ( 'NONE',  ( -1.000000000000000000, 9.999428271258533804E-31, 6.162975822039154730E-33 ) ) ;
#3031 = AXIS2_PLACEMENT_3D ( 'NONE', #6429, #179, #7789 ) ;
#3032 = VECTOR ( 'NONE', #1253, 1000.000000000000000 ) ;
#3033 = ORIENTED_EDGE ( 'NONE', *, *, #7831, .F. ) ;
#3034 = ORIENTED_EDGE ( 'NONE', *, *, #2078, .T. ) ;
#3035 = CARTESIAN_POINT ( 'NONE',  ( -1.260105132761057511, 84.98425781281784452, 1.546967715241742036 ) ) ;
#3036 = DIRECTION ( 'NONE',  ( -0.9997000655982558603, 0.02449038266020053117, 0.000000000000000000 ) ) ;
#3037 = ADVANCED_FACE ( 'NONE', ( #1077 ), #2850, .F. ) ;
#3038 = EDGE_CURVE ( 'NONE', #1404, #4657, #7647, .T. ) ;
#3039 = AXIS2_PLACEMENT_3D ( 'NONE', #2363, #6072, #925 ) ;
#3040 = CARTESIAN_POINT ( 'NONE',  ( -16.22398596599500564, 81.29810408448663850, 1.178609064485511393 ) ) ;
#3041 = CARTESIAN_POINT ( 'NONE',  ( 5.208840999999998722, 12.63464199999999948, 3.449999999999961098 ) ) ;
#3042 = ORIENTED_EDGE ( 'NONE', *, *, #6702, .T. ) ;
#3043 = CARTESIAN_POINT ( 'NONE',  ( 53.30246461491069709, 23.29196037236767225, -4.599999999999992539 ) ) ;
#3044 = ORIENTED_EDGE ( 'NONE', *, *, #3183, .F. ) ;
#3045 = LINE ( 'NONE', #1110, #1442 ) ;
#3046 = AXIS2_PLACEMENT_3D ( 'NONE', #5013, #3225, #99 ) ;
#3047 = VECTOR ( 'NONE', #6172, 1000.000000000000000 ) ;
#3048 = DIRECTION ( 'NONE',  ( -0.7071067811865334729, 0.000000000000000000, -0.7071067811865617836 ) ) ;
#3049 = EDGE_CURVE ( 'NONE', #7340, #6094, #7822, .T. ) ;
#3050 = CARTESIAN_POINT ( 'NONE',  ( 95.66227469707442310, 76.84410589528944513, -3.999999999999992450 ) ) ;
#3051 = CIRCLE ( 'NONE', #4241, 214.8027930341700937 ) ;
#3052 = CARTESIAN_POINT ( 'NONE',  ( 31.18142950036545358, 80.84411100000002648, -2.199999999999999734 ) ) ;
#3053 = ORIENTED_EDGE ( 'NONE', *, *, #3885, .T. ) ;
#3054 = ORIENTED_EDGE ( 'NONE', *, *, #2469, .T. ) ;
#3055 = DIRECTION ( 'NONE',  ( 0.000000000000000000, -0.000000000000000000, 1.000000000000000000 ) ) ;
#3056 = CIRCLE ( 'NONE', #7649, 2.250000000000001776 ) ;
#3057 = CARTESIAN_POINT ( 'NONE',  ( -1.673860604187622281, 84.89751895257400349, 1.600000000000021627 ) ) ;
#3058 = EDGE_CURVE ( 'NONE', #2409, #522, #4715, .T. ) ;
#3059 = CARTESIAN_POINT ( 'NONE',  ( 53.46030958398000621, 20.49838296832900397, -4.599999999999992539 ) ) ;
#3060 = LINE ( 'NONE', #8078, #3233 ) ;
#3061 = ORIENTED_EDGE ( 'NONE', *, *, #7353, .T. ) ;
#3062 = DIRECTION ( 'NONE',  ( -0.000000000000000000, 0.000000000000000000, 1.000000000000000000 ) ) ;
#3063 = ORIENTED_EDGE ( 'NONE', *, *, #1525, .F. ) ;
#3064 = PLANE ( 'NONE',  #6 ) ;
#3065 = ORIENTED_EDGE ( 'NONE', *, *, #506, .F. ) ;
#3066 = DIRECTION ( 'NONE',  ( -0.9997000655982547501, -0.02449038266024560970, 0.000000000000000000 ) ) ;
#3067 = FACE_OUTER_BOUND ( 'NONE', #2844, .T. ) ;
#3068 = LINE ( 'NONE', #5584, #3449 ) ;
#3069 = CARTESIAN_POINT ( 'NONE',  ( 2.546432003102167780E-15, 46.73547018669192710, -4.599999999999992539 ) ) ;
#3070 = ORIENTED_EDGE ( 'NONE', *, *, #7075, .F. ) ;
#3071 = ADVANCED_FACE ( 'NONE', ( #7987 ), #374, .T. ) ;
#3072 = ORIENTED_EDGE ( 'NONE', *, *, #6083, .T. ) ;
#3073 = CARTESIAN_POINT ( 'NONE',  ( -0.2820748999611296104, 85.18590200706607618, 0.8074020766418812389 ) ) ;
#3074 = DIRECTION ( 'NONE',  ( 1.000000000000000000, 0.000000000000000000, 0.000000000000000000 ) ) ;
#3075 = CARTESIAN_POINT ( 'NONE',  ( 101.3122790000000037, 34.54411100000000090, 1.750000000000017097 ) ) ;
#3076 = FACE_OUTER_BOUND ( 'NONE', #3794, .T. ) ;
#3077 = ORIENTED_EDGE ( 'NONE', *, *, #210, .F. ) ;
#3078 = EDGE_LOOP ( 'NONE', ( #2710, #6086, #4427, #7206 ) ) ;
#3079 = DIRECTION ( 'NONE',  ( -0.02449038266019914686, -0.9997000655982558603, 0.000000000000000000 ) ) ;
#3080 = ADVANCED_FACE ( 'NONE', ( #4877 ), #7328, .F. ) ;
#3081 = ORIENTED_EDGE ( 'NONE', *, *, #4708, .F. ) ;
#3082 = CARTESIAN_POINT ( 'NONE',  ( 88.96227469707440605, 76.84410589528943092, -2.150000000000027889 ) ) ;
#3083 = EDGE_CURVE ( 'NONE', #720, #2437, #3597, .T. ) ;
#3084 = DIRECTION ( 'NONE',  ( 1.000000000000000000, 0.000000000000000000, 0.000000000000000000 ) ) ;
#3085 = FACE_OUTER_BOUND ( 'NONE', #1849, .T. ) ;
#3086 = VERTEX_POINT ( 'NONE', #1656 ) ;
#3087 = EDGE_LOOP ( 'NONE', ( #4015, #2419, #2295, #5154 ) ) ;
#3088 = CARTESIAN_POINT ( 'NONE',  ( -18.16772099999999668, 39.98547018669192710, -4.599999999999992539 ) ) ;
#3089 = ADVANCED_FACE ( 'NONE', ( #4171, #6669 ), #3553, .T. ) ;
#3090 = CARTESIAN_POINT ( 'NONE',  ( 85.66227469707440889, 76.84410589528944513, -3.999999999999992450 ) ) ;
#3091 = VECTOR ( 'NONE', #2928, 1000.000000000000000 ) ;
#3092 = DIRECTION ( 'NONE',  ( 1.000000000000000000, 0.000000000000000000, 0.000000000000000000 ) ) ;
#3093 = CONICAL_SURFACE ( 'NONE', #599, 2.124999999999974243, 0.7853981633974393972 ) ;
#3094 = DIRECTION ( 'NONE',  ( -0.000000000000000000, 0.000000000000000000, 1.000000000000000000 ) ) ;
#3095 = ORIENTED_EDGE ( 'NONE', *, *, #2424, .T. ) ;
#3096 = FACE_OUTER_BOUND ( 'NONE', #1107, .T. ) ;
#3097 = EDGE_CURVE ( 'NONE', #6200, #4827, #2399, .T. ) ;
#3098 = EDGE_LOOP ( 'NONE', ( #1996, #7008, #5004, #5869 ) ) ;
#3099 = DIRECTION ( 'NONE',  ( -0.000000000000000000, 0.000000000000000000, 1.000000000000000000 ) ) ;
#3100 = ORIENTED_EDGE ( 'NONE', *, *, #2981, .F. ) ;
#3101 = DIRECTION ( 'NONE',  ( 1.000000000000000000, 0.000000000000000000, 0.000000000000000000 ) ) ;
#3102 = CIRCLE ( 'NONE', #3373, 0.2977672882881407523 ) ;
#3103 = CARTESIAN_POINT ( 'NONE',  ( 119.5122720196896893, -1.195054391596025243E-28, -4.599999999999992539 ) ) ;
#3104 = DIRECTION ( 'NONE',  ( 5.322106441609202775E-17, -1.000000000000000000, 0.000000000000000000 ) ) ;
#3105 = CARTESIAN_POINT ( 'NONE',  ( -20.16772100000000378, 39.38547018669192568, -1.599999999999977440 ) ) ;
#3106 = EDGE_CURVE ( 'NONE', #7574, #5530, #6321, .T. ) ;
#3107 = ORIENTED_EDGE ( 'NONE', *, *, #6661, .T. ) ;
#3108 = ORIENTED_EDGE ( 'NONE', *, *, #7784, .F. ) ;
#3109 = CARTESIAN_POINT ( 'NONE',  ( -0.9000794113200170088, 84.23215403576377014, 0.1945967552954167012 ) ) ;
#3110 = DIRECTION ( 'NONE',  ( 0.000000000000000000, 0.000000000000000000, 1.000000000000000000 ) ) ;
#3111 = CARTESIAN_POINT ( 'NONE',  ( -5.317734047049715862, 85.04410602412544051, -4.599999999999991651 ) ) ;
#3112 = EDGE_CURVE ( 'NONE', #7704, #188, #3670, .T. ) ;
#3113 = CARTESIAN_POINT ( 'NONE',  ( 20.61227900000000091, 60.09411099999999806, 1.750000000000020650 ) ) ;
#3114 = VERTEX_POINT ( 'NONE', #3790 ) ;
#3115 = VERTEX_POINT ( 'NONE', #8070 ) ;
#3116 = FACE_OUTER_BOUND ( 'NONE', #1969, .T. ) ;
#3117 = ORIENTED_EDGE ( 'NONE', *, *, #1699, .T. ) ;
#3118 = CARTESIAN_POINT ( 'NONE',  ( 45.91227899999999806, 24.49411100000000019, 1.349999999999999867 ) ) ;
#3119 = LINE ( 'NONE', #4373, #2926 ) ;
#3120 = ADVANCED_FACE ( 'NONE', ( #1197 ), #3580, .T. ) ;
#3121 = EDGE_CURVE ( 'NONE', #6600, #196, #3717, .T. ) ;
#3122 = DIRECTION ( 'NONE',  ( 1.000000000000000000, 0.000000000000000000, 0.000000000000000000 ) ) ;
#3123 = ORIENTED_EDGE ( 'NONE', *, *, #421, .F. ) ;
#3124 = EDGE_LOOP ( 'NONE', ( #4792, #134, #609, #6112 ) ) ;
#3125 = DIRECTION ( 'NONE',  ( -0.9659258276786804043, -0.2588190399164174704, 0.000000000000000000 ) ) ;
#3126 = DIRECTION ( 'NONE',  ( -0.2588190399164175259, 0.9659258276786805153, -1.277015003619096968E-16 ) ) ;
#3127 = CARTESIAN_POINT ( 'NONE',  ( -11.01773404704962545, 85.04410499915218224, -4.599999999999992539 ) ) ;
#3128 = EDGE_CURVE ( 'NONE', #5895, #624, #1113, .T. ) ;
#3129 = AXIS2_PLACEMENT_3D ( 'NONE', #2261, #6036, #975 ) ;
#3130 = LINE ( 'NONE', #10, #2325 ) ;
#3131 = ORIENTED_EDGE ( 'NONE', *, *, #4996, .F. ) ;
#3132 = DIRECTION ( 'NONE',  ( 0.000000000000000000, 0.000000000000000000, -1.000000000000000000 ) ) ;
#3133 = ORIENTED_EDGE ( 'NONE', *, *, #1224, .T. ) ;
#3134 = LINE ( 'NONE', #2034, #5280 ) ;
#3135 = ORIENTED_EDGE ( 'NONE', *, *, #6766, .T. ) ;
#3136 = B_SPLINE_CURVE_WITH_KNOTS ( 'NONE', 3,
 ( #651, #4619, #1272, #40, #2554, #5074, #7568, #1934, #4450, #856, #4787, #6764, #440, #4188, #1014, #1135, #7273, #5470, #2373, #5389, #5549, #517, #5437, #4857, #4902, #7345, #4822, #3533, #3999, #5884, #2915, #1711, #6116, #1096, #3025, #356, #4230 ),
 .UNSPECIFIED., .F., .F.,
 ( 4, 2, 2, 2, 2, 2, 2, 2, 2, 2, 2, 1, 2, 2, 2, 1, 1, 2, 2, 4 ),
 ( 0.000000000000000000, 0.1249999999999998612, 0.2499999999999997224, 0.3124999999999925060, 0.3749999999999852895, 0.4374999999999780176, 0.4999999999999708011, 0.5624999999999635847, 0.5937499999999600320, 0.6249999999999564793, 0.6874999999999747979, 0.7187499999999925615, 0.7343749999999913403, 0.7499999999999901190, 0.8124999999999572564, 0.8437499999999302780, 0.8593749999999166223, 0.8671874999999000799, 0.8749999999998835376, 1.000000000000000000 ),
 .UNSPECIFIED. ) ;
#3137 = CARTESIAN_POINT ( 'NONE',  ( 96.81228253471061862, 15.29411099999999912, -4.599999999999992539 ) ) ;
#3138 = CONICAL_SURFACE ( 'NONE', #3273, 2.250000000000001776, 0.7853981633974579379 ) ;
#3139 = DIRECTION ( 'NONE',  ( -9.999428271258533804E-31, -1.000000000000000000, 0.000000000000000000 ) ) ;
#3140 = DIRECTION ( 'NONE',  ( -0.000000000000000000, -0.000000000000000000, -1.000000000000000000 ) ) ;
#3141 = EDGE_CURVE ( 'NONE', #4948, #4839, #6907, .T. ) ;
#3142 = DIRECTION ( 'NONE',  ( -1.000000000000000000, 9.999428271258533804E-31, 0.000000000000000000 ) ) ;
#3143 = CONICAL_SURFACE ( 'NONE', #6954, 2.125000000000001776, 0.7853981633974401744 ) ;
#3144 = DIRECTION ( 'NONE',  ( 0.000000000000000000, 0.000000000000000000, -1.000000000000000000 ) ) ;
#3145 = ORIENTED_EDGE ( 'NONE', *, *, #210, .T. ) ;
#3146 = VECTOR ( 'NONE', #3401, 1000.000000000000114 ) ;
#3147 = VERTEX_POINT ( 'NONE', #3050 ) ;
#3148 = VERTEX_POINT ( 'NONE', #4290 ) ;
#3149 = AXIS2_PLACEMENT_3D ( 'NONE', #7644, #3331, #1891 ) ;
#3150 = LINE ( 'NONE', #7101, #4803 ) ;
#3151 = CONICAL_SURFACE ( 'NONE', #4617, 4.422649730810371160, 0.5235987755982897118 ) ;
#3152 = EDGE_CURVE ( 'NONE', #3815, #7469, #6213, .T. ) ;
#3153 = CARTESIAN_POINT ( 'NONE',  ( -15.45962620183238734, 80.19445392821631913, 0.1003438508167741328 ) ) ;
#3154 = CIRCLE ( 'NONE', #5410, 1.250000000000001110 ) ;
#3155 = LINE ( 'NONE', #6238, #4829 ) ;
#3156 = PRODUCT_DEFINITION_FORMATION_WITH_SPECIFIED_SOURCE ( 'ANY', '', #4391, .NOT_KNOWN. ) ;
#3157 = ORIENTED_EDGE ( 'NONE', *, *, #457, .T. ) ;
#3158 = AXIS2_PLACEMENT_3D ( 'NONE', #138, #2653, #7624 ) ;
#3159 = ORIENTED_EDGE ( 'NONE', *, *, #8064, .T. ) ;
#3160 = DIRECTION ( 'NONE',  ( -1.000000000000000000, 0.000000000000000000, 0.000000000000000000 ) ) ;
#3161 = VERTEX_POINT ( 'NONE', #7485 ) ;
#3162 = CYLINDRICAL_SURFACE ( 'NONE', #4753, 1.125000000000000888 ) ;
#3163 = VECTOR ( 'NONE', #1043, 1000.000000000000114 ) ;
#3164 = DIRECTION ( 'NONE',  ( 1.000000000000000000, 0.000000000000000000, 0.000000000000000000 ) ) ;
#3165 = DIRECTION ( 'NONE',  ( -0.000000000000000000, -0.000000000000000000, 1.000000000000000000 ) ) ;
#3166 = CARTESIAN_POINT ( 'NONE',  ( 6.810036434708695907, -10.76178768431326205, -4.599999999999992539 ) ) ;
#3167 = AXIS2_PLACEMENT_3D ( 'NONE', #2360, #345, #431 ) ;
#3168 = ORIENTED_EDGE ( 'NONE', *, *, #3106, .T. ) ;
#3169 = VECTOR ( 'NONE', #2927, 1000.000000000000000 ) ;
#3170 = VERTEX_POINT ( 'NONE', #540 ) ;
#3171 = DIRECTION ( 'NONE',  ( 0.000000000000000000, 0.000000000000000000, 1.000000000000000000 ) ) ;
#3172 = CARTESIAN_POINT ( 'NONE',  ( 121.3122720203380283, 71.13595499523700028, -4.599999999999992539 ) ) ;
#3173 = EDGE_CURVE ( 'NONE', #6087, #5708, #7639, .T. ) ;
#3174 = CIRCLE ( 'NONE', #7776, 2.249999999999998668 ) ;
#3175 = VECTOR ( 'NONE', #1447, 1000.000000000000000 ) ;
#3176 = DIRECTION ( 'NONE',  ( 0.9999999999999839018, 1.798198651385038809E-07, 0.000000000000000000 ) ) ;
#3177 = AXIS2_PLACEMENT_3D ( 'NONE', #1065, #365, #5445 ) ;
#3178 = DIRECTION ( 'NONE',  ( 0.7071067811865424657, 0.000000000000000000, -0.7071067811865526798 ) ) ;
#3179 = ORIENTED_EDGE ( 'NONE', *, *, #6384, .F. ) ;
#3180 = CARTESIAN_POINT ( 'NONE',  ( 20.40084906455487257, -2.955779412135975726, -2.199999999999988187 ) ) ;
#3181 = ORIENTED_EDGE ( 'NONE', *, *, #6523, .T. ) ;
#3182 = DIRECTION ( 'NONE',  ( 1.000000000000000000, 0.000000000000000000, 0.000000000000000000 ) ) ;
#3183 = EDGE_CURVE ( 'NONE', #3688, #3765, #613, .T. ) ;
#3184 = ORIENTED_EDGE ( 'NONE', *, *, #2738, .T. ) ;
#3185 = EDGE_CURVE ( 'NONE', #3595, #4741, #7772, .T. ) ;
#3186 = CARTESIAN_POINT ( 'NONE',  ( -24.16772100000000023, 39.98547018669192710, -3.199999999999991740 ) ) ;
#3187 = CARTESIAN_POINT ( 'NONE',  ( 41.71227899999999522, 84.15268391958798588, -4.599999999999992539 ) ) ;
#3188 = PLANE ( 'NONE',  #4502 ) ;
#3189 = CYLINDRICAL_SURFACE ( 'NONE', #6522, 1.249999999999999334 ) ;
#3190 = CARTESIAN_POINT ( 'NONE',  ( 120.7349305465053533, 2.898804754615158075, 4.450000000000000178 ) ) ;
#3191 = ORIENTED_EDGE ( 'NONE', *, *, #370, .F. ) ;
#3192 = CARTESIAN_POINT ( 'NONE',  ( 63.11245933445583489, 1.546112011906927597, -4.599999999999992539 ) ) ;
#3193 = VERTEX_POINT ( 'NONE', #41 ) ;
#3194 = EDGE_CURVE ( 'NONE', #7863, #324, #1612, .T. ) ;
#3195 = CARTESIAN_POINT ( 'NONE',  ( 71.26228330292595103, 19.29411633638648382, -3.999999999999992450 ) ) ;
#3196 = FACE_OUTER_BOUND ( 'NONE', #2292, .T. ) ;
#3197 = CARTESIAN_POINT ( 'NONE',  ( 101.8122789999999895, 34.54411100000000090, 2.250000000000000000 ) ) ;
#3198 = CARTESIAN_POINT ( 'NONE',  ( -19.36772099999999597, 51.23547018669193420, -2.199999999999995293 ) ) ;
#3199 = VERTEX_POINT ( 'NONE', #6827 ) ;
#3200 = ORIENTED_EDGE ( 'NONE', *, *, #1730, .T. ) ;
#3201 = CARTESIAN_POINT ( 'NONE',  ( 78.64951094318641367, 80.84095914592992926, -4.599999999999992539 ) ) ;
#3202 = AXIS2_PLACEMENT_3D ( 'NONE', #7472, #1884, #4911 ) ;
#3203 = ORIENTED_EDGE ( 'NONE', *, *, #8097, .F. ) ;
#3204 = DIRECTION ( 'NONE',  ( 1.000000000000000000, -5.448606792506972827E-17, 0.000000000000000000 ) ) ;
#3205 = ADVANCED_FACE ( 'NONE', ( #4921 ), #1855, .T. ) ;
#3206 = DIRECTION ( 'NONE',  ( 0.000000000000000000, 0.000000000000000000, 1.000000000000000000 ) ) ;
#3207 = CARTESIAN_POINT ( 'NONE',  ( -1.256717400771481197, 84.98505119298934574, 1.559206921132038959 ) ) ;
#3208 = LINE ( 'NONE', #2097, #4068 ) ;
#3209 = ORIENTED_EDGE ( 'NONE', *, *, #7924, .F. ) ;
#3210 = ORIENTED_EDGE ( 'NONE', *, *, #7204, .F. ) ;
#3211 = LINE ( 'NONE', #6470, #526 ) ;
#3212 = CARTESIAN_POINT ( 'NONE',  ( -20.16772100000000023, 24.98547018669191289, -4.599999999999992539 ) ) ;
#3213 = DIRECTION ( 'NONE',  ( 0.000000000000000000, -0.000000000000000000, -1.000000000000000000 ) ) ;
#3214 = EDGE_CURVE ( 'NONE', #778, #4462, #3119, .T. ) ;
#3215 = CARTESIAN_POINT ( 'NONE',  ( -5.317732752346663538, 77.84410602412556557, -2.699999999999991740 ) ) ;
#3216 = AXIS2_PLACEMENT_3D ( 'NONE', #4983, #1764, #6698 ) ;
#3217 = ORIENTED_EDGE ( 'NONE', *, *, #6204, .T. ) ;
#3218 = CARTESIAN_POINT ( 'NONE',  ( -13.55859082457480369, -1.465830875177938308, -4.599999999999992539 ) ) ;
#3219 = ORIENTED_EDGE ( 'NONE', *, *, #4233, .T. ) ;
#3220 = CARTESIAN_POINT ( 'NONE',  ( -16.74401203520875825, 81.14931739806254996, 0.2159669968465297296 ) ) ;
#3221 = ORIENTED_EDGE ( 'NONE', *, *, #2047, .F. ) ;
#3222 = DIRECTION ( 'NONE',  ( 0.000000000000000000, 0.000000000000000000, -1.000000000000000000 ) ) ;
#3223 = CARTESIAN_POINT ( 'NONE',  ( 79.81228598030135402, 16.99723707967754649, 2.249999999999999556 ) ) ;
#3224 = VECTOR ( 'NONE', #2259, 999.9999999999998863 ) ;
#3225 = DIRECTION ( 'NONE',  ( -0.000000000000000000, 0.000000000000000000, 1.000000000000000000 ) ) ;
#3226 = AXIS2_PLACEMENT_3D ( 'NONE', #7630, #1219, #755 ) ;
#3227 = ADVANCED_FACE ( 'NONE', ( #6136, #6247 ), #5038, .T. ) ;
#3228 = EDGE_CURVE ( 'NONE', #7340, #3148, #7409, .T. ) ;
#3229 = DIRECTION ( 'NONE',  ( 0.000000000000000000, 0.000000000000000000, 1.000000000000000000 ) ) ;
#3231 = CIRCLE ( 'NONE', #7566, 1.663324279939825567 ) ;
#3230 = DIRECTION ( 'NONE',  ( 0.000000000000000000, 0.000000000000000000, 1.000000000000000000 ) ) ;
#3232 = ORIENTED_EDGE ( 'NONE', *, *, #1851, .F. ) ;
#3233 = VECTOR ( 'NONE', #2445, 1000.000000000000000 ) ;
#3234 = CARTESIAN_POINT ( 'NONE',  ( 116.3122720203380709, 71.13595435076683771, 4.450000000000000178 ) ) ;
#3235 = ORIENTED_EDGE ( 'NONE', *, *, #4697, .T. ) ;
#3236 = CARTESIAN_POINT ( 'NONE',  ( 1.794959694563302399, -6.698880921515043774, -4.599999999999992539 ) ) ;
#3237 = PLANE ( 'NONE',  #6836 ) ;
#3238 = CIRCLE ( 'NONE', #4569, 0.2977672882960510914 ) ;
#3239 = CARTESIAN_POINT ( 'NONE',  ( -14.90663620357239338, 80.61251875115965504, 0.5999923825923061393 ) ) ;
#3240 = AXIS2_PLACEMENT_3D ( 'NONE', #5575, #5690, #2527 ) ;
#3241 = EDGE_CURVE ( 'NONE', #6101, #1695, #1151, .T. ) ;
#3242 = FACE_OUTER_BOUND ( 'NONE', #7191, .T. ) ;
#3243 = EDGE_LOOP ( 'NONE', ( #2167, #5166, #3200, #2747 ) ) ;
#3244 = VERTEX_POINT ( 'NONE', #2634 ) ;
#3245 = DIRECTION ( 'NONE',  ( -0.000000000000000000, 0.000000000000000000, 1.000000000000000000 ) ) ;
#3246 = ORIENTED_EDGE ( 'NONE', *, *, #3598, .T. ) ;
#3247 = DIRECTION ( 'NONE',  ( 0.6015459085818372076, 0.7988382313512867317, -0.000000000000000000 ) ) ;
#3248 = CARTESIAN_POINT ( 'NONE',  ( -20.16772100000000378, 40.98547018669194131, -3.199999999999991740 ) ) ;
#3249 = CARTESIAN_POINT ( 'NONE',  ( 81.50370608041218645, 15.29411099999999912, -4.599999999999992539 ) ) ;
#3250 = EDGE_CURVE ( 'NONE', #5564, #4871, #155, .T. ) ;
#3251 = CYLINDRICAL_SURFACE ( 'NONE', #5123, 2.250000000000001776 ) ;
#3252 = VERTEX_POINT ( 'NONE', #2677 ) ;
#3253 = ORIENTED_EDGE ( 'NONE', *, *, #1419, .T. ) ;
#3254 = LINE ( 'NONE', #5849, #1963 ) ;
#3255 = CARTESIAN_POINT ( 'NONE',  ( 79.81230579313094609, 9.303372438427715972E-05, -4.599999999999992539 ) ) ;
#3256 = DIRECTION ( 'NONE',  ( 0.000000000000000000, 0.000000000000000000, -1.000000000000000000 ) ) ;
#3257 = EDGE_CURVE ( 'NONE', #588, #4657, #7688, .T. ) ;
#3258 = PLANE ( 'NONE',  #1179 ) ;
#3259 = ORIENTED_EDGE ( 'NONE', *, *, #1023, .T. ) ;
#3260 = DIRECTION ( 'NONE',  ( -0.000000000000000000, -0.000000000000000000, -1.000000000000000000 ) ) ;
#3261 = ORIENTED_EDGE ( 'NONE', *, *, #4069, .T. ) ;
#3262 = DIRECTION ( 'NONE',  ( 0.000000000000000000, -0.000000000000000000, -1.000000000000000000 ) ) ;
#3263 = ORIENTED_EDGE ( 'NONE', *, *, #117, .T. ) ;
#3264 = LINE ( 'NONE', #97, #4695 ) ;
#3265 = EDGE_CURVE ( 'NONE', #720, #7099, #1935, .T. ) ;
#3266 = LINE ( 'NONE', #220, #2645 ) ;
#3267 = CARTESIAN_POINT ( 'NONE',  ( -16.05859082457480014, 2.864296143744255119, -4.599999999999992539 ) ) ;
#3268 = AXIS2_PLACEMENT_3D ( 'NONE', #1226, #605, #1144 ) ;
#3269 = PLANE ( 'NONE',  #5599 ) ;
#3270 = DIRECTION ( 'NONE',  ( 0.000000000000000000, 0.000000000000000000, -1.000000000000000000 ) ) ;
#3271 = ORIENTED_EDGE ( 'NONE', *, *, #3750, .F. ) ;
#3272 = FACE_OUTER_BOUND ( 'NONE', #5513, .T. ) ;
#3273 = AXIS2_PLACEMENT_3D ( 'NONE', #4258, #2, #5607 ) ;
#3274 = ORIENTED_EDGE ( 'NONE', *, *, #2019, .T. ) ;
#3275 = VECTOR ( 'NONE', #4080, 1000.000000000000114 ) ;
#3276 = DIRECTION ( 'NONE',  ( 0.7071067811865332509, 8.659560562354757830E-17, -0.7071067811865617836 ) ) ;
#3277 = EDGE_CURVE ( 'NONE', #4334, #159, #4451, .T. ) ;
#3278 = CARTESIAN_POINT ( 'NONE',  ( 10.81226043005731974, 81.84410925728559505, -4.599999999999992539 ) ) ;
#3279 = ADVANCED_FACE ( 'NONE', ( #3833 ), #3376, .F. ) ;
#3280 = DIRECTION ( 'NONE',  ( 1.000000000000000000, 0.000000000000000000, 0.000000000000000000 ) ) ;
#3281 = AXIS2_PLACEMENT_3D ( 'NONE', #1318, #3922, #7125 ) ;
#3282 = FACE_OUTER_BOUND ( 'NONE', #6516, .T. ) ;
#3283 = EDGE_LOOP ( 'NONE', ( #2674, #5631 ) ) ;
#3284 = AXIS2_PLACEMENT_3D ( 'NONE', #4574, #7563, #7600 ) ;
#3285 = ORIENTED_EDGE ( 'NONE', *, *, #4449, .F. ) ;
#3286 = DIRECTION ( 'NONE',  ( 1.000000000000000000, 0.000000000000000000, 0.000000000000000000 ) ) ;
#3287 = VERTEX_POINT ( 'NONE', #1438 ) ;
#3288 = DIRECTION ( 'NONE',  ( 1.000000000000000000, 0.000000000000000000, 0.000000000000000000 ) ) ;
#3289 = EDGE_CURVE ( 'NONE', #4582, #683, #3542, .T. ) ;
#3290 = AXIS2_PLACEMENT_3D ( 'NONE', #2140, #5396, #4703 ) ;
#3291 = EDGE_CURVE ( 'NONE', #3115, #5766, #4621, .T. ) ;
#3292 = LINE ( 'NONE', #6331, #1657 ) ;
#3293 = AXIS2_PLACEMENT_3D ( 'NONE', #7984, #2964, #5486 ) ;
#3294 = DIRECTION ( 'NONE',  ( 0.000000000000000000, 0.000000000000000000, -1.000000000000000000 ) ) ;
#3295 = VECTOR ( 'NONE', #6932, 1000.000000000000227 ) ;
#3296 = FACE_OUTER_BOUND ( 'NONE', #7753, .T. ) ;
#3297 = AXIS2_PLACEMENT_3D ( 'NONE', #761, #1150, #4482 ) ;
#3298 = ORIENTED_EDGE ( 'NONE', *, *, #5035, .T. ) ;
#3299 = VERTEX_POINT ( 'NONE', #3249 ) ;
#3300 = CARTESIAN_POINT ( 'NONE',  ( -19.16772100000000023, 25.98547018669193065, -3.199999999999991740 ) ) ;
#3301 = CIRCLE ( 'NONE', #6451, 1.697767288281998299 ) ;
#3302 = VECTOR ( 'NONE', #434, 1000.000000000000000 ) ;
#3303 = EDGE_CURVE ( 'NONE', #5250, #2254, #1401, .T. ) ;
#3304 = CARTESIAN_POINT ( 'NONE',  ( 119.5122720196896893, -1.195054391596025243E-28, -4.599999999999992539 ) ) ;
#3305 = AXIS2_PLACEMENT_3D ( 'NONE', #1040, #3483, #6025 ) ;
#3306 = VECTOR ( 'NONE', #4589, 1000.000000000000114 ) ;
#3307 = CARTESIAN_POINT ( 'NONE',  ( 90.21227469707440605, 76.84410589528943092, -3.999999999999968914 ) ) ;
#3308 = ORIENTED_EDGE ( 'NONE', *, *, #5162, .F. ) ;
#3309 = CARTESIAN_POINT ( 'NONE',  ( 20.40084906455487257, -2.955779412135976170, -4.599999999999992539 ) ) ;
#3310 = ORIENTED_EDGE ( 'NONE', *, *, #7056, .F. ) ;
#3311 = CARTESIAN_POINT ( 'NONE',  ( 22.86227900000000091, 60.09411099999999806, 1.750000000000020650 ) ) ;
#3312 = VERTEX_POINT ( 'NONE', #82 ) ;
#3313 = VECTOR ( 'NONE', #247, 1000.000000000000000 ) ;
#3314 = EDGE_CURVE ( 'NONE', #5879, #2069, #5764, .T. ) ;
#3315 = CARTESIAN_POINT ( 'NONE',  ( 6.333840999999999610, 12.63464199999999948, 4.450000000000000178 ) ) ;
#3316 = AXIS2_PLACEMENT_3D ( 'NONE', #2751, #2222, #3505 ) ;
#3317 =( NAMED_UNIT ( * ) SI_UNIT ( $, .STERADIAN. ) SOLID_ANGLE_UNIT ( ) );
#3318 = DIRECTION ( 'NONE',  ( 0.000000000000000000, 0.000000000000000000, 1.000000000000000000 ) ) ;
#3319 = DIRECTION ( 'NONE',  ( -0.000000000000000000, -0.000000000000000000, 1.000000000000000000 ) ) ;
#3320 = FACE_OUTER_BOUND ( 'NONE', #5847, .T. ) ;
#3321 = ORIENTED_EDGE ( 'NONE', *, *, #4165, .F. ) ;
#3322 = ORIENTED_EDGE ( 'NONE', *, *, #1339, .T. ) ;
#3323 = ORIENTED_EDGE ( 'NONE', *, *, #5327, .F. ) ;
#3324 = DIRECTION ( 'NONE',  ( -0.000000000000000000, -0.000000000000000000, -1.000000000000000000 ) ) ;
#3325 = DIRECTION ( 'NONE',  ( 0.000000000000000000, 0.000000000000000000, 1.000000000000000000 ) ) ;
#3326 = CARTESIAN_POINT ( 'NONE',  ( -15.36876941879699388, 80.26392272841290776, 0.3302467049197745363 ) ) ;
#3327 = EDGE_CURVE ( 'NONE', #2072, #2157, #121, .T. ) ;
#3328 = LINE ( 'NONE', #978, #2440 ) ;
#3329 = ORIENTED_EDGE ( 'NONE', *, *, #2749, .F. ) ;
#3330 = ORIENTED_EDGE ( 'NONE', *, *, #3956, .T. ) ;
#3331 = DIRECTION ( 'NONE',  ( -0.000000000000000000, 0.000000000000000000, 1.000000000000000000 ) ) ;
#3332 = ORIENTED_EDGE ( 'NONE', *, *, #498, .T. ) ;
#3333 = CARTESIAN_POINT ( 'NONE',  ( -12.91773404704959383, 85.04410465749444370, -4.599999999999992539 ) ) ;
#3334 = PLANE ( 'NONE',  #2840 ) ;
#3335 = CARTESIAN_POINT ( 'NONE',  ( -0.06637713212794688067, 85.22972665496169498, 6.938893903907228378E-15 ) ) ;
#3336 = VECTOR ( 'NONE', #7636, 1000.000000000000227 ) ;
#3337 = EDGE_CURVE ( 'NONE', #1007, #6455, #814, .T. ) ;
#3338 = LINE ( 'NONE', #1978, #766 ) ;
#3339 = EDGE_CURVE ( 'NONE', #4549, #8062, #4498, .T. ) ;
#3340 = ORIENTED_EDGE ( 'NONE', *, *, #1501, .F. ) ;
#3341 = EDGE_LOOP ( 'NONE', ( #2418, #1982, #4256, #2251 ) ) ;
#3342 = DIRECTION ( 'NONE',  ( -0.000000000000000000, 0.000000000000000000, 1.000000000000000000 ) ) ;
#3343 = CARTESIAN_POINT ( 'NONE',  ( 118.3122777325122712, 26.81910750985032621, -4.599999999999992539 ) ) ;
#3344 = ADVANCED_FACE ( 'NONE', ( #7650 ), #6593, .F. ) ;
#3345 = DIRECTION ( 'NONE',  ( -1.000000000000000000, 0.000000000000000000, 0.000000000000000000 ) ) ;
#3346 = VERTEX_POINT ( 'NONE', #5844 ) ;
#3347 = CYLINDRICAL_SURFACE ( 'NONE', #3443, 1.697767288279056208 ) ;
#3348 = DIRECTION ( 'NONE',  ( -0.000000000000000000, 0.000000000000000000, 1.000000000000000000 ) ) ;
#3349 = ORIENTED_EDGE ( 'NONE', *, *, #6097, .F. ) ;
#3350 = ORIENTED_EDGE ( 'NONE', *, *, #1642, .T. ) ;
#3351 = CARTESIAN_POINT ( 'NONE',  ( 90.21227469707440605, 76.84410589528943092, -2.150000000000027889 ) ) ;
#3352 = FILL_AREA_STYLE ('',( #2074 ) ) ;
#3353 = DIRECTION ( 'NONE',  ( 0.9999999999998941957, 4.600815822094847433E-07, 0.000000000000000000 ) ) ;
#3354 = EDGE_CURVE ( 'NONE', #5274, #748, #7115, .T. ) ;
#3355 = CYLINDRICAL_SURFACE ( 'NONE', #7573, 2.250000000000001776 ) ;
#3356 = CYLINDRICAL_SURFACE ( 'NONE', #7242, 1.125000000000000888 ) ;
#3357 = ORIENTED_EDGE ( 'NONE', *, *, #2702, .T. ) ;
#3358 = PLANE ( 'NONE',  #3915 ) ;
#3359 = EDGE_LOOP ( 'NONE', ( #1526, #7462, #2364, #2340 ) ) ;
#3360 = VECTOR ( 'NONE', #2073, 1000.000000000000000 ) ;
#3361 = DIRECTION ( 'NONE',  ( -5.448606792506972827E-17, -1.000000000000000000, 0.000000000000000000 ) ) ;
#3362 = VECTOR ( 'NONE', #3948, 1000.000000000000000 ) ;
#3363 = LINE ( 'NONE', #3456, #2500 ) ;
#3364 = CARTESIAN_POINT ( 'NONE',  ( -2.094754855088633683, -12.43886966827765406, -4.599999999999992539 ) ) ;
#3365 = AXIS2_PLACEMENT_3D ( 'NONE', #1248, #5213, #7706 ) ;
#3366 = AXIS2_PLACEMENT_3D ( 'NONE', #6398, #2003, #3774 ) ;
#3367 = CARTESIAN_POINT ( 'NONE',  ( -5.548071889116351407, -14.87273028169756550, 3.449999999999999289 ) ) ;
#3368 = ORIENTED_EDGE ( 'NONE', *, *, #7400, .T. ) ;
#3369 = VERTEX_POINT ( 'NONE', #5810 ) ;
#3370 = DIRECTION ( 'NONE',  ( 1.000000000000000000, 0.000000000000000000, 0.000000000000000000 ) ) ;
#3371 = ORIENTED_EDGE ( 'NONE', *, *, #578, .F. ) ;
#3372 = CARTESIAN_POINT ( 'NONE',  ( 22.35370608041267104, 77.84411100000001227, -4.599999999999992539 ) ) ;
#3373 = AXIS2_PLACEMENT_3D ( 'NONE', #880, #3395, #5867 ) ;
#3374 = ADVANCED_FACE ( 'NONE', ( #166 ), #7253, .F. ) ;
#3375 = LINE ( 'NONE', #7889, #3224 ) ;
#3376 = PLANE ( 'NONE',  #4372 ) ;
#3377 = DIRECTION ( 'NONE',  ( -0.000000000000000000, -0.000000000000000000, 1.000000000000000000 ) ) ;
#3378 = VERTEX_POINT ( 'NONE', #2879 ) ;
#3379 = DIRECTION ( 'NONE',  ( -1.165657147201231097E-06, 0.9999999999993206545, 0.000000000000000000 ) ) ;
#3380 = ORIENTED_EDGE ( 'NONE', *, *, #3985, .T. ) ;
#3381 = PLANE ( 'NONE',  #5529 ) ;
#3382 = EDGE_CURVE ( 'NONE', #3086, #7220, #5167, .T. ) ;
#3383 = EDGE_CURVE ( 'NONE', #1644, #425, #5669, .T. ) ;
#3384 = DIRECTION ( 'NONE',  ( 1.000000000000000000, 0.000000000000000000, 0.000000000000000000 ) ) ;
#3385 = CARTESIAN_POINT ( 'NONE',  ( -13.55859082457480369, -1.465830875177938308, 1.400000000000010569 ) ) ;
#3386 = ORIENTED_EDGE ( 'NONE', *, *, #2148, .F. ) ;
#3387 = CYLINDRICAL_SURFACE ( 'NONE', #5424, 1.250000000000001110 ) ;
#3388 = LINE ( 'NONE', #3480, #7903 ) ;
#3389 = VERTEX_POINT ( 'NONE', #6090 ) ;
#3390 = ORIENTED_EDGE ( 'NONE', *, *, #5643, .F. ) ;
#3391 = CARTESIAN_POINT ( 'NONE',  ( 61.16246856241581042, 0.0001428680500498684261, 2.250000000000000000 ) ) ;
#3392 = CARTESIAN_POINT ( 'NONE',  ( -17.79561669601519824, 80.84410378035408939, -4.599999999999992539 ) ) ;
#3393 = ADVANCED_FACE ( 'NONE', ( #6662 ), #1025, .T. ) ;
#3394 = CARTESIAN_POINT ( 'NONE',  ( 40.39384565921501036, -1.755885432175285921, -4.599999999999992539 ) ) ;
#3395 = DIRECTION ( 'NONE',  ( -0.000000000000000000, 0.000000000000000000, 1.000000000000000000 ) ) ;
#3396 = FACE_OUTER_BOUND ( 'NONE', #1034, .T. ) ;
#3397 = EDGE_LOOP ( 'NONE', ( #4819, #371, #2392, #4722 ) ) ;
#3398 = DIRECTION ( 'NONE',  ( -0.000000000000000000, 0.000000000000000000, 1.000000000000000000 ) ) ;
#3399 = EDGE_LOOP ( 'NONE', ( #291, #5965, #6938, #4423 ) ) ;
#3400 = ORIENTED_EDGE ( 'NONE', *, *, #4186, .T. ) ;
#3401 = DIRECTION ( 'NONE',  ( -0.9999999999999812372, -1.932974505730857680E-07, 0.000000000000000000 ) ) ;
#3402 = DIRECTION ( 'NONE',  ( 1.000000000000000000, 0.000000000000000000, 0.000000000000000000 ) ) ;
#3403 = EDGE_CURVE ( 'NONE', #6682, #7667, #4126, .T. ) ;
#3404 = AXIS2_PLACEMENT_3D ( 'NONE', #5877, #2829, #849 ) ;
#3405 = DIRECTION ( 'NONE',  ( 1.000000000000000000, 0.000000000000000000, 0.000000000000000000 ) ) ;
#3406 = B_SPLINE_CURVE_WITH_KNOTS ( 'NONE', 3,
 ( #3805, #1947, #1246, #6301, #7583, #3766, #4466, #3850, #3220, #5738 ),
 .UNSPECIFIED., .F., .F.,
 ( 4, 2, 2, 2, 4 ),
 ( 0.000000000000000000, 0.5000000000000054401, 0.6250000000000036637, 0.7500000000000017764, 1.000000000000000000 ),
 .UNSPECIFIED. ) ;
#3407 = DIRECTION ( 'NONE',  ( 1.000000000000000000, 0.000000000000000000, 0.000000000000000000 ) ) ;
#3408 = AXIS2_PLACEMENT_3D ( 'NONE', #2389, #6049, #490 ) ;
#3409 = ORIENTED_EDGE ( 'NONE', *, *, #3985, .F. ) ;
#3410 = ORIENTED_EDGE ( 'NONE', *, *, #6702, .F. ) ;
#3411 = CARTESIAN_POINT ( 'NONE',  ( 6.333840999999999610, 12.63464199999999948, 1.349999999999999867 ) ) ;
#3412 = ORIENTED_EDGE ( 'NONE', *, *, #4586, .T. ) ;
#3413 = CARTESIAN_POINT ( 'NONE',  ( 21.73727899999999735, 60.09411099999999806, 4.450000000000000178 ) ) ;
#3414 = CARTESIAN_POINT ( 'NONE',  ( -11.70859082457481293, -1.465830875177938308, -1.550000000000002709 ) ) ;
#3415 = ADVANCED_FACE ( 'NONE', ( #6696 ), #3543, .T. ) ;
#3416 = VECTOR ( 'NONE', #2896, 1000.000000000000114 ) ;
#3417 = CARTESIAN_POINT ( 'NONE',  ( -11.70859082457478451, -1.465830875177938086, -4.599999999999992539 ) ) ;
#3418 = LINE ( 'NONE', #5974, #7876 ) ;
#3419 = EDGE_LOOP ( 'NONE', ( #4575, #35, #1019, #6469 ) ) ;
#3420 = CARTESIAN_POINT ( 'NONE',  ( -0.9995238222427064168, 84.17811779746197942, 0.3753367714752843809 ) ) ;
#3421 = AXIS2_PLACEMENT_3D ( 'NONE', #5565, #1768, #4204 ) ;
#3422 = ORIENTED_EDGE ( 'NONE', *, *, #5058, .F. ) ;
#3423 = CYLINDRICAL_SURFACE ( 'NONE', #2101, 2.250000000000001776 ) ;
#3424 = CIRCLE ( 'NONE', #4999, 1.697767288274087960 ) ;
#3425 = AXIS2_PLACEMENT_3D ( 'NONE', #692, #3245, #1480 ) ;
#3426 = VECTOR ( 'NONE', #3139, 1000.000000000000000 ) ;
#3427 = DIRECTION ( 'NONE',  ( -1.000000000000000000, 0.000000000000000000, 0.000000000000000000 ) ) ;
#3428 = VECTOR ( 'NONE', #284, 1000.000000000000000 ) ;
#3429 = AXIS2_PLACEMENT_3D ( 'NONE', #7416, #1001, #503 ) ;
#3430 = ORIENTED_EDGE ( 'NONE', *, *, #1012, .T. ) ;
#3431 = CONICAL_SURFACE ( 'NONE', #3293, 1.250000000000001110, 0.7853981633974445042 ) ;
#3432 = CARTESIAN_POINT ( 'NONE',  ( -5.317732932166531867, 78.84410602412555136, -2.699999999999991740 ) ) ;
#3433 = EDGE_CURVE ( 'NONE', #1199, #2895, #7945, .T. ) ;
#3434 = VERTEX_POINT ( 'NONE', #3417 ) ;
#3435 = DIRECTION ( 'NONE',  ( 1.000000000000000000, 0.000000000000000000, 0.000000000000000000 ) ) ;
#3436 = VECTOR ( 'NONE', #5214, 1000.000000000000000 ) ;
#3437 = VECTOR ( 'NONE', #4426, 1000.000000000000114 ) ;
#3438 = DIRECTION ( 'NONE',  ( 1.000000000000000000, -5.448606792506973443E-17, -0.000000000000000000 ) ) ;
#3439 = ORIENTED_EDGE ( 'NONE', *, *, #5685, .T. ) ;
#3440 = ORIENTED_EDGE ( 'NONE', *, *, #2501, .T. ) ;
#3441 = DIRECTION ( 'NONE',  ( 0.000000000000000000, 0.000000000000000000, -1.000000000000000000 ) ) ;
#3442 = PRESENTATION_STYLE_ASSIGNMENT (( #918 ) ) ;
#3443 = AXIS2_PLACEMENT_3D ( 'NONE', #215, #3848, #1945 ) ;
#3444 = DIRECTION ( 'NONE',  ( 1.000000000000000000, -5.448606792506972827E-17, 0.000000000000000000 ) ) ;
#3445 = DIRECTION ( 'NONE',  ( -0.7071067811865440200, 8.659560562354889717E-17, 0.7071067811865511255 ) ) ;
#3446 = EDGE_CURVE ( 'NONE', #5665, #6632, #7196, .T. ) ;
#3447 = EDGE_CURVE ( 'NONE', #3193, #2825, #5446, .T. ) ;
#3449 = VECTOR ( 'NONE', #8087, 1000.000000000000000 ) ;
#3448 = CARTESIAN_POINT ( 'NONE',  ( 22.66543085406954461, 79.28134294316419073, -4.599999999999992539 ) ) ;
#3450 = ORIENTED_EDGE ( 'NONE', *, *, #6625, .T. ) ;
#3451 = VECTOR ( 'NONE', #5320, 1000.000000000000114 ) ;
#3452 = PLANE ( 'NONE',  #1015 ) ;
#3453 = ORIENTED_EDGE ( 'NONE', *, *, #5601, .F. ) ;
#3454 = ORIENTED_EDGE ( 'NONE', *, *, #2027, .F. ) ;
#3455 = FACE_OUTER_BOUND ( 'NONE', #6902, .T. ) ;
#3456 = CARTESIAN_POINT ( 'NONE',  ( 22.66227900000000872, 79.15268391958781535, -4.599999999999992539 ) ) ;
#3457 = DIRECTION ( 'NONE',  ( 1.000000000000000000, -9.999428271258533804E-31, 0.000000000000000000 ) ) ;
#3458 = CARTESIAN_POINT ( 'NONE',  ( -18.16772100000000023, 14.73547018669192887, -2.199999999999991740 ) ) ;
#3459 = EDGE_CURVE ( 'NONE', #7985, #5448, #6010, .T. ) ;
#3460 = CIRCLE ( 'NONE', #7126, 1.850000000000018296 ) ;
#3461 = ORIENTED_EDGE ( 'NONE', *, *, #6259, .F. ) ;
#3462 = ORIENTED_EDGE ( 'NONE', *, *, #2593, .T. ) ;
#3463 = CARTESIAN_POINT ( 'NONE',  ( 101.3122825347106328, 14.09411798029977447, -2.199999999999991296 ) ) ;
#3464 = ORIENTED_EDGE ( 'NONE', *, *, #606, .F. ) ;
#3465 = DIRECTION ( 'NONE',  ( 0.7071067811865440200, 0.000000000000000000, 0.7071067811865511255 ) ) ;
#3466 = CARTESIAN_POINT ( 'NONE',  ( 69.43142950036545358, 82.04411100000002932, -2.199999999999999734 ) ) ;
#3467 = CARTESIAN_POINT ( 'NONE',  ( -16.47217685720400127, 76.14635366131901151, -4.599999999999992539 ) ) ;
#3468 = DIRECTION ( 'NONE',  ( -0.000000000000000000, -0.000000000000000000, -1.000000000000000000 ) ) ;
#3469 = EDGE_CURVE ( 'NONE', #1765, #914, #287, .T. ) ;
#3470 = ORIENTED_EDGE ( 'NONE', *, *, #15, .T. ) ;
#3471 = LINE ( 'NONE', #4082, #787 ) ;
#3472 = EDGE_LOOP ( 'NONE', ( #4010, #2265, #256, #5394 ) ) ;
#3473 = DIRECTION ( 'NONE',  ( -1.128572224089754200E-07, 0.8660254037844344888, -0.4999999999999945044 ) ) ;
#3474 = DIRECTION ( 'NONE',  ( 1.000000000000000000, 1.754052454627693473E-15, 0.000000000000000000 ) ) ;
#3475 = ORIENTED_EDGE ( 'NONE', *, *, #1070, .F. ) ;
#3476 = DIRECTION ( 'NONE',  ( -1.000000000000000000, 0.000000000000000000, 0.000000000000000000 ) ) ;
#3477 = ORIENTED_EDGE ( 'NONE', *, *, #432, .F. ) ;
#3478 = PLANE ( 'NONE',  #4205 ) ;
#3479 = VECTOR ( 'NONE', #4438, 1000.000000000000000 ) ;
#3480 = CARTESIAN_POINT ( 'NONE',  ( -12.30859082457480369, -1.465830875177938308, -2.149999999999971045 ) ) ;
#3481 = ORIENTED_EDGE ( 'NONE', *, *, #6460, .T. ) ;
#3482 = CARTESIAN_POINT ( 'NONE',  ( 88.96227469707440605, 76.84410589528943092, -3.999999999999968914 ) ) ;
#3483 = DIRECTION ( 'NONE',  ( -0.000000000000000000, -0.000000000000000000, 1.000000000000000000 ) ) ;
#3484 = EDGE_CURVE ( 'NONE', #5179, #7598, #7321, .T. ) ;
#3485 = CARTESIAN_POINT ( 'NONE',  ( 48.03727900000000517, 24.49411100000000019, 4.450000000000000178 ) ) ;
#3486 = CARTESIAN_POINT ( 'NONE',  ( 99.06227900000000375, 34.54411100000000090, 4.450000000000000178 ) ) ;
#3487 = ORIENTED_EDGE ( 'NONE', *, *, #1217, .T. ) ;
#3488 = B_SPLINE_CURVE_WITH_KNOTS ( 'NONE', 3,
 ( #5463, #5990, #1090, #470 ),
 .UNSPECIFIED., .F., .F.,
 ( 4, 4 ),
 ( 0.000000000000000000, 0.001154703261752751181 ),
 .UNSPECIFIED. ) ;
#3489 = CARTESIAN_POINT ( 'NONE',  ( 71.68142950036546779, 0.000000000000000000, -4.599999999999992539 ) ) ;
#3490 = ORIENTED_EDGE ( 'NONE', *, *, #1817, .T. ) ;
#3491 = ORIENTED_EDGE ( 'NONE', *, *, #3854, .T. ) ;
#3492 = LINE ( 'NONE', #7758, #3146 ) ;
#3493 = DIRECTION ( 'NONE',  ( 0.02449038266012669440, 0.9997000655982575257, 0.000000000000000000 ) ) ;
#3494 = ADVANCED_FACE ( 'NONE', ( #1067 ), #896, .T. ) ;
#3495 = EDGE_CURVE ( 'NONE', #8099, #5665, #1686, .T. ) ;
#3496 = DIRECTION ( 'NONE',  ( -1.000000000000000000, 0.000000000000000000, 0.000000000000000000 ) ) ;
#3497 = DIRECTION ( 'NONE',  ( 1.000000000000000000, 0.000000000000000000, 0.000000000000000000 ) ) ;
#3498 = EDGE_LOOP ( 'NONE', ( #5019, #1845, #6879, #417 ) ) ;
#3499 = VERTEX_POINT ( 'NONE', #4707 ) ;
#3500 = ORIENTED_EDGE ( 'NONE', *, *, #4086, .T. ) ;
#3501 = LINE ( 'NONE', #5234, #4348 ) ;
#3502 = DIRECTION ( 'NONE',  ( 0.000000000000000000, 0.000000000000000000, 1.000000000000000000 ) ) ;
#3503 = ADVANCED_FACE ( 'NONE', ( #5929 ), #7857, .F. ) ;
#3504 = AXIS2_PLACEMENT_3D ( 'NONE', #81, #164, #3164 ) ;
#3505 = DIRECTION ( 'NONE',  ( 0.02449038266012940057, 0.9997000655982575257, 0.000000000000000000 ) ) ;
#3506 = CIRCLE ( 'NONE', #8092, 2.249999999999995115 ) ;
#3507 = CARTESIAN_POINT ( 'NONE',  ( 12.66226043005733892, 81.84410925728559505, -3.999999999999970690 ) ) ;
#3508 = ORIENTED_EDGE ( 'NONE', *, *, #3383, .F. ) ;
#3509 = CARTESIAN_POINT ( 'NONE',  ( -1.031704538749688815, 84.16055905108217416, 0.4126264482640948361 ) ) ;
#3510 = ORIENTED_EDGE ( 'NONE', *, *, #7270, .T. ) ;
#3511 = DIRECTION ( 'NONE',  ( 0.9999999999999914513, 1.303162954756303595E-07, 0.000000000000000000 ) ) ;
#3512 = AXIS2_PLACEMENT_3D ( 'NONE', #5647, #1903, #6296 ) ;
#3513 = EDGE_CURVE ( 'NONE', #4827, #6200, #7916, .T. ) ;
#3514 = DIRECTION ( 'NONE',  ( 0.000000000000000000, -0.000000000000000000, -1.000000000000000000 ) ) ;
#3515 = VECTOR ( 'NONE', #512, 1000.000000000000000 ) ;
#3516 = VERTEX_POINT ( 'NONE', #4664 ) ;
#3517 = DIRECTION ( 'NONE',  ( -1.000000000000000000, 0.000000000000000000, 0.000000000000000000 ) ) ;
#3518 = EDGE_LOOP ( 'NONE', ( #7676, #5325, #5131, #3061 ) ) ;
#3519 = CARTESIAN_POINT ( 'NONE',  ( 42.60274304593886541, -125.2924481355107105, 1.600000000000021627 ) ) ;
#3520 = CARTESIAN_POINT ( 'NONE',  ( -19.36772099999999952, 19.23547018669193065, -2.199999999999991740 ) ) ;
#3521 = CIRCLE ( 'NONE', #8108, 1.875000000000001776 ) ;
#3522 = CARTESIAN_POINT ( 'NONE',  ( 41.71228598029826173, 81.14098492032248089, -4.599999999999992539 ) ) ;
#3523 = EDGE_CURVE ( 'NONE', #3369, #2588, #7283, .T. ) ;
#3524 = FACE_OUTER_BOUND ( 'NONE', #1515, .T. ) ;
#3525 = DIRECTION ( 'NONE',  ( -1.000000000000000000, 5.448606792506973443E-17, -0.000000000000000000 ) ) ;
#3526 = DIRECTION ( 'NONE',  ( 0.000000000000000000, 0.000000000000000000, -1.000000000000000000 ) ) ;
#3527 = ORIENTED_EDGE ( 'NONE', *, *, #3590, .F. ) ;
#3528 = DIRECTION ( 'NONE',  ( 0.7071067811865412445, 0.000000000000000000, 0.7071067811865537900 ) ) ;
#3529 = ORIENTED_EDGE ( 'NONE', *, *, #1501, .T. ) ;
#3530 = ORIENTED_EDGE ( 'NONE', *, *, #7724, .T. ) ;
#3531 = DIRECTION ( 'NONE',  ( -0.9999999999993552935, -1.135586136444816472E-06, 0.000000000000000000 ) ) ;
#3532 = LINE ( 'NONE', #6193, #3959 ) ;
#3533 = CARTESIAN_POINT ( 'NONE',  ( -15.06091503380729080, 80.49702650425003014, 0.5683795041093263611 ) ) ;
#3534 = FACE_OUTER_BOUND ( 'NONE', #6977, .T. ) ;
#3535 = DIRECTION ( 'NONE',  ( 1.000000000000000000, 0.000000000000000000, 0.000000000000000000 ) ) ;
#3536 = ORIENTED_EDGE ( 'NONE', *, *, #4499, .T. ) ;
#3537 = VERTEX_POINT ( 'NONE', #1563 ) ;
#3538 = EDGE_CURVE ( 'NONE', #7580, #6864, #1648, .T. ) ;
#3539 = EDGE_LOOP ( 'NONE', ( #5887, #2341, #1893, #500 ) ) ;
#3540 = CARTESIAN_POINT ( 'NONE',  ( 75.81228330292589135, 19.29411698796796415, -2.150000000000027889 ) ) ;
#3541 = DIRECTION ( 'NONE',  ( 1.000000000000000000, -5.448606792506972827E-17, -0.000000000000000000 ) ) ;
#3542 = B_SPLINE_CURVE_WITH_KNOTS ( 'NONE', 3,
 ( #3335, #5161, #1486, #240, #696, #3873, #3958, #3207, #3917, #5720 ),
 .UNSPECIFIED., .F., .F.,
 ( 4, 2, 2, 2, 4 ),
 ( 0.000000000000000000, 0.2500000000000000555, 0.5000000000000000000, 0.7500000000000000000, 1.000000000000000000 ),
 .UNSPECIFIED. ) ;
#3543 = PLANE ( 'NONE',  #2395 ) ;
#3544 = VECTOR ( 'NONE', #7557, 1000.000000000000000 ) ;
#3545 = DIRECTION ( 'NONE',  ( 0.000000000000000000, 0.000000000000000000, 1.000000000000000000 ) ) ;
#3546 = EDGE_LOOP ( 'NONE', ( #5495, #5487, #5416, #2764 ) ) ;
#3547 = DIRECTION ( 'NONE',  ( -1.000000000000000000, 0.000000000000000000, 0.000000000000000000 ) ) ;
#3548 = ADVANCED_FACE ( 'NONE', ( #6236 ), #4279, .F. ) ;
#3549 = ORIENTED_EDGE ( 'NONE', *, *, #2131, .T. ) ;
#3550 = DIRECTION ( 'NONE',  ( 1.000000000000000000, -5.448606792506972827E-17, -0.000000000000000000 ) ) ;
#3551 = EDGE_CURVE ( 'NONE', #628, #2603, #4402, .T. ) ;
#3552 = AXIS2_PLACEMENT_3D ( 'NONE', #4212, #6598, #7828 ) ;
#3553 = PLANE ( 'NONE',  #6329 ) ;
#3554 = AXIS2_PLACEMENT_3D ( 'NONE', #2188, #3473, #3511 ) ;
#3555 = ORIENTED_EDGE ( 'NONE', *, *, #1733, .F. ) ;
#3556 = CIRCLE ( 'NONE', #1708, 2.250000000000001776 ) ;
#3557 = ORIENTED_EDGE ( 'NONE', *, *, #2199, .T. ) ;
#3558 = CARTESIAN_POINT ( 'NONE',  ( 48.16227900000000517, 24.49411100000000019, 1.349999999999999867 ) ) ;
#3559 = ADVANCED_FACE ( 'NONE', ( #4868 ), #7357, .F. ) ;
#3560 = AXIS2_PLACEMENT_3D ( 'NONE', #7868, #2428, #7479 ) ;
#3561 = DIRECTION ( 'NONE',  ( -1.000000000000000000, 5.448606792506972827E-17, 0.000000000000000000 ) ) ;
#3562 = LINE ( 'NONE', #4177, #3760 ) ;
#3563 = CIRCLE ( 'NONE', #8148, 4.116593073984354589 ) ;
#3564 = SHAPE_DEFINITION_REPRESENTATION ( #1553, #5398 ) ;
#3565 = CARTESIAN_POINT ( 'NONE',  ( 63.05759268073793322, 2.898797320354307594, 3.450002953554892837 ) ) ;
#3566 = AXIS2_PLACEMENT_3D ( 'NONE', #6701, #1915, #6267 ) ;
#3567 = CARTESIAN_POINT ( 'NONE',  ( 52.26227900109223867, -1.755882021704230800, 3.450002953554892837 ) ) ;
#3568 = CARTESIAN_POINT ( 'NONE',  ( 118.3122720196896722, 26.81910750985032621, -4.599999999999992539 ) ) ;
#3569 = ADVANCED_FACE ( 'NONE', ( #8096 ), #6736, .T. ) ;
#3570 = ORIENTED_EDGE ( 'NONE', *, *, #6572, .T. ) ;
#3571 = FACE_OUTER_BOUND ( 'NONE', #7720, .T. ) ;
#3572 = ORIENTED_EDGE ( 'NONE', *, *, #7204, .T. ) ;
#3573 = CIRCLE ( 'NONE', #8, 69.21297688990915731 ) ;
#3574 = DIRECTION ( 'NONE',  ( 0.000000000000000000, 0.000000000000000000, -1.000000000000000000 ) ) ;
#3575 = DIRECTION ( 'NONE',  ( -0.000000000000000000, 0.000000000000000000, 1.000000000000000000 ) ) ;
#3576 = STYLED_ITEM ( 'NONE', ( #3442 ), #5398 ) ;
#3577 = DIRECTION ( 'NONE',  ( -0.000000000000000000, -0.000000000000000000, -1.000000000000000000 ) ) ;
#3578 = CARTESIAN_POINT ( 'NONE',  ( -1.330666275390889552, 83.99566403270047488, 0.5845217741140472656 ) ) ;
#3579 = CIRCLE ( 'NONE', #548, 0.2977672882960510914 ) ;
#3580 = CONICAL_SURFACE ( 'NONE', #1735, 0.8226514360459291630, 0.5235987755984139458 ) ;
#3581 = LINE ( 'NONE', #6767, #1659 ) ;
#3582 = VERTEX_POINT ( 'NONE', #6814 ) ;
#3583 = ORIENTED_EDGE ( 'NONE', *, *, #7982, .F. ) ;
#3584 = ORIENTED_EDGE ( 'NONE', *, *, #1933, .T. ) ;
#3585 = CARTESIAN_POINT ( 'NONE',  ( -0.3711658479199303473, 85.16772223435614819, 0.9377874895239007857 ) ) ;
#3586 = DIRECTION ( 'NONE',  ( 1.000000000000000000, 0.000000000000000000, 0.000000000000000000 ) ) ;
#3587 = VECTOR ( 'NONE', #7658, 1000.000000000000000 ) ;
#3588 = AXIS2_PLACEMENT_3D ( 'NONE', #7004, #2646, #4546 ) ;
#3589 = DIRECTION ( 'NONE',  ( 0.000000000000000000, 0.000000000000000000, -1.000000000000000000 ) ) ;
#3590 = EDGE_CURVE ( 'NONE', #2017, #8119, #2351, .T. ) ;
#3591 = VECTOR ( 'NONE', #7856, 1000.000000000000000 ) ;
#3592 = LINE ( 'NONE', #6164, #775 ) ;
#3593 = ORIENTED_EDGE ( 'NONE', *, *, #4456, .F. ) ;
#3594 = FACE_OUTER_BOUND ( 'NONE', #1047, .T. ) ;
#3595 = VERTEX_POINT ( 'NONE', #5626 ) ;
#3596 = LINE ( 'NONE', #2468, #1971 ) ;
#3597 = LINE ( 'NONE', #1532, #5297 ) ;
#3598 = EDGE_CURVE ( 'NONE', #7121, #7444, #4944, .T. ) ;
#3599 = ADVANCED_FACE ( 'NONE', ( #7439 ), #527, .F. ) ;
#3600 = LINE ( 'NONE', #6828, #1060 ) ;
#3601 = EDGE_LOOP ( 'NONE', ( #4933, #5343, #5933, #3203 ) ) ;
#3602 = VERTEX_POINT ( 'NONE', #3075 ) ;
#3603 = CARTESIAN_POINT ( 'NONE',  ( 5.208840999999998722, 12.63464199999999948, 4.450000000000000178 ) ) ;
#3604 = CARTESIAN_POINT ( 'NONE',  ( -14.86773325536845114, 80.64147005892621678, 0.6000000000000064171 ) ) ;
#3605 = DIRECTION ( 'NONE',  ( -5.448606792506973443E-17, -1.000000000000000000, 0.000000000000000000 ) ) ;
#3606 = ADVANCED_FACE ( 'NONE', ( #4320 ), #380, .T. ) ;
#3607 = VECTOR ( 'NONE', #3780, 999.9999999999998863 ) ;
#3608 = DIRECTION ( 'NONE',  ( -1.000000000000000000, 0.000000000000000000, 0.000000000000000000 ) ) ;
#3609 = CARTESIAN_POINT ( 'NONE',  ( 10.78726043005733892, 81.84410925728559505, -1.550000000000002709 ) ) ;
#3610 = VERTEX_POINT ( 'NONE', #3661 ) ;
#3611 = CARTESIAN_POINT ( 'NONE',  ( 52.26227900109223867, -1.755882021704230134, 3.450002953554893281 ) ) ;
#3612 = ORIENTED_EDGE ( 'NONE', *, *, #7342, .T. ) ;
#3613 = FACE_OUTER_BOUND ( 'NONE', #7619, .T. ) ;
#3614 = DIRECTION ( 'NONE',  ( -0.9659258276786804043, -0.2588190399164174704, 0.000000000000000000 ) ) ;
#3615 = CARTESIAN_POINT ( 'NONE',  ( 63.05759268073793322, 12.29411100000000090, -4.599999999999992539 ) ) ;
#3616 = ADVANCED_FACE ( 'NONE', ( #1885 ), #1027, .T. ) ;
#3617 = DIRECTION ( 'NONE',  ( 1.000000000000000000, 0.000000000000000000, 0.000000000000000000 ) ) ;
#3618 = EDGE_LOOP ( 'NONE', ( #6979, #3217 ) ) ;
#3619 = ORIENTED_EDGE ( 'NONE', *, *, #5557, .T. ) ;
#3620 = VERTEX_POINT ( 'NONE', #2584 ) ;
#3621 = CARTESIAN_POINT ( 'NONE',  ( -0.08741189599459514570, 85.22546245459022884, 0.2633016347231842968 ) ) ;
#3622 = FACE_OUTER_BOUND ( 'NONE', #4282, .T. ) ;
#3623 = CARTESIAN_POINT ( 'NONE',  ( -15.64419316100739543, 81.46232688454941240, 1.518996543305635827 ) ) ;
#3624 = LINE ( 'NONE', #5447, #6281 ) ;
#3625 = EDGE_LOOP ( 'NONE', ( #1382, #7172, #5285, #1499 ) ) ;
#3626 = CARTESIAN_POINT ( 'NONE',  ( 96.81227900000000375, 34.54411100000000090, 1.349999999999999867 ) ) ;
#3627 = ORIENTED_EDGE ( 'NONE', *, *, #5603, .T. ) ;
#3628 = DIRECTION ( 'NONE',  ( 0.7071067811865426878, 0.000000000000000000, -0.7071067811865523467 ) ) ;
#3629 = EDGE_CURVE ( 'NONE', #3299, #1805, #1962, .T. ) ;
#3630 = AXIS2_PLACEMENT_3D ( 'NONE', #7135, #5902, #1502 ) ;
#3631 = AXIS2_PLACEMENT_3D ( 'NONE', #414, #1145, #3662 ) ;
#3632 = DIRECTION ( 'NONE',  ( -1.000000000000000000, 1.018552587902412228E-15, 0.000000000000000000 ) ) ;
#3633 = DIRECTION ( 'NONE',  ( 0.000000000000000000, 0.000000000000000000, 1.000000000000000000 ) ) ;
#3634 = AXIS2_PLACEMENT_3D ( 'NONE', #6923, #673, #4468 ) ;
#3635 = EDGE_LOOP ( 'NONE', ( #6856, #941, #151, #581 ) ) ;
#3636 = VECTOR ( 'NONE', #7055, 1000.000000000000114 ) ;
#3637 = VERTEX_POINT ( 'NONE', #815 ) ;
#3638 = CARTESIAN_POINT ( 'NONE',  ( -18.16772100000000023, 25.98547018669193065, -3.199999999999991740 ) ) ;
#3639 = PLANE ( 'NONE',  #5799 ) ;
#3640 = EDGE_CURVE ( 'NONE', #6375, #2921, #6160, .T. ) ;
#3641 = EDGE_CURVE ( 'NONE', #3086, #7894, #1428, .T. ) ;
#3642 = LINE ( 'NONE', #5380, #7505 ) ;
#3643 = VECTOR ( 'NONE', #2327, 1000.000000000000114 ) ;
#3644 = CARTESIAN_POINT ( 'NONE',  ( -19.16772100000000023, 26.58547018669192852, -2.599999999999992095 ) ) ;
#3645 = VERTEX_POINT ( 'NONE', #2703 ) ;
#3646 = CARTESIAN_POINT ( 'NONE',  ( 77.68728330292589135, 19.29411698796796415, -1.550000000000002709 ) ) ;
#3647 = ORIENTED_EDGE ( 'NONE', *, *, #6309, .F. ) ;
#3648 = LINE ( 'NONE', #3686, #5660 ) ;
#3649 = EDGE_CURVE ( 'NONE', #1826, #7894, #3945, .T. ) ;
#3650 = ORIENTED_EDGE ( 'NONE', *, *, #5006, .T. ) ;
#3651 = EDGE_CURVE ( 'NONE', #3675, #3738, #3823, .T. ) ;
#3652 = DIRECTION ( 'NONE',  ( 1.000000000000000000, 0.000000000000000000, 0.000000000000000000 ) ) ;
#3653 = LINE ( 'NONE', #7887, #7360 ) ;
#3654 = LINE ( 'NONE', #7391, #1123 ) ;
#3655 = DIRECTION ( 'NONE',  ( -0.000000000000000000, -0.000000000000000000, 1.000000000000000000 ) ) ;
#3656 = EDGE_LOOP ( 'NONE', ( #303, #5168, #2811, #4343 ) ) ;
#3657 = VERTEX_POINT ( 'NONE', #3197 ) ;
#3658 = CARTESIAN_POINT ( 'NONE',  ( -1.015082110994518505, 85.03521913643675134, 1.460376803021360859 ) ) ;
#3659 = EDGE_CURVE ( 'NONE', #5466, #2699, #4485, .T. ) ;
#3660 = LINE ( 'NONE', #5480, #3607 ) ;
#3661 = CARTESIAN_POINT ( 'NONE',  ( 73.96228330292586861, 19.29411698796796415, -4.599999999999992539 ) ) ;
#3662 = DIRECTION ( 'NONE',  ( 0.000000000000000000, 0.000000000000000000, -1.000000000000000000 ) ) ;
#3663 = ORIENTED_EDGE ( 'NONE', *, *, #6165, .F. ) ;
#3664 = FACE_OUTER_BOUND ( 'NONE', #2854, .T. ) ;
#3665 = ORIENTED_EDGE ( 'NONE', *, *, #3469, .F. ) ;
#3666 = CARTESIAN_POINT ( 'NONE',  ( 4.862499827847917899, -8.422096850433282711, -4.599999999999992539 ) ) ;
#3667 = EDGE_CURVE ( 'NONE', #952, #5193, #4070, .T. ) ;
#3668 = LINE ( 'NONE', #537, #1454 ) ;
#3669 = AXIS2_PLACEMENT_3D ( 'NONE', #2636, #3834, #7690 ) ;
#3670 = LINE ( 'NONE', #4252, #20 ) ;
#3671 = EDGE_CURVE ( 'NONE', #1596, #2156, #131, .T. ) ;
#3672 = CARTESIAN_POINT ( 'NONE',  ( 79.81228598030135402, 16.99723707967754649, -4.599999999999992539 ) ) ;
#3673 = ORIENTED_EDGE ( 'NONE', *, *, #2960, .T. ) ;
#3674 = CIRCLE ( 'NONE', #7222, 1.850000000000018296 ) ;
#3675 = VERTEX_POINT ( 'NONE', #2215 ) ;
#3676 = DIRECTION ( 'NONE',  ( 0.7071067811865541231, 0.000000000000000000, 0.7071067811865408004 ) ) ;
#3677 = AXIS2_PLACEMENT_3D ( 'NONE', #2882, #2843, #1026 ) ;
#3678 = DIRECTION ( 'NONE',  ( 0.000000000000000000, 0.000000000000000000, 1.000000000000000000 ) ) ;
#3679 = CARTESIAN_POINT ( 'NONE',  ( 41.46082705626369602, 80.84551033426502897, 2.249999999999999556 ) ) ;
#3680 = ADVANCED_FACE ( 'NONE', ( #3534 ), #2871, .T. ) ;
#3681 = CIRCLE ( 'NONE', #2498, 1.125000000000000888 ) ;
#3682 = CARTESIAN_POINT ( 'NONE',  ( 101.1872789999999753, 34.54411100000000090, 4.450000000000000178 ) ) ;
#3683 = VERTEX_POINT ( 'NONE', #1554 ) ;
#3684 = CARTESIAN_POINT ( 'NONE',  ( 118.3122732856704147, 61.31910750985031910, -2.200000000000001510 ) ) ;
#3685 = ORIENTED_EDGE ( 'NONE', *, *, #5319, .T. ) ;
#3686 = CARTESIAN_POINT ( 'NONE',  ( 74.56228330292589135, 19.29411698796796415, -3.999999999999968914 ) ) ;
#3687 = CIRCLE ( 'NONE', #3021, 2.250000000000002220 ) ;
#3688 = VERTEX_POINT ( 'NONE', #5961 ) ;
#3689 = VECTOR ( 'NONE', #6127, 999.9999999999998863 ) ;
#3690 = CARTESIAN_POINT ( 'NONE',  ( -10.00859082457484384, -5.795957894100131291, -4.599999999999992539 ) ) ;
#3691 = PLANE ( 'NONE',  #2759 ) ;
#3692 = AXIS2_PLACEMENT_3D ( 'NONE', #2091, #7111, #7768 ) ;
#3693 = CARTESIAN_POINT ( 'NONE',  ( 45.91227899999999806, 24.49411100000000019, 4.450000000000000178 ) ) ;
#3694 = VECTOR ( 'NONE', #3493, 1000.000000000000227 ) ;
#3695 = EDGE_CURVE ( 'NONE', #6455, #1007, #7231, .T. ) ;
#3696 = VECTOR ( 'NONE', #5676, 1000.000000000000000 ) ;
#3697 = EDGE_CURVE ( 'NONE', #995, #5289, #935, .T. ) ;
#3698 = FACE_OUTER_BOUND ( 'NONE', #7245, .T. ) ;
#3699 = AXIS2_PLACEMENT_3D ( 'NONE', #3929, #670, #591 ) ;
#3700 = CIRCLE ( 'NONE', #538, 0.2977672882881407523 ) ;
#3701 = ORIENTED_EDGE ( 'NONE', *, *, #5058, .T. ) ;
#3702 = ORIENTED_EDGE ( 'NONE', *, *, #422, .F. ) ;
#3703 = CYLINDRICAL_SURFACE ( 'NONE', #1191, 2.250000000000001776 ) ;
#3704 = CYLINDRICAL_SURFACE ( 'NONE', #5321, 1.697767288281998299 ) ;
#3705 = VECTOR ( 'NONE', #3353, 1000.000000000000000 ) ;
#3706 = CIRCLE ( 'NONE', #2911, 1.875000000000000000 ) ;
#3707 = CARTESIAN_POINT ( 'NONE',  ( 69.43142950036545358, 82.04411100000002932, -2.199999999999999734 ) ) ;
#3708 = ADVANCED_FACE ( 'NONE', ( #232 ), #2741, .F. ) ;
#3709 = CARTESIAN_POINT ( 'NONE',  ( -18.16456914593180016, 76.28134294310963526, -4.599999999999992539 ) ) ;
#3710 = ORIENTED_EDGE ( 'NONE', *, *, #7995, .T. ) ;
#3711 = ORIENTED_EDGE ( 'NONE', *, *, #7289, .F. ) ;
#3712 = CARTESIAN_POINT ( 'NONE',  ( 52.26227900109223867, -1.755882021704230800, -4.599999999999992539 ) ) ;
#3713 = ORIENTED_EDGE ( 'NONE', *, *, #3289, .F. ) ;
#3714 = CARTESIAN_POINT ( 'NONE',  ( 2.137393917630148632, 87.24865059544093526, -4.599999999999992539 ) ) ;
#3715 = AXIS2_PLACEMENT_3D ( 'NONE', #7670, #4058, #753 ) ;
#3716 = VECTOR ( 'NONE', #3632, 1000.000000000000000 ) ;
#3717 = LINE ( 'NONE', #2470, #3047 ) ;
#3718 = ADVANCED_FACE ( 'NONE', ( #4694 ), #6615, .F. ) ;
#3719 = LINE ( 'NONE', #6748, #402 ) ;
#3720 = ORIENTED_EDGE ( 'NONE', *, *, #2260, .T. ) ;
#3721 = ORIENTED_EDGE ( 'NONE', *, *, #1941, .T. ) ;
#3722 = DIRECTION ( 'NONE',  ( 1.000000000000000000, 0.000000000000000000, 0.000000000000000000 ) ) ;
#3723 = LINE ( 'NONE', #6338, #5681 ) ;
#3724 = FACE_OUTER_BOUND ( 'NONE', #4541, .T. ) ;
#3725 = LINE ( 'NONE', #1943, #86 ) ;
#3726 = EDGE_LOOP ( 'NONE', ( #727, #2033, #2892, #1550 ) ) ;
#3727 = DIRECTION ( 'NONE',  ( -0.000000000000000000, 0.000000000000000000, 1.000000000000000000 ) ) ;
#3728 = ORIENTED_EDGE ( 'NONE', *, *, #2078, .F. ) ;
#3729 = DIRECTION ( 'NONE',  ( -1.798198684919793434E-07, 0.9999999999999839018, 0.000000000000000000 ) ) ;
#3730 = ORIENTED_EDGE ( 'NONE', *, *, #7703, .F. ) ;
#3731 = LINE ( 'NONE', #5468, #6433 ) ;
#3732 = EDGE_CURVE ( 'NONE', #6597, #1481, #4655, .T. ) ;
#3733 = DIRECTION ( 'NONE',  ( 0.000000000000000000, 0.000000000000000000, 1.000000000000000000 ) ) ;
#3734 = CARTESIAN_POINT ( 'NONE',  ( -19.16772100000000023, 39.98547018669192710, -3.199999999999991740 ) ) ;
#3735 = AXIS2_PLACEMENT_3D ( 'NONE', #4567, #1921, #5225 ) ;
#3736 = CARTESIAN_POINT ( 'NONE',  ( -20.16772100000000378, 77.67724262499595511, -4.599999999999992539 ) ) ;
#3737 = VERTEX_POINT ( 'NONE', #4152 ) ;
#3738 = VERTEX_POINT ( 'NONE', #4788 ) ;
#3739 = CARTESIAN_POINT ( 'NONE',  ( -0.7002191137751080374, 85.10026818464703524, 1.274182261834410301 ) ) ;
#3740 = DIRECTION ( 'NONE',  ( 0.000000000000000000, 0.000000000000000000, 1.000000000000000000 ) ) ;
#3741 = EDGE_CURVE ( 'NONE', #4447, #3610, #6812, .T. ) ;
#3742 = ADVANCED_FACE ( 'NONE', ( #6653 ), #6533, .F. ) ;
#3743 = CARTESIAN_POINT ( 'NONE',  ( -16.33687872456271251, 81.26593803471645572, 1.069297143276914719 ) ) ;
#3744 = CARTESIAN_POINT ( 'NONE',  ( -16.05859082457480014, 2.864296143744255119, -3.999999999999992450 ) ) ;
#3745 = ORIENTED_EDGE ( 'NONE', *, *, #4806, .F. ) ;
#3746 = ORIENTED_EDGE ( 'NONE', *, *, #5413, .F. ) ;
#3747 = DIRECTION ( 'NONE',  ( 0.000000000000000000, 0.000000000000000000, -1.000000000000000000 ) ) ;
#3748 = VERTEX_POINT ( 'NONE', #7804 ) ;
#3749 = FACE_OUTER_BOUND ( 'NONE', #972, .T. ) ;
#3750 = EDGE_CURVE ( 'NONE', #628, #730, #2611, .T. ) ;
#3751 = DIRECTION ( 'NONE',  ( -0.2588190399164175259, 0.9659258276786804043, -1.277015003619096968E-16 ) ) ;
#3752 = FACE_OUTER_BOUND ( 'NONE', #4084, .T. ) ;
#3753 = VERTEX_POINT ( 'NONE', #2789 ) ;
#3754 = ORIENTED_EDGE ( 'NONE', *, *, #7724, .F. ) ;
#3755 = LINE ( 'NONE', #1814, #6287 ) ;
#3756 = DIRECTION ( 'NONE',  ( 0.7071067811865334729, 8.659560562354760295E-17, -0.7071067811865617836 ) ) ;
#3757 = CIRCLE ( 'NONE', #7034, 2.749999999999988454 ) ;
#3758 = EDGE_CURVE ( 'NONE', #6722, #1062, #6034, .T. ) ;
#3759 = CARTESIAN_POINT ( 'NONE',  ( 78.51452166131001320, 79.14856685720401686, -4.599999999999992539 ) ) ;
#3760 = VECTOR ( 'NONE', #5115, 1000.000000000000114 ) ;
#3761 = CIRCLE ( 'NONE', #5483, 2.798033192550286596 ) ;
#3762 = DIRECTION ( 'NONE',  ( -1.000000000000000000, 9.999428271258533804E-31, 6.162975822039154730E-33 ) ) ;
#3763 = ORIENTED_EDGE ( 'NONE', *, *, #6459, .T. ) ;
#3764 = CARTESIAN_POINT ( 'NONE',  ( -18.16772100000000023, 12.47682908042298067, -4.599999999999992539 ) ) ;
#3765 = VERTEX_POINT ( 'NONE', #3364 ) ;
#3766 = CARTESIAN_POINT ( 'NONE',  ( -16.52411207731227094, 81.21241575888588216, 0.8147950577297077279 ) ) ;
#3767 = ORIENTED_EDGE ( 'NONE', *, *, #5518, .F. ) ;
#3768 = EDGE_CURVE ( 'NONE', #6402, #1695, #7732, .T. ) ;
#3769 = LINE ( 'NONE', #5092, #5085 ) ;
#3770 = AXIS2_PLACEMENT_3D ( 'NONE', #2563, #7537, #1867 ) ;
#3771 = CARTESIAN_POINT ( 'NONE',  ( 100.1872790000000037, 34.54411100000000090, 1.349999999999999867 ) ) ;
#3772 = LINE ( 'NONE', #4974, #5853 ) ;
#3773 = EDGE_CURVE ( 'NONE', #6568, #3975, #1887, .T. ) ;
#3774 = DIRECTION ( 'NONE',  ( 0.000000000000000000, -1.000000000000000000, 0.000000000000000000 ) ) ;
#3775 = CARTESIAN_POINT ( 'NONE',  ( -14.86773440668929958, 87.04410430684566791, 0.6000000000000067502 ) ) ;
#3776 = ORIENTED_EDGE ( 'NONE', *, *, #1068, .F. ) ;
#3777 = CARTESIAN_POINT ( 'NONE',  ( 101.3122825347106328, 14.09411798029977447, -2.199999999999991296 ) ) ;
#3778 = ORIENTED_EDGE ( 'NONE', *, *, #1420, .T. ) ;
#3779 = CARTESIAN_POINT ( 'NONE',  ( -0.9757748237300735150, 84.19105430821393554, 0.3436216057158247850 ) ) ;
#3780 = DIRECTION ( 'NONE',  ( 0.7071067811865425767, 0.7071067811865525687, 0.000000000000000000 ) ) ;
#3781 = CARTESIAN_POINT ( 'NONE',  ( -16.18460227446652056, 81.30931455374711447, 1.213444595816943528 ) ) ;
#3782 = ADVANCED_FACE ( 'NONE', ( #3296 ), #1586, .F. ) ;
#3783 = CARTESIAN_POINT ( 'NONE',  ( -13.55859082457480369, -1.465830875177938308, 4.450000000000000178 ) ) ;
#3784 = ORIENTED_EDGE ( 'NONE', *, *, #4261, .T. ) ;
#3785 = ORIENTED_EDGE ( 'NONE', *, *, #2396, .F. ) ;
#3786 = FACE_OUTER_BOUND ( 'NONE', #1302, .T. ) ;
#3787 = ORIENTED_EDGE ( 'NONE', *, *, #6934, .T. ) ;
#3788 = LINE ( 'NONE', #5073, #648 ) ;
#3789 = CARTESIAN_POINT ( 'NONE',  ( 101.4372790000000322, 15.29411099999999912, -4.599999999999992539 ) ) ;
#3790 = CARTESIAN_POINT ( 'NONE',  ( -12.91773293216640894, 78.84410465749454033, -4.599999999999992539 ) ) ;
#3791 = EDGE_CURVE ( 'NONE', #3582, #5968, #3338, .T. ) ;
#3792 = FACE_OUTER_BOUND ( 'NONE', #2218, .T. ) ;
#3793 = ADVANCED_FACE ( 'NONE', ( #3792, #2679 ), #6997, .T. ) ;
#3794 = EDGE_LOOP ( 'NONE', ( #1549, #6485, #5032, #6119 ) ) ;
#3795 = ORIENTED_EDGE ( 'NONE', *, *, #7197, .F. ) ;
#3796 = LINE ( 'NONE', #2438, #6815 ) ;
#3797 = CARTESIAN_POINT ( 'NONE',  ( 53.08493043713818338, -0.3558820217042209522, 4.450000000000000178 ) ) ;
#3798 = FACE_OUTER_BOUND ( 'NONE', #4092, .T. ) ;
#3799 = EDGE_CURVE ( 'NONE', #6366, #3595, #1274, .T. ) ;
#3800 = AXIS2_PLACEMENT_3D ( 'NONE', #6206, #1843, #4281 ) ;
#3801 = DIRECTION ( 'NONE',  ( -0.2588190399164175259, 0.9659258276786804043, 0.000000000000000000 ) ) ;
#3802 = ORIENTED_EDGE ( 'NONE', *, *, #5763, .T. ) ;
#3803 = DIRECTION ( 'NONE',  ( 1.000000000000000000, 0.000000000000000000, 0.000000000000000000 ) ) ;
#3804 = ORIENTED_EDGE ( 'NONE', *, *, #3128, .T. ) ;
#3805 = CARTESIAN_POINT ( 'NONE',  ( -15.13653459086887842, 81.60466569950673943, 1.600000000000021627 ) ) ;
#3806 = EDGE_LOOP ( 'NONE', ( #7199, #691, #1269, #3033 ) ) ;
#3807 = DIRECTION ( 'NONE',  ( -0.000000000000000000, -0.000000000000000000, -1.000000000000000000 ) ) ;
#3808 = VECTOR ( 'NONE', #5984, 1000.000000000000000 ) ;
#3809 = LINE ( 'NONE', #5252, #3436 ) ;
#3810 = CARTESIAN_POINT ( 'NONE',  ( 17.21226043005725259, 81.84411015638494291, -3.999999999999992450 ) ) ;
#3811 = ADVANCED_FACE ( 'NONE', ( #3874 ), #3251, .T. ) ;
#3812 = DIRECTION ( 'NONE',  ( 1.000000000000000000, -5.448606792506972827E-17, -0.000000000000000000 ) ) ;
#3813 = AXIS2_PLACEMENT_3D ( 'NONE', #4840, #7327, #2887 ) ;
#3814 = FACE_OUTER_BOUND ( 'NONE', #6061, .T. ) ;
#3815 = VERTEX_POINT ( 'NONE', #7035 ) ;
#3816 = CIRCLE ( 'NONE', #4881, 1.249999999999999334 ) ;
#3817 = DIRECTION ( 'NONE',  ( -0.000000000000000000, 0.000000000000000000, 1.000000000000000000 ) ) ;
#3818 = ORIENTED_EDGE ( 'NONE', *, *, #4048, .T. ) ;
#3819 = DIRECTION ( 'NONE',  ( 1.000000000000000000, 0.000000000000000000, 0.000000000000000000 ) ) ;
#3820 = CARTESIAN_POINT ( 'NONE',  ( 59.59951094318635256, 85.84095914592992926, 2.249999999999999556 ) ) ;
#3821 = VECTOR ( 'NONE', #6684, 1000.000000000000000 ) ;
#3822 = VECTOR ( 'NONE', #1519, 1000.000000000000000 ) ;
#3823 = LINE ( 'NONE', #7595, #6176 ) ;
#3824 = CARTESIAN_POINT ( 'NONE',  ( -16.74401804078513933, 81.14931567161195858, -4.599999999999992539 ) ) ;
#3825 = EDGE_LOOP ( 'NONE', ( #750, #1906 ) ) ;
#3826 = VECTOR ( 'NONE', #7503, 1000.000000000000000 ) ;
#3827 = ORIENTED_EDGE ( 'NONE', *, *, #6293, .T. ) ;
#3828 = DIRECTION ( 'NONE',  ( 0.000000000000000000, 0.000000000000000000, -1.000000000000000000 ) ) ;
#3829 = ORIENTED_EDGE ( 'NONE', *, *, #4896, .F. ) ;
#3830 = FACE_BOUND ( 'NONE', #7938, .T. ) ;
#3831 = ADVANCED_FACE ( 'NONE', ( #777 ), #1403, .T. ) ;
#3832 = LINE ( 'NONE', #3789, #7431 ) ;
#3833 = FACE_OUTER_BOUND ( 'NONE', #4533, .T. ) ;
#3834 = DIRECTION ( 'NONE',  ( 0.000000000000000000, 0.000000000000000000, -1.000000000000000000 ) ) ;
#3835 = AXIS2_PLACEMENT_3D ( 'NONE', #1122, #2901, #4811 ) ;
#3836 = ORIENTED_EDGE ( 'NONE', *, *, #7522, .T. ) ;
#3837 = VECTOR ( 'NONE', #1613, 1000.000000000000000 ) ;
#3838 = VERTEX_POINT ( 'NONE', #3960 ) ;
#3839 = FACE_OUTER_BOUND ( 'NONE', #4135, .T. ) ;
#3840 = DIRECTION ( 'NONE',  ( 1.000000000000000000, 0.000000000000000000, 0.000000000000000000 ) ) ;
#3841 = EDGE_CURVE ( 'NONE', #7977, #1833, #1159, .T. ) ;
#3842 = EDGE_CURVE ( 'NONE', #6388, #2680, #4441, .T. ) ;
#3843 = CONICAL_SURFACE ( 'NONE', #2524, 2.124999999999974243, 0.7853981633974393972 ) ;
#3844 = FACE_OUTER_BOUND ( 'NONE', #4211, .T. ) ;
#3845 = AXIS2_PLACEMENT_3D ( 'NONE', #2475, #3126, #1321 ) ;
#3846 = DIRECTION ( 'NONE',  ( -0.000000000000000000, 0.000000000000000000, -1.000000000000000000 ) ) ;
#3847 = VERTEX_POINT ( 'NONE', #6908 ) ;
#3848 = DIRECTION ( 'NONE',  ( 0.000000000000000000, 0.000000000000000000, 1.000000000000000000 ) ) ;
#3849 = VERTEX_POINT ( 'NONE', #1936 ) ;
#3850 = CARTESIAN_POINT ( 'NONE',  ( -16.70009559338240024, 81.16195536771489571, 0.4280674869936491045 ) ) ;
#3851 = ORIENTED_EDGE ( 'NONE', *, *, #2047, .T. ) ;
#3852 = LINE ( 'NONE', #2608, #1254 ) ;
#3853 = DIRECTION ( 'NONE',  ( 1.000000000000000000, 0.000000000000000000, 0.000000000000000000 ) ) ;
#3854 = EDGE_CURVE ( 'NONE', #4064, #2144, #697, .T. ) ;
#3855 = CARTESIAN_POINT ( 'NONE',  ( 99.06227900000000375, 34.54411100000000090, 4.450000000000000178 ) ) ;
#3856 = LINE ( 'NONE', #1914, #7041 ) ;
#3857 = FACE_OUTER_BOUND ( 'NONE', #5692, .T. ) ;
#3858 = ORIENTED_EDGE ( 'NONE', *, *, #1398, .T. ) ;
#3859 = DIRECTION ( 'NONE',  ( 0.9997000655982564155, 0.02449038266017580442, -0.000000000000000000 ) ) ;
#3860 = ORIENTED_EDGE ( 'NONE', *, *, #3741, .F. ) ;
#3861 = CARTESIAN_POINT ( 'NONE',  ( 17.66226043005725899, 81.84411015638494291, -3.999999999999992450 ) ) ;
#3862 = LINE ( 'NONE', #7022, #5411 ) ;
#3863 = ADVANCED_FACE ( 'NONE', ( #4452 ), #7996, .F. ) ;
#3864 = CARTESIAN_POINT ( 'NONE',  ( -14.94494568901297882, 80.58392446222427452, 0.5962428851235378469 ) ) ;
#3865 = CARTESIAN_POINT ( 'NONE',  ( 41.41452166131000467, 81.13965514279601621, -4.599999999999992539 ) ) ;
#3866 = ORIENTED_EDGE ( 'NONE', *, *, #6396, .F. ) ;
#3867 = VERTEX_POINT ( 'NONE', #654 ) ;
#3868 = DIRECTION ( 'NONE',  ( 0.7071067811865543451, 0.000000000000000000, 0.7071067811865408004 ) ) ;
#3869 = ORIENTED_EDGE ( 'NONE', *, *, #2426, .F. ) ;
#3870 = EDGE_LOOP ( 'NONE', ( #4799, #2946, #2665, #693 ) ) ;
#3871 = CARTESIAN_POINT ( 'NONE',  ( 43.41540507968174722, 85.84410401969522297, 2.250000000000000000 ) ) ;
#3872 = CARTESIAN_POINT ( 'NONE',  ( -1.467734406689514381, 87.04410671643191222, 0.6000000000000067502 ) ) ;
#3873 = CARTESIAN_POINT ( 'NONE',  ( -0.6922038072753757820, 85.10196885694683999, 1.284174156135793776 ) ) ;
#3874 = FACE_OUTER_BOUND ( 'NONE', #5494, .T. ) ;
#3875 = ORIENTED_EDGE ( 'NONE', *, *, #3327, .T. ) ;
#3876 = EDGE_CURVE ( 'NONE', #7683, #2680, #5201, .T. ) ;
#3877 = ORIENTED_EDGE ( 'NONE', *, *, #6195, .F. ) ;
#3878 = DIRECTION ( 'NONE',  ( 1.000000000000000000, -5.448606792506972827E-17, -0.000000000000000000 ) ) ;
#3879 = CARTESIAN_POINT ( 'NONE',  ( 31.43860974639945383, 1.244110999999999523, 2.249999999999999556 ) ) ;
#3880 = CARTESIAN_POINT ( 'NONE',  ( 6.333840999999999610, 12.63464199999999948, 1.750000000000021538 ) ) ;
#3881 = LINE ( 'NONE', #2151, #1665 ) ;
#3882 = CONICAL_SURFACE ( 'NONE', #4946, 0.4499999999999781952, 0.7853981633974329579 ) ;
#3883 = EDGE_CURVE ( 'NONE', #3975, #4582, #996, .T. ) ;
#3884 = ORIENTED_EDGE ( 'NONE', *, *, #1057, .F. ) ;
#3885 = EDGE_CURVE ( 'NONE', #511, #3287, #3208, .T. ) ;
#3886 = CARTESIAN_POINT ( 'NONE',  ( 71.68142950036546779, 82.04411100000002932, -2.199999999999999289 ) ) ;
#3887 = ORIENTED_EDGE ( 'NONE', *, *, #4867, .T. ) ;
#3888 = DIRECTION ( 'NONE',  ( 1.000000000000000000, 0.000000000000000000, 0.000000000000000000 ) ) ;
#3889 = ORIENTED_EDGE ( 'NONE', *, *, #5162, .T. ) ;
#3890 = CARTESIAN_POINT ( 'NONE',  ( -19.16772100000000023, 25.98547018669193065, -3.199999999999991740 ) ) ;
#3891 = LINE ( 'NONE', #6393, #6453 ) ;
#3892 = AXIS2_PLACEMENT_3D ( 'NONE', #5809, #2632, #2095 ) ;
#3893 = CARTESIAN_POINT ( 'NONE',  ( -18.16772100000000023, 9.898876804497156213E-16, -4.599999999999992539 ) ) ;
#3894 = VECTOR ( 'NONE', #7838, 1000.000000000000000 ) ;
#3895 = CARTESIAN_POINT ( 'NONE',  ( -13.55859082457480369, -1.465830875177938308, -1.550000000000002709 ) ) ;
#3896 = EDGE_CURVE ( 'NONE', #3748, #2156, #6011, .T. ) ;
#3897 = EDGE_CURVE ( 'NONE', #6288, #3926, #507, .T. ) ;
#3898 = DIRECTION ( 'NONE',  ( -0.000000000000000000, -0.000000000000000000, -1.000000000000000000 ) ) ;
#3899 = EDGE_LOOP ( 'NONE', ( #3721, #971, #4147, #5474 ) ) ;
#3900 = CIRCLE ( 'NONE', #3770, 0.2977672882960510914 ) ;
#3901 = ORIENTED_EDGE ( 'NONE', *, *, #3590, .T. ) ;
#3902 = EDGE_LOOP ( 'NONE', ( #4479, #7931, #1566, #242 ) ) ;
#3903 = FACE_OUTER_BOUND ( 'NONE', #27, .T. ) ;
#3904 = PRESENTATION_STYLE_ASSIGNMENT (( #5104 ) ) ;
#3905 = VECTOR ( 'NONE', #1211, 1000.000000000000227 ) ;
#3906 = CARTESIAN_POINT ( 'NONE',  ( -15.22838309702593307, 80.37065763038570765, 0.4799140727290810982 ) ) ;
#3907 = AXIS2_PLACEMENT_3D ( 'NONE', #3307, #250, #7129 ) ;
#3908 = CARTESIAN_POINT ( 'NONE',  ( 43.40782314279000786, 84.14635366131902572, -4.599999999999992539 ) ) ;
#3909 = EDGE_CURVE ( 'NONE', #5706, #7928, #289, .T. ) ;
#3910 = ORIENTED_EDGE ( 'NONE', *, *, #6784, .F. ) ;
#3911 = ORIENTED_EDGE ( 'NONE', *, *, #3697, .F. ) ;
#3912 = FACE_BOUND ( 'NONE', #5087, .T. ) ;
#3913 = ORIENTED_EDGE ( 'NONE', *, *, #5319, .F. ) ;
#3914 = CARTESIAN_POINT ( 'NONE',  ( 45.91227899999999806, 24.49411100000000019, 4.450000000000000178 ) ) ;
#3915 = AXIS2_PLACEMENT_3D ( 'NONE', #5342, #2210, #7141 ) ;
#3916 = LINE ( 'NONE', #4579, #7823 ) ;
#3917 = CARTESIAN_POINT ( 'NONE',  ( -1.464340580632286004, 84.94165443234142288, 1.599994707492470303 ) ) ;
#3918 = CARTESIAN_POINT ( 'NONE',  ( 6.714452900076043562, -10.59475072135913898, 3.783333213612960488 ) ) ;
#3919 = EDGE_CURVE ( 'NONE', #8062, #1432, #904, .T. ) ;
#3920 = EDGE_LOOP ( 'NONE', ( #8001, #5316, #4226, #5749 ) ) ;
#3921 = ORIENTED_EDGE ( 'NONE', *, *, #2600, .F. ) ;
#3922 = DIRECTION ( 'NONE',  ( -0.000000000000000000, -0.000000000000000000, 1.000000000000000000 ) ) ;
#3923 = CARTESIAN_POINT ( 'NONE',  ( -11.01773311198630978, 79.84410499915227888, -4.599999999999992539 ) ) ;
#3924 = DIRECTION ( 'NONE',  ( 0.000000000000000000, 1.000000000000000000, 0.000000000000000000 ) ) ;
#3925 = DIRECTION ( 'NONE',  ( -0.000000000000000000, -1.000000000000000000, -0.000000000000000000 ) ) ;
#3926 = VERTEX_POINT ( 'NONE', #4666 ) ;
#3927 = DIRECTION ( 'NONE',  ( 0.000000000000000000, 0.000000000000000000, -1.000000000000000000 ) ) ;
#3928 = EDGE_LOOP ( 'NONE', ( #5187, #6543, #6278, #4728 ) ) ;
#3929 = CARTESIAN_POINT ( 'NONE',  ( -5.317733111986400196, 79.84410602412553715, -4.599999999999991651 ) ) ;
#3930 = ORIENTED_EDGE ( 'NONE', *, *, #2337, .F. ) ;
#3931 = CARTESIAN_POINT ( 'NONE',  ( -18.16772100000000023, 25.98547018669193065, -3.199999999999991740 ) ) ;
#3932 = FACE_OUTER_BOUND ( 'NONE', #861, .T. ) ;
#3933 = ADVANCED_FACE ( 'NONE', ( #7119 ), #4750, .F. ) ;
#3934 = AXIS2_PLACEMENT_3D ( 'NONE', #319, #276, #3405 ) ;
#3935 = DIRECTION ( 'NONE',  ( 0.000000000000000000, 0.000000000000000000, -1.000000000000000000 ) ) ;
#3936 = DIRECTION ( 'NONE',  ( -0.000000000000000000, 0.000000000000000000, 1.000000000000000000 ) ) ;
#3937 = ORIENTED_EDGE ( 'NONE', *, *, #6203, .F. ) ;
#3938 = ORIENTED_EDGE ( 'NONE', *, *, #1161, .T. ) ;
#3939 = VECTOR ( 'NONE', #3878, 1000.000000000000000 ) ;
#3940 = ORIENTED_EDGE ( 'NONE', *, *, #6691, .T. ) ;
#3941 = CARTESIAN_POINT ( 'NONE',  ( 48.16227900000000517, 24.49411100000000019, 1.750000000000023759 ) ) ;
#3942 = DIRECTION ( 'NONE',  ( 0.000000000000000000, 0.000000000000000000, 1.000000000000000000 ) ) ;
#3943 = EDGE_CURVE ( 'NONE', #225, #1812, #3418, .T. ) ;
#3944 = EDGE_CURVE ( 'NONE', #3748, #1917, #5125, .T. ) ;
#3945 = LINE ( 'NONE', #1925, #6554 ) ;
#3946 = AXIS2_PLACEMENT_3D ( 'NONE', #418, #4085, #5326 ) ;
#3947 = CONICAL_SURFACE ( 'NONE', #5400, 1.900000000000000133, 0.7853981633974469467 ) ;
#3948 = DIRECTION ( 'NONE',  ( 0.000000000000000000, 0.000000000000000000, 1.000000000000000000 ) ) ;
#3949 = VERTEX_POINT ( 'NONE', #4624 ) ;
#3950 = ORIENTED_EDGE ( 'NONE', *, *, #3667, .F. ) ;
#3951 = DIRECTION ( 'NONE',  ( 0.000000000000000000, 0.000000000000000000, -1.000000000000000000 ) ) ;
#3952 = EDGE_LOOP ( 'NONE', ( #5119, #2136, #2102, #6594 ) ) ;
#3953 = DIRECTION ( 'NONE',  ( -0.9659258276786805153, -0.2588190399164175814, 4.489794645727878022E-17 ) ) ;
#3954 = VECTOR ( 'NONE', #6544, 1000.000000000000000 ) ;
#3955 = CARTESIAN_POINT ( 'NONE',  ( -15.46771875442941457, -2.781403152292464975E-06, -4.599999999999992539 ) ) ;
#3956 = EDGE_CURVE ( 'NONE', #4731, #5179, #1959, .T. ) ;
#3957 = VECTOR ( 'NONE', #224, 1000.000000000000000 ) ;
#3958 = CARTESIAN_POINT ( 'NONE',  ( -0.8695042818805207574, 85.06544381721063530, 1.400826666630941020 ) ) ;
#3959 = VECTOR ( 'NONE', #8003, 1000.000000000000114 ) ;
#3960 = CARTESIAN_POINT ( 'NONE',  ( 13.91226043005733715, 81.84410925728559505, -2.149999999999970601 ) ) ;
#3961 = ORIENTED_EDGE ( 'NONE', *, *, #4409, .T. ) ;
#3962 = ORIENTED_EDGE ( 'NONE', *, *, #6869, .F. ) ;
#3963 = FACE_OUTER_BOUND ( 'NONE', #863, .T. ) ;
#3964 = VECTOR ( 'NONE', #7992, 1000.000000000000000 ) ;
#3965 = CONICAL_SURFACE ( 'NONE', #5018, 0.4499999999999781952, 0.7853981633974332910 ) ;
#3966 = VECTOR ( 'NONE', #7743, 1000.000000000000000 ) ;
#3967 = EDGE_CURVE ( 'NONE', #3847, #6557, #516, .T. ) ;
#3968 = DIRECTION ( 'NONE',  ( -9.999428271258533804E-31, -1.000000000000000000, 0.000000000000000000 ) ) ;
#3969 = CIRCLE ( 'NONE', #3167, 1.697767288281998299 ) ;
#3970 = AXIS2_PLACEMENT_3D ( 'NONE', #4011, #3927, #747 ) ;
#3971 = PLANE ( 'NONE',  #350 ) ;
#3972 = ORIENTED_EDGE ( 'NONE', *, *, #6661, .F. ) ;
#3973 = CARTESIAN_POINT ( 'NONE',  ( 79.81227900000003217, 22.98553808041251401, -4.599999999999992539 ) ) ;
#3974 = CARTESIAN_POINT ( 'NONE',  ( 74.56228330292589135, 19.29411698796796415, -2.150000000000027889 ) ) ;
#3975 = VERTEX_POINT ( 'NONE', #4042 ) ;
#3976 = AXIS2_PLACEMENT_3D ( 'NONE', #3127, #7456, #3176 ) ;
#3977 = DIRECTION ( 'NONE',  ( 1.000000000000000000, 0.000000000000000000, 0.000000000000000000 ) ) ;
#3978 = VECTOR ( 'NONE', #1770, 1000.000000000000114 ) ;
#3979 = CARTESIAN_POINT ( 'NONE',  ( -6.242186192145746442E-06, 23.29409667233047543, -4.599999999999992539 ) ) ;
#3980 = LINE ( 'NONE', #6482, #1465 ) ;
#3981 = VECTOR ( 'NONE', #1203, 1000.000000000000000 ) ;
#3982 = CARTESIAN_POINT ( 'NONE',  ( 97.93727900000000375, 53.59411099999999806, 3.450000000000012612 ) ) ;
#3983 = DIRECTION ( 'NONE',  ( 1.798198684919793169E-07, -0.9999999999999837907, -0.000000000000000000 ) ) ;
#3984 = VERTEX_POINT ( 'NONE', #241 ) ;
#3985 = EDGE_CURVE ( 'NONE', #7531, #5637, #120, .T. ) ;
#3986 = CARTESIAN_POINT ( 'NONE',  ( 52.26227900109223867, -1.755882021704230800, -4.599999999999992539 ) ) ;
#3987 = ORIENTED_EDGE ( 'NONE', *, *, #7812, .T. ) ;
#3988 = LINE ( 'NONE', #6931, #836 ) ;
#3989 = PLANE ( 'NONE',  #136 ) ;
#3990 = CARTESIAN_POINT ( 'NONE',  ( -1.379182660688524686, 83.96858850314612255, 0.5935360514438535740 ) ) ;
#3991 = CARTESIAN_POINT ( 'NONE',  ( 80.21227900000002364, 73.15268391958734640, -4.599999999999992539 ) ) ;
#3992 = EDGE_LOOP ( 'NONE', ( #6965, #7223, #7166, #3527 ) ) ;
#3993 = ORIENTED_EDGE ( 'NONE', *, *, #70, .T. ) ;
#3994 = DIRECTION ( 'NONE',  ( 5.448606792506972827E-17, 1.000000000000000000, 0.000000000000000000 ) ) ;
#3995 = ADVANCED_FACE ( 'NONE', ( #5364 ), #4336, .F. ) ;
#3996 = ORIENTED_EDGE ( 'NONE', *, *, #6714, .T. ) ;
#3997 = DIRECTION ( 'NONE',  ( 0.000000000000000000, 0.000000000000000000, 1.000000000000000000 ) ) ;
#3998 = EDGE_CURVE ( 'NONE', #7561, #4293, #5322, .T. ) ;
#3999 = CARTESIAN_POINT ( 'NONE',  ( -15.03314539163937447, 80.51787379906313902, 0.5768296415612056416 ) ) ;
#4000 = CARTESIAN_POINT ( 'NONE',  ( -0.2955378950011710582, 22.59077866121021216, -4.599999999999992539 ) ) ;
#4001 = AXIS2_PLACEMENT_3D ( 'NONE', #639, #7352, #4318 ) ;
#4002 = CYLINDRICAL_SURFACE ( 'NONE', #7344, 2.249999999999995115 ) ;
#4003 = ORIENTED_EDGE ( 'NONE', *, *, #1980, .T. ) ;
#4004 = LINE ( 'NONE', #862, #7095 ) ;
#4005 = ORIENTED_EDGE ( 'NONE', *, *, #7960, .F. ) ;
#4006 = CARTESIAN_POINT ( 'NONE',  ( 40.39384565921501036, -1.755885432175285921, 3.450002953554892837 ) ) ;
#4007 = EDGE_CURVE ( 'NONE', #3657, #7896, #5774, .T. ) ;
#4008 = CARTESIAN_POINT ( 'NONE',  ( 4.083840999999999610, 12.63464199999999948, 1.750000000000021538 ) ) ;
#4009 = DIRECTION ( 'NONE',  ( -5.322106441609202775E-17, 1.000000000000000000, 0.000000000000000000 ) ) ;
#4010 = ORIENTED_EDGE ( 'NONE', *, *, #3121, .T. ) ;
#4011 = CARTESIAN_POINT ( 'NONE',  ( 99.06227900000000375, 34.54411100000000090, 1.349999999999999867 ) ) ;
#4012 = EDGE_CURVE ( 'NONE', #4627, #1823, #1487, .T. ) ;
#4013 = CARTESIAN_POINT ( 'NONE',  ( -11.01773311198631156, 79.84410499915227888, -1.699999999999993294 ) ) ;
#4014 = ORIENTED_EDGE ( 'NONE', *, *, #7622, .T. ) ;
#4015 = ORIENTED_EDGE ( 'NONE', *, *, #4342, .T. ) ;
#4016 = DIRECTION ( 'NONE',  ( -0.000000000000000000, 0.000000000000000000, 1.000000000000000000 ) ) ;
#4017 = DIRECTION ( 'NONE',  ( 0.000000000000000000, 0.000000000000000000, -1.000000000000000000 ) ) ;
#4018 = CARTESIAN_POINT ( 'NONE',  ( 116.6145216613000457, 71.14856685720401686, -4.599999999999992539 ) ) ;
#4019 = CARTESIAN_POINT ( 'NONE',  ( 92.08727469707440605, 76.84410589528943092, -1.550000000000002709 ) ) ;
#4020 = LINE ( 'NONE', #7179, #6583 ) ;
#4021 = ADVANCED_FACE ( 'NONE', ( #1524 ), #4002, .F. ) ;
#4022 = VERTEX_POINT ( 'NONE', #5281 ) ;
#4023 = DIRECTION ( 'NONE',  ( 0.8660254062730189384, 0.4999999956896523101, 0.000000000000000000 ) ) ;
#4024 = ORIENTED_EDGE ( 'NONE', *, *, #1990, .F. ) ;
#4025 = VERTEX_POINT ( 'NONE', #4709 ) ;
#4026 = AXIS2_PLACEMENT_3D ( 'NONE', #2859, #219, #2730 ) ;
#4027 = CARTESIAN_POINT ( 'NONE',  ( 73.93728330292589135, 19.29411698796796415, 4.450000000000000178 ) ) ;
#4028 = AXIS2_PLACEMENT_3D ( 'NONE', #2013, #4532, #2505 ) ;
#4029 = DIRECTION ( 'NONE',  ( -1.000000000000000000, 0.000000000000000000, 0.000000000000000000 ) ) ;
#4030 = DIRECTION ( 'NONE',  ( -1.000000000000000000, 0.000000000000000000, 0.000000000000000000 ) ) ;
#4031 = EDGE_CURVE ( 'NONE', #1823, #3949, #2183, .T. ) ;
#4032 = CIRCLE ( 'NONE', #1130, 1.125000000000000888 ) ;
#4033 = DIRECTION ( 'NONE',  ( 0.000000000000000000, -0.000000000000000000, -1.000000000000000000 ) ) ;
#4034 = ORIENTED_EDGE ( 'NONE', *, *, #3152, .F. ) ;
#4035 = ORIENTED_EDGE ( 'NONE', *, *, #1650, .F. ) ;
#4036 = CARTESIAN_POINT ( 'NONE',  ( 44.78727899999999806, 24.49411100000000019, 1.349999999999999867 ) ) ;
#4037 = VERTEX_POINT ( 'NONE', #329 ) ;
#4038 = LINE ( 'NONE', #6621, #2243 ) ;
#4039 = AXIS2_PLACEMENT_3D ( 'NONE', #4303, #1124, #2944 ) ;
#4040 = CARTESIAN_POINT ( 'NONE',  ( 17.66226043005725899, 81.84411015638494291, -3.999999999999992450 ) ) ;
#4041 = EDGE_CURVE ( 'NONE', #3838, #7806, #2225, .T. ) ;
#4042 = CARTESIAN_POINT ( 'NONE',  ( -0.8677339041914936546, 84.24965460635104364, 6.795532277358968422E-15 ) ) ;
#4043 = ORIENTED_EDGE ( 'NONE', *, *, #2232, .T. ) ;
#4044 = DIRECTION ( 'NONE',  ( 0.000000000000000000, -1.000000000000000000, 0.000000000000000000 ) ) ;
#4045 = EDGE_LOOP ( 'NONE', ( #6249, #4923, #7807, #4395 ) ) ;
#4046 = CARTESIAN_POINT ( 'NONE',  ( 119.9122790047356659, 12.29411797798554673, 3.449999999999999289 ) ) ;
#4047 = DIRECTION ( 'NONE',  ( -0.000000000000000000, 0.000000000000000000, 1.000000000000000000 ) ) ;
#4048 = EDGE_CURVE ( 'NONE', #1452, #780, #7476, .T. ) ;
#4049 = EDGE_CURVE ( 'NONE', #1593, #914, #3592, .T. ) ;
#4050 = ORIENTED_EDGE ( 'NONE', *, *, #5438, .T. ) ;
#4051 = DIRECTION ( 'NONE',  ( 1.000000000000000000, 0.000000000000000000, 0.000000000000000000 ) ) ;
#4052 = ORIENTED_EDGE ( 'NONE', *, *, #7659, .T. ) ;
#4053 = DIRECTION ( 'NONE',  ( 0.000000000000000000, -1.000000000000000000, 0.000000000000000000 ) ) ;
#4054 = DIRECTION ( 'NONE',  ( 0.7071067811865611175, 0.000000000000000000, 0.7071067811865340280 ) ) ;
#4055 = ORIENTED_EDGE ( 'NONE', *, *, #5667, .F. ) ;
#4056 = DIRECTION ( 'NONE',  ( -1.000000000000000000, 0.000000000000000000, 0.000000000000000000 ) ) ;
#4057 = CARTESIAN_POINT ( 'NONE',  ( -19.59037073081038471, 77.67724262499595511, 4.450000000000000178 ) ) ;
#4058 = DIRECTION ( 'NONE',  ( 0.000000000000000000, 0.000000000000000000, -1.000000000000000000 ) ) ;
#4059 = EDGE_CURVE ( 'NONE', #2172, #907, #3624, .T. ) ;
#4060 = CARTESIAN_POINT ( 'NONE',  ( -1.602121930820903267E-06, 12.29410278256791322, 3.449999999999999289 ) ) ;
#4061 = CARTESIAN_POINT ( 'NONE',  ( -11.50859082457478166, -5.795957894100131291, -3.999999999999992450 ) ) ;
#4062 = EDGE_LOOP ( 'NONE', ( #6054, #3184, #844, #7790 ) ) ;
#4063 = CARTESIAN_POINT ( 'NONE',  ( 101.1872789999999753, 34.54411100000000090, 4.450000000000000178 ) ) ;
#4064 = VERTEX_POINT ( 'NONE', #4947 ) ;
#4065 = EDGE_LOOP ( 'NONE', ( #6494, #4957 ) ) ;
#4066 = DIRECTION ( 'NONE',  ( -1.000000000000000000, 0.000000000000000000, 0.000000000000000000 ) ) ;
#4067 = LINE ( 'NONE', #4115, #3694 ) ;
#4068 = VECTOR ( 'NONE', #986, 1000.000000000000000 ) ;
#4069 = EDGE_CURVE ( 'NONE', #6857, #8082, #2743, .T. ) ;
#4070 = LINE ( 'NONE', #2133, #6421 ) ;
#4071 = CARTESIAN_POINT ( 'NONE',  ( -19.16772100000000023, 26.58547018669192852, -3.199999999999991740 ) ) ;
#4072 = ORIENTED_EDGE ( 'NONE', *, *, #6165, .T. ) ;
#4073 = ORIENTED_EDGE ( 'NONE', *, *, #4555, .T. ) ;
#4074 = DIRECTION ( 'NONE',  ( -1.000000000000000000, 0.000000000000000000, 0.000000000000000000 ) ) ;
#4075 = ORIENTED_EDGE ( 'NONE', *, *, #475, .T. ) ;
#4076 = DIRECTION ( 'NONE',  ( 0.7071067811865546782, 0.000000000000000000, 0.7071067811865404673 ) ) ;
#4077 = CARTESIAN_POINT ( 'NONE',  ( 67.18142950036545358, 82.04411100000002932, -4.599999999999992539 ) ) ;
#4078 = EDGE_CURVE ( 'NONE', #3346, #2697, #572, .T. ) ;
#4079 = CARTESIAN_POINT ( 'NONE',  ( -18.16772100000000023, 9.898876804497156213E-16, -4.599999999999992539 ) ) ;
#4080 = DIRECTION ( 'NONE',  ( -2.972808324392569924E-08, 0.9999999999999995559, 0.000000000000000000 ) ) ;
#4081 = ORIENTED_EDGE ( 'NONE', *, *, #1068, .T. ) ;
#4082 = CARTESIAN_POINT ( 'NONE',  ( -0.000000000000000000, 15.29411099999999912, -4.599999999999992539 ) ) ;
#4083 = VECTOR ( 'NONE', #4408, 1000.000000000000227 ) ;
#4084 = EDGE_LOOP ( 'NONE', ( #7208, #3818, #4844, #7458 ) ) ;
#4085 = DIRECTION ( 'NONE',  ( -0.000000000000000000, 0.000000000000000000, 1.000000000000000000 ) ) ;
#4086 = EDGE_CURVE ( 'NONE', #7220, #3737, #530, .T. ) ;
#4087 = AXIS2_PLACEMENT_3D ( 'NONE', #729, #3828, #3160 ) ;
#4088 = CIRCLE ( 'NONE', #531, 0.4500000000000059508 ) ;
#4089 = DIRECTION ( 'NONE',  ( 1.000000000000000000, -3.488783972668216638E-15, 0.000000000000000000 ) ) ;
#4090 = AXIS2_PLACEMENT_3D ( 'NONE', #1646, #7113, #1482 ) ;
#4091 = CONICAL_SURFACE ( 'NONE', #2910, 0.4500000000000059508, 0.7853981633974282950 ) ;
#4092 = EDGE_LOOP ( 'NONE', ( #6418, #6761, #1797, #4368 ) ) ;
#4093 = AXIS2_PLACEMENT_3D ( 'NONE', #3775, #1955, #6052 ) ;
#4094 = CARTESIAN_POINT ( 'NONE',  ( -11.50859082457478166, -5.795957894100131291, -3.999999999999992450 ) ) ;
#4095 = ORIENTED_EDGE ( 'NONE', *, *, #3523, .F. ) ;
#4096 = LINE ( 'NONE', #3558, #5638 ) ;
#4097 = DIRECTION ( 'NONE',  ( 0.000000000000000000, 0.000000000000000000, 1.000000000000000000 ) ) ;
#4098 = ADVANCED_FACE ( 'NONE', ( #3076 ), #6943, .F. ) ;
#4099 = ORIENTED_EDGE ( 'NONE', *, *, #2176, .T. ) ;
#4100 = EDGE_CURVE ( 'NONE', #7247, #391, #2463, .T. ) ;
#4101 = DIRECTION ( 'NONE',  ( -0.000000000000000000, -0.000000000000000000, -1.000000000000000000 ) ) ;
#4102 =( NAMED_UNIT ( * ) SI_UNIT ( $, .STERADIAN. ) SOLID_ANGLE_UNIT ( ) );
#4103 = AXIS2_PLACEMENT_3D ( 'NONE', #2905, #6641, #348 ) ;
#4104 = FACE_OUTER_BOUND ( 'NONE', #1443, .T. ) ;
#4105 = LINE ( 'NONE', #3485, #2443 ) ;
#4107 = VECTOR ( 'NONE', #1172, 1000.000000000000000 ) ;
#4106 = DIRECTION ( 'NONE',  ( -0.9659258276786805153, -0.2588190399164174704, 0.000000000000000000 ) ) ;
#4108 = VERTEX_POINT ( 'NONE', #3041 ) ;
#4109 = AXIS2_PLACEMENT_3D ( 'NONE', #6282, #5635, #1273 ) ;
#4110 = DIRECTION ( 'NONE',  ( 0.8660254062730190494, 0.4999999956896524211, 0.000000000000000000 ) ) ;
#4111 = ORIENTED_EDGE ( 'NONE', *, *, #5924, .T. ) ;
#4112 = ORIENTED_EDGE ( 'NONE', *, *, #7152, .F. ) ;
#4113 = EDGE_CURVE ( 'NONE', #4839, #7414, #8098, .T. ) ;
#4114 = LINE ( 'NONE', #847, #4210 ) ;
#4115 = CARTESIAN_POINT ( 'NONE',  ( 117.8254602383407246, -2.886456355902770277, 2.250000000000000000 ) ) ;
#4116 = AXIS2_PLACEMENT_3D ( 'NONE', #5892, #5730, #90 ) ;
#4117 = DIRECTION ( 'NONE',  ( -0.000000000000000000, 0.000000000000000000, 1.000000000000000000 ) ) ;
#4118 = CARTESIAN_POINT ( 'NONE',  ( -2.939168329610156061, -10.97058647013408894, 4.450000000000000178 ) ) ;
#4119 = VECTOR ( 'NONE', #7281, 1000.000000000000000 ) ;
#4120 = ORIENTED_EDGE ( 'NONE', *, *, #3538, .T. ) ;
#4121 = ORIENTED_EDGE ( 'NONE', *, *, #4312, .F. ) ;
#4122 = EDGE_LOOP ( 'NONE', ( #1466, #2483 ) ) ;
#4123 = CARTESIAN_POINT ( 'NONE',  ( -0.2955378950011710582, 22.59077866121021216, -4.599999999999992539 ) ) ;
#4124 = ADVANCED_FACE ( 'NONE', ( #5561 ), #1119, .F. ) ;
#4125 = CARTESIAN_POINT ( 'NONE',  ( -17.79561669601519824, 80.84410378035408939, 3.449999999999999289 ) ) ;
#4126 = LINE ( 'NONE', #6541, #2124 ) ;
#4127 = DIRECTION ( 'NONE',  ( 0.000000000000000000, 0.000000000000000000, 1.000000000000000000 ) ) ;
#4128 = ORIENTED_EDGE ( 'NONE', *, *, #8075, .T. ) ;
#4129 = CARTESIAN_POINT ( 'NONE',  ( 24.35782314279001071, 79.14635366131901151, -4.599999999999992539 ) ) ;
#4130 = ORIENTED_EDGE ( 'NONE', *, *, #1081, .T. ) ;
#4131 = CARTESIAN_POINT ( 'NONE',  ( -20.16772100000000378, 77.67724262499595511, -4.599999999999992539 ) ) ;
#4132 = EDGE_CURVE ( 'NONE', #7917, #5221, #6862, .T. ) ;
#4133 = FACE_OUTER_BOUND ( 'NONE', #6739, .T. ) ;
#4134 = EDGE_CURVE ( 'NONE', #7183, #104, #2998, .T. ) ;
#4135 = EDGE_LOOP ( 'NONE', ( #2126, #5715, #7086, #4791 ) ) ;
#4136 = CARTESIAN_POINT ( 'NONE',  ( -18.16772100000000023, 14.73547018669192887, -2.199999999999991740 ) ) ;
#4137 = VERTEX_POINT ( 'NONE', #1227 ) ;
#4138 = CARTESIAN_POINT ( 'NONE',  ( 41.71227899999999522, 84.15268391958798588, 2.249999999999999556 ) ) ;
#4139 = FACE_OUTER_BOUND ( 'NONE', #352, .T. ) ;
#4140 = DIRECTION ( 'NONE',  ( 1.000000000000000000, 0.000000000000000000, 0.000000000000000000 ) ) ;
#4141 = CARTESIAN_POINT ( 'NONE',  ( 71.86228330292593114, 19.29411633638648382, -4.599999999999992539 ) ) ;
#4142 = ADVANCED_FACE ( 'NONE', ( #4914 ), #7440, .T. ) ;
#4143 = DIRECTION ( 'NONE',  ( 0.000000000000000000, 0.000000000000000000, 1.000000000000000000 ) ) ;
#4144 = DIRECTION ( 'NONE',  ( 0.000000000000000000, 0.000000000000000000, 1.000000000000000000 ) ) ;
#4145 = EDGE_LOOP ( 'NONE', ( #4940, #5203, #4930, #2035, #3851, #3557, #3940, #5270, #1488, #3685 ) ) ;
#4146 = DIRECTION ( 'NONE',  ( -0.000000000000000000, 0.000000000000000000, 1.000000000000000000 ) ) ;
#4147 = ORIENTED_EDGE ( 'NONE', *, *, #3944, .T. ) ;
#4148 = VERTEX_POINT ( 'NONE', #4321 ) ;
#4149 = DIRECTION ( 'NONE',  ( 0.000000000000000000, 1.000000000000000000, 0.000000000000000000 ) ) ;
#4150 = FACE_OUTER_BOUND ( 'NONE', #3243, .T. ) ;
#4151 = CARTESIAN_POINT ( 'NONE',  ( 45.91227899999999806, 24.49411100000000019, 1.349999999999999867 ) ) ;
#4152 = CARTESIAN_POINT ( 'NONE',  ( -18.16456914593180016, 76.28134294310963526, 2.249999999999999556 ) ) ;
#4153 = ADVANCED_FACE ( 'NONE', ( #1069 ), #6777, .F. ) ;
#4154 = ADVANCED_FACE ( 'NONE', ( #5592 ), #2962, .F. ) ;
#4155 = CARTESIAN_POINT ( 'NONE',  ( 67.18142950036545358, 80.84411100000002648, -2.199999999999999734 ) ) ;
#4156 = ORIENTED_EDGE ( 'NONE', *, *, #5527, .F. ) ;
#4157 = ORIENTED_EDGE ( 'NONE', *, *, #5368, .T. ) ;
#4158 = VECTOR ( 'NONE', #109, 1000.000000000000000 ) ;
#4159 = ORIENTED_EDGE ( 'NONE', *, *, #5499, .T. ) ;
#4160 = CARTESIAN_POINT ( 'NONE',  ( 22.41082705626368821, 77.84551033426501476, -4.599999999999992539 ) ) ;
#4161 = CARTESIAN_POINT ( 'NONE',  ( -14.86773440668929958, 87.04410430684566791, 0.6000000000000064171 ) ) ;
#4162 = VECTOR ( 'NONE', #6370, 1000.000000000000000 ) ;
#4163 = DIRECTION ( 'NONE',  ( 1.000000000000000000, 0.000000000000000000, 0.000000000000000000 ) ) ;
#4164 = VECTOR ( 'NONE', #3445, 1000.000000000000000 ) ;
#4165 = EDGE_CURVE ( 'NONE', #2069, #1796, #4692, .T. ) ;
#4166 = CARTESIAN_POINT ( 'NONE',  ( -0.06637713212794688067, 85.22972665496169498, 6.938893903907228378E-15 ) ) ;
#4167 = ORIENTED_EDGE ( 'NONE', *, *, #3956, .F. ) ;
#4168 = CARTESIAN_POINT ( 'NONE',  ( -1.448153504403172365, 83.92999260032763686, 0.5999995030842543153 ) ) ;
#4169 = ORIENTED_EDGE ( 'NONE', *, *, #8056, .T. ) ;
#4170 = DIRECTION ( 'NONE',  ( -0.000000000000000000, 1.000000000000000000, -0.000000000000000000 ) ) ;
#4171 = FACE_BOUND ( 'NONE', #2139, .T. ) ;
#4172 = EDGE_CURVE ( 'NONE', #2310, #6366, #1106, .T. ) ;
#4173 = ORIENTED_EDGE ( 'NONE', *, *, #868, .F. ) ;
#4174 = VERTEX_POINT ( 'NONE', #3824 ) ;
#4175 = DIRECTION ( 'NONE',  ( 1.000000000000000000, 0.000000000000000000, 0.000000000000000000 ) ) ;
#4176 = CARTESIAN_POINT ( 'NONE',  ( 78.51452166131001320, 79.14856685720401686, -4.599999999999992539 ) ) ;
#4177 = CARTESIAN_POINT ( 'NONE',  ( -1.435755681706755673E-05, 79.84410698035699738, -4.599999999999992539 ) ) ;
#4178 = DIRECTION ( 'NONE',  ( 1.000000000000000000, 0.000000000000000000, 0.000000000000000000 ) ) ;
#4179 = DIRECTION ( 'NONE',  ( 0.000000000000000000, 0.000000000000000000, 1.000000000000000000 ) ) ;
#4180 = LINE ( 'NONE', #6608, #3163 ) ;
#4181 = ORIENTED_EDGE ( 'NONE', *, *, #7591, .T. ) ;
#4182 = CARTESIAN_POINT ( 'NONE',  ( -18.16772100000000023, 12.47682908042298067, 2.249999999999999556 ) ) ;
#4183 = ORIENTED_EDGE ( 'NONE', *, *, #1650, .T. ) ;
#4184 = ORIENTED_EDGE ( 'NONE', *, *, #7031, .F. ) ;
#4185 = FACE_OUTER_BOUND ( 'NONE', #4397, .T. ) ;
#4186 = EDGE_CURVE ( 'NONE', #6831, #6990, #7025, .T. ) ;
#4187 = CARTESIAN_POINT ( 'NONE',  ( 21.73727899999999735, 60.09411099999999806, 3.449999999999961986 ) ) ;
#4188 = CARTESIAN_POINT ( 'NONE',  ( -15.27445785238536047, 80.33570588400051804, 0.4415022543982277115 ) ) ;
#4189 = CARTESIAN_POINT ( 'NONE',  ( -1.356774016107174852, 83.98110548992671909, 0.5896746905076591938 ) ) ;
#4190 = CARTESIAN_POINT ( 'NONE',  ( 79.51540507967473559, 23.29411798030432124, -4.599999999999992539 ) ) ;
#4191 = ORIENTED_EDGE ( 'NONE', *, *, #4771, .F. ) ;
#4192 = ORIENTED_EDGE ( 'NONE', *, *, #5963, .T. ) ;
#4193 = ORIENTED_EDGE ( 'NONE', *, *, #3876, .F. ) ;
#4194 = DIRECTION ( 'NONE',  ( 1.000000000000000000, 0.000000000000000000, 0.000000000000000000 ) ) ;
#4195 = CARTESIAN_POINT ( 'NONE',  ( 92.08727469707440605, 76.84410589528943092, -1.550000000000002709 ) ) ;
#4196 = EDGE_CURVE ( 'NONE', #2707, #810, #8088, .T. ) ;
#4197 = EDGE_CURVE ( 'NONE', #252, #1518, #6237, .T. ) ;
#4198 = DIRECTION ( 'NONE',  ( 0.000000000000000000, 0.000000000000000000, 1.000000000000000000 ) ) ;
#4199 = AXIS2_PLACEMENT_3D ( 'NONE', #5390, #4823, #3496 ) ;
#4200 = DIRECTION ( 'NONE',  ( 1.000000000000000000, 0.000000000000000000, 0.000000000000000000 ) ) ;
#4201 = ORIENTED_EDGE ( 'NONE', *, *, #2326, .T. ) ;
#4202 = CARTESIAN_POINT ( 'NONE',  ( 40.39320942623693611, -1.563433068798047776, 3.783334317851738682 ) ) ;
#4203 = ORIENTED_EDGE ( 'NONE', *, *, #7974, .F. ) ;
#4204 = DIRECTION ( 'NONE',  ( 1.000000000000000000, 0.000000000000000000, 0.000000000000000000 ) ) ;
#4205 = AXIS2_PLACEMENT_3D ( 'NONE', #6021, #2937, #4175 ) ;
#4206 = ADVANCED_FACE ( 'NONE', ( #3242 ), #158, .F. ) ;
#4207 = CARTESIAN_POINT ( 'NONE',  ( -3.732178150609711094E-05, 85.84408514429277659, 2.250000000000000000 ) ) ;
#4208 = DIRECTION ( 'NONE',  ( -1.000000000000000000, 0.000000000000000000, -0.000000000000000000 ) ) ;
#4209 = ORIENTED_EDGE ( 'NONE', *, *, #5105, .F. ) ;
#4210 = VECTOR ( 'NONE', #5911, 999.9999999999998863 ) ;
#4211 = EDGE_LOOP ( 'NONE', ( #6356, #6409, #2832, #1671 ) ) ;
#4212 = CARTESIAN_POINT ( 'NONE',  ( -13.55859082457480369, -1.465830875177938308, -1.550000000000002709 ) ) ;
#4213 = AXIS2_PLACEMENT_3D ( 'NONE', #1395, #5674, #4535 ) ;
#4214 = DIRECTION ( 'NONE',  ( -0.000000000000000000, -0.000000000000000000, -1.000000000000000000 ) ) ;
#4215 = VECTOR ( 'NONE', #4937, 1000.000000000000114 ) ;
#4216 = EDGE_CURVE ( 'NONE', #2217, #4873, #991, .T. ) ;
#4217 = COLOUR_RGB ( '',0.1137254901960784298, 0.1137254901960784298, 0.1137254901960784298 ) ;
#4218 = CYLINDRICAL_SURFACE ( 'NONE', #3835, 1.697767288274091513 ) ;
#4219 = AXIS2_PLACEMENT_3D ( 'NONE', #7486, #6870, #1235 ) ;
#4220 = AXIS2_PLACEMENT_3D ( 'NONE', #2860, #504, #7993 ) ;
#4221 = CIRCLE ( 'NONE', #1723, 2.250000000000001776 ) ;
#4222 = FACE_OUTER_BOUND ( 'NONE', #1059, .T. ) ;
#4223 = DIRECTION ( 'NONE',  ( 0.000000000000000000, -1.000000000000000000, 0.000000000000000000 ) ) ;
#4224 = ORIENTED_EDGE ( 'NONE', *, *, #1057, .T. ) ;
#4225 = DIRECTION ( 'NONE',  ( -0.000000000000000000, 0.000000000000000000, 1.000000000000000000 ) ) ;
#4226 = ORIENTED_EDGE ( 'NONE', *, *, #4786, .T. ) ;
#4227 = CIRCLE ( 'NONE', #665, 2.250000000000001776 ) ;
#4228 = CARTESIAN_POINT ( 'NONE',  ( -18.16772099999999668, 48.98547018669192710, -2.199999999999995293 ) ) ;
#4229 = PLANE ( 'NONE',  #1844 ) ;
#4230 = CARTESIAN_POINT ( 'NONE',  ( -14.86773325536845114, 80.64147005892621678, 0.6000000000000064171 ) ) ;
#4231 = VECTOR ( 'NONE', #145, 1000.000000000000000 ) ;
#4232 = VECTOR ( 'NONE', #5885, 1000.000000000000114 ) ;
#4233 = EDGE_CURVE ( 'NONE', #1432, #8062, #4548, .T. ) ;
#4234 = FACE_OUTER_BOUND ( 'NONE', #7975, .T. ) ;
#4235 = ORIENTED_EDGE ( 'NONE', *, *, #3049, .T. ) ;
#4236 = ORIENTED_EDGE ( 'NONE', *, *, #7057, .F. ) ;
#4237 = ORIENTED_EDGE ( 'NONE', *, *, #4048, .F. ) ;
#4238 = CARTESIAN_POINT ( 'NONE',  ( -0.8677331119864709619, 79.84410682432394424, 6.795532277358968422E-15 ) ) ;
#4239 = DIRECTION ( 'NONE',  ( 2.270622705517130185E-16, 0.8660254037843811981, -0.5000000000000995870 ) ) ;
#4240 = VECTOR ( 'NONE', #505, 1000.000000000000114 ) ;
#4241 = AXIS2_PLACEMENT_3D ( 'NONE', #1573, #7914, #4842 ) ;
#4242 = CARTESIAN_POINT ( 'NONE',  ( 116.6041236157665395, 12.29411797798554851, 3.449999999999999289 ) ) ;
#4243 = CIRCLE ( 'NONE', #2793, 4.693943343173973659 ) ;
#4244 = EDGE_CURVE ( 'NONE', #4108, #2072, #2834, .T. ) ;
#4245 = DIRECTION ( 'NONE',  ( -0.9999999999999836797, -1.798198627038045005E-07, 0.000000000000000000 ) ) ;
#4246 = ADVANCED_FACE ( 'NONE', ( #1392 ), #4442, .F. ) ;
#4247 = ORIENTED_EDGE ( 'NONE', *, *, #5377, .T. ) ;
#4248 = LINE ( 'NONE', #2540, #4757 ) ;
#4249 = ORIENTED_EDGE ( 'NONE', *, *, #3773, .F. ) ;
#4250 = DIRECTION ( 'NONE',  ( 0.000000000000000000, 0.000000000000000000, 1.000000000000000000 ) ) ;
#4251 = CARTESIAN_POINT ( 'NONE',  ( 96.81227900000000375, 53.59411099999999806, 1.349999999999999867 ) ) ;
#4252 = CARTESIAN_POINT ( 'NONE',  ( -4.603728215441089496E-16, -1.755882021704217033, -4.599999999999992539 ) ) ;
#4253 = ADVANCED_FACE ( 'NONE', ( #3282 ), #7681, .F. ) ;
#4254 = CARTESIAN_POINT ( 'NONE',  ( 41.71228598031231627, 81.14098492032255194, 2.249999999999999556 ) ) ;
#4255 = ADVANCED_FACE ( 'NONE', ( #2052 ), #6898, .F. ) ;
#4256 = ORIENTED_EDGE ( 'NONE', *, *, #4100, .F. ) ;
#4257 = ORIENTED_EDGE ( 'NONE', *, *, #6196, .T. ) ;
#4258 = CARTESIAN_POINT ( 'NONE',  ( 99.06227900000000375, 34.54411100000000090, 1.750000000000017097 ) ) ;
#4259 = DIRECTION ( 'NONE',  ( -1.000000000000000000, 7.709882115452470278E-16, 0.000000000000000000 ) ) ;
#4260 = DIRECTION ( 'NONE',  ( 1.000000000000000000, 0.000000000000000000, 0.000000000000000000 ) ) ;
#4261 = EDGE_CURVE ( 'NONE', #7234, #5673, #3155, .T. ) ;
#4262 = CIRCLE ( 'NONE', #5453, 214.8027930341700937 ) ;
#4263 = CARTESIAN_POINT ( 'NONE',  ( -19.36772099999999952, 16.98547018669192710, -2.199999999999991740 ) ) ;
#4264 = EDGE_LOOP ( 'NONE', ( #454, #1331, #7422, #5511 ) ) ;
#4265 = DIRECTION ( 'NONE',  ( 1.000000000000000000, 0.000000000000000000, 0.000000000000000000 ) ) ;
#4266 = EDGE_LOOP ( 'NONE', ( #7791, #7076, #1994, #1716 ) ) ;
#4267 = LINE ( 'NONE', #5579, #8102 ) ;
#4268 = VERTEX_POINT ( 'NONE', #607 ) ;
#4269 = DIRECTION ( 'NONE',  ( -0.000000000000000000, 0.000000000000000000, 1.000000000000000000 ) ) ;
#4270 = LINE ( 'NONE', #7343, #6699 ) ;
#4271 = LINE ( 'NONE', #7935, #2181 ) ;
#4272 = EDGE_CURVE ( 'NONE', #7504, #5801, #7428, .T. ) ;
#4273 = DIRECTION ( 'NONE',  ( -4.347624119164471593E-07, 0.9999999999999055200, 0.000000000000000000 ) ) ;
#4274 = ORIENTED_EDGE ( 'NONE', *, *, #3058, .F. ) ;
#4275 = ORIENTED_EDGE ( 'NONE', *, *, #4825, .T. ) ;
#4276 = CARTESIAN_POINT ( 'NONE',  ( -0.6190297783344155258, 85.11696222274188983, 1.208461892733251331 ) ) ;
#4277 = LINE ( 'NONE', #1799, #6490 ) ;
#4278 = EDGE_CURVE ( 'NONE', #6200, #3867, #6985, .T. ) ;
#4279 = PLANE ( 'NONE',  #3268 ) ;
#4280 = AXIS2_PLACEMENT_3D ( 'NONE', #5800, #2670, #1301 ) ;
#4281 = DIRECTION ( 'NONE',  ( 1.000000000000000000, 0.000000000000000000, 0.000000000000000000 ) ) ;
#4282 = EDGE_LOOP ( 'NONE', ( #608, #3053, #3350, #8149 ) ) ;
#4283 = LINE ( 'NONE', #4136, #2240 ) ;
#4284 = ORIENTED_EDGE ( 'NONE', *, *, #6471, .T. ) ;
#4285 = DIRECTION ( 'NONE',  ( 0.000000000000000000, 0.000000000000000000, -1.000000000000000000 ) ) ;
#4286 = CIRCLE ( 'NONE', #2050, 1.600000000000018074 ) ;
#4287 = DIRECTION ( 'NONE',  ( -0.000000000000000000, 0.000000000000000000, 1.000000000000000000 ) ) ;
#4288 = AXIS2_PLACEMENT_3D ( 'NONE', #8008, #4939, #2338 ) ;
#4289 = ADVANCED_FACE ( 'NONE', ( #2622 ), #3882, .F. ) ;
#4290 = CARTESIAN_POINT ( 'NONE',  ( 96.93727900000003217, 34.54411100000000090, 4.450000000000000178 ) ) ;
#4291 = CARTESIAN_POINT ( 'NONE',  ( 118.3122811893314434, 1.524973922286212459E-05, -4.599999999999992539 ) ) ;
#4292 = CIRCLE ( 'NONE', #6377, 2.249999999999998668 ) ;
#4293 = VERTEX_POINT ( 'NONE', #3113 ) ;
#4294 = AXIS2_PLACEMENT_3D ( 'NONE', #50, #6256, #4461 ) ;
#4295 = ORIENTED_EDGE ( 'NONE', *, *, #1876, .T. ) ;
#4296 = LINE ( 'NONE', #6178, #4333 ) ;
#4297 = CYLINDRICAL_SURFACE ( 'NONE', #8052, 2.249999999999998668 ) ;
#4298 = VECTOR ( 'NONE', #2783, 1000.000000000000000 ) ;
#4299 = EDGE_CURVE ( 'NONE', #7037, #2605, #2586, .T. ) ;
#4300 = ADVANCED_FACE ( 'NONE', ( #725 ), #1965, .T. ) ;
#4301 = CARTESIAN_POINT ( 'NONE',  ( 75.81228330292589135, 19.29411698796796415, -3.999999999999968914 ) ) ;
#4302 = VECTOR ( 'NONE', #7084, 999.9999999999998863 ) ;
#4303 = CARTESIAN_POINT ( 'NONE',  ( -13.55859082457480369, -1.465830875177938308, -4.599999999999992539 ) ) ;
#4304 = ORIENTED_EDGE ( 'NONE', *, *, #3214, .F. ) ;
#4305 = FACE_OUTER_BOUND ( 'NONE', #6096, .T. ) ;
#4306 = AXIS2_PLACEMENT_3D ( 'NONE', #6269, #6315, #4436 ) ;
#4307 = ORIENTED_EDGE ( 'NONE', *, *, #6651, .T. ) ;
#4308 = CARTESIAN_POINT ( 'NONE',  ( -15.46773440668928856, 87.04410419895374673, 6.722053469410127491E-15 ) ) ;
#4309 = EDGE_LOOP ( 'NONE', ( #4779, #2929 ) ) ;
#4310 = DIRECTION ( 'NONE',  ( 1.000000000000000000, 0.000000000000000000, 0.000000000000000000 ) ) ;
#4311 = DIRECTION ( 'NONE',  ( 1.000000000000000000, 0.000000000000000000, 0.000000000000000000 ) ) ;
#4312 = EDGE_CURVE ( 'NONE', #3753, #4675, #2045, .T. ) ;
#4313 = DIRECTION ( 'NONE',  ( -0.000000000000000000, -0.000000000000000000, 1.000000000000000000 ) ) ;
#4314 = FACE_OUTER_BOUND ( 'NONE', #125, .T. ) ;
#4315 = VERTEX_POINT ( 'NONE', #233 ) ;
#4316 = ORIENTED_EDGE ( 'NONE', *, *, #379, .T. ) ;
#4317 = CARTESIAN_POINT ( 'NONE',  ( -0.5801192375090088449, 85.12495072576338373, 1.173695083922461135 ) ) ;
#4318 = DIRECTION ( 'NONE',  ( 1.000000000000000000, 0.000000000000000000, 0.000000000000000000 ) ) ;
#4319 = EDGE_CURVE ( 'NONE', #846, #6741, #6512, .T. ) ;
#4320 = FACE_OUTER_BOUND ( 'NONE', #2304, .T. ) ;
#4321 = CARTESIAN_POINT ( 'NONE',  ( 61.16228894959200346, 84.14856685720403107, -4.599999999999992539 ) ) ;
#4322 = B_SPLINE_SURFACE_WITH_KNOTS ( 'NONE', 1, 3, ( 
 ( #1798, #1102, #1222, #4831, #3621, #7978, #1063, #5444, #7319, #2381, #4910, #566, #3073, #7397, #3585, #5588, #1178, #1760, #4979, #4317, #4276, #3739, #6088, #6772, #1721, #447, #3658, #6159, #524, #3035, #5554, #8058, #2420, #7435, #6810, #2460 ),
 ( #1836, #6858, #6234, #4398, #2497, #6891, #603, #1260, #3109, #5624, #8130, #5021, #7518, #3779, #1883, #6013, #3420, #4800, #3509, #2185, #7729, #7862, #6505, #2845, #4752, #4712, #369, #1489, #1652, #2227, #5240, #5976, #2804, #950, #4168, #988 ) ),
 .UNSPECIFIED., .F., .F., .F.,
 ( 2, 2 ),
 ( 4, 2, 2, 2, 2, 2, 2, 2, 2, 2, 2, 2, 2, 2, 2, 2, 2, 4 ),
 ( 0.000000000000000000, 1.000000000000000000 ),
 ( 0.000000000000000000, 0.0001578810801673264329, 0.0003157621603346528658, 0.0004736432405019792716, 0.0005525837805856425016, 0.0006315243206693057316, 0.0009472864810039585432, 0.001026227021087621882, 0.001105167561171285003, 0.001263048641338611463, 0.001420929721505937923, 0.001578810801673264166, 0.001736691881840590626, 0.001894572962007917086, 0.002052454042175243763, 0.002210335122342570006, 0.002368216202509896250, 0.002526097282677222926 ),
 .UNSPECIFIED. ) ;
#4323 = VERTEX_POINT ( 'NONE', #3991 ) ;
#4324 = ORIENTED_EDGE ( 'NONE', *, *, #3446, .F. ) ;
#4325 = FACE_OUTER_BOUND ( 'NONE', #4518, .T. ) ;
#4326 = VERTEX_POINT ( 'NONE', #192 ) ;
#4327 = DIRECTION ( 'NONE',  ( 0.000000000000000000, 0.000000000000000000, -1.000000000000000000 ) ) ;
#4328 = AXIS2_PLACEMENT_3D ( 'NONE', #7229, #4117, #889 ) ;
#4329 = DIRECTION ( 'NONE',  ( -0.000000000000000000, 0.000000000000000000, 1.000000000000000000 ) ) ;
#4330 = CARTESIAN_POINT ( 'NONE',  ( -18.16772099999999668, 46.73547018669192710, -4.599999999999992539 ) ) ;
#4331 = ORIENTED_EDGE ( 'NONE', *, *, #956, .T. ) ;
#4332 = ADVANCED_FACE ( 'NONE', ( #2830 ), #5729, .T. ) ;
#4333 = VECTOR ( 'NONE', #7415, 1000.000000000000114 ) ;
#4334 = VERTEX_POINT ( 'NONE', #7108 ) ;
#4335 = DIRECTION ( 'NONE',  ( 5.322106441609202775E-17, -1.000000000000000000, -0.000000000000000000 ) ) ;
#4336 = CONICAL_SURFACE ( 'NONE', #1171, 0.4499999999999781952, 0.7853981633974329579 ) ;
#4337 = LINE ( 'NONE', #1279, #6080 ) ;
#4338 = DIRECTION ( 'NONE',  ( 0.000000000000000000, -0.000000000000000000, -1.000000000000000000 ) ) ;
#4339 = VECTOR ( 'NONE', #2966, 1000.000000000000114 ) ;
#4340 = AXIS2_PLACEMENT_3D ( 'NONE', #645, #3951, #6456 ) ;
#4341 = DIRECTION ( 'NONE',  ( -9.999428271258533804E-31, -1.000000000000000000, 0.000000000000000000 ) ) ;
#4342 = EDGE_CURVE ( 'NONE', #1805, #1720, #3328, .T. ) ;
#4343 = ORIENTED_EDGE ( 'NONE', *, *, #6125, .F. ) ;
#4344 = EDGE_CURVE ( 'NONE', #5544, #2785, #1604, .T. ) ;
#4345 = CARTESIAN_POINT ( 'NONE',  ( 99.06227900000000375, 53.59411099999999806, 1.349999999999999867 ) ) ;
#4346 = ORIENTED_EDGE ( 'NONE', *, *, #3382, .T. ) ;
#4347 = CARTESIAN_POINT ( 'NONE',  ( 24.43693244120923325, -0.6319827392976813396, -4.599999999999992539 ) ) ;
#4348 = VECTOR ( 'NONE', #4076, 1000.000000000000114 ) ;
#4349 = ORIENTED_EDGE ( 'NONE', *, *, #888, .T. ) ;
#4350 = CARTESIAN_POINT ( 'NONE',  ( 43.40782314279000786, 84.14635366131902572, -4.599999999999992539 ) ) ;
#4351 = DIRECTION ( 'NONE',  ( 1.000000000000000000, 0.000000000000000000, 0.000000000000000000 ) ) ;
#4352 = VECTOR ( 'NONE', #1342, 999.9999999999998863 ) ;
#4353 = CARTESIAN_POINT ( 'NONE',  ( 53.46685758666355781, 23.29411100000000800, -4.599999999999992539 ) ) ;
#4354 = AXIS2_PLACEMENT_3D ( 'NONE', #2913, #439, #2415 ) ;
#4355 = AXIS2_PLACEMENT_3D ( 'NONE', #686, #4287, #6785 ) ;
#4356 = FACE_OUTER_BOUND ( 'NONE', #3419, .T. ) ;
#4357 = ADVANCED_FACE ( 'NONE', ( #6534 ), #2706, .F. ) ;
#4358 = VECTOR ( 'NONE', #4809, 1000.000000000000114 ) ;
#4359 = CIRCLE ( 'NONE', #2775, 1.850000000000018296 ) ;
#4360 = EDGE_LOOP ( 'NONE', ( #681, #160, #7460, #3938 ) ) ;
#4361 = EDGE_LOOP ( 'NONE', ( #6168, #7077 ) ) ;
#4362 = DIRECTION ( 'NONE',  ( 1.000000000000000000, 0.000000000000000000, 0.000000000000000000 ) ) ;
#4363 = LINE ( 'NONE', #8059, #6352 ) ;
#4364 = CARTESIAN_POINT ( 'NONE',  ( -16.86772099999999597, 77.67724262499595511, 4.450000000000000178 ) ) ;
#4365 = DIRECTION ( 'NONE',  ( -0.000000000000000000, -0.000000000000000000, 1.000000000000000000 ) ) ;
#4366 = ADVANCED_FACE ( 'NONE', ( #4656 ), #1655, .F. ) ;
#4367 = EDGE_LOOP ( 'NONE', ( #4316, #7830 ) ) ;
#4368 = ORIENTED_EDGE ( 'NONE', *, *, #956, .F. ) ;
#4369 = DIRECTION ( 'NONE',  ( 0.000000000000000000, 0.000000000000000000, -1.000000000000000000 ) ) ;
#4370 = VERTEX_POINT ( 'NONE', #3367 ) ;
#4371 = DIRECTION ( 'NONE',  ( -0.7071067811865332509, 0.000000000000000000, -0.7071067811865617836 ) ) ;
#4372 = AXIS2_PLACEMENT_3D ( 'NONE', #6333, #6944, #2096 ) ;
#4373 = CARTESIAN_POINT ( 'NONE',  ( 24.74751528910893583, -1.791093732512097692, -2.199999999999988631 ) ) ;
#4374 = LINE ( 'NONE', #3052, #1598 ) ;
#4375 = VERTEX_POINT ( 'NONE', #1476 ) ;
#4376 = VERTEX_POINT ( 'NONE', #2134 ) ;
#4377 = CARTESIAN_POINT ( 'NONE',  ( -18.16772099999999668, 51.23547018669193420, -4.599999999999992539 ) ) ;
#4378 = CARTESIAN_POINT ( 'NONE',  ( -11.01773311198631156, 79.84410499915227888, -1.699999999999993294 ) ) ;
#4379 = DIRECTION ( 'NONE',  ( 0.000000000000000000, 0.000000000000000000, -1.000000000000000000 ) ) ;
#4380 = EDGE_CURVE ( 'NONE', #6443, #4573, #3757, .T. ) ;
#4381 = DIRECTION ( 'NONE',  ( 1.000000000000000000, -5.448606792506973443E-17, -0.000000000000000000 ) ) ;
#4382 = VERTEX_POINT ( 'NONE', #1555 ) ;
#4383 = CARTESIAN_POINT ( 'NONE',  ( 99.06227900000000375, 53.59411099999999806, 1.349999999999999867 ) ) ;
#4384 = VERTEX_POINT ( 'NONE', #7148 ) ;
#4385 = DIRECTION ( 'NONE',  ( 0.000000000000000000, -1.000000000000000000, 0.000000000000000000 ) ) ;
#4386 = EDGE_LOOP ( 'NONE', ( #6634, #5813, #3490, #4257 ) ) ;
#4387 = FACE_OUTER_BOUND ( 'NONE', #2718, .T. ) ;
#4388 = CARTESIAN_POINT ( 'NONE',  ( 22.86227900000000091, 60.09411099999999806, 4.450000000000000178 ) ) ;
#4389 = CARTESIAN_POINT ( 'NONE',  ( 121.3122720203380283, 71.13595499523700028, 3.449999999999999289 ) ) ;
#4390 = ADVANCED_FACE ( 'NONE', ( #2742 ), #1430, .T. ) ;
#4391 = PRODUCT ( 'CASE_LEFT_BOT_CLIPS', 'CASE_LEFT_BOT_CLIPS', '', ( #7296 ) ) ;
#4392 = AXIS2_PLACEMENT_3D ( 'NONE', #7553, #5102, #3819 ) ;
#4393 = CARTESIAN_POINT ( 'NONE',  ( -0.06637713212794688067, 85.22972665496169498, 6.938893903907228378E-15 ) ) ;
#4394 = CARTESIAN_POINT ( 'NONE',  ( -13.91773311198626573, 79.84410447767464802, -4.599999999999992539 ) ) ;
#4395 = ORIENTED_EDGE ( 'NONE', *, *, #1163, .F. ) ;
#4396 = CARTESIAN_POINT ( 'NONE',  ( 96.81228253471061862, 14.09411798029977980, -2.199999999999991296 ) ) ;
#4397 = EDGE_LOOP ( 'NONE', ( #4005, #1394, #1294, #6077 ) ) ;
#4398 = CARTESIAN_POINT ( 'NONE',  ( -0.8726589355321889840, 84.24699233608235716, 0.07922709319343851364 ) ) ;
#4399 = DIRECTION ( 'NONE',  ( 0.000000000000000000, 0.000000000000000000, 1.000000000000000000 ) ) ;
#4400 = EDGE_CURVE ( 'NONE', #4882, #3115, #278, .T. ) ;
#4401 = EDGE_CURVE ( 'NONE', #7374, #7316, #2316, .T. ) ;
#4402 = LINE ( 'NONE', #2997, #5141 ) ;
#4403 = DIRECTION ( 'NONE',  ( -1.000000000000000000, 0.000000000000000000, 0.000000000000000000 ) ) ;
#4404 = EDGE_LOOP ( 'NONE', ( #5331, #5040 ) ) ;
#4405 = EDGE_LOOP ( 'NONE', ( #3002, #7048, #7451, #6497, #8111, #6731, #1880, #7909, #1506, #5686 ) ) ;
#4406 = CARTESIAN_POINT ( 'NONE',  ( 118.3122790000000322, 16.98553808041265967, -4.599999999999992539 ) ) ;
#4407 = VERTEX_POINT ( 'NONE', #4698 ) ;
#4408 = DIRECTION ( 'NONE',  ( 1.798198684919793434E-07, -0.9999999999999837907, -0.000000000000000000 ) ) ;
#4409 = EDGE_CURVE ( 'NONE', #3675, #5672, #6452, .T. ) ;
#4410 = CARTESIAN_POINT ( 'NONE',  ( 119.5122720196896893, 31.31910750985032621, -2.199999999999997069 ) ) ;
#4411 = DIRECTION ( 'NONE',  ( 0.000000000000000000, 0.000000000000000000, 1.000000000000000000 ) ) ;
#4412 = ORIENTED_EDGE ( 'NONE', *, *, #3998, .T. ) ;
#4413 = ORIENTED_EDGE ( 'NONE', *, *, #2960, .F. ) ;
#4414 = CARTESIAN_POINT ( 'NONE',  ( -1.467733844732094450, 83.91899365446646186, 0.6000000000000067502 ) ) ;
#4415 = VECTOR ( 'NONE', #8124, 1000.000000000000114 ) ;
#4416 = DIRECTION ( 'NONE',  ( 0.000000000000000000, 0.000000000000000000, -1.000000000000000000 ) ) ;
#4417 = VECTOR ( 'NONE', #6323, 1000.000000000000114 ) ;
#4418 = EDGE_CURVE ( 'NONE', #1680, #6367, #858, .T. ) ;
#4419 = LINE ( 'NONE', #6795, #1863 ) ;
#4420 = CIRCLE ( 'NONE', #1916, 4.999999999999990230 ) ;
#4421 = VECTOR ( 'NONE', #7973, 1000.000000000000000 ) ;
#4422 = CYLINDRICAL_SURFACE ( 'NONE', #2194, 1.125000000000000888 ) ;
#4423 = ORIENTED_EDGE ( 'NONE', *, *, #6706, .F. ) ;
#4424 = CARTESIAN_POINT ( 'NONE',  ( 5.208840999999998722, 12.63464199999999948, 1.349999999999999867 ) ) ;
#4425 = EDGE_LOOP ( 'NONE', ( #5831, #53 ) ) ;
#4426 = DIRECTION ( 'NONE',  ( 0.2588190399164175259, -0.9659258276786804043, 0.000000000000000000 ) ) ;
#4427 = ORIENTED_EDGE ( 'NONE', *, *, #1070, .T. ) ;
#4428 = CARTESIAN_POINT ( 'NONE',  ( 44.78727899999999806, 24.49411100000000019, 4.450000000000000178 ) ) ;
#4429 = AXIS2_PLACEMENT_3D ( 'NONE', #4812, #1667, #385 ) ;
#4430 = DIRECTION ( 'NONE',  ( -0.000000000000000000, 0.000000000000000000, 1.000000000000000000 ) ) ;
#4431 = DIRECTION ( 'NONE',  ( 0.000000000000000000, 0.000000000000000000, -1.000000000000000000 ) ) ;
#4432 = DIRECTION ( 'NONE',  ( -0.000000000000000000, -0.000000000000000000, 1.000000000000000000 ) ) ;
#4433 = CARTESIAN_POINT ( 'NONE',  ( 40.95410443796348687, -70.96659471956760967, 3.450002953554892837 ) ) ;
#4434 = ORIENTED_EDGE ( 'NONE', *, *, #2881, .F. ) ;
#4435 = EDGE_CURVE ( 'NONE', #6921, #1432, #816, .T. ) ;
#4436 = DIRECTION ( 'NONE',  ( -1.288939664294365441E-07, 0.9999999999999916733, 0.000000000000000000 ) ) ;
#4437 = ORIENTED_EDGE ( 'NONE', *, *, #6016, .F. ) ;
#4438 = DIRECTION ( 'NONE',  ( -0.9997000655982539730, 0.02449038266027345895, 0.000000000000000000 ) ) ;
#4439 = DIRECTION ( 'NONE',  ( 0.000000000000000000, 0.000000000000000000, -1.000000000000000000 ) ) ;
#4440 = DIRECTION ( 'NONE',  ( -0.9999999999999839018, -1.798198684919792640E-07, 0.000000000000000000 ) ) ;
#4441 = B_SPLINE_CURVE_WITH_KNOTS ( 'NONE', 3,
 ( #6285, #2515, #3918, #84 ),
 .UNSPECIFIED., .F., .F.,
 ( 4, 4 ),
 ( 0.000000000000000000, 0.001154702261819117023 ),
 .UNSPECIFIED. ) ;
#4442 = CYLINDRICAL_SURFACE ( 'NONE', #1522, 1.697767288274087960 ) ;
#4443 = VERTEX_POINT ( 'NONE', #3458 ) ;
#4444 = ORIENTED_EDGE ( 'NONE', *, *, #3758, .T. ) ;
#4445 = PLANE ( 'NONE',  #396 ) ;
#4446 = ADVANCED_FACE ( 'NONE', ( #320 ), #1256, .F. ) ;
#4447 = VERTEX_POINT ( 'NONE', #7232 ) ;
#4448 = CARTESIAN_POINT ( 'NONE',  ( 13.91226043005733715, 81.84410925728559505, 1.400000000000010569 ) ) ;
#4449 = EDGE_CURVE ( 'NONE', #159, #6864, #4610, .T. ) ;
#4450 = CARTESIAN_POINT ( 'NONE',  ( -15.37392493358694878, 80.25998866731470116, 0.3226939255139797957 ) ) ;
#4451 = LINE ( 'NONE', #1360, #7379 ) ;
#4452 = FACE_OUTER_BOUND ( 'NONE', #6929, .T. ) ;
#4453 = VERTEX_POINT ( 'NONE', #6155 ) ;
#4454 = EDGE_LOOP ( 'NONE', ( #5313, #2681 ) ) ;
#4455 = CARTESIAN_POINT ( 'NONE',  ( -9.180541231745813636E-05, 80.84407635057475261, 2.250000000000000000 ) ) ;
#4456 = EDGE_CURVE ( 'NONE', #5477, #4839, #2842, .T. ) ;
#4457 = DIRECTION ( 'NONE',  ( -0.000000000000000000, 0.000000000000000000, 1.000000000000000000 ) ) ;
#4458 = VECTOR ( 'NONE', #4798, 1000.000000000000114 ) ;
#4459 = DIRECTION ( 'NONE',  ( 0.7071067811865368036, 8.659560562354802203E-17, -0.7071067811865583419 ) ) ;
#4460 = VECTOR ( 'NONE', #3545, 1000.000000000000000 ) ;
#4461 = DIRECTION ( 'NONE',  ( 1.000000000000000000, 0.000000000000000000, 0.000000000000000000 ) ) ;
#4462 = VERTEX_POINT ( 'NONE', #5551 ) ;
#4463 = CARTESIAN_POINT ( 'NONE',  ( 45.91227899999999806, 24.49411100000000019, 1.349999999999999867 ) ) ;
#4464 = ADVANCED_FACE ( 'NONE', ( #3698 ), #6730, .T. ) ;
#4465 = ORIENTED_EDGE ( 'NONE', *, *, #6023, .T. ) ;
#4466 = CARTESIAN_POINT ( 'NONE',  ( -16.57521550062376292, 81.19777195459481334, 0.7215679428975021459 ) ) ;
#4467 = VERTEX_POINT ( 'NONE', #7393 ) ;
#4468 = DIRECTION ( 'NONE',  ( -0.9999999999999839018, -1.798198627038043417E-07, 0.000000000000000000 ) ) ;
#4469 = AXIS2_PLACEMENT_3D ( 'NONE', #2768, #7169, #7293 ) ;
#4470 = DIRECTION ( 'NONE',  ( 0.000000000000000000, 0.000000000000000000, 1.000000000000000000 ) ) ;
#4471 = DIRECTION ( 'NONE',  ( -1.000000000000000000, 0.000000000000000000, 0.000000000000000000 ) ) ;
#4472 = FACE_OUTER_BOUND ( 'NONE', #2579, .T. ) ;
#4473 = VECTOR ( 'NONE', #4250, 1000.000000000000000 ) ;
#4474 = CARTESIAN_POINT ( 'NONE',  ( -19.36772099999999952, 14.73547018669192887, -2.199999999999991740 ) ) ;
#4475 = ADVANCED_FACE ( 'NONE', ( #5585 ), #7346, .T. ) ;
#4476 = ORIENTED_EDGE ( 'NONE', *, *, #717, .F. ) ;
#4477 = AXIS2_PLACEMENT_3D ( 'NONE', #2949, #6152, #4310 ) ;
#4478 = ORIENTED_EDGE ( 'NONE', *, *, #1685, .F. ) ;
#4479 = ORIENTED_EDGE ( 'NONE', *, *, #3641, .T. ) ;
#4480 = CIRCLE ( 'NONE', #529, 1.249999999999999334 ) ;
#4481 = CARTESIAN_POINT ( 'NONE',  ( -15.13653459086887842, 81.60466569950673943, 1.600000000000021627 ) ) ;
#4482 = DIRECTION ( 'NONE',  ( -1.000000000000000000, 1.018552587902412228E-15, 0.000000000000000000 ) ) ;
#4483 = CIRCLE ( 'NONE', #1322, 1.697767288281991416 ) ;
#4484 = AXIS2_PLACEMENT_3D ( 'NONE', #5842, #4576, #7071 ) ;
#4485 = LINE ( 'NONE', #5265, #1819 ) ;
#4486 = ADVANCED_FACE ( 'NONE', ( #5472 ), #4861, .F. ) ;
#4487 = AXIS2_PLACEMENT_3D ( 'NONE', #2071, #5946, #1455 ) ;
#4488 = VECTOR ( 'NONE', #7988, 1000.000000000000000 ) ;
#4489 = DIRECTION ( 'NONE',  ( 0.000000000000000000, 1.000000000000000000, 0.000000000000000000 ) ) ;
#4490 = VERTEX_POINT ( 'NONE', #1795 ) ;
#4491 = AXIS2_PLACEMENT_3D ( 'NONE', #1373, #4385, #3262 ) ;
#4492 = ORIENTED_EDGE ( 'NONE', *, *, #7488, .F. ) ;
#4493 = CARTESIAN_POINT ( 'NONE',  ( 0.000000000000000000, 0.000000000000000000, -4.599999999999992539 ) ) ;
#4494 = ORIENTED_EDGE ( 'NONE', *, *, #6145, .T. ) ;
#4495 = DIRECTION ( 'NONE',  ( -1.000000000000000000, 0.000000000000000000, 0.000000000000000000 ) ) ;
#4496 = AXIS2_PLACEMENT_3D ( 'NONE', #6439, #2780, #5302 ) ;
#4497 = FACE_OUTER_BOUND ( 'NONE', #1559, .T. ) ;
#4498 = LINE ( 'NONE', #6996, #1467 ) ;
#4499 = EDGE_CURVE ( 'NONE', #828, #7340, #7308, .T. ) ;
#4500 = EDGE_CURVE ( 'NONE', #1651, #5665, #2376, .T. ) ;
#4501 = CARTESIAN_POINT ( 'NONE',  ( -0.9298048440817411331, 84.21602776458884421, 0.2664683994644247433 ) ) ;
#4502 = AXIS2_PLACEMENT_3D ( 'NONE', #3734, #5700, #2572 ) ;
#4503 = ORIENTED_EDGE ( 'NONE', *, *, #7774, .F. ) ;
#4504 = VECTOR ( 'NONE', #825, 1000.000000000000114 ) ;
#4505 = VERTEX_POINT ( 'NONE', #2301 ) ;
#4506 = CARTESIAN_POINT ( 'NONE',  ( 85.21227469707440605, 76.84410589528944513, -3.999999999999992450 ) ) ;
#4507 = DIRECTION ( 'NONE',  ( -0.8660254062730190494, -0.4999999956896523101, 0.000000000000000000 ) ) ;
#4508 = CIRCLE ( 'NONE', #8047, 2.125000000000001776 ) ;
#4509 = CARTESIAN_POINT ( 'NONE',  ( 99.06227900000000375, 53.59411099999999806, 4.450000000000000178 ) ) ;
#4510 = EDGE_CURVE ( 'NONE', #7572, #6557, #3581, .T. ) ;
#4511 = ADVANCED_FACE ( 'NONE', ( #4314 ), #1714, .T. ) ;
#4512 = CIRCLE ( 'NONE', #3177, 2.749999999999988454 ) ;
#4513 = CARTESIAN_POINT ( 'NONE',  ( -13.55859082457480369, -1.465830875177938308, -1.550000000000002709 ) ) ;
#4514 = ORIENTED_EDGE ( 'NONE', *, *, #7454, .T. ) ;
#4515 = CARTESIAN_POINT ( 'NONE',  ( 88.96227469707440605, 76.84410589528943092, 1.400000000000010569 ) ) ;
#4516 = ORIENTED_EDGE ( 'NONE', *, *, #3447, .F. ) ;
#4517 = FACE_OUTER_BOUND ( 'NONE', #3920, .T. ) ;
#4518 = EDGE_LOOP ( 'NONE', ( #4081, #6390, #6110, #2031 ) ) ;
#4519 = DIRECTION ( 'NONE',  ( 0.000000000000000000, -0.000000000000000000, -1.000000000000000000 ) ) ;
#4520 = CARTESIAN_POINT ( 'NONE',  ( 41.71228894960605516, 81.13965514279601621, -4.599999999999992539 ) ) ;
#4521 = CYLINDRICAL_SURFACE ( 'NONE', #1610, 1.875000000000001776 ) ;
#4522 = EDGE_CURVE ( 'NONE', #644, #3949, #3761, .T. ) ;
#4523 = CARTESIAN_POINT ( 'NONE',  ( -0.06637713212791762629, 85.22972665496169498, -4.599999999999992539 ) ) ;
#4524 = DIRECTION ( 'NONE',  ( 1.000000000000000000, 0.000000000000000000, 0.000000000000000000 ) ) ;
#4525 = ORIENTED_EDGE ( 'NONE', *, *, #1771, .T. ) ;
#4526 = CARTESIAN_POINT ( 'NONE',  ( -0.8677339041914937656, 84.24965460635101522, -9.399999999999993250 ) ) ;
#4527 = EDGE_LOOP ( 'NONE', ( #4437, #1028, #388, #6411 ) ) ;
#4528 = LINE ( 'NONE', #1296, #3336 ) ;
#4529 = LINE ( 'NONE', #5710, #1848 ) ;
#4530 = EDGE_CURVE ( 'NONE', #1266, #4534, #6084, .T. ) ;
#4531 = CARTESIAN_POINT ( 'NONE',  ( -15.46671222710129179, 80.18902277560655989, 0.04034366925742964571 ) ) ;
#4532 = DIRECTION ( 'NONE',  ( -1.134431386911876945E-06, 0.9999999999993566258, 0.000000000000000000 ) ) ;
#4533 = EDGE_LOOP ( 'NONE', ( #6863, #1751, #294, #5919, #4236, #501 ) ) ;
#4534 = VERTEX_POINT ( 'NONE', #482 ) ;
#4535 = DIRECTION ( 'NONE',  ( 1.000000000000000000, 0.000000000000000000, 0.000000000000000000 ) ) ;
#4536 = VERTEX_POINT ( 'NONE', #400 ) ;
#4537 = DIRECTION ( 'NONE',  ( 0.000000000000000000, 0.000000000000000000, 1.000000000000000000 ) ) ;
#4538 = DIRECTION ( 'NONE',  ( 0.7071067811865439090, -0.7071067811865512365, 0.000000000000000000 ) ) ;
#4539 = DIRECTION ( 'NONE',  ( -1.922962686383565832E-13, 0.4999999999999978351, 0.8660254037844399289 ) ) ;
#4540 = CARTESIAN_POINT ( 'NONE',  ( 121.3122811893314008, 1.563642109909617922E-05, 3.449999999999999289 ) ) ;
#4541 = EDGE_LOOP ( 'NONE', ( #6586, #7150, #3133, #5433 ) ) ;
#4542 = VERTEX_POINT ( 'NONE', #443 ) ;
#4543 = DIRECTION ( 'NONE',  ( 0.000000000000000000, 0.000000000000000000, 1.000000000000000000 ) ) ;
#4544 = LINE ( 'NONE', #2221, #561 ) ;
#4545 = EDGE_CURVE ( 'NONE', #2549, #4873, #998, .T. ) ;
#4546 = DIRECTION ( 'NONE',  ( 1.000000000000000000, 0.000000000000000000, 0.000000000000000000 ) ) ;
#4547 = DIRECTION ( 'NONE',  ( 0.2588190399164174149, -0.9659258276786805153, 0.000000000000000000 ) ) ;
#4548 = CIRCLE ( 'NONE', #468, 1.875000000000000000 ) ;
#4549 = VERTEX_POINT ( 'NONE', #7275 ) ;
#4550 = CARTESIAN_POINT ( 'NONE',  ( 120.7349305465053533, 2.898804754615158075, 4.450000000000000178 ) ) ;
#4551 = ORIENTED_EDGE ( 'NONE', *, *, #3919, .T. ) ;
#4552 = DIRECTION ( 'NONE',  ( 1.018552587902412228E-15, 1.000000000000000000, -1.322063213371184253E-16 ) ) ;
#4553 = EDGE_CURVE ( 'NONE', #2217, #5289, #1641, .T. ) ;
#4554 = ORIENTED_EDGE ( 'NONE', *, *, #6596, .F. ) ;
#4555 = EDGE_CURVE ( 'NONE', #1672, #6790, #6655, .T. ) ;
#4556 = DIRECTION ( 'NONE',  ( 1.000000000000000000, 0.000000000000000000, 0.000000000000000000 ) ) ;
#4557 = CIRCLE ( 'NONE', #71, 1.250000000000001110 ) ;
#4558 = LINE ( 'NONE', #840, #3705 ) ;
#4559 = AXIS2_PLACEMENT_3D ( 'NONE', #100, #5097, #2538 ) ;
#4560 = LINE ( 'NONE', #6563, #7181 ) ;
#4561 = PLANE ( 'NONE',  #932 ) ;
#4562 = ORIENTED_EDGE ( 'NONE', *, *, #7622, .F. ) ;
#4563 = CIRCLE ( 'NONE', #7841, 1.399999999999998579 ) ;
#4564 = FACE_OUTER_BOUND ( 'NONE', #4863, .T. ) ;
#4565 = VERTEX_POINT ( 'NONE', #6687 ) ;
#4566 = ADVANCED_FACE ( 'NONE', ( #4234 ), #2954, .F. ) ;
#4567 = CARTESIAN_POINT ( 'NONE',  ( -1.467733111986461170, 79.84410671643202306, -9.399999999999993250 ) ) ;
#4568 = CARTESIAN_POINT ( 'NONE',  ( 91.46227469707440605, 76.84410589528943092, 1.400000000000010569 ) ) ;
#4569 = AXIS2_PLACEMENT_3D ( 'NONE', #4601, #3398, #927 ) ;
#4570 = CARTESIAN_POINT ( 'NONE',  ( -15.42798586989773213, 80.21868181819934307, 0.2156600682588904749 ) ) ;
#4571 = DIRECTION ( 'NONE',  ( 0.000000000000000000, 0.000000000000000000, 1.000000000000000000 ) ) ;
#4572 = ORIENTED_EDGE ( 'NONE', *, *, #6050, .T. ) ;
#4573 = VERTEX_POINT ( 'NONE', #1380 ) ;
#4574 = CARTESIAN_POINT ( 'NONE',  ( 119.5122720196896893, 31.31910750985032621, -2.199999999999997069 ) ) ;
#4575 = ORIENTED_EDGE ( 'NONE', *, *, #5891, .F. ) ;
#4576 = DIRECTION ( 'NONE',  ( -0.000000000000000000, 0.000000000000000000, 1.000000000000000000 ) ) ;
#4577 = ADVANCED_FACE ( 'NONE', ( #4472 ), #2574, .T. ) ;
#4578 = VECTOR ( 'NONE', #845, 1000.000000000000114 ) ;
#4579 = CARTESIAN_POINT ( 'NONE',  ( -1.954476306208887015, 79.78193393845744197, 2.250000000000000000 ) ) ;
#4580 = DIRECTION ( 'NONE',  ( -0.000000000000000000, -0.000000000000000000, 1.000000000000000000 ) ) ;
#4581 = CARTESIAN_POINT ( 'NONE',  ( -0.8677339041914936546, 84.24965460635104364, 6.795532277358968422E-15 ) ) ;
#4582 = VERTEX_POINT ( 'NONE', #4393 ) ;
#4583 = EDGE_LOOP ( 'NONE', ( #7387, #899, #6085, #3665 ) ) ;
#4584 = DIRECTION ( 'NONE',  ( -0.000000000000000000, -0.000000000000000000, 1.000000000000000000 ) ) ;
#4585 = CARTESIAN_POINT ( 'NONE',  ( 41.40370608041266109, 80.84411100000002648, 2.249999999999999556 ) ) ;
#4586 = EDGE_CURVE ( 'NONE', #1061, #780, #6648, .T. ) ;
#4587 = DIRECTION ( 'NONE',  ( 0.000000000000000000, -1.734723475976807094E-16, -1.000000000000000000 ) ) ;
#4588 = ORIENTED_EDGE ( 'NONE', *, *, #6934, .F. ) ;
#4589 = DIRECTION ( 'NONE',  ( 0.7071067811865449082, 0.000000000000000000, 0.7071067811865502373 ) ) ;
#4590 = CARTESIAN_POINT ( 'NONE',  ( 75.81228330292589135, 19.29411698796796415, -1.550000000000002709 ) ) ;
#4591 = ORIENTED_EDGE ( 'NONE', *, *, #8075, .F. ) ;
#4592 = DIRECTION ( 'NONE',  ( -1.000000000000000000, 0.000000000000000000, 0.000000000000000000 ) ) ;
#4593 = DIRECTION ( 'NONE',  ( 1.000000000000000000, 0.000000000000000000, 0.000000000000000000 ) ) ;
#4594 = PLANE ( 'NONE',  #7114 ) ;
#4595 = AXIS2_PLACEMENT_3D ( 'NONE', #7274, #1016, #4030 ) ;
#4596 = EDGE_CURVE ( 'NONE', #1669, #5078, #208, .T. ) ;
#4597 = ADVANCED_FACE ( 'NONE', ( #1831 ), #5661, .F. ) ;
#4598 = DIRECTION ( 'NONE',  ( 1.000000000000000000, 0.000000000000000000, 0.000000000000000000 ) ) ;
#4599 = CARTESIAN_POINT ( 'NONE',  ( 119.5122720196896893, 26.81910750985032621, -2.199999999999996625 ) ) ;
#4600 = ORIENTED_EDGE ( 'NONE', *, *, #7923, .F. ) ;
#4601 = CARTESIAN_POINT ( 'NONE',  ( 41.41452166131000467, 81.13965514279601621, 2.250000000000000000 ) ) ;
#4602 = VECTOR ( 'NONE', #7575, 999.9999999999998863 ) ;
#4603 = ORIENTED_EDGE ( 'NONE', *, *, #1012, .F. ) ;
#4604 = CARTESIAN_POINT ( 'NONE',  ( 2.026404518837212620, 82.71805134740756671, 2.250000000000000000 ) ) ;
#4605 = CARTESIAN_POINT ( 'NONE',  ( 22.86227900000000091, 60.09411099999999806, 1.349999999999999867 ) ) ;
#4606 = CARTESIAN_POINT ( 'NONE',  ( -15.28080904860877354, 80.33088268515186314, 0.4352779491688409941 ) ) ;
#4607 = AXIS2_PLACEMENT_3D ( 'NONE', #1074, #4285, #2430 ) ;
#4608 = ADVANCED_FACE ( 'NONE', ( #6311 ), #3269, .F. ) ;
#4609 = AXIS2_PLACEMENT_3D ( 'NONE', #6804, #7967, #3652 ) ;
#4610 = LINE ( 'NONE', #1679, #6906 ) ;
#4611 = ORIENTED_EDGE ( 'NONE', *, *, #6415, .T. ) ;
#4612 = CONICAL_SURFACE ( 'NONE', #1838, 0.4500000000000059508, 0.7853981633974282950 ) ;
#4613 = ORIENTED_EDGE ( 'NONE', *, *, #4172, .F. ) ;
#4614 = DIRECTION ( 'NONE',  ( -0.000000000000000000, -1.000000000000000000, -0.000000000000000000 ) ) ;
#4615 = ORIENTED_EDGE ( 'NONE', *, *, #6721, .T. ) ;
#4616 = PLANE ( 'NONE',  #5652 ) ;
#4617 = AXIS2_PLACEMENT_3D ( 'NONE', #479, #5548, #2950 ) ;
#4618 = STYLED_ITEM ( 'NONE', ( #3904 ), #7543 ) ;
#4619 = CARTESIAN_POINT ( 'NONE',  ( -15.46773317386884727, 80.18824087734385841, 0.03945036894791507931 ) ) ;
#4620 = VECTOR ( 'NONE', #2696, 1000.000000000000000 ) ;
#4621 = LINE ( 'NONE', #7118, #1474 ) ;
#4622 = EDGE_CURVE ( 'NONE', #6857, #6722, #6886, .T. ) ;
#4623 = CONICAL_SURFACE ( 'NONE', #4891, 0.6000000000000015321, 0.7853981633974561616 ) ;
#4624 = CARTESIAN_POINT ( 'NONE',  ( 50.66227847799138573, 20.49496587405799275, 2.249999999999999556 ) ) ;
#4625 = ORIENTED_EDGE ( 'NONE', *, *, #1886, .F. ) ;
#4626 = DIRECTION ( 'NONE',  ( 1.000000000000000000, 0.000000000000000000, 0.000000000000000000 ) ) ;
#4627 = VERTEX_POINT ( 'NONE', #7588 ) ;
#4628 = DIRECTION ( 'NONE',  ( 1.000000000000000000, 0.000000000000000000, 0.000000000000000000 ) ) ;
#4629 = VECTOR ( 'NONE', #2565, 1000.000000000000000 ) ;
#4630 = CARTESIAN_POINT ( 'NONE',  ( -4.410241971408653150, -11.81123575416829929, -4.599999999999992539 ) ) ;
#4631 = CIRCLE ( 'NONE', #2781, 1.049999999999988498 ) ;
#4632 = ADVANCED_FACE ( 'NONE', ( #146 ), #1918, .F. ) ;
#4633 = VECTOR ( 'NONE', #5116, 1000.000000000000000 ) ;
#4634 = DIRECTION ( 'NONE',  ( 0.000000000000000000, 0.000000000000000000, -1.000000000000000000 ) ) ;
#4635 = ORIENTED_EDGE ( 'NONE', *, *, #6139, .T. ) ;
#4636 = CARTESIAN_POINT ( 'NONE',  ( 61.16227900000001938, 81.15268391958792904, -4.599999999999992539 ) ) ;
#4637 = DIRECTION ( 'NONE',  ( 1.000000000000000000, 0.000000000000000000, 0.000000000000000000 ) ) ;
#4638 = ORIENTED_EDGE ( 'NONE', *, *, #7400, .F. ) ;
#4639 = EDGE_LOOP ( 'NONE', ( #7331, #3875, #3619, #4971 ) ) ;
#4640 = CIRCLE ( 'NONE', #1737, 1.849999999999990541 ) ;
#4641 = LINE ( 'NONE', #6637, #6520 ) ;
#4642 = VECTOR ( 'NONE', #6709, 1000.000000000000227 ) ;
#4643 = ADVANCED_FACE ( 'NONE', ( #6974 ), #3189, .F. ) ;
#4644 = CARTESIAN_POINT ( 'NONE',  ( 21.73727899999999735, 60.09411099999999806, 1.349999999999999867 ) ) ;
#4645 = AXIS2_PLACEMENT_3D ( 'NONE', #6622, #2878, #3586 ) ;
#4646 = CARTESIAN_POINT ( 'NONE',  ( 118.3122720196896722, 56.81910750985032621, -4.599999999999992539 ) ) ;
#4647 = DIRECTION ( 'NONE',  ( 0.000000000000000000, 0.000000000000000000, -1.000000000000000000 ) ) ;
#4648 = ORIENTED_EDGE ( 'NONE', *, *, #1544, .T. ) ;
#4649 = DIRECTION ( 'NONE',  ( -1.000000000000000000, 0.000000000000000000, -0.000000000000000000 ) ) ;
#4650 = ORIENTED_EDGE ( 'NONE', *, *, #1922, .F. ) ;
#4651 = ORIENTED_EDGE ( 'NONE', *, *, #2148, .T. ) ;
#4652 = CARTESIAN_POINT ( 'NONE',  ( -18.16772099999999668, 39.38547018669192568, -3.199999999999991740 ) ) ;
#4653 = EDGE_CURVE ( 'NONE', #5653, #8099, #1341, .T. ) ;
#4654 = FACE_OUTER_BOUND ( 'NONE', #1748, .T. ) ;
#4655 = LINE ( 'NONE', #1512, #5515 ) ;
#4656 = FACE_OUTER_BOUND ( 'NONE', #884, .T. ) ;
#4657 = VERTEX_POINT ( 'NONE', #5059 ) ;
#4658 = ORIENTED_EDGE ( 'NONE', *, *, #1601, .F. ) ;
#4659 = DIRECTION ( 'NONE',  ( 0.000000000000000000, -0.000000000000000000, -1.000000000000000000 ) ) ;
#4660 = ORIENTED_EDGE ( 'NONE', *, *, #8081, .F. ) ;
#4661 = CARTESIAN_POINT ( 'NONE',  ( 81.95516925028452704, 2.007715638908055933, -4.599999999999992539 ) ) ;
#4662 = EDGE_CURVE ( 'NONE', #391, #6722, #3856, .T. ) ;
#4663 = ADVANCED_FACE ( 'NONE', ( #4356 ), #6230, .F. ) ;
#4664 = CARTESIAN_POINT ( 'NONE',  ( 35.68142950036546068, 80.84411100000002648, -2.199999999999999289 ) ) ;
#4665 = CIRCLE ( 'NONE', #1104, 2.250000000000001776 ) ;
#4666 = CARTESIAN_POINT ( 'NONE',  ( 22.66228894960605444, 78.13965514279601621, 2.250000000000000000 ) ) ;
#4667 = ORIENTED_EDGE ( 'NONE', *, *, #699, .T. ) ;
#4668 = LINE ( 'NONE', #900, #5007 ) ;
#4669 = EDGE_LOOP ( 'NONE', ( #7542, #2723 ) ) ;
#4670 = CARTESIAN_POINT ( 'NONE',  ( 33.43142950036545358, 82.04411100000002932, -2.199999999999999734 ) ) ;
#4671 = ADVANCED_FACE ( 'NONE', ( #6926 ), #5347, .F. ) ;
#4672 = DIRECTION ( 'NONE',  ( -1.000000000000000000, 9.999428271258533804E-31, 6.162975822039154730E-33 ) ) ;
#4673 = ORIENTED_EDGE ( 'NONE', *, *, #7705, .T. ) ;
#4674 = CARTESIAN_POINT ( 'NONE',  ( 22.36452166131000396, 78.13965514279601621, 2.250000000000000000 ) ) ;
#4675 = VERTEX_POINT ( 'NONE', #7016 ) ;
#4676 = CARTESIAN_POINT ( 'NONE',  ( 116.6145216613000457, 71.14856685720401686, -4.599999999999992539 ) ) ;
#4677 = DIRECTION ( 'NONE',  ( 0.000000000000000000, 0.000000000000000000, -1.000000000000000000 ) ) ;
#4678 = EDGE_LOOP ( 'NONE', ( #484, #4295 ) ) ;
#4679 = ORIENTED_EDGE ( 'NONE', *, *, #1572, .F. ) ;
#4680 = ADVANCED_FACE ( 'NONE', ( #1291 ), #598, .F. ) ;
#4681 = DIRECTION ( 'NONE',  ( -0.000000000000000000, -0.000000000000000000, -1.000000000000000000 ) ) ;
#4682 = CARTESIAN_POINT ( 'NONE',  ( -18.16772100000000023, 9.898876804497156213E-16, -4.599999999999992539 ) ) ;
#4683 = CYLINDRICAL_SURFACE ( 'NONE', #1997, 32.91246774335479586 ) ;
#4684 = DIRECTION ( 'NONE',  ( 0.7071067811865416886, 0.000000000000000000, 0.7071067811865532349 ) ) ;
#4685 = FACE_BOUND ( 'NONE', #6841, .T. ) ;
#4686 = ORIENTED_EDGE ( 'NONE', *, *, #3459, .T. ) ;
#4687 = CARTESIAN_POINT ( 'NONE',  ( -13.55859082457480369, -1.465830875177938308, -2.149999999999971045 ) ) ;
#4688 = ORIENTED_EDGE ( 'NONE', *, *, #2444, .F. ) ;
#4689 = VERTEX_POINT ( 'NONE', #3105 ) ;
#4690 = AXIS2_PLACEMENT_3D ( 'NONE', #6066, #1663, #7922 ) ;
#4691 = CARTESIAN_POINT ( 'NONE',  ( -3.732178150609711094E-05, 85.84408514429277659, -4.599999999999992539 ) ) ;
#4692 = CIRCLE ( 'NONE', #7559, 0.5999999999999992006 ) ;
#4693 = DIRECTION ( 'NONE',  ( 0.000000000000000000, 0.000000000000000000, 1.000000000000000000 ) ) ;
#4694 = FACE_OUTER_BOUND ( 'NONE', #6818, .T. ) ;
#4695 = VECTOR ( 'NONE', #1950, 1000.000000000000000 ) ;
#4696 = AXIS2_PLACEMENT_3D ( 'NONE', #6198, #1173, #3617 ) ;
#4697 = EDGE_CURVE ( 'NONE', #6526, #8140, #5621, .T. ) ;
#4698 = CARTESIAN_POINT ( 'NONE',  ( -2.207708320887843190, -12.50045673065321239, 2.249999999999999556 ) ) ;
#4699 = ORIENTED_EDGE ( 'NONE', *, *, #5804, .F. ) ;
#4700 = EDGE_LOOP ( 'NONE', ( #4111, #872, #3583, #5648 ) ) ;
#4701 = CARTESIAN_POINT ( 'NONE',  ( 41.46082705626368892, 80.84551033426502897, -4.599999999999992539 ) ) ;
#4702 = ORIENTED_EDGE ( 'NONE', *, *, #830, .T. ) ;
#4703 = DIRECTION ( 'NONE',  ( -1.000000000000000000, 0.000000000000000000, 0.000000000000000000 ) ) ;
#4704 = DIRECTION ( 'NONE',  ( 0.000000000000000000, 0.000000000000000000, 1.000000000000000000 ) ) ;
#4705 = VECTOR ( 'NONE', #7964, 1000.000000000000000 ) ;
#4706 = CIRCLE ( 'NONE', #1399, 2.250000000000001776 ) ;
#4707 = CARTESIAN_POINT ( 'NONE',  ( 53.66227900109225146, 2.898797041049640644, -4.599999999999992539 ) ) ;
#4708 = EDGE_CURVE ( 'NONE', #4108, #4375, #1878, .T. ) ;
#4709 = CARTESIAN_POINT ( 'NONE',  ( 30.51227900000001014, 80.84411100000002648, -4.599999999999992539 ) ) ;
#4710 = ADVANCED_FACE ( 'NONE', ( #2076 ), #478, .F. ) ;
#4711 = ORIENTED_EDGE ( 'NONE', *, *, #6320, .F. ) ;
#4712 = CARTESIAN_POINT ( 'NONE',  ( -1.204257716669767664, 84.06577116776456648, 0.5394064317221068938 ) ) ;
#4713 = VERTEX_POINT ( 'NONE', #4646 ) ;
#4714 = PLANE ( 'NONE',  #7882 ) ;
#4715 = LINE ( 'NONE', #420, #1079 ) ;
#4716 = ADVANCED_FACE ( 'NONE', ( #2695 ), #841, .F. ) ;
#4717 = VERTEX_POINT ( 'NONE', #4019 ) ;
#4718 = CARTESIAN_POINT ( 'NONE',  ( 41.71247404278438609, 9.667815747122248846E-05, 2.250000000000000000 ) ) ;
#4719 = ORIENTED_EDGE ( 'NONE', *, *, #6339, .F. ) ;
#4720 = FACE_OUTER_BOUND ( 'NONE', #3359, .T. ) ;
#4721 = CARTESIAN_POINT ( 'NONE',  ( -16.74401804078513223, 81.14931567161193016, -4.599999999999992539 ) ) ;
#4722 = ORIENTED_EDGE ( 'NONE', *, *, #4196, .T. ) ;
#4723 = CARTESIAN_POINT ( 'NONE',  ( 31.18142950036545358, 82.04411100000002932, -2.199999999999999734 ) ) ;
#4724 = FACE_OUTER_BOUND ( 'NONE', #2508, .T. ) ;
#4725 = EDGE_CURVE ( 'NONE', #5708, #6087, #1391, .T. ) ;
#4726 = DIRECTION ( 'NONE',  ( -0.9999999999999914513, -1.303162954756303595E-07, 0.000000000000000000 ) ) ;
#4727 = PLANE ( 'NONE',  #1327 ) ;
#4728 = ORIENTED_EDGE ( 'NONE', *, *, #6293, .F. ) ;
#4729 = FACE_OUTER_BOUND ( 'NONE', #6430, .T. ) ;
#4730 = ORIENTED_EDGE ( 'NONE', *, *, #859, .F. ) ;
#4731 = VERTEX_POINT ( 'NONE', #308 ) ;
#4732 = CARTESIAN_POINT ( 'NONE',  ( -14.80859082457480191, -1.465830875177938308, -2.149999999999971045 ) ) ;
#4733 = DIRECTION ( 'NONE',  ( 0.000000000000000000, 0.000000000000000000, -1.000000000000000000 ) ) ;
#4734 = VECTOR ( 'NONE', #5163, 1000.000000000000000 ) ;
#4735 = CARTESIAN_POINT ( 'NONE',  ( 20.71078854344781206, -0.5073673135349873187, -4.599999999999992539 ) ) ;
#4736 = EDGE_CURVE ( 'NONE', #4025, #3389, #7672, .T. ) ;
#4737 = DIRECTION ( 'NONE',  ( -1.000000000000000000, 0.000000000000000000, 0.000000000000000000 ) ) ;
#4738 = AXIS2_PLACEMENT_3D ( 'NONE', #126, #5687, #172 ) ;
#4739 = VECTOR ( 'NONE', #3377, 1000.000000000000000 ) ;
#4740 = ORIENTED_EDGE ( 'NONE', *, *, #387, .F. ) ;
#4741 = VERTEX_POINT ( 'NONE', #803 ) ;
#4742 = ORIENTED_EDGE ( 'NONE', *, *, #6617, .F. ) ;
#4743 = CARTESIAN_POINT ( 'NONE',  ( 69.43142950036545358, 82.04411100000002932, -2.199999999999999734 ) ) ;
#4744 = DIRECTION ( 'NONE',  ( -1.000000000000000000, 0.000000000000000000, 0.000000000000000000 ) ) ;
#4745 = EDGE_CURVE ( 'NONE', #3378, #6790, #7178, .T. ) ;
#4746 = AXIS2_PLACEMENT_3D ( 'NONE', #3118, #1193, #2511 ) ;
#4747 = AXIS2_PLACEMENT_3D ( 'NONE', #4784, #2128, #3361 ) ;
#4748 = DIRECTION ( 'NONE',  ( 1.000000000000000000, 0.000000000000000000, 0.000000000000000000 ) ) ;
#4749 = CIRCLE ( 'NONE', #4213, 0.2977672882931020615 ) ;
#4750 = CYLINDRICAL_SURFACE ( 'NONE', #5519, 1.697767288277066466 ) ;
#4751 = EDGE_LOOP ( 'NONE', ( #739, #2177, #7737, #152 ) ) ;
#4752 = CARTESIAN_POINT ( 'NONE',  ( -1.169837357099095421, 84.08476369109668269, 0.5211880823343345570 ) ) ;
#4753 = AXIS2_PLACEMENT_3D ( 'NONE', #6368, #1357, #4495 ) ;
#4754 = ORIENTED_EDGE ( 'NONE', *, *, #3671, .F. ) ;
#4755 = DIRECTION ( 'NONE',  ( 0.000000000000000000, 1.000000000000000000, 0.000000000000000000 ) ) ;
#4756 = AXIS2_PLACEMENT_3D ( 'NONE', #7608, #5077, #1361 ) ;
#4757 = VECTOR ( 'NONE', #2575, 1000.000000000000000 ) ;
#4758 = EDGE_CURVE ( 'NONE', #7580, #4334, #184, .T. ) ;
#4759 = EDGE_CURVE ( 'NONE', #1917, #1596, #1590, .T. ) ;
#4760 = VECTOR ( 'NONE', #974, 1000.000000000000000 ) ;
#4761 = LINE ( 'NONE', #2807, #7385 ) ;
#4762 = VECTOR ( 'NONE', #6752, 1000.000000000000000 ) ;
#4763 = EDGE_LOOP ( 'NONE', ( #3787, #5793, #3323, #2209 ) ) ;
#4764 = CIRCLE ( 'NONE', #5151, 0.4500000000000059508 ) ;
#4765 = CARTESIAN_POINT ( 'NONE',  ( 95.21227469707440605, 76.84410589528944513, -3.999999999999992450 ) ) ;
#4766 = ORIENTED_EDGE ( 'NONE', *, *, #3732, .T. ) ;
#4767 = CARTESIAN_POINT ( 'NONE',  ( 7.212260430057439109, 81.84410835818626140, -3.999999999999992450 ) ) ;
#4768 = DIRECTION ( 'NONE',  ( -0.000000000000000000, -0.000000000000000000, -1.000000000000000000 ) ) ;
#4769 = FACE_OUTER_BOUND ( 'NONE', #4266, .T. ) ;
#4770 = EDGE_CURVE ( 'NONE', #4064, #6149, #4105, .T. ) ;
#4771 = EDGE_CURVE ( 'NONE', #186, #6210, #3506, .T. ) ;
#4772 = CIRCLE ( 'NONE', #5025, 1.249999999999999334 ) ;
#4773 = VECTOR ( 'NONE', #12, 1000.000000000000000 ) ;
#4774 = PLANE ( 'NONE',  #5939 ) ;
#4775 = LINE ( 'NONE', #7381, #2059 ) ;
#4776 = B_SPLINE_CURVE_WITH_KNOTS ( 'NONE', 1,
 ( #587, #5611 ),
 .UNSPECIFIED., .F., .F.,
 ( 2, 2 ),
 ( 0.000000000000000000, 1.000000000000000000 ),
 .UNSPECIFIED. ) ;
#4778 = VECTOR ( 'NONE', #2760, 1000.000000000000000 ) ;
#4777 = CARTESIAN_POINT ( 'NONE',  ( 99.06227900000000375, 34.54411100000000090, 1.349999999999999867 ) ) ;
#4779 = ORIENTED_EDGE ( 'NONE', *, *, #5076, .T. ) ;
#4780 = AXIS2_PLACEMENT_3D ( 'NONE', #2555, #8145, #653 ) ;
#4781 = CARTESIAN_POINT ( 'NONE',  ( 80.21228894959200773, 79.14856685720401686, -4.599999999999992539 ) ) ;
#4782 = VERTEX_POINT ( 'NONE', #5301 ) ;
#4783 = VERTEX_POINT ( 'NONE', #2660 ) ;
#4784 = CARTESIAN_POINT ( 'NONE',  ( -18.16772100000000023, 9.898876804497156213E-16, -4.599999999999992539 ) ) ;
#4785 = CARTESIAN_POINT ( 'NONE',  ( -17.94379997115632364, 11.62957402845913357, 2.249999999999999556 ) ) ;
#4786 = EDGE_CURVE ( 'NONE', #1353, #5323, #601, .T. ) ;
#4787 = CARTESIAN_POINT ( 'NONE',  ( -15.34084316129648506, 80.28522195029717068, 0.3695284077336530859 ) ) ;
#4788 = CARTESIAN_POINT ( 'NONE',  ( 116.6208519195873805, 72.84411100000001227, -4.599999999999992539 ) ) ;
#4789 = CARTESIAN_POINT ( 'NONE',  ( 41.41452166131000467, 81.13965514279601621, -4.599999999999992539 ) ) ;
#4790 = VECTOR ( 'NONE', #4507, 1000.000000000000114 ) ;
#4791 = ORIENTED_EDGE ( 'NONE', *, *, #518, .F. ) ;
#4792 = ORIENTED_EDGE ( 'NONE', *, *, #6993, .F. ) ;
#4793 = ORIENTED_EDGE ( 'NONE', *, *, #541, .T. ) ;
#4794 = PLANE ( 'NONE',  #924 ) ;
#4795 = DIRECTION ( 'NONE',  ( -0.000000000000000000, -0.000000000000000000, 1.000000000000000000 ) ) ;
#4796 = EDGE_CURVE ( 'NONE', #3602, #5354, #4706, .T. ) ;
#4797 = DIRECTION ( 'NONE',  ( -4.336808609282008301E-17, -1.162044339629160737E-17, -1.000000000000000000 ) ) ;
#4798 = DIRECTION ( 'NONE',  ( 0.7071067811865459074, 8.659560562354911904E-17, -0.7071067811865491270 ) ) ;
#4799 = ORIENTED_EDGE ( 'NONE', *, *, #335, .T. ) ;
#4800 = CARTESIAN_POINT ( 'NONE',  ( -1.018445068011889498, 84.16779875298067282, 0.3981565920999101671 ) ) ;
#4801 = ORIENTED_EDGE ( 'NONE', *, *, #6572, .F. ) ;
#4802 = CARTESIAN_POINT ( 'NONE',  ( 99.06228253471061862, 15.29411099999999912, -2.199999999999991296 ) ) ;
#4803 = VECTOR ( 'NONE', #1470, 1000.000000000000000 ) ;
#4804 = DIRECTION ( 'NONE',  ( -1.165657147201231097E-06, 0.9999999999993206545, 0.000000000000000000 ) ) ;
#4805 = ORIENTED_EDGE ( 'NONE', *, *, #4197, .F. ) ;
#4806 = EDGE_CURVE ( 'NONE', #7504, #3602, #4560, .T. ) ;
#4807 = ORIENTED_EDGE ( 'NONE', *, *, #7613, .F. ) ;
#4808 = DIRECTION ( 'NONE',  ( -0.000000000000000000, -0.000000000000000000, 1.000000000000000000 ) ) ;
#4809 = DIRECTION ( 'NONE',  ( 0.9999144385346806496, 0.01308111653775047289, 0.000000000000000000 ) ) ;
#4810 = DIRECTION ( 'NONE',  ( 1.000000000000000000, 0.000000000000000000, 0.000000000000000000 ) ) ;
#4811 = DIRECTION ( 'NONE',  ( 1.000000000000000000, 0.000000000000000000, 0.000000000000000000 ) ) ;
#4812 = CARTESIAN_POINT ( 'NONE',  ( 6.333840999999999610, 12.63464199999999948, 1.750000000000021538 ) ) ;
#4813 = ADVANCED_FACE ( 'NONE', ( #6437 ), #3355, .T. ) ;
#4814 = EDGE_CURVE ( 'NONE', #7384, #907, #3102, .T. ) ;
#4815 = FACE_OUTER_BOUND ( 'NONE', #4425, .T. ) ;
#4816 = ORIENTED_EDGE ( 'NONE', *, *, #7934, .F. ) ;
#4817 = FACE_OUTER_BOUND ( 'NONE', #513, .T. ) ;
#4818 = ORIENTED_EDGE ( 'NONE', *, *, #251, .F. ) ;
#4819 = ORIENTED_EDGE ( 'NONE', *, *, #650, .F. ) ;
#4820 = CYLINDRICAL_SURFACE ( 'NONE', #8018, 2.250000000000001776 ) ;
#4821 = LINE ( 'NONE', #1013, #5796 ) ;
#4822 = CARTESIAN_POINT ( 'NONE',  ( -15.07800731560023699, 80.48416603097598454, 0.5622031699238576596 ) ) ;
#4823 = DIRECTION ( 'NONE',  ( 0.000000000000000000, 0.000000000000000000, -1.000000000000000000 ) ) ;
#4824 = DIRECTION ( 'NONE',  ( 0.000000000000000000, 0.000000000000000000, -1.000000000000000000 ) ) ;
#4825 = EDGE_CURVE ( 'NONE', #5475, #7799, #7094, .T. ) ;
#4826 = VECTOR ( 'NONE', #2870, 1000.000000000000114 ) ;
#4827 = VERTEX_POINT ( 'NONE', #3982 ) ;
#4828 = ORIENTED_EDGE ( 'NONE', *, *, #1922, .T. ) ;
#4829 = VECTOR ( 'NONE', #4571, 1000.000000000000000 ) ;
#4830 = ORIENTED_EDGE ( 'NONE', *, *, #5205, .F. ) ;
#4831 = CARTESIAN_POINT ( 'NONE',  ( -0.07957197755193438915, 85.22705193122003209, 0.2112722485109668757 ) ) ;
#4832 = CARTESIAN_POINT ( 'NONE',  ( 81.37504705689889306, 15.29726285406799313, -4.599999999999992539 ) ) ;
#4833 = VECTOR ( 'NONE', #2416, 1000.000000000000000 ) ;
#4834 = DIRECTION ( 'NONE',  ( -1.288939664294365441E-07, 0.9999999999999916733, 0.000000000000000000 ) ) ;
#4835 = CARTESIAN_POINT ( 'NONE',  ( -8.422096595950048226, -4.862499794919266982, 2.250000000000000000 ) ) ;
#4836 = EDGE_CURVE ( 'NONE', #748, #5274, #1926, .T. ) ;
#4837 = EDGE_LOOP ( 'NONE', ( #3462, #7168 ) ) ;
#4838 = LINE ( 'NONE', #1879, #2643 ) ;
#4839 = VERTEX_POINT ( 'NONE', #2732 ) ;
#4840 = CARTESIAN_POINT ( 'NONE',  ( 0.4233304863394237172, 17.28039617979027653, -4.599999999999992539 ) ) ;
#4841 = AXIS2_PLACEMENT_3D ( 'NONE', #5904, #223, #7750 ) ;
#4842 = DIRECTION ( 'NONE',  ( 1.000000000000000000, 0.000000000000000000, 0.000000000000000000 ) ) ;
#4843 = PLANE ( 'NONE',  #2108 ) ;
#4844 = ORIENTED_EDGE ( 'NONE', *, *, #4586, .F. ) ;
#4845 = ORIENTED_EDGE ( 'NONE', *, *, #808, .T. ) ;
#4846 = CARTESIAN_POINT ( 'NONE',  ( -10.60859082457482572, -5.795957894100131291, -3.999999999999992450 ) ) ;
#4847 = DIRECTION ( 'NONE',  ( 5.448606792506972827E-17, 1.000000000000000000, 0.000000000000000000 ) ) ;
#4848 = DIRECTION ( 'NONE',  ( -1.000000000000000000, 0.000000000000000000, 0.000000000000000000 ) ) ;
#4849 = EDGE_CURVE ( 'NONE', #2254, #3378, #5254, .T. ) ;
#4850 = DIRECTION ( 'NONE',  ( 1.303162954756303859E-07, -0.9999999999999915623, 0.000000000000000000 ) ) ;
#4851 = CARTESIAN_POINT ( 'NONE',  ( 44.78727899999999806, 24.49411100000000019, 3.449999999999980194 ) ) ;
#4852 = ORIENTED_EDGE ( 'NONE', *, *, #4456, .T. ) ;
#4853 = DIRECTION ( 'NONE',  ( 0.000000000000000000, 0.000000000000000000, 1.000000000000000000 ) ) ;
#4854 = ORIENTED_EDGE ( 'NONE', *, *, #6070, .T. ) ;
#4855 = CARTESIAN_POINT ( 'NONE',  ( 75.81228330292589135, 19.29411698796796415, 4.450000000000000178 ) ) ;
#4856 = CARTESIAN_POINT ( 'NONE',  ( 92.08727469707440605, 76.84410589528943092, 4.450000000000000178 ) ) ;
#4857 = CARTESIAN_POINT ( 'NONE',  ( -15.11255329233091516, 80.45816311570278856, 0.5478038017737292265 ) ) ;
#4858 = EDGE_CURVE ( 'NONE', #1765, #5175, #3016, .T. ) ;
#4859 = EDGE_CURVE ( 'NONE', #425, #1644, #870, .T. ) ;
#4860 = CARTESIAN_POINT ( 'NONE',  ( -1.256409844079681370, 84.03690901550476156, 0.5616302272994638800 ) ) ;
#4861 = CYLINDRICAL_SURFACE ( 'NONE', #7433, 2.250000000000000000 ) ;
#4862 = ORIENTED_EDGE ( 'NONE', *, *, #3919, .F. ) ;
#4863 = EDGE_LOOP ( 'NONE', ( #7990, #5521, #7711, #2992 ) ) ;
#4864 = ORIENTED_EDGE ( 'NONE', *, *, #3141, .T. ) ;
#4865 = CARTESIAN_POINT ( 'NONE',  ( 45.91227899999999806, 24.49411100000000019, 3.449999999999980194 ) ) ;
#4866 = DIRECTION ( 'NONE',  ( -1.000000000000000000, 0.000000000000000000, 0.000000000000000000 ) ) ;
#4867 = EDGE_CURVE ( 'NONE', #6200, #322, #6718, .T. ) ;
#4868 = FACE_OUTER_BOUND ( 'NONE', #6704, .T. ) ;
#4869 = VECTOR ( 'NONE', #1803, 1000.000000000000000 ) ;
#4870 = DIRECTION ( 'NONE',  ( 0.9999999999999836797, 1.798198627038042358E-07, 0.000000000000000000 ) ) ;
#4871 = VERTEX_POINT ( 'NONE', #2248 ) ;
#4872 = FACE_OUTER_BOUND ( 'NONE', #92, .T. ) ;
#4873 = VERTEX_POINT ( 'NONE', #4929 ) ;
#4874 = PLANE ( 'NONE',  #7616 ) ;
#4875 = VECTOR ( 'NONE', #1156, 1000.000000000000000 ) ;
#4876 = EDGE_CURVE ( 'NONE', #1557, #5935, #6071, .T. ) ;
#4877 = FACE_OUTER_BOUND ( 'NONE', #2367, .T. ) ;
#4878 = DIRECTION ( 'NONE',  ( 0.000000000000000000, 0.000000000000000000, 1.000000000000000000 ) ) ;
#4879 = AXIS2_PLACEMENT_3D ( 'NONE', #1397, #3204, #7527 ) ;
#4880 = ORIENTED_EDGE ( 'NONE', *, *, #5046, .F. ) ;
#4881 = AXIS2_PLACEMENT_3D ( 'NONE', #1131, #4900, #438 ) ;
#4882 = VERTEX_POINT ( 'NONE', #3567 ) ;
#4883 = LINE ( 'NONE', #1861, #8135 ) ;
#4884 = AXIS2_PLACEMENT_3D ( 'NONE', #6209, #6167, #3476 ) ;
#4885 = CARTESIAN_POINT ( 'NONE',  ( -18.16772100000000023, 12.47682908042298067, -4.599999999999992539 ) ) ;
#4886 = CONICAL_SURFACE ( 'NONE', #7899, 0.8226497308103791761, 0.5235987755982930425 ) ;
#4887 = AXIS2_PLACEMENT_3D ( 'NONE', #3540, #6043, #7236 ) ;
#4888 = EDGE_CURVE ( 'NONE', #2201, #3434, #7972, .T. ) ;
#4889 = CARTESIAN_POINT ( 'NONE',  ( 80.21227900000000943, 73.15268391958734640, 2.249999999999999556 ) ) ;
#4890 = CONICAL_SURFACE ( 'NONE', #4487, 0.5999999999999998668, 0.7853981633974552734 ) ;
#4891 = AXIS2_PLACEMENT_3D ( 'NONE', #6760, #8083, #7339 ) ;
#4892 = CARTESIAN_POINT ( 'NONE',  ( 118.0689104308284811, 75.81721716060667404, -4.599999999999992539 ) ) ;
#4893 = EDGE_LOOP ( 'NONE', ( #6644, #7010, #4754, #6658 ) ) ;
#4894 = CARTESIAN_POINT ( 'NONE',  ( 80.21367833426489824, 73.09556294374070262, -4.599999999999992539 ) ) ;
#4895 = ORIENTED_EDGE ( 'NONE', *, *, #7342, .F. ) ;
#4896 = EDGE_CURVE ( 'NONE', #7704, #4536, #7419, .T. ) ;
#4897 = LINE ( 'NONE', #3611, #6310 ) ;
#4898 = VERTEX_POINT ( 'NONE', #1089 ) ;
#4899 = AXIS2_PLACEMENT_3D ( 'NONE', #1784, #52, #4265 ) ;
#4900 = DIRECTION ( 'NONE',  ( 0.000000000000000000, 0.000000000000000000, 1.000000000000000000 ) ) ;
#4901 = FACE_OUTER_BOUND ( 'NONE', #6545, .T. ) ;
#4902 = CARTESIAN_POINT ( 'NONE',  ( -15.10323087034542056, 80.46518270127194228, 0.5518756474834772829 ) ) ;
#4903 = AXIS2_PLACEMENT_3D ( 'NONE', #383, #2244, #1746 ) ;
#4904 = AXIS2_PLACEMENT_3D ( 'NONE', #4040, #5363, #947 ) ;
#4905 = DIRECTION ( 'NONE',  ( 0.9999999999999914513, 1.303162954756303595E-07, 0.000000000000000000 ) ) ;
#4906 = VERTEX_POINT ( 'NONE', #6796 ) ;
#4907 = ORIENTED_EDGE ( 'NONE', *, *, #7591, .F. ) ;
#4908 = EDGE_CURVE ( 'NONE', #6140, #391, #4775, .T. ) ;
#4909 = ORIENTED_EDGE ( 'NONE', *, *, #3049, .F. ) ;
#4910 = CARTESIAN_POINT ( 'NONE',  ( -0.1808397103337007761, 85.20649497609801415, 0.5935556847935585800 ) ) ;
#4911 = DIRECTION ( 'NONE',  ( 0.9999999999999839018, 1.798198651385040398E-07, 0.000000000000000000 ) ) ;
#4912 = CARTESIAN_POINT ( 'NONE',  ( -16.40430622197320787, 81.24668100731520326, 0.9892838009324484982 ) ) ;
#4913 = CONICAL_SURFACE ( 'NONE', #1346, 2.249999999999998668, 0.7853981633974578269 ) ;
#4914 = FACE_OUTER_BOUND ( 'NONE', #6517, .T. ) ;
#4915 = ORIENTED_EDGE ( 'NONE', *, *, #6794, .T. ) ;
#4916 = FACE_OUTER_BOUND ( 'NONE', #770, .T. ) ;
#4917 = EDGE_CURVE ( 'NONE', #7769, #2429, #6783, .T. ) ;
#4918 = ORIENTED_EDGE ( 'NONE', *, *, #5413, .T. ) ;
#4919 = CARTESIAN_POINT ( 'NONE',  ( 41.71543085406953111, 84.28134294316404862, -4.599999999999992539 ) ) ;
#4920 = EDGE_CURVE ( 'NONE', #2824, #6004, #7264, .T. ) ;
#4921 = FACE_OUTER_BOUND ( 'NONE', #4583, .T. ) ;
#4922 = DIRECTION ( 'NONE',  ( 0.000000000000000000, 0.000000000000000000, -1.000000000000000000 ) ) ;
#4923 = ORIENTED_EDGE ( 'NONE', *, *, #3214, .T. ) ;
#4924 = VERTEX_POINT ( 'NONE', #3682 ) ;
#4925 = LINE ( 'NONE', #1776, #7347 ) ;
#4926 = ADVANCED_FACE ( 'NONE', ( #347 ), #2362, .T. ) ;
#4927 = FACE_OUTER_BOUND ( 'NONE', #7292, .T. ) ;
#4928 = DIRECTION ( 'NONE',  ( -0.000000000000000000, -0.000000000000000000, 1.000000000000000000 ) ) ;
#4929 = CARTESIAN_POINT ( 'NONE',  ( 67.61227899999924773, 80.84411100000002648, -0.8759186365568906174 ) ) ;
#4930 = ORIENTED_EDGE ( 'NONE', *, *, #4622, .F. ) ;
#4931 = CARTESIAN_POINT ( 'NONE',  ( -19.59037073081038471, 77.67724262499595511, 4.450000000000000178 ) ) ;
#4932 = ADVANCED_FACE ( 'NONE', ( #1702 ), #6000, .T. ) ;
#4933 = ORIENTED_EDGE ( 'NONE', *, *, #4849, .T. ) ;
#4934 = FACE_OUTER_BOUND ( 'NONE', #6487, .T. ) ;
#4935 = VERTEX_POINT ( 'NONE', #6108 ) ;
#4936 = CARTESIAN_POINT ( 'NONE',  ( 101.3122825347106328, 15.29411449014988733, -2.199999999999991296 ) ) ;
#4937 = DIRECTION ( 'NONE',  ( 0.9999999999999206191, 3.984065844824414605E-07, 0.000000000000000000 ) ) ;
#4938 = CARTESIAN_POINT ( 'NONE',  ( -16.05859082457480014, 2.864296143744255119, -3.999999999999992450 ) ) ;
#4939 = DIRECTION ( 'NONE',  ( -1.000000000000000000, 9.999428271258533804E-31, 6.162975822039154730E-33 ) ) ;
#4940 = ORIENTED_EDGE ( 'NONE', *, *, #4100, .T. ) ;
#4941 = ORIENTED_EDGE ( 'NONE', *, *, #5489, .F. ) ;
#4942 = DIRECTION ( 'NONE',  ( -0.000000000000000000, 0.000000000000000000, 1.000000000000000000 ) ) ;
#4943 = CARTESIAN_POINT ( 'NONE',  ( 42.60274304593886541, -125.2924481355107105, -4.599999999999992539 ) ) ;
#4944 = LINE ( 'NONE', #8060, #897 ) ;
#4945 = ADVANCED_FACE ( 'NONE', ( #5381 ), #6640, .T. ) ;
#4946 = AXIS2_PLACEMENT_3D ( 'NONE', #3744, #689, #5068 ) ;
#4947 = CARTESIAN_POINT ( 'NONE',  ( 47.03727899999999806, 24.49411100000000019, 3.449999999999980194 ) ) ;
#4948 = VERTEX_POINT ( 'NONE', #5462 ) ;
#4949 = LINE ( 'NONE', #7442, #2897 ) ;
#4950 = ORIENTED_EDGE ( 'NONE', *, *, #1038, .T. ) ;
#4951 = CARTESIAN_POINT ( 'NONE',  ( -3.417732752346694269, 77.84410636578330411, -4.599999999999992539 ) ) ;
#4952 = VECTOR ( 'NONE', #22, 1000.000000000000227 ) ;
#4953 = DIRECTION ( 'NONE',  ( -1.000000000000000000, 0.000000000000000000, 0.000000000000000000 ) ) ;
#4954 = ADVANCED_FACE ( 'NONE', ( #1005 ), #7300, .T. ) ;
#4955 = EDGE_CURVE ( 'NONE', #6632, #1537, #7336, .T. ) ;
#4956 = DIRECTION ( 'NONE',  ( 0.000000000000000000, 0.000000000000000000, 1.000000000000000000 ) ) ;
#4957 = ORIENTED_EDGE ( 'NONE', *, *, #3640, .T. ) ;
#4958 = AXIS2_PLACEMENT_3D ( 'NONE', #7497, #6185, #3801 ) ;
#4959 = ORIENTED_EDGE ( 'NONE', *, *, #4814, .F. ) ;
#4960 = LINE ( 'NONE', #5042, #7735 ) ;
#4961 = DIRECTION ( 'NONE',  ( 0.000000000000000000, 0.000000000000000000, 1.000000000000000000 ) ) ;
#4962 = CIRCLE ( 'NONE', #5016, 1.125000000000000888 ) ;
#4963 = CARTESIAN_POINT ( 'NONE',  ( 24.43693244120923325, -0.6319827392976808955, -2.199999999999988631 ) ) ;
#4964 = CIRCLE ( 'NONE', #6392, 0.2977672882960475942 ) ;
#4965 = EDGE_CURVE ( 'NONE', #7109, #7740, #2904, .T. ) ;
#4966 = FACE_OUTER_BOUND ( 'NONE', #1690, .T. ) ;
#4967 = ORIENTED_EDGE ( 'NONE', *, *, #7023, .F. ) ;
#4968 = LINE ( 'NONE', #7620, #1725 ) ;
#4969 = EDGE_LOOP ( 'NONE', ( #5393, #7097, #4307, #4503 ) ) ;
#4970 = CARTESIAN_POINT ( 'NONE',  ( 63.05759268073793322, -1.178533457750166935, 4.450000000000000178 ) ) ;
#4971 = ORIENTED_EDGE ( 'NONE', *, *, #6548, .F. ) ;
#4972 = DIRECTION ( 'NONE',  ( 0.000000000000000000, 0.000000000000000000, 1.000000000000000000 ) ) ;
#4973 = DIRECTION ( 'NONE',  ( -0.000000000000000000, 0.000000000000000000, 1.000000000000000000 ) ) ;
#4974 = CARTESIAN_POINT ( 'NONE',  ( -19.59037073081038116, 2.898797320354303153, 4.450000000000000178 ) ) ;
#4975 = ADVANCED_FACE ( 'NONE', ( #4222 ), #5500, .F. ) ;
#4976 = CARTESIAN_POINT ( 'NONE',  ( 22.86227900000000091, 60.09411099999999806, 4.450000000000000178 ) ) ;
#4977 = ORIENTED_EDGE ( 'NONE', *, *, #2651, .T. ) ;
#4978 = ORIENTED_EDGE ( 'NONE', *, *, #475, .F. ) ;
#4979 = CARTESIAN_POINT ( 'NONE',  ( -0.5056773168722489276, 85.14021433193298094, 1.100337195370730381 ) ) ;
#4980 = CARTESIAN_POINT ( 'NONE',  ( 12.66226043005733892, 81.84410925728559505, -1.550000000000002709 ) ) ;
#4981 = EDGE_CURVE ( 'NONE', #2542, #5684, #3900, .T. ) ;
#4982 = DIRECTION ( 'NONE',  ( -0.02449038266020053117, -0.9997000655982558603, 0.000000000000000000 ) ) ;
#4983 = CARTESIAN_POINT ( 'NONE',  ( -11.05859082457480369, -5.795957894100131291, -3.999999999999992450 ) ) ;
#4984 = EDGE_LOOP ( 'NONE', ( #7318, #7730, #7350, #1035, #852, #5224, #6999, #8117 ) ) ;
#4985 = ORIENTED_EDGE ( 'NONE', *, *, #4849, .F. ) ;
#4986 = CYLINDRICAL_SURFACE ( 'NONE', #5786, 1.697619465708140485 ) ;
#4987 = ORIENTED_EDGE ( 'NONE', *, *, #1692, .T. ) ;
#4988 = FACE_OUTER_BOUND ( 'NONE', #3656, .T. ) ;
#4989 = CARTESIAN_POINT ( 'NONE',  ( 99.06227900000000375, 53.59411099999999806, 3.450000000000012612 ) ) ;
#4990 = DIRECTION ( 'NONE',  ( -0.000000000000000000, -0.000000000000000000, -1.000000000000000000 ) ) ;
#4991 = ORIENTED_EDGE ( 'NONE', *, *, #2881, .T. ) ;
#4992 = AXIS2_PLACEMENT_3D ( 'NONE', #7000, #6376, #6951 ) ;
#4993 = ORIENTED_EDGE ( 'NONE', *, *, #1081, .F. ) ;
#4994 = FACE_OUTER_BOUND ( 'NONE', #7304, .T. ) ;
#4995 = CARTESIAN_POINT ( 'NONE',  ( 96.81228253471060441, -9.860840091646899522E-14, -4.599999999999992539 ) ) ;
#4996 = EDGE_CURVE ( 'NONE', #1020, #4453, #6527, .T. ) ;
#4997 = DIRECTION ( 'NONE',  ( 1.000000000000000000, 0.000000000000000000, 0.000000000000000000 ) ) ;
#4998 = CIRCLE ( 'NONE', #1181, 2.749999999999988454 ) ;
#4999 = AXIS2_PLACEMENT_3D ( 'NONE', #4350, #4269, #3101 ) ;
#5000 = AXIS2_PLACEMENT_3D ( 'NONE', #1304, #6277, #161 ) ;
#5001 = DIRECTION ( 'NONE',  ( 1.000000000000000000, 0.000000000000000000, 0.000000000000000000 ) ) ;
#5002 = ORIENTED_EDGE ( 'NONE', *, *, #2738, .F. ) ;
#5003 = DIRECTION ( 'NONE',  ( -0.4999999999999956701, 0.000000000000000000, -0.8660254037844411501 ) ) ;
#5004 = ORIENTED_EDGE ( 'NONE', *, *, #5309, .T. ) ;
#5005 = LINE ( 'NONE', #7666, #8032 ) ;
#5006 = EDGE_CURVE ( 'NONE', #643, #6568, #346, .T. ) ;
#5007 = VECTOR ( 'NONE', #7159, 1000.000000000000000 ) ;
#5008 = VERTEX_POINT ( 'NONE', #7618 ) ;
#5009 = ADVANCED_FACE ( 'NONE', ( #6958 ), #4422, .F. ) ;
#5010 = DIRECTION ( 'NONE',  ( -0.000000000000000000, 0.000000000000000000, 1.000000000000000000 ) ) ;
#5011 = DIRECTION ( 'NONE',  ( 0.000000000000000000, 0.000000000000000000, 1.000000000000000000 ) ) ;
#5012 = B_SPLINE_CURVE_WITH_KNOTS ( 'NONE', 1,
 ( #309, #7839 ),
 .UNSPECIFIED., .F., .F.,
 ( 2, 2 ),
 ( 0.000000000000000000, 1.000000000000000000 ),
 .UNSPECIFIED. ) ;
#5013 = CARTESIAN_POINT ( 'NONE',  ( -16.47217685720400127, 76.14635366131901151, 2.250000000000000000 ) ) ;
#5014 = VECTOR ( 'NONE', #7628, 1000.000000000000114 ) ;
#5015 = DIRECTION ( 'NONE',  ( 1.000000000000000000, -2.621889260516956749E-16, 0.000000000000000000 ) ) ;
#5016 = AXIS2_PLACEMENT_3D ( 'NONE', #7009, #5090, #6261 ) ;
#5017 = LINE ( 'NONE', #6740, #272 ) ;
#5018 = AXIS2_PLACEMENT_3D ( 'NONE', #6798, #6187, #553 ) ;
#5019 = ORIENTED_EDGE ( 'NONE', *, *, #1449, .F. ) ;
#5020 = ORIENTED_EDGE ( 'NONE', *, *, #7241, .T. ) ;
#5021 = CARTESIAN_POINT ( 'NONE',  ( -0.9295671345993484769, 84.21617119595396161, 0.2682020030864628035 ) ) ;
#5022 = AXIS2_PLACEMENT_3D ( 'NONE', #2536, #5054, #1289 ) ;
#5023 = EDGE_CURVE ( 'NONE', #4689, #2090, #1281, .T. ) ;
#5024 = PLANE ( 'NONE',  #2289 ) ;
#5025 = AXIS2_PLACEMENT_3D ( 'NONE', #7957, #7925, #4178 ) ;
#5026 = AXIS2_PLACEMENT_3D ( 'NONE', #7607, #5075, #1975 ) ;
#5027 = CARTESIAN_POINT ( 'NONE',  ( -16.10276580776005417, 81.33258651648648652, 1.279770860611135985 ) ) ;
#5028 = DIRECTION ( 'NONE',  ( 1.000000000000000000, 0.000000000000000000, 0.000000000000000000 ) ) ;
#5029 = VERTEX_POINT ( 'NONE', #1328 ) ;
#5030 = ORIENTED_EDGE ( 'NONE', *, *, #473, .F. ) ;
#5031 = LINE ( 'NONE', #4094, #1588 ) ;
#5032 = ORIENTED_EDGE ( 'NONE', *, *, #2694, .F. ) ;
#5033 = DIRECTION ( 'NONE',  ( 0.4999999999999943934, 6.444698272134208112E-08, -0.8660254037844393737 ) ) ;
#5034 = CIRCLE ( 'NONE', #1473, 2.250000000000001776 ) ;
#5035 = EDGE_CURVE ( 'NONE', #5736, #3114, #3725, .T. ) ;
#5036 = VECTOR ( 'NONE', #5237, 999.9999999999998863 ) ;
#5037 = AXIS2_PLACEMENT_3D ( 'NONE', #2938, #429, #5534 ) ;
#5038 = PLANE ( 'NONE',  #5431 ) ;
#5039 = CARTESIAN_POINT ( 'NONE',  ( -0.8677339041914936546, 84.24965460635104364, 6.795532277358968422E-15 ) ) ;
#5040 = ORIENTED_EDGE ( 'NONE', *, *, #2573, .F. ) ;
#5041 = EDGE_LOOP ( 'NONE', ( #6556, #892 ) ) ;
#5042 = CARTESIAN_POINT ( 'NONE',  ( 81.50370608041218645, 15.29411099999999912, -4.599999999999992539 ) ) ;
#5043 = LINE ( 'NONE', #3090, #296 ) ;
#5044 = DIRECTION ( 'NONE',  ( 1.000000000000000000, 0.000000000000000000, 0.000000000000000000 ) ) ;
#5045 = APPLICATION_CONTEXT ( 'automotive_design' ) ;
#5046 = EDGE_CURVE ( 'NONE', #4022, #6208, #3130, .T. ) ;
#5047 = PLANE ( 'NONE',  #4958 ) ;
#5048 = ORIENTED_EDGE ( 'NONE', *, *, #6378, .F. ) ;
#5049 = CARTESIAN_POINT ( 'NONE',  ( 12.74474674335479563, 12.48788592914254103, 3.449999999999999289 ) ) ;
#5050 = EDGE_LOOP ( 'NONE', ( #7809, #5079, #4184, #6357 ) ) ;
#5051 = CARTESIAN_POINT ( 'NONE',  ( -9.180541231745813636E-05, 80.84407635057475261, -4.599999999999992539 ) ) ;
#5052 = ORIENTED_EDGE ( 'NONE', *, *, #706, .F. ) ;
#5053 = DIRECTION ( 'NONE',  ( 0.000000000000000000, 0.000000000000000000, 1.000000000000000000 ) ) ;
#5054 = DIRECTION ( 'NONE',  ( -0.000000000000000000, -0.000000000000000000, 1.000000000000000000 ) ) ;
#5055 = DIRECTION ( 'NONE',  ( -1.000000000000000000, 0.000000000000000000, 0.000000000000000000 ) ) ;
#5056 = VECTOR ( 'NONE', #6317, 1000.000000000000000 ) ;
#5057 = EDGE_CURVE ( 'NONE', #6374, #4542, #4776, .T. ) ;
#5058 = EDGE_CURVE ( 'NONE', #1680, #6575, #2480, .T. ) ;
#5059 = CARTESIAN_POINT ( 'NONE',  ( 73.96228330292586861, 19.29411698796796415, -1.550000000000002709 ) ) ;
#5060 = LINE ( 'NONE', #4474, #3032 ) ;
#5061 = ORIENTED_EDGE ( 'NONE', *, *, #3303, .T. ) ;
#5062 = EDGE_LOOP ( 'NONE', ( #4073, #2654, #1643, #4003 ) ) ;
#5063 = ORIENTED_EDGE ( 'NONE', *, *, #3083, .F. ) ;
#5064 = FACE_OUTER_BOUND ( 'NONE', #712, .T. ) ;
#5065 =( LENGTH_UNIT ( ) NAMED_UNIT ( * ) SI_UNIT ( .MILLI., .METRE. ) );
#5066 = CARTESIAN_POINT ( 'NONE',  ( -15.31576672196455924, 80.30431945237054947, 0.4009864287649745340 ) ) ;
#5067 = ADVANCED_FACE ( 'NONE', ( #6876 ), #623, .T. ) ;
#5068 = DIRECTION ( 'NONE',  ( -1.000000000000000000, 0.000000000000000000, 0.000000000000000000 ) ) ;
#5069 = ORIENTED_EDGE ( 'NONE', *, *, #7974, .T. ) ;
#5070 = EDGE_LOOP ( 'NONE', ( #7029, #1928, #8084, #6386 ) ) ;
#5071 = DIRECTION ( 'NONE',  ( 1.000000000000000000, -5.448606792506972827E-17, 0.000000000000000000 ) ) ;
#5072 = ORIENTED_EDGE ( 'NONE', *, *, #3671, .T. ) ;
#5073 = CARTESIAN_POINT ( 'NONE',  ( 22.66282511920246989, 0.0001563639767652844255, -4.599999999999992539 ) ) ;
#5074 = CARTESIAN_POINT ( 'NONE',  ( -15.41266463333523618, 80.23039889080733644, 0.2518526334632253949 ) ) ;
#5075 = DIRECTION ( 'NONE',  ( 0.000000000000000000, 0.000000000000000000, -1.000000000000000000 ) ) ;
#5076 = EDGE_CURVE ( 'NONE', #6921, #4549, #6910, .T. ) ;
#5077 = DIRECTION ( 'NONE',  ( 0.000000000000000000, 0.000000000000000000, -1.000000000000000000 ) ) ;
#5078 = VERTEX_POINT ( 'NONE', #7005 ) ;
#5079 = ORIENTED_EDGE ( 'NONE', *, *, #495, .F. ) ;
#5080 = CARTESIAN_POINT ( 'NONE',  ( 120.7349291550546155, 13.69411797798560748, 4.450000000000000178 ) ) ;
#5081 = VECTOR ( 'NONE', #1400, 1000.000000000000000 ) ;
#5082 = CARTESIAN_POINT ( 'NONE',  ( 61.45915292031831711, 80.84410401968661120, 2.249999999999999556 ) ) ;
#5083 = AXIS2_PLACEMENT_3D ( 'NONE', #5712, #642, #5627 ) ;
#5084 = FACE_OUTER_BOUND ( 'NONE', #7212, .T. ) ;
#5085 = VECTOR ( 'NONE', #2535, 999.9999999999998863 ) ;
#5086 = CARTESIAN_POINT ( 'NONE',  ( 119.9122790047357370, 13.69411797798554709, -4.599999999999992539 ) ) ;
#5087 = EDGE_LOOP ( 'NONE', ( #2446, #5717 ) ) ;
#5088 = CARTESIAN_POINT ( 'NONE',  ( 40.95410443796348687, -70.96659471956760967, -4.599999999999992539 ) ) ;
#5089 = ORIENTED_EDGE ( 'NONE', *, *, #3106, .F. ) ;
#5090 = DIRECTION ( 'NONE',  ( -0.000000000000000000, -0.000000000000000000, 1.000000000000000000 ) ) ;
#5091 = ORIENTED_EDGE ( 'NONE', *, *, #6050, .F. ) ;
#5092 = CARTESIAN_POINT ( 'NONE',  ( -1.399791708008358899E-05, 77.84410698035701159, -4.599999999999992539 ) ) ;
#5093 = VECTOR ( 'NONE', #1463, 1000.000000000000000 ) ;
#5094 = EDGE_CURVE ( 'NONE', #8082, #4174, #5741, .T. ) ;
#5095 = CARTESIAN_POINT ( 'NONE',  ( 6.333840999999999610, 12.63464199999999948, 4.450000000000000178 ) ) ;
#5096 = LINE ( 'NONE', #7587, #4107 ) ;
#5097 = DIRECTION ( 'NONE',  ( 0.000000000000000000, 0.000000000000000000, 1.000000000000000000 ) ) ;
#5098 = CARTESIAN_POINT ( 'NONE',  ( 48.95412338519995643, -1.178533457750163382, 4.450000000000000178 ) ) ;
#5099 = ORIENTED_EDGE ( 'NONE', *, *, #209, .T. ) ;
#5100 = ORIENTED_EDGE ( 'NONE', *, *, #1154, .F. ) ;
#5101 = VERTEX_POINT ( 'NONE', #3215 ) ;
#5102 = DIRECTION ( 'NONE',  ( 0.000000000000000000, -0.000000000000000000, -1.000000000000000000 ) ) ;
#5103 = ADVANCED_FACE ( 'NONE', ( #5733 ), #5047, .F. ) ;
#5104 = SURFACE_STYLE_USAGE ( .BOTH. , #6135 ) ;
#5105 = EDGE_CURVE ( 'NONE', #3170, #3199, #4563, .T. ) ;
#5106 = CARTESIAN_POINT ( 'NONE',  ( 99.06227900000000375, 53.59411099999999806, 2.250000000000000000 ) ) ;
#5107 = CARTESIAN_POINT ( 'NONE',  ( 78.52085191958751409, 80.84411100000002648, -4.599999999999992539 ) ) ;
#5108 = VERTEX_POINT ( 'NONE', #5126 ) ;
#5109 = ORIENTED_EDGE ( 'NONE', *, *, #5845, .T. ) ;
#5110 = FACE_BOUND ( 'NONE', #5596, .T. ) ;
#5111 = ORIENTED_EDGE ( 'NONE', *, *, #3433, .T. ) ;
#5112 = FACE_OUTER_BOUND ( 'NONE', #7184, .T. ) ;
#5113 = EDGE_CURVE ( 'NONE', #6759, #6990, #3060, .T. ) ;
#5114 = ADVANCED_FACE ( 'NONE', ( #4966 ), #7457, .F. ) ;
#5115 = DIRECTION ( 'NONE',  ( 0.9999999999999837907, 1.798198684919792904E-07, 0.000000000000000000 ) ) ;
#5116 = DIRECTION ( 'NONE',  ( -0.000000000000000000, -0.000000000000000000, -1.000000000000000000 ) ) ;
#5117 = CARTESIAN_POINT ( 'NONE',  ( -0.9580962115673486990, 84.20064275697536971, 0.3172654323062265025 ) ) ;
#5118 = ORIENTED_EDGE ( 'NONE', *, *, #7152, .T. ) ;
#5119 = ORIENTED_EDGE ( 'NONE', *, *, #4697, .F. ) ;
#5120 = CARTESIAN_POINT ( 'NONE',  ( 20.11227900000001156, 60.09411099999999806, 2.250000000000000000 ) ) ;
#5121 = CARTESIAN_POINT ( 'NONE',  ( 120.7349305465053533, 2.898804754615158075, 4.450000000000000178 ) ) ;
#5122 = EDGE_CURVE ( 'NONE', #4782, #3984, #5222, .T. ) ;
#5123 = AXIS2_PLACEMENT_3D ( 'NONE', #7529, #1897, #6334 ) ;
#5124 = CARTESIAN_POINT ( 'NONE',  ( 101.8122789999999895, 53.59411099999999806, 2.250000000000000000 ) ) ;
#5125 = CIRCLE ( 'NONE', #3677, 1.250000000000001110 ) ;
#5126 = CARTESIAN_POINT ( 'NONE',  ( 117.8660712989953794, 75.27667149192494378, 4.450000000000000178 ) ) ;
#5127 = ORIENTED_EDGE ( 'NONE', *, *, #3314, .F. ) ;
#5128 = DIRECTION ( 'NONE',  ( -1.000000000000000000, 0.000000000000000000, 0.000000000000000000 ) ) ;
#5129 = ORIENTED_EDGE ( 'NONE', *, *, #2817, .F. ) ;
#5130 = LINE ( 'NONE', #7541, #7369 ) ;
#5131 = ORIENTED_EDGE ( 'NONE', *, *, #7465, .T. ) ;
#5132 = EDGE_CURVE ( 'NONE', #818, #2321, #5819, .T. ) ;
#5133 = LINE ( 'NONE', #3931, #6774 ) ;
#5134 = AXIS2_PLACEMENT_3D ( 'NONE', #6217, #2976, #5496 ) ;
#5135 = LINE ( 'NONE', #5583, #5014 ) ;
#5136 = CARTESIAN_POINT ( 'NONE',  ( -19.36772099999999952, 14.73547018669192887, -2.199999999999991740 ) ) ;
#5137 = EDGE_CURVE ( 'NONE', #5323, #2534, #3881, .T. ) ;
#5138 = DIRECTION ( 'NONE',  ( 0.000000000000000000, 0.000000000000000000, 1.000000000000000000 ) ) ;
#5139 = AXIS2_PLACEMENT_3D ( 'NONE', #88, #1491, #5726 ) ;
#5140 = CARTESIAN_POINT ( 'NONE',  ( -5.317733111986400196, 79.84410602412553715, -1.699999999999995293 ) ) ;
#5141 = VECTOR ( 'NONE', #2344, 1000.000000000000114 ) ;
#5142 = VERTEX_POINT ( 'NONE', #299 ) ;
#5143 = DIRECTION ( 'NONE',  ( 1.000000000000000000, 0.000000000000000000, 0.000000000000000000 ) ) ;
#5144 = VERTEX_POINT ( 'NONE', #1410 ) ;
#5145 = VECTOR ( 'NONE', #4614, 1000.000000000000000 ) ;
#5146 = DIRECTION ( 'NONE',  ( 0.000000000000000000, 1.000000000000000000, -0.000000000000000000 ) ) ;
#5147 = AXIS2_PLACEMENT_3D ( 'NONE', #2453, #6264, #5618 ) ;
#5148 = CIRCLE ( 'NONE', #6180, 1.697767288279049325 ) ;
#5149 = CARTESIAN_POINT ( 'NONE',  ( -15.46266775220714784, 80.19212280409864491, 0.08036358964653525505 ) ) ;
#5150 = VECTOR ( 'NONE', #5249, 1000.000000000000000 ) ;
#5151 = AXIS2_PLACEMENT_3D ( 'NONE', #1689, #3144, #6312 ) ;
#5152 = EDGE_CURVE ( 'NONE', #778, #87, #5208, .T. ) ;
#5153 = DIRECTION ( 'NONE',  ( 1.000000000000000000, 0.000000000000000000, 0.000000000000000000 ) ) ;
#5154 = ORIENTED_EDGE ( 'NONE', *, *, #903, .F. ) ;
#5155 = VERTEX_POINT ( 'NONE', #175 ) ;
#5156 = CARTESIAN_POINT ( 'NONE',  ( 96.93727900000003217, 53.59411099999999806, 4.450000000000000178 ) ) ;
#5157 = ORIENTED_EDGE ( 'NONE', *, *, #4955, .T. ) ;
#5158 = DIRECTION ( 'NONE',  ( 6.899580080555519496E-06, -0.9999999999761978176, 0.000000000000000000 ) ) ;
#5159 = AXIS2_PLACEMENT_3D ( 'NONE', #7301, #5501, #1546 ) ;
#5160 = DIRECTION ( 'NONE',  ( 0.7071067811865459074, 8.659560562354913137E-17, -0.7071067811865491270 ) ) ;
#5161 = CARTESIAN_POINT ( 'NONE',  ( -0.06638317454485784253, 85.22972543027069037, 0.2117676285392673663 ) ) ;
#5162 = EDGE_CURVE ( 'NONE', #5101, #7099, #2810, .T. ) ;
#5163 = DIRECTION ( 'NONE',  ( 1.288939664294365441E-07, -0.9999999999999916733, 0.000000000000000000 ) ) ;
#5164 = EDGE_CURVE ( 'NONE', #6477, #5684, #871, .T. ) ;
#5165 = AXIS2_PLACEMENT_3D ( 'NONE', #4018, #3318, #5298 ) ;
#5166 = ORIENTED_EDGE ( 'NONE', *, *, #7412, .T. ) ;
#5167 = CIRCLE ( 'NONE', #2657, 1.697767288277066466 ) ;
#5168 = ORIENTED_EDGE ( 'NONE', *, *, #8041, .T. ) ;
#5169 = CARTESIAN_POINT ( 'NONE',  ( -19.36772099999999952, 14.73547018669192887, -2.199999999999991740 ) ) ;
#5170 = LINE ( 'NONE', #5121, #1477 ) ;
#5171 = DIRECTION ( 'NONE',  ( -1.000000000000000000, 0.000000000000000000, 0.000000000000000000 ) ) ;
#5172 = EDGE_CURVE ( 'NONE', #3926, #5968, #4964, .T. ) ;
#5173 = AXIS2_PLACEMENT_3D ( 'NONE', #1815, #1986, #127 ) ;
#5174 = CARTESIAN_POINT ( 'NONE',  ( -5.317732752346663538, 77.84410602412556557, -2.699999999999991740 ) ) ;
#5175 = VERTEX_POINT ( 'NONE', #6425 ) ;
#5176 = DIRECTION ( 'NONE',  ( -0.000000000000000000, -1.000000000000000000, -0.000000000000000000 ) ) ;
#5177 = ORIENTED_EDGE ( 'NONE', *, *, #141, .T. ) ;
#5178 = DIRECTION ( 'NONE',  ( -1.000000000000000000, 9.999428271258533804E-31, 0.000000000000000000 ) ) ;
#5179 = VERTEX_POINT ( 'NONE', #2648 ) ;
#5180 = CARTESIAN_POINT ( 'NONE',  ( 119.9122790047357228, 12.29411797798554673, -4.599999999999992539 ) ) ;
#5181 = DIRECTION ( 'NONE',  ( -1.000000000000000000, 0.000000000000000000, 0.000000000000000000 ) ) ;
#5182 = ADVANCED_FACE ( 'NONE', ( #908 ), #5330, .F. ) ;
#5183 = CARTESIAN_POINT ( 'NONE',  ( 33.43142950036545358, 82.04411100000002932, -2.199999999999999734 ) ) ;
#5184 = CARTESIAN_POINT ( 'NONE',  ( 0.000000000000000000, 0.000000000000000000, -4.599999999999992539 ) ) ;
#5185 = ORIENTED_EDGE ( 'NONE', *, *, #3014, .F. ) ;
#5186 = ORIENTED_EDGE ( 'NONE', *, *, #1631, .T. ) ;
#5187 = ORIENTED_EDGE ( 'NONE', *, *, #8041, .F. ) ;
#5188 = DIRECTION ( 'NONE',  ( 5.448606792506972827E-17, 1.000000000000000000, 0.000000000000000000 ) ) ;
#5189 = DIRECTION ( 'NONE',  ( -0.9999999999999839018, -1.798198684919793699E-07, 0.000000000000000000 ) ) ;
#5190 = UNCERTAINTY_MEASURE_WITH_UNIT (LENGTH_MEASURE( 1.000000000000000082E-05 ), #7793, 'distance_accuracy_value', 'NONE');
#5191 = CARTESIAN_POINT ( 'NONE',  ( -15.00144506010767742, 80.54163645921849479, 0.5852281436582638108 ) ) ;
#5192 = CARTESIAN_POINT ( 'NONE',  ( 22.36452166131000396, 78.13965514279601621, -4.599999999999992539 ) ) ;
#5193 = VERTEX_POINT ( 'NONE', #7167 ) ;
#5194 = ORIENTED_EDGE ( 'NONE', *, *, #4380, .T. ) ;
#5195 = DIRECTION ( 'NONE',  ( 1.000000000000000000, -5.448606792506973443E-17, -0.000000000000000000 ) ) ;
#5196 = VERTEX_POINT ( 'NONE', #7661 ) ;
#5197 = FACE_BOUND ( 'NONE', #523, .T. ) ;
#5198 = EDGE_CURVE ( 'NONE', #6367, #2090, #1494, .T. ) ;
#5199 = DIRECTION ( 'NONE',  ( -0.9997000655982547501, -0.02449038266024560970, 0.000000000000000000 ) ) ;
#5200 = DIRECTION ( 'NONE',  ( -1.000000000000000000, 0.000000000000000000, 0.000000000000000000 ) ) ;
#5201 = LINE ( 'NONE', #3166, #2224 ) ;
#5202 = ORIENTED_EDGE ( 'NONE', *, *, #4981, .T. ) ;
#5203 = ORIENTED_EDGE ( 'NONE', *, *, #4662, .T. ) ;
#5204 = DIRECTION ( 'NONE',  ( -1.000000000000000000, 0.000000000000000000, 0.000000000000000000 ) ) ;
#5205 = EDGE_CURVE ( 'NONE', #1917, #3748, #1794, .T. ) ;
#5206 = ADVANCED_FACE ( 'NONE', ( #789 ), #2030, .F. ) ;
#5207 = CARTESIAN_POINT ( 'NONE',  ( 12.66226043005733892, 81.84410925728559505, -1.550000000000002709 ) ) ;
#5208 = LINE ( 'NONE', #2067, #7314 ) ;
#5209 = ORIENTED_EDGE ( 'NONE', *, *, #1571, .T. ) ;
#5210 = CARTESIAN_POINT ( 'NONE',  ( 6.523089043225319905, -10.26079017137426064, 4.450000000000000178 ) ) ;
#5211 = DIRECTION ( 'NONE',  ( 0.000000000000000000, -1.000000000000000000, 0.000000000000000000 ) ) ;
#5212 = ORIENTED_EDGE ( 'NONE', *, *, #5205, .T. ) ;
#5213 = DIRECTION ( 'NONE',  ( 0.000000000000000000, 0.000000000000000000, -1.000000000000000000 ) ) ;
#5214 = DIRECTION ( 'NONE',  ( 0.000000000000000000, 0.000000000000000000, 1.000000000000000000 ) ) ;
#5215 = ADVANCED_FACE ( 'NONE', ( #6385 ), #3971, .F. ) ;
#5216 = AXIS2_PLACEMENT_3D ( 'NONE', #3693, #7509, #562 ) ;
#5217 = DIRECTION ( 'NONE',  ( 1.000000000000000000, 0.000000000000000000, 0.000000000000000000 ) ) ;
#5218 = AXIS2_PLACEMENT_3D ( 'NONE', #7937, #3030, #8054 ) ;
#5219 = CARTESIAN_POINT ( 'NONE',  ( 99.06227900000000375, 34.54411100000000090, 1.750000000000017097 ) ) ;
#5220 = CARTESIAN_POINT ( 'NONE',  ( 22.86227900000000091, 60.09411099999999806, 4.450000000000000178 ) ) ;
#5221 = VERTEX_POINT ( 'NONE', #2109 ) ;
#5222 = CIRCLE ( 'NONE', #733, 2.749999999999988454 ) ;
#5223 = CARTESIAN_POINT ( 'NONE',  ( -2.937125132992000953, -10.96753045566000218, 2.250000000000000000 ) ) ;
#5224 = ORIENTED_EDGE ( 'NONE', *, *, #993, .F. ) ;
#5225 = DIRECTION ( 'NONE',  ( 0.9999999999999837907, 1.798198684919792904E-07, 0.000000000000000000 ) ) ;
#5226 = CARTESIAN_POINT ( 'NONE',  ( 80.50915292031825743, 72.84410401970066573, -4.599999999999992539 ) ) ;
#5227 = ADVANCED_FACE ( 'NONE', ( #6473 ), #2104, .F. ) ;
#5228 = CARTESIAN_POINT ( 'NONE',  ( -15.07571835886832368, 80.48588946349198636, 0.5631356848512113489 ) ) ;
#5229 = DIRECTION ( 'NONE',  ( 0.000000000000000000, 0.000000000000000000, 1.000000000000000000 ) ) ;
#5230 = EDGE_LOOP ( 'NONE', ( #1624, #3179, #7395, #6948 ) ) ;
#5231 = ORIENTED_EDGE ( 'NONE', *, *, #5876, .F. ) ;
#5232 = LINE ( 'NONE', #7853, #129 ) ;
#5233 = ORIENTED_EDGE ( 'NONE', *, *, #1278, .T. ) ;
#5234 = CARTESIAN_POINT ( 'NONE',  ( 8.583840999999999610, 12.63464199999999948, 1.750000000000021538 ) ) ;
#5235 = ADVANCED_FACE ( 'NONE', ( #5775 ), #5290, .F. ) ;
#5236 = LINE ( 'NONE', #3955, #8090 ) ;
#5237 = DIRECTION ( 'NONE',  ( -0.7071067811865334729, 0.000000000000000000, -0.7071067811865617836 ) ) ;
#5238 = CARTESIAN_POINT ( 'NONE',  ( 99.06227900000000375, 34.54411100000000090, 2.250000000000000000 ) ) ;
#5239 = ORIENTED_EDGE ( 'NONE', *, *, #3447, .T. ) ;
#5240 = CARTESIAN_POINT ( 'NONE',  ( -1.332413056729151224, 83.99468959648615396, 0.5848683567896069135 ) ) ;
#5241 = ADVANCED_FACE ( 'NONE', ( #745 ), #3258, .F. ) ;
#5242 = ORIENTED_EDGE ( 'NONE', *, *, #7569, .T. ) ;
#5243 = DIRECTION ( 'NONE',  ( 0.000000000000000000, 0.000000000000000000, 1.000000000000000000 ) ) ;
#5244 = CARTESIAN_POINT ( 'NONE',  ( 33.43142950036545358, 80.84411100000002648, -2.199999999999999734 ) ) ;
#5245 = DIRECTION ( 'NONE',  ( -0.9999999999999837907, -1.798198700079030918E-07, -3.043374519257555536E-16 ) ) ;
#5246 = EDGE_CURVE ( 'NONE', #5373, #5196, #6295, .T. ) ;
#5247 = ORIENTED_EDGE ( 'NONE', *, *, #5951, .T. ) ;
#5248 = LINE ( 'NONE', #2604, #6976 ) ;
#5249 = DIRECTION ( 'NONE',  ( -0.4999999999999955036, -3.004629197474325162E-15, 0.8660254037844412611 ) ) ;
#5250 = VERTEX_POINT ( 'NONE', #3043 ) ;
#5251 = LINE ( 'NONE', #6674, #6768 ) ;
#5252 = CARTESIAN_POINT ( 'NONE',  ( 63.05759268073793322, 12.29411100000000090, -4.599999999999992539 ) ) ;
#5253 = FACE_OUTER_BOUND ( 'NONE', #3341, .T. ) ;
#5254 = LINE ( 'NONE', #2161, #6134 ) ;
#5255 = EDGE_CURVE ( 'NONE', #3114, #720, #921, .T. ) ;
#5256 = ADVANCED_FACE ( 'NONE', ( #4325 ), #4986, .F. ) ;
#5257 = DIRECTION ( 'NONE',  ( 0.6329915464787611024, 0.7741587060069958781, -0.000000000000000000 ) ) ;
#5258 = ORIENTED_EDGE ( 'NONE', *, *, #5951, .F. ) ;
#5259 = CARTESIAN_POINT ( 'NONE',  ( 22.36452166131000396, 78.13965514279601621, -4.599999999999992539 ) ) ;
#5260 = AXIS2_PLACEMENT_3D ( 'NONE', #7452, #2474, #8038 ) ;
#5261 = ORIENTED_EDGE ( 'NONE', *, *, #1990, .T. ) ;
#5262 = EDGE_LOOP ( 'NONE', ( #3464, #4864, #7947, #3477 ) ) ;
#5263 = CARTESIAN_POINT ( 'NONE',  ( -16.05859082457480014, 2.864296143744255119, -4.599999999999992539 ) ) ;
#5264 = LINE ( 'NONE', #5226, #3028 ) ;
#5265 = CARTESIAN_POINT ( 'NONE',  ( 118.3122790000000322, 16.98553808041265967, -4.599999999999992539 ) ) ;
#5266 = AXIS2_PLACEMENT_3D ( 'NONE', #372, #7781, #5370 ) ;
#5267 = CIRCLE ( 'NONE', #6955, 2.250000000000000444 ) ;
#5268 = DIRECTION ( 'NONE',  ( -1.000000000000000000, 0.000000000000000000, 0.000000000000000000 ) ) ;
#5269 = ADVANCED_FACE ( 'NONE', ( #4916 ), #7918, .T. ) ;
#5270 = ORIENTED_EDGE ( 'NONE', *, *, #4596, .T. ) ;
#5271 = CONICAL_SURFACE ( 'NONE', #261, 2.722649730810388302, 0.5235987755982935976 ) ;
#5272 = ORIENTED_EDGE ( 'NONE', *, *, #5508, .T. ) ;
#5273 = FACE_OUTER_BOUND ( 'NONE', #7254, .T. ) ;
#5274 = VERTEX_POINT ( 'NONE', #2391 ) ;
#5275 = CARTESIAN_POINT ( 'NONE',  ( 119.5122720196896893, 61.31910750985031910, -2.200000000000001510 ) ) ;
#5276 = CIRCLE ( 'NONE', #2105, 1.697767288274087960 ) ;
#5277 = CONICAL_SURFACE ( 'NONE', #1460, 1.249999999999999334, 0.7853981633974459475 ) ;
#5278 = AXIS2_PLACEMENT_3D ( 'NONE', #8071, #5602, #4208 ) ;
#5279 = CARTESIAN_POINT ( 'NONE',  ( 99.06227900000000375, 53.59411099999999806, 3.450000000000012612 ) ) ;
#5280 = VECTOR ( 'NONE', #6389, 1000.000000000000114 ) ;
#5281 = CARTESIAN_POINT ( 'NONE',  ( 118.3122720196896722, 61.31910750985031910, -4.599999999999992539 ) ) ;
#5282 = ADVANCED_FACE ( 'NONE', ( #5982 ), #2466, .F. ) ;
#5283 = ORIENTED_EDGE ( 'NONE', *, *, #5023, .T. ) ;
#5284 = DIRECTION ( 'NONE',  ( -0.000000000000000000, 0.000000000000000000, 1.000000000000000000 ) ) ;
#5285 = ORIENTED_EDGE ( 'NONE', *, *, #2164, .F. ) ;
#5286 = DIRECTION ( 'NONE',  ( -6.515818446164249790E-08, 0.4999999999999977796, 0.8660254037844374864 ) ) ;
#5287 = VECTOR ( 'NONE', #2447, 999.9999999999998863 ) ;
#5288 = DIRECTION ( 'NONE',  ( 0.9997000655982554163, -0.02449038266021974497, 0.000000000000000000 ) ) ;
#5289 = VERTEX_POINT ( 'NONE', #1576 ) ;
#5290 = PLANE ( 'NONE',  #7092 ) ;
#5291 = EDGE_LOOP ( 'NONE', ( #8137, #6186, #5650, #2436 ) ) ;
#5292 = DIRECTION ( 'NONE',  ( 0.7071067811865369146, 8.659560562354803436E-17, -0.7071067811865581199 ) ) ;
#5293 = CARTESIAN_POINT ( 'NONE',  ( 12.66226043005733892, 81.84410925728559505, -3.999999999999970690 ) ) ;
#5294 = ORIENTED_EDGE ( 'NONE', *, *, #2702, .F. ) ;
#5295 = VECTOR ( 'NONE', #4459, 999.9999999999998863 ) ;
#5296 = DIRECTION ( 'NONE',  ( 0.000000000000000000, 0.000000000000000000, 1.000000000000000000 ) ) ;
#5297 = VECTOR ( 'NONE', #336, 999.9999999999998863 ) ;
#5298 = DIRECTION ( 'NONE',  ( 1.000000000000000000, 0.000000000000000000, 0.000000000000000000 ) ) ;
#5299 = EDGE_CURVE ( 'NONE', #5900, #4370, #5595, .T. ) ;
#5300 = AXIS2_PLACEMENT_3D ( 'NONE', #3255, #8113, #2522 ) ;
#5301 = CARTESIAN_POINT ( 'NONE',  ( 43.16227900000001227, 24.49411100000000019, 2.250000000000000000 ) ) ;
#5302 = DIRECTION ( 'NONE',  ( 1.000000000000000000, 0.000000000000000000, 0.000000000000000000 ) ) ;
#5303 = ORIENTED_EDGE ( 'NONE', *, *, #6283, .T. ) ;
#5304 = DIRECTION ( 'NONE',  ( 0.000000000000000000, 0.000000000000000000, 1.000000000000000000 ) ) ;
#5305 = ORIENTED_EDGE ( 'NONE', *, *, #3842, .T. ) ;
#5306 = ORIENTED_EDGE ( 'NONE', *, *, #3058, .T. ) ;
#5307 = CARTESIAN_POINT ( 'NONE',  ( -9.180541231745813636E-05, 80.84407635057475261, -4.599999999999992539 ) ) ;
#5308 = CARTESIAN_POINT ( 'NONE',  ( 96.93727900000003217, 53.59411099999999806, 4.450000000000000178 ) ) ;
#5309 = EDGE_CURVE ( 'NONE', #4443, #999, #4283, .T. ) ;
#5310 = ADVANCED_FACE ( 'NONE', ( #1806 ), #5271, .T. ) ;
#5311 = CARTESIAN_POINT ( 'NONE',  ( -1.366895646206136128, 83.97545340864689933, 0.5914792686289763735 ) ) ;
#5312 = DIRECTION ( 'NONE',  ( 0.000000000000000000, 0.000000000000000000, 1.000000000000000000 ) ) ;
#5313 = ORIENTED_EDGE ( 'NONE', *, *, #7488, .T. ) ;
#5314 = ORIENTED_EDGE ( 'NONE', *, *, #3741, .T. ) ;
#5315 = DIRECTION ( 'NONE',  ( 1.000000000000000000, -5.448606792506973443E-17, -0.000000000000000000 ) ) ;
#5316 = ORIENTED_EDGE ( 'NONE', *, *, #7866, .T. ) ;
#5317 = CYLINDRICAL_SURFACE ( 'NONE', #4090, 1.697767288281991416 ) ;
#5318 = DIRECTION ( 'NONE',  ( 0.000000000000000000, -1.000000000000000000, 0.000000000000000000 ) ) ;
#5319 = EDGE_CURVE ( 'NONE', #913, #7247, #6019, .T. ) ;
#5320 = DIRECTION ( 'NONE',  ( -0.7071067811865459074, 0.000000000000000000, -0.7071067811865491270 ) ) ;
#5321 = AXIS2_PLACEMENT_3D ( 'NONE', #6202, #4399, #8095 ) ;
#5322 = LINE ( 'NONE', #6542, #4739 ) ;
#5323 = VERTEX_POINT ( 'NONE', #2853 ) ;
#5324 = CARTESIAN_POINT ( 'NONE',  ( 116.6167348572000151, 16.99186833868100166, -4.599999999999992539 ) ) ;
#5325 = ORIENTED_EDGE ( 'NONE', *, *, #6203, .T. ) ;
#5326 = DIRECTION ( 'NONE',  ( 1.000000000000000000, 0.000000000000000000, 0.000000000000000000 ) ) ;
#5327 = EDGE_CURVE ( 'NONE', #188, #4882, #1147, .T. ) ;
#5328 = CARTESIAN_POINT ( 'NONE',  ( 0.000000000000000000, 15.29411099999999912, -4.599999999999992539 ) ) ;
#5329 = ORIENTED_EDGE ( 'NONE', *, *, #6406, .T. ) ;
#5330 = CYLINDRICAL_SURFACE ( 'NONE', #740, 1.875000000000000000 ) ;
#5331 = ORIENTED_EDGE ( 'NONE', *, *, #5508, .F. ) ;
#5332 = LINE ( 'NONE', #7870, #7081 ) ;
#5333 = LINE ( 'NONE', #7258, #6183 ) ;
#5334 = ORIENTED_EDGE ( 'NONE', *, *, #7660, .T. ) ;
#5335 = LINE ( 'NONE', #1541, #7175 ) ;
#5336 = DIRECTION ( 'NONE',  ( 0.000000000000000000, 0.000000000000000000, 1.000000000000000000 ) ) ;
#5337 = AXIS2_PLACEMENT_3D ( 'NONE', #3865, #5756, #5153 ) ;
#5338 = CARTESIAN_POINT ( 'NONE',  ( 30.51227900000001014, 80.84411100000002648, -4.599999999999992539 ) ) ;
#5339 = CARTESIAN_POINT ( 'NONE',  ( 14.53726043005733892, 81.84410925728559505, -1.550000000000002709 ) ) ;
#5340 = ORIENTED_EDGE ( 'NONE', *, *, #3799, .F. ) ;
#5341 = ADVANCED_FACE ( 'NONE', ( #3664 ), #6435, .F. ) ;
#5342 = CARTESIAN_POINT ( 'NONE',  ( 1.853391795526236008, 75.65565329363091962, -4.599999999999992539 ) ) ;
#5343 = ORIENTED_EDGE ( 'NONE', *, *, #4745, .T. ) ;
#5344 = EDGE_LOOP ( 'NONE', ( #5091, #194, #6325, #3221 ) ) ;
#5345 = AXIS2_PLACEMENT_3D ( 'NONE', #1053, #3577, #6081 ) ;
#5346 = CARTESIAN_POINT ( 'NONE',  ( -18.16772099999999668, 51.23547018669193420, -2.199999999999995293 ) ) ;
#5347 = CONICAL_SURFACE ( 'NONE', #339, 1.250000000000001110, 0.7853981633974445042 ) ;
#5348 = CARTESIAN_POINT ( 'NONE',  ( 24.36540507968175362, 80.84410401969522297, 2.249999999999999556 ) ) ;
#5349 = CARTESIAN_POINT ( 'NONE',  ( 40.95410443796348687, -70.96659471956760967, -4.599999999999992539 ) ) ;
#5350 = VECTOR ( 'NONE', #6304, 1000.000000000000000 ) ;
#5351 = AXIS2_PLACEMENT_3D ( 'NONE', #3644, #6756, #6677 ) ;
#5352 = CARTESIAN_POINT ( 'NONE',  ( 90.21227469707440605, 76.84410589528943092, -3.999999999999968914 ) ) ;
#5353 = EDGE_LOOP ( 'NONE', ( #5111, #8110, #543, #671 ) ) ;
#5354 = VERTEX_POINT ( 'NONE', #5374 ) ;
#5355 = DIRECTION ( 'NONE',  ( 0.000000000000000000, 1.000000000000000000, 0.000000000000000000 ) ) ;
#5356 = ADVANCED_FACE ( 'NONE', ( #3116 ), #5563, .F. ) ;
#5357 = ORIENTED_EDGE ( 'NONE', *, *, #5327, .T. ) ;
#5358 = LINE ( 'NONE', #4160, #2249 ) ;
#5359 = ADVANCED_FACE ( 'NONE', ( #7255 ), #4612, .F. ) ;
#5360 = CARTESIAN_POINT ( 'NONE',  ( 96.81228253471061862, 14.09411798029977980, -2.199999999999991296 ) ) ;
#5361 = CONICAL_SURFACE ( 'NONE', #5737, 1.249999999999999334, 0.7853981633974677079 ) ;
#5362 = VECTOR ( 'NONE', #4009, 1000.000000000000000 ) ;
#5363 = DIRECTION ( 'NONE',  ( 0.000000000000000000, 0.000000000000000000, -1.000000000000000000 ) ) ;
#5364 = FACE_OUTER_BOUND ( 'NONE', #3498, .T. ) ;
#5365 = VECTOR ( 'NONE', #2007, 1000.000000000000000 ) ;
#5366 = ORIENTED_EDGE ( 'NONE', *, *, #8115, .T. ) ;
#5367 = CARTESIAN_POINT ( 'NONE',  ( 99.06227900000000375, 34.54411100000000090, 3.450000000000012612 ) ) ;
#5368 = EDGE_CURVE ( 'NONE', #3737, #5673, #4949, .T. ) ;
#5369 = VERTEX_POINT ( 'NONE', #6633 ) ;
#5370 = DIRECTION ( 'NONE',  ( 0.000000000000000000, 0.000000000000000000, 1.000000000000000000 ) ) ;
#5371 = EDGE_CURVE ( 'NONE', #1452, #2023, #2894, .T. ) ;
#5372 = DIRECTION ( 'NONE',  ( -0.7071067811865541231, 8.659560562355014209E-17, 0.7071067811865408004 ) ) ;
#5373 = VERTEX_POINT ( 'NONE', #2509 ) ;
#5374 = CARTESIAN_POINT ( 'NONE',  ( 96.81227900000000375, 34.54411100000000090, 1.750000000000017097 ) ) ;
#5375 = EDGE_LOOP ( 'NONE', ( #6732, #2623, #7305, #5580, #337, #3072 ) ) ;
#5376 = CARTESIAN_POINT ( 'NONE',  ( 31.18142950036545358, 0.000000000000000000, -4.599999999999992539 ) ) ;
#5377 = EDGE_CURVE ( 'NONE', #6087, #425, #5031, .T. ) ;
#5378 = CYLINDRICAL_SURFACE ( 'NONE', #143, 2.250000000000001776 ) ;
#5379 = PLANE ( 'NONE',  #2967 ) ;
#5380 = CARTESIAN_POINT ( 'NONE',  ( -19.36772099999999952, 19.23547018669193065, -2.199999999999991740 ) ) ;
#5381 = FACE_OUTER_BOUND ( 'NONE', #2510, .T. ) ;
#5382 = CARTESIAN_POINT ( 'NONE',  ( 80.21228894959200773, 79.14856685720401686, 2.250000000000000000 ) ) ;
#5383 = ORIENTED_EDGE ( 'NONE', *, *, #6561, .T. ) ;
#5384 = DIRECTION ( 'NONE',  ( -1.000000000000000000, 9.999428271258533804E-31, 6.162975822039154730E-33 ) ) ;
#5385 = ORIENTED_EDGE ( 'NONE', *, *, #6794, .F. ) ;
#5386 = EDGE_LOOP ( 'NONE', ( #1345, #2753, #7526, #37 ) ) ;
#5387 = LINE ( 'NONE', #7271, #1834 ) ;
#5388 = DIRECTION ( 'NONE',  ( 0.000000000000000000, 0.000000000000000000, 1.000000000000000000 ) ) ;
#5389 = CARTESIAN_POINT ( 'NONE',  ( -15.18130597222766376, 80.40628325285459255, 0.5118564631581157265 ) ) ;
#5390 = CARTESIAN_POINT ( 'NONE',  ( 95.21227469707440605, 76.84410589528944513, -4.599999999999992539 ) ) ;
#5391 = CARTESIAN_POINT ( 'NONE',  ( 41.46082705626368892, 80.84551033426502897, -4.599999999999992539 ) ) ;
#5392 = AXIS2_PLACEMENT_3D ( 'NONE', #742, #5768, #45 ) ;
#5393 = ORIENTED_EDGE ( 'NONE', *, *, #6204, .F. ) ;
#5394 = ORIENTED_EDGE ( 'NONE', *, *, #5791, .T. ) ;
#5395 = ORIENTED_EDGE ( 'NONE', *, *, #7858, .F. ) ;
#5396 = DIRECTION ( 'NONE',  ( 0.000000000000000000, 0.000000000000000000, -1.000000000000000000 ) ) ;
#5397 = LINE ( 'NONE', #1684, #5560 ) ;
#5398 = ADVANCED_BREP_SHAPE_REPRESENTATION ( 'CASE_LEFT_BOT_CLIPS', ( #7543, #4220 ), #8030 ) ;
#5399 = VECTOR ( 'NONE', #5286, 1000.000000000000000 ) ;
#5400 = AXIS2_PLACEMENT_3D ( 'NONE', #2213, #5995, #7885 ) ;
#5401 = DIRECTION ( 'NONE',  ( -1.000000000000000000, 0.000000000000000000, 0.000000000000000000 ) ) ;
#5402 = EDGE_CURVE ( 'NONE', #6367, #7785, #1267, .T. ) ;
#5403 = AXIS2_PLACEMENT_3D ( 'NONE', #5920, #4659, #323 ) ;
#5404 = CARTESIAN_POINT ( 'NONE',  ( -16.05859082457480014, 2.864296143744255119, -3.999999999999992450 ) ) ;
#5405 = ORIENTED_EDGE ( 'NONE', *, *, #2849, .F. ) ;
#5406 = LINE ( 'NONE', #2717, #2900 ) ;
#5407 = AXIS2_PLACEMENT_3D ( 'NONE', #8013, #6734, #6201 ) ;
#5408 = ORIENTED_EDGE ( 'NONE', *, *, #6459, .F. ) ;
#5409 = CARTESIAN_POINT ( 'NONE',  ( -11.68359082457480369, -1.465830875177938308, -1.550000000000002709 ) ) ;
#5410 = AXIS2_PLACEMENT_3D ( 'NONE', #7411, #8109, #6173 ) ;
#5411 = VECTOR ( 'NONE', #6360, 1000.000000000000000 ) ;
#5412 = DIRECTION ( 'NONE',  ( 0.000000000000000000, 0.000000000000000000, 1.000000000000000000 ) ) ;
#5413 = EDGE_CURVE ( 'NONE', #4906, #4022, #113, .T. ) ;
#5414 = VECTOR ( 'NONE', #496, 999.9999999999998863 ) ;
#5415 = EDGE_CURVE ( 'NONE', #3610, #4447, #7484, .T. ) ;
#5416 = ORIENTED_EDGE ( 'NONE', *, *, #7500, .F. ) ;
#5417 = CIRCLE ( 'NONE', #4103, 1.697767288279049325 ) ;
#5418 = DIRECTION ( 'NONE',  ( 1.000000000000000000, 0.000000000000000000, 0.000000000000000000 ) ) ;
#5419 = ORIENTED_EDGE ( 'NONE', *, *, #7454, .F. ) ;
#5420 = DIRECTION ( 'NONE',  ( -1.798198684919792904E-07, 0.9999999999999839018, 0.000000000000000000 ) ) ;
#5421 = DIRECTION ( 'NONE',  ( 0.7071067811865425767, 0.7071067811865525687, 0.000000000000000000 ) ) ;
#5422 = DIRECTION ( 'NONE',  ( 0.000000000000000000, 0.000000000000000000, 1.000000000000000000 ) ) ;
#5423 = APPLICATION_PROTOCOL_DEFINITION ( 'draft international standard', 'automotive_design', 1998, #5045 ) ;
#5424 = AXIS2_PLACEMENT_3D ( 'NONE', #6960, #5777, #5128 ) ;
#5425 = DIRECTION ( 'NONE',  ( 0.000000000000000000, 0.000000000000000000, -1.000000000000000000 ) ) ;
#5426 = EDGE_CURVE ( 'NONE', #4827, #7700, #7684, .T. ) ;
#5427 = CARTESIAN_POINT ( 'NONE',  ( 24.36540507968175362, 80.84410401969522297, -4.599999999999992539 ) ) ;
#5429 = CIRCLE ( 'NONE', #2132, 2.250000000000001776 ) ;
#5428 = DIRECTION ( 'NONE',  ( -1.000000000000000000, 0.000000000000000000, -0.000000000000000000 ) ) ;
#5430 = ORIENTED_EDGE ( 'NONE', *, *, #465, .T. ) ;
#5431 = AXIS2_PLACEMENT_3D ( 'NONE', #497, #579, #2398 ) ;
#5432 = DIRECTION ( 'NONE',  ( 0.000000000000000000, 0.000000000000000000, 1.000000000000000000 ) ) ;
#5433 = ORIENTED_EDGE ( 'NONE', *, *, #4825, .F. ) ;
#5434 = ORIENTED_EDGE ( 'NONE', *, *, #4435, .T. ) ;
#5435 = FACE_OUTER_BOUND ( 'NONE', #5675, .T. ) ;
#5436 = DIRECTION ( 'NONE',  ( 1.000000000000000000, 0.000000000000000000, 0.000000000000000000 ) ) ;
#5437 = CARTESIAN_POINT ( 'NONE',  ( -15.12634537219129349, 80.44777473147107116, 0.5415679495271359389 ) ) ;
#5438 = EDGE_CURVE ( 'NONE', #6600, #999, #6939, .T. ) ;
#5439 = DIRECTION ( 'NONE',  ( 1.000000000000000000, -5.448606792506973443E-17, -0.000000000000000000 ) ) ;
#5440 = DIRECTION ( 'NONE',  ( -0.000000000000000000, 0.000000000000000000, 1.000000000000000000 ) ) ;
#5441 = ORIENTED_EDGE ( 'NONE', *, *, #2777, .T. ) ;
#5442 = ORIENTED_EDGE ( 'NONE', *, *, #7023, .T. ) ;
#5443 = ORIENTED_EDGE ( 'NONE', *, *, #5299, .F. ) ;
#5444 = CARTESIAN_POINT ( 'NONE',  ( -0.1445605064322550981, 85.21386530492877398, 0.4936339555482578412 ) ) ;
#5445 = DIRECTION ( 'NONE',  ( 1.000000000000000000, 0.000000000000000000, 0.000000000000000000 ) ) ;
#5446 = LINE ( 'NONE', #411, #1864 ) ;
#5447 = CARTESIAN_POINT ( 'NONE',  ( -9.171200995274940491E-05, 80.84403429840453725, 2.250000000000000000 ) ) ;
#5448 = VERTEX_POINT ( 'NONE', #7028 ) ;
#5449 = FACE_OUTER_BOUND ( 'NONE', #827, .T. ) ;
#5450 = ORIENTED_EDGE ( 'NONE', *, *, #1801, .F. ) ;
#5451 = LINE ( 'NONE', #295, #6824 ) ;
#5452 = ADVANCED_FACE ( 'NONE', ( #5759 ), #2673, .F. ) ;
#5453 = AXIS2_PLACEMENT_3D ( 'NONE', #4943, #1180, #5589 ) ;
#5454 = PLANE ( 'NONE',  #1738 ) ;
#5455 = ORIENTED_EDGE ( 'NONE', *, *, #6894, .T. ) ;
#5456 = ORIENTED_EDGE ( 'NONE', *, *, #5023, .F. ) ;
#5457 = DIRECTION ( 'NONE',  ( 0.000000000000000000, 0.000000000000000000, 1.000000000000000000 ) ) ;
#5458 = DIRECTION ( 'NONE',  ( -0.000000000000000000, -0.000000000000000000, 1.000000000000000000 ) ) ;
#5459 = EDGE_CURVE ( 'NONE', #1188, #6790, #4749, .T. ) ;
#5460 = ADVANCED_FACE ( 'NONE', ( #7525, #2055, #5110, #2589, #3912, #5840, #1930, #195, #1968, #769, #2709, #6988 ), #4445, .F. ) ;
#5461 = DIRECTION ( 'NONE',  ( 1.000000000000000000, -5.448606792506973443E-17, 0.000000000000000000 ) ) ;
#5462 = CARTESIAN_POINT ( 'NONE',  ( 119.5122720196896893, 31.31910750985032621, -2.199999999999997069 ) ) ;
#5463 = CARTESIAN_POINT ( 'NONE',  ( -0.9129760658319583388, -14.55400431445274023, 4.450000000000000178 ) ) ;
#5464 = ORIENTED_EDGE ( 'NONE', *, *, #2424, .F. ) ;
#5465 = FACE_BOUND ( 'NONE', #854, .T. ) ;
#5466 = VERTEX_POINT ( 'NONE', #4406 ) ;
#5467 = EDGE_CURVE ( 'NONE', #4375, #3620, #2633, .T. ) ;
#5468 = CARTESIAN_POINT ( 'NONE',  ( 20.71078854344781206, -0.5073673135349873187, 2.250000000000000000 ) ) ;
#5469 = DIRECTION ( 'NONE',  ( 0.02449038266012669440, 0.9997000655982575257, 0.000000000000000000 ) ) ;
#5470 = CARTESIAN_POINT ( 'NONE',  ( -15.21329016698607361, 80.38208673253315339, 0.4906024558585886375 ) ) ;
#5471 = CARTESIAN_POINT ( 'NONE',  ( -1.282936129795584135, 84.02219088597409780, 0.5709156943888161750 ) ) ;
#5472 = FACE_OUTER_BOUND ( 'NONE', #6725, .T. ) ;
#5473 = CIRCLE ( 'NONE', #3046, 1.697767288277066466 ) ;
#5474 = ORIENTED_EDGE ( 'NONE', *, *, #6369, .F. ) ;
#5475 = VERTEX_POINT ( 'NONE', #3201 ) ;
#5476 = AXIS2_PLACEMENT_3D ( 'NONE', #4071, #6574, #937 ) ;
#5477 = VERTEX_POINT ( 'NONE', #6901 ) ;
#5478 = CARTESIAN_POINT ( 'NONE',  ( 48.96673485720001651, 2.941868338680999173, -4.599999999999992539 ) ) ;
#5479 = ADVANCED_FACE ( 'NONE', ( #3786 ), #1710, .F. ) ;
#5480 = CARTESIAN_POINT ( 'NONE',  ( -19.16772100000000023, 25.98547018669193065, -4.599999999999992539 ) ) ;
#5481 = CONICAL_SURFACE ( 'NONE', #6382, 2.125000000000029754, 0.7853981633974431720 ) ;
#5482 = DIRECTION ( 'NONE',  ( 1.000000000000000000, 0.000000000000000000, 0.000000000000000000 ) ) ;
#5483 = AXIS2_PLACEMENT_3D ( 'NONE', #6117, #5440, #6038 ) ;
#5484 = DIRECTION ( 'NONE',  ( -0.9999999999993565147, -1.134431386911876734E-06, 0.000000000000000000 ) ) ;
#5485 = ORIENTED_EDGE ( 'NONE', *, *, #1816, .F. ) ;
#5486 = DIRECTION ( 'NONE',  ( 1.000000000000000000, 0.000000000000000000, 0.000000000000000000 ) ) ;
#5487 = ORIENTED_EDGE ( 'NONE', *, *, #965, .T. ) ;
#5488 = LINE ( 'NONE', #7986, #6174 ) ;
#5489 = EDGE_CURVE ( 'NONE', #1258, #3984, #7069, .T. ) ;
#5490 = AXIS2_PLACEMENT_3D ( 'NONE', #7878, #4850, #1042 ) ;
#5491 = DIRECTION ( 'NONE',  ( 0.9999999999999839018, 1.798198684919793699E-07, -0.000000000000000000 ) ) ;
#5492 = PRODUCT_RELATED_PRODUCT_CATEGORY ( 'part', '', ( #4391 ) ) ;
#5493 = CARTESIAN_POINT ( 'NONE',  ( -19.36772099999999597, 51.23547018669193420, -2.199999999999995293 ) ) ;
#5494 = EDGE_LOOP ( 'NONE', ( #3647, #3145, #3584, #5408 ) ) ;
#5495 = ORIENTED_EDGE ( 'NONE', *, *, #4965, .T. ) ;
#5496 = DIRECTION ( 'NONE',  ( 1.000000000000000000, 0.000000000000000000, 0.000000000000000000 ) ) ;
#5497 = CARTESIAN_POINT ( 'NONE',  ( -0.2955378950011710582, 22.59077866121021216, 2.250000000000000000 ) ) ;
#5498 = LINE ( 'NONE', #6069, #2917 ) ;
#5499 = EDGE_CURVE ( 'NONE', #4453, #1020, #652, .T. ) ;
#5500 = CYLINDRICAL_SURFACE ( 'NONE', #7043, 2.250000000000001776 ) ;
#5501 = DIRECTION ( 'NONE',  ( 0.000000000000000000, 0.000000000000000000, 1.000000000000000000 ) ) ;
#5502 = ORIENTED_EDGE ( 'NONE', *, *, #5603, .F. ) ;
#5503 = CARTESIAN_POINT ( 'NONE',  ( -2.094754855088634127, -12.43886966827765583, 2.249999999999999556 ) ) ;
#5504 = EDGE_LOOP ( 'NONE', ( #3081, #2473, #545, #375 ) ) ;
#5505 = CYLINDRICAL_SURFACE ( 'NONE', #6294, 1.125000000000000888 ) ;
#5506 = DIRECTION ( 'NONE',  ( -0.2588190399164175259, 0.9659258276786805153, -1.277015003619096968E-16 ) ) ;
#5507 = CYLINDRICAL_SURFACE ( 'NONE', #5345, 1.125000000000000888 ) ;
#5508 = EDGE_CURVE ( 'NONE', #1396, #4505, #1446, .T. ) ;
#5509 = EDGE_CURVE ( 'NONE', #5179, #4731, #4480, .T. ) ;
#5510 = CARTESIAN_POINT ( 'NONE',  ( -3.732178150609711094E-05, 85.84408514429277659, -4.599999999999992539 ) ) ;
#5511 = ORIENTED_EDGE ( 'NONE', *, *, #2583, .F. ) ;
#5512 = ORIENTED_EDGE ( 'NONE', *, *, #7498, .F. ) ;
#5513 = EDGE_LOOP ( 'NONE', ( #7487, #4613, #1645, #4173 ) ) ;
#5514 = DIRECTION ( 'NONE',  ( 0.000000000000000000, 0.000000000000000000, -1.000000000000000000 ) ) ;
#5515 = VECTOR ( 'NONE', #1602, 1000.000000000000000 ) ;
#5516 = CARTESIAN_POINT ( 'NONE',  ( 75.81228330292589135, 19.29411698796796415, -1.550000000000002709 ) ) ;
#5517 = DIRECTION ( 'NONE',  ( 0.000000000000000000, 0.000000000000000000, -1.000000000000000000 ) ) ;
#5518 = EDGE_CURVE ( 'NONE', #4549, #6921, #1309, .T. ) ;
#5519 = AXIS2_PLACEMENT_3D ( 'NONE', #7727, #7859, #7815 ) ;
#5520 = DIRECTION ( 'NONE',  ( 0.7071067811865612285, 0.000000000000000000, 0.7071067811865339170 ) ) ;
#5521 = ORIENTED_EDGE ( 'NONE', *, *, #1666, .T. ) ;
#5522 = LINE ( 'NONE', #8127, #2246 ) ;
#5523 = ORIENTED_EDGE ( 'NONE', *, *, #2058, .F. ) ;
#5524 = CARTESIAN_POINT ( 'NONE',  ( 78.52085191958751409, 80.84411100000002648, -4.599999999999992539 ) ) ;
#5525 = VECTOR ( 'NONE', #1364, 1000.000000000000000 ) ;
#5526 = CARTESIAN_POINT ( 'NONE',  ( 0.000000000000000000, 15.29411099999999912, 2.250000000000000000 ) ) ;
#5527 = EDGE_CURVE ( 'NONE', #1353, #3516, #853, .T. ) ;
#5528 = PLANE ( 'NONE',  #5278 ) ;
#5529 = AXIS2_PLACEMENT_3D ( 'NONE', #1529, #902, #2932 ) ;
#5530 = VERTEX_POINT ( 'NONE', #2174 ) ;
#5531 = AXIS2_PLACEMENT_3D ( 'NONE', #4855, #5010, #1094 ) ;
#5532 = ORIENTED_EDGE ( 'NONE', *, *, #7679, .F. ) ;
#5533 = DIRECTION ( 'NONE',  ( 1.000000000000000000, 0.000000000000000000, 0.000000000000000000 ) ) ;
#5534 = DIRECTION ( 'NONE',  ( -0.9999999999999837907, -1.798198724426027898E-07, 0.000000000000000000 ) ) ;
#5535 = AXIS2_PLACEMENT_3D ( 'NONE', #1095, #3575, #5436 ) ;
#5536 = CIRCLE ( 'NONE', #2107, 1.125000000000000888 ) ;
#5537 = DIRECTION ( 'NONE',  ( 0.000000000000000000, 0.000000000000000000, 1.000000000000000000 ) ) ;
#5538 = AXIS2_PLACEMENT_3D ( 'NONE', #5051, #1907, #6920 ) ;
#5539 = DIRECTION ( 'NONE',  ( 0.000000000000000000, 0.000000000000000000, 1.000000000000000000 ) ) ;
#5540 = VERTEX_POINT ( 'NONE', #4036 ) ;
#5541 = CARTESIAN_POINT ( 'NONE',  ( -19.36772099999999597, 46.73547018669192710, -2.199999999999995293 ) ) ;
#5542 = ORIENTED_EDGE ( 'NONE', *, *, #4007, .F. ) ;
#5543 = CARTESIAN_POINT ( 'NONE',  ( -19.16772100000000023, 25.98547018669193065, -4.599999999999992539 ) ) ;
#5544 = VERTEX_POINT ( 'NONE', #4701 ) ;
#5545 = VECTOR ( 'NONE', #6842, 1000.000000000000000 ) ;
#5546 = CARTESIAN_POINT ( 'NONE',  ( -20.16772100000000023, 26.58547018669192852, -1.599999999999977440 ) ) ;
#5547 = ADVANCED_FACE ( 'NONE', ( #5273 ), #7192, .F. ) ;
#5548 = DIRECTION ( 'NONE',  ( 0.000000000000000000, 0.000000000000000000, -1.000000000000000000 ) ) ;
#5549 = CARTESIAN_POINT ( 'NONE',  ( -15.16522346260626009, 80.41844250236407277, 0.5214154063188409793 ) ) ;
#5550 = AXIS2_PLACEMENT_3D ( 'NONE', #2432, #7370, #6868 ) ;
#5551 = CARTESIAN_POINT ( 'NONE',  ( 24.43693244120923680, -0.6319827392976808955, -2.199999999999988631 ) ) ;
#5552 = ORIENTED_EDGE ( 'NONE', *, *, #1666, .F. ) ;
#5553 = EDGE_LOOP ( 'NONE', ( #5502, #6243, #5614, #5258 ) ) ;
#5554 = CARTESIAN_POINT ( 'NONE',  ( -1.311317351001439535, 84.97356898096126088, 1.559648951435081976 ) ) ;
#5555 = CARTESIAN_POINT ( 'NONE',  ( 53.66227900109225146, -0.3558820217042209522, -4.599999999999992539 ) ) ;
#5556 = ADVANCED_FACE ( 'NONE', ( #7721 ), #236, .F. ) ;
#5557 = EDGE_CURVE ( 'NONE', #2157, #6188, #3681, .T. ) ;
#5558 = CIRCLE ( 'NONE', #23, 9.395313679645688865 ) ;
#5559 = DIRECTION ( 'NONE',  ( 1.798198684919793169E-07, -0.9999999999999837907, -0.000000000000000000 ) ) ;
#5560 = VECTOR ( 'NONE', #2026, 1000.000000000000114 ) ;
#5561 = FACE_OUTER_BOUND ( 'NONE', #5604, .T. ) ;
#5562 = EDGE_LOOP ( 'NONE', ( #1478, #4156, #2607, #6579 ) ) ;
#5563 = PLANE ( 'NONE',  #8144 ) ;
#5564 = VERTEX_POINT ( 'NONE', #1558 ) ;
#5565 = CARTESIAN_POINT ( 'NONE',  ( 75.81228330292589135, 19.29411698796796415, 4.450000000000000178 ) ) ;
#5566 = EDGE_CURVE ( 'NONE', #1651, #7667, #5232, .T. ) ;
#5567 = DIRECTION ( 'NONE',  ( 1.000000000000000000, 0.000000000000000000, 0.000000000000000000 ) ) ;
#5568 = DIRECTION ( 'NONE',  ( -1.288939666242958913E-07, 0.9999999999999916733, 0.000000000000000000 ) ) ;
#5569 = ORIENTED_EDGE ( 'NONE', *, *, #2435, .F. ) ;
#5570 = VERTEX_POINT ( 'NONE', #2138 ) ;
#5571 = DIRECTION ( 'NONE',  ( 0.9999999999999995559, 2.972808324392570255E-08, -0.000000000000000000 ) ) ;
#5572 = CARTESIAN_POINT ( 'NONE',  ( -13.55859082457480369, -1.465830875177938308, 1.400000000000010569 ) ) ;
#5573 = EDGE_CURVE ( 'NONE', #7700, #3867, #784, .T. ) ;
#5574 = CARTESIAN_POINT ( 'NONE',  ( 61.16227201969416427, 84.14098492032249510, 2.249999999999999556 ) ) ;
#5575 = CARTESIAN_POINT ( 'NONE',  ( 42.60274304593886541, -125.2924481355107105, -4.599999999999992539 ) ) ;
#5576 = ORIENTED_EDGE ( 'NONE', *, *, #6395, .T. ) ;
#5577 = DIRECTION ( 'NONE',  ( 0.000000000000000000, 0.000000000000000000, -1.000000000000000000 ) ) ;
#5578 = ORIENTED_EDGE ( 'NONE', *, *, #7228, .T. ) ;
#5579 = CARTESIAN_POINT ( 'NONE',  ( 53.30246461491069709, 23.29196037236767225, -4.599999999999992539 ) ) ;
#5580 = ORIENTED_EDGE ( 'NONE', *, *, #7105, .T. ) ;
#5581 = EDGE_CURVE ( 'NONE', #188, #1125, #2765, .T. ) ;
#5582 = CARTESIAN_POINT ( 'NONE',  ( 95.21227469707440605, 76.84410589528944513, -3.999999999999992450 ) ) ;
#5583 = CARTESIAN_POINT ( 'NONE',  ( 20.40084906455487257, -2.955779412135975726, -2.199999999999988187 ) ) ;
#5584 = CARTESIAN_POINT ( 'NONE',  ( 0.000000000000000000, 80.84411100000002648, -4.599999999999992539 ) ) ;
#5585 = FACE_OUTER_BOUND ( 'NONE', #7540, .T. ) ;
#5586 = ORIENTED_EDGE ( 'NONE', *, *, #4197, .T. ) ;
#5587 = ORIENTED_EDGE ( 'NONE', *, *, #4078, .T. ) ;
#5588 = CARTESIAN_POINT ( 'NONE',  ( -0.4029655414446131623, 85.16122654952360449, 0.9800656499319754245 ) ) ;
#5589 = DIRECTION ( 'NONE',  ( 1.000000000000000000, -5.297783069607291742E-15, 0.000000000000000000 ) ) ;
#5590 = CARTESIAN_POINT ( 'NONE',  ( -15.54492941114572879, 81.49026565900958019, 1.548354294748878868 ) ) ;
#5591 = EDGE_CURVE ( 'NONE', #4935, #875, #5881, .T. ) ;
#5592 = FACE_OUTER_BOUND ( 'NONE', #2993, .T. ) ;
#5593 = ORIENTED_EDGE ( 'NONE', *, *, #785, .T. ) ;
#5594 = ORIENTED_EDGE ( 'NONE', *, *, #8097, .T. ) ;
#5595 = LINE ( 'NONE', #6820, #2372 ) ;
#5596 = EDGE_LOOP ( 'NONE', ( #2559, #3508 ) ) ;
#5597 = PLANE ( 'NONE',  #1832 ) ;
#5598 = CIRCLE ( 'NONE', #7558, 2.250000000000001776 ) ;
#5599 = AXIS2_PLACEMENT_3D ( 'NONE', #5746, #7548, #3142 ) ;
#5600 = CARTESIAN_POINT ( 'NONE',  ( 119.9122790047357370, 13.69411797798554709, 3.449999999999999289 ) ) ;
#5601 = EDGE_CURVE ( 'NONE', #2825, #3389, #940, .T. ) ;
#5602 = DIRECTION ( 'NONE',  ( 0.000000000000000000, 0.000000000000000000, -1.000000000000000000 ) ) ;
#5603 = EDGE_CURVE ( 'NONE', #5530, #5895, #1517, .T. ) ;
#5604 = EDGE_LOOP ( 'NONE', ( #6175, #270, #4247, #1728 ) ) ;
#5605 = VECTOR ( 'NONE', #4381, 1000.000000000000000 ) ;
#5606 = ORIENTED_EDGE ( 'NONE', *, *, #1772, .T. ) ;
#5607 = DIRECTION ( 'NONE',  ( 1.000000000000000000, 0.000000000000000000, 0.000000000000000000 ) ) ;
#5608 = LINE ( 'NONE', #4995, #2404 ) ;
#5609 = CARTESIAN_POINT ( 'NONE',  ( -16.74401804078513578, 81.14931567161195858, -4.599999999999992539 ) ) ;
#5610 = ADVANCED_FACE ( 'NONE', ( #5967 ), #4843, .F. ) ;
#5611 = CARTESIAN_POINT ( 'NONE',  ( -16.74401804078511091, 81.14931567161198700, 5.204170427930421283E-15 ) ) ;
#5612 = ORIENTED_EDGE ( 'NONE', *, *, #6714, .F. ) ;
#5613 = CARTESIAN_POINT ( 'NONE',  ( 12.66226043005733892, 81.84410925728559505, -1.550000000000002709 ) ) ;
#5614 = ORIENTED_EDGE ( 'NONE', *, *, #4876, .T. ) ;
#5615 = LINE ( 'NONE', #2606, #3437 ) ;
#5616 = EDGE_LOOP ( 'NONE', ( #1898, #2831, #4793, #2043 ) ) ;
#5617 = DIRECTION ( 'NONE',  ( 0.000000000000000000, 0.000000000000000000, -1.000000000000000000 ) ) ;
#5618 = DIRECTION ( 'NONE',  ( 1.000000000000000000, 0.000000000000000000, 0.000000000000000000 ) ) ;
#5619 = LINE ( 'NONE', #6925, #1390 ) ;
#5620 = EDGE_CURVE ( 'NONE', #987, #2744, #1080, .T. ) ;
#5621 = LINE ( 'NONE', #2491, #2973 ) ;
#5622 = EDGE_LOOP ( 'NONE', ( #2541, #6871, #2494, #7780 ) ) ;
#5623 = ORIENTED_EDGE ( 'NONE', *, *, #4510, .F. ) ;
#5624 = CARTESIAN_POINT ( 'NONE',  ( -0.9068555274413337974, 84.22848308430722852, 0.2133414482099944276 ) ) ;
#5625 = CARTESIAN_POINT ( 'NONE',  ( 78.51452166131001320, 79.14856685720401686, 2.250000000000000000 ) ) ;
#5626 = CARTESIAN_POINT ( 'NONE',  ( 121.3122790047357284, 13.69411797798555774, 3.449999999999999289 ) ) ;
#5627 = DIRECTION ( 'NONE',  ( 1.000000000000000000, 0.000000000000000000, 0.000000000000000000 ) ) ;
#5628 = ORIENTED_EDGE ( 'NONE', *, *, #1924, .F. ) ;
#5629 = ORIENTED_EDGE ( 'NONE', *, *, #2199, .F. ) ;
#5630 = CARTESIAN_POINT ( 'NONE',  ( -14.80859082457480191, -1.465830875177938308, 1.400000000000010569 ) ) ;
#5631 = ORIENTED_EDGE ( 'NONE', *, *, #518, .T. ) ;
#5632 = CARTESIAN_POINT ( 'NONE',  ( -15.04693414570207288, 81.28360048597991749, 1.266666666666701913 ) ) ;
#5633 = EDGE_CURVE ( 'NONE', #1706, #3949, #3600, .T. ) ;
#5634 = AXIS2_PLACEMENT_3D ( 'NONE', #4735, #6491, #7762 ) ;
#5635 = DIRECTION ( 'NONE',  ( 0.000000000000000000, 0.000000000000000000, -1.000000000000000000 ) ) ;
#5636 = PLANE ( 'NONE',  #132 ) ;
#5637 = VERTEX_POINT ( 'NONE', #6100 ) ;
#5638 = VECTOR ( 'NONE', #4808, 1000.000000000000000 ) ;
#5639 = ORIENTED_EDGE ( 'NONE', *, *, #370, .T. ) ;
#5640 = DIRECTION ( 'NONE',  ( -0.000000000000000000, 0.000000000000000000, 1.000000000000000000 ) ) ;
#5641 = CARTESIAN_POINT ( 'NONE',  ( 90.21227469707440605, 76.84410589528943092, -1.550000000000002709 ) ) ;
#5642 = ADVANCED_FACE ( 'NONE', ( #2354 ), #5528, .T. ) ;
#5643 = EDGE_CURVE ( 'NONE', #588, #6526, #3154, .T. ) ;
#5644 = CARTESIAN_POINT ( 'NONE',  ( 118.3122790000000322, 16.98553808041265967, 2.249999999999999556 ) ) ;
#5645 = VECTOR ( 'NONE', #6705, 1000.000000000000000 ) ;
#5646 = AXIS2_PLACEMENT_3D ( 'NONE', #6848, #5617, #6078 ) ;
#5647 = CARTESIAN_POINT ( 'NONE',  ( -16.05859082457480014, 2.864296143744255119, -3.999999999999992450 ) ) ;
#5648 = ORIENTED_EDGE ( 'NONE', *, *, #3598, .F. ) ;
#5649 = CARTESIAN_POINT ( 'NONE',  ( 67.18142950036545358, 82.04411100000002932, -2.199999999999999734 ) ) ;
#5650 = ORIENTED_EDGE ( 'NONE', *, *, #5620, .F. ) ;
#5651 = CARTESIAN_POINT ( 'NONE',  ( -0.000000000000000000, 12.29411797798554673, -4.599999999999992539 ) ) ;
#5652 = AXIS2_PLACEMENT_3D ( 'NONE', #4743, #5883, #7855 ) ;
#5653 = VERTEX_POINT ( 'NONE', #7449 ) ;
#5654 = FACE_OUTER_BOUND ( 'NONE', #4837, .T. ) ;
#5655 = FACE_OUTER_BOUND ( 'NONE', #6364, .T. ) ;
#5656 = EDGE_CURVE ( 'NONE', #1796, #2756, #2400, .T. ) ;
#5657 = AXIS2_PLACEMENT_3D ( 'NONE', #6248, #3633, #3122 ) ;
#5658 = LINE ( 'NONE', #6970, #4415 ) ;
#5659 = VECTOR ( 'NONE', #4017, 1000.000000000000000 ) ;
#5660 = VECTOR ( 'NONE', #7929, 1000.000000000000114 ) ;
#5661 = PLANE ( 'NONE',  #3226 ) ;
#5662 = CARTESIAN_POINT ( 'NONE',  ( 40.39384565921501036, -1.755885432175285921, 3.450002953554892837 ) ) ;
#5663 = ORIENTED_EDGE ( 'NONE', *, *, #7849, .F. ) ;
#5664 = ORIENTED_EDGE ( 'NONE', *, *, #6691, .F. ) ;
#5665 = VERTEX_POINT ( 'NONE', #4330 ) ;
#5666 = DIRECTION ( 'NONE',  ( 0.7071067811865440200, 0.000000000000000000, 0.7071067811865511255 ) ) ;
#5667 = EDGE_CURVE ( 'NONE', #2534, #5856, #4374, .T. ) ;
#5668 = AXIS2_PLACEMENT_3D ( 'NONE', #2819, #5336, #5044 ) ;
#5669 = CIRCLE ( 'NONE', #1205, 1.049999999999993605 ) ;
#5670 = CARTESIAN_POINT ( 'NONE',  ( -16.74128278202347886, 81.15010204606402056, 0.1075831180220617883 ) ) ;
#5671 = DIRECTION ( 'NONE',  ( 0.000000000000000000, 0.000000000000000000, -1.000000000000000000 ) ) ;
#5672 = VERTEX_POINT ( 'NONE', #1198 ) ;
#5673 = VERTEX_POINT ( 'NONE', #2434 ) ;
#5674 = DIRECTION ( 'NONE',  ( -0.000000000000000000, 0.000000000000000000, 1.000000000000000000 ) ) ;
#5675 = EDGE_LOOP ( 'NONE', ( #114, #3253, #1767, #2092, #4993, #3921, #1658, #3884, #4324, #1889, #728, #6612, #1405, #3784, #3570, #6031, #415, #1082 ) ) ;
#5676 = DIRECTION ( 'NONE',  ( -0.000000000000000000, -0.000000000000000000, -1.000000000000000000 ) ) ;
#5677 = CIRCLE ( 'NONE', #6853, 2.250000000000001776 ) ;
#5678 = AXIS2_PLACEMENT_3D ( 'NONE', #1033, #6017, #4804 ) ;
#5679 = EDGE_CURVE ( 'NONE', #2123, #3252, #6969, .T. ) ;
#5680 = CARTESIAN_POINT ( 'NONE',  ( 1.415846093656971048E-15, 25.98547018669193065, -4.599999999999992539 ) ) ;
#5681 = VECTOR ( 'NONE', #7614, 1000.000000000000114 ) ;
#5682 = DIRECTION ( 'NONE',  ( -1.000000000000000000, 9.999428271258533804E-31, 6.162975822039154730E-33 ) ) ;
#5683 = DIRECTION ( 'NONE',  ( 0.000000000000000000, 0.000000000000000000, 1.000000000000000000 ) ) ;
#5684 = VERTEX_POINT ( 'NONE', #4254 ) ;
#5685 = EDGE_CURVE ( 'NONE', #6455, #1636, #3719, .T. ) ;
#5686 = ORIENTED_EDGE ( 'NONE', *, *, #5094, .F. ) ;
#5687 = DIRECTION ( 'NONE',  ( 0.02449038266027345895, 0.9997000655982539730, -0.000000000000000000 ) ) ;
#5688 = LINE ( 'NONE', #702, #6728 ) ;
#5689 = DIRECTION ( 'NONE',  ( 0.000000000000000000, 0.000000000000000000, 1.000000000000000000 ) ) ;
#5690 = DIRECTION ( 'NONE',  ( 0.000000000000000000, -0.000000000000000000, -1.000000000000000000 ) ) ;
#5691 = ADVANCED_FACE ( 'NONE', ( #3085, #6214 ), #1114, .T. ) ;
#5692 = EDGE_LOOP ( 'NONE', ( #7139, #3157, #2886, #6657 ) ) ;
#5693 = ADVANCED_FACE ( 'NONE', ( #2471 ), #615, .F. ) ;
#5694 = DIRECTION ( 'NONE',  ( -0.000000000000000000, 1.734723475976806848E-16, 1.000000000000000000 ) ) ;
#5695 = ORIENTED_EDGE ( 'NONE', *, *, #869, .F. ) ;
#5696 = DIRECTION ( 'NONE',  ( 1.000000000000000000, 0.000000000000000000, 0.000000000000000000 ) ) ;
#5697 = ORIENTED_EDGE ( 'NONE', *, *, #3629, .F. ) ;
#5698 = LINE ( 'NONE', #3391, #2576 ) ;
#5699 = DIRECTION ( 'NONE',  ( 1.000000000000000000, 0.000000000000000000, 0.000000000000000000 ) ) ;
#5700 = DIRECTION ( 'NONE',  ( -0.7071067811865511255, -0.7071067811865439090, 0.000000000000000000 ) ) ;
#5701 = CONICAL_SURFACE ( 'NONE', #7282, 2.249999999999998668, 0.7853981633974578269 ) ;
#5702 = DIRECTION ( 'NONE',  ( -1.000000000000000000, 0.000000000000000000, 0.000000000000000000 ) ) ;
#5703 = ADVANCED_FACE ( 'NONE', ( #3752 ), #1717, .F. ) ;
#5704 = ADVANCED_FACE ( 'NONE', ( #1773 ), #5636, .F. ) ;
#5705 = DIRECTION ( 'NONE',  ( 0.000000000000000000, 0.000000000000000000, -1.000000000000000000 ) ) ;
#5706 = VERTEX_POINT ( 'NONE', #3672 ) ;
#5707 = VERTEX_POINT ( 'NONE', #1694 ) ;
#5708 = VERTEX_POINT ( 'NONE', #459 ) ;
#5709 = CARTESIAN_POINT ( 'NONE',  ( 22.66228598029827168, 78.14098492032248089, -4.599999999999992539 ) ) ;
#5710 = CARTESIAN_POINT ( 'NONE',  ( -1.399791708008358899E-05, 77.84410698035701159, -4.599999999999992539 ) ) ;
#5711 = DIRECTION ( 'NONE',  ( -0.000000000000000000, 0.000000000000000000, 1.000000000000000000 ) ) ;
#5712 = CARTESIAN_POINT ( 'NONE',  ( 6.333840999999999610, 12.63464199999999948, 3.449999999999961098 ) ) ;
#5713 = EDGE_CURVE ( 'NONE', #7667, #6597, #2970, .T. ) ;
#5714 = ORIENTED_EDGE ( 'NONE', *, *, #465, .F. ) ;
#5715 = ORIENTED_EDGE ( 'NONE', *, *, #7260, .F. ) ;
#5716 = CARTESIAN_POINT ( 'NONE',  ( 12.66226043005733892, 81.84410925728559505, -3.999999999999970690 ) ) ;
#5717 = ORIENTED_EDGE ( 'NONE', *, *, #3768, .F. ) ;
#5718 = FACE_OUTER_BOUND ( 'NONE', #6474, .T. ) ;
#5719 = CARTESIAN_POINT ( 'NONE',  ( 117.8254602383407246, -2.886456355902770277, -4.599999999999992539 ) ) ;
#5720 = CARTESIAN_POINT ( 'NONE',  ( -1.673860604187622281, 84.89751895257400349, 1.600000000000021627 ) ) ;
#5721 = AXIS2_PLACEMENT_3D ( 'NONE', #7641, #5878, #5268 ) ;
#5722 = CARTESIAN_POINT ( 'NONE',  ( 80.50782314279000218, 73.14186833868100734, -4.599999999999992539 ) ) ;
#5723 = EDGE_CURVE ( 'NONE', #4384, #1528, #6137, .T. ) ;
#5724 = ORIENTED_EDGE ( 'NONE', *, *, #4299, .T. ) ;
#5725 = ORIENTED_EDGE ( 'NONE', *, *, #4522, .T. ) ;
#5726 = DIRECTION ( 'NONE',  ( 1.000000000000000000, 0.000000000000000000, 0.000000000000000000 ) ) ;
#5727 = AXIS2_PLACEMENT_3D ( 'NONE', #7648, #7725, #6413 ) ;
#5728 = DIRECTION ( 'NONE',  ( 0.000000000000000000, 0.000000000000000000, -1.000000000000000000 ) ) ;
#5729 = CONICAL_SURFACE ( 'NONE', #7298, 4.116593073984353701, 0.5235987755982942637 ) ;
#5730 = DIRECTION ( 'NONE',  ( 1.000000000000000000, -5.448606792506972827E-17, 0.000000000000000000 ) ) ;
#5731 = ADVANCED_FACE ( 'NONE', ( #3594 ), #6093, .T. ) ;
#5732 = CIRCLE ( 'NONE', #6905, 1.697767288281998299 ) ;
#5733 = FACE_OUTER_BOUND ( 'NONE', #4045, .T. ) ;
#5734 = ORIENTED_EDGE ( 'NONE', *, *, #7513, .T. ) ;
#5735 = LINE ( 'NONE', #4636, #7912 ) ;
#5736 = VERTEX_POINT ( 'NONE', #4394 ) ;
#5737 = AXIS2_PLACEMENT_3D ( 'NONE', #2165, #883, #5992 ) ;
#5738 = CARTESIAN_POINT ( 'NONE',  ( -16.74401804078511091, 81.14931567161198700, 5.204170427930421283E-15 ) ) ;
#5739 = ORIENTED_EDGE ( 'NONE', *, *, #2729, .F. ) ;
#5740 = DIRECTION ( 'NONE',  ( 0.9999999999998941957, 4.600815822094847433E-07, 0.000000000000000000 ) ) ;
#5741 = CIRCLE ( 'NONE', #3240, 214.8027930341700937 ) ;
#5742 = DIRECTION ( 'NONE',  ( -0.7071067811865543451, 8.659560562355015442E-17, 0.7071067811865408004 ) ) ;
#5743 = FACE_OUTER_BOUND ( 'NONE', #5790, .T. ) ;
#5744 = ADVANCED_FACE ( 'NONE', ( #7948 ), #416, .F. ) ;
#5745 = AXIS2_PLACEMENT_3D ( 'NONE', #187, #7675, #7060 ) ;
#5746 = CARTESIAN_POINT ( 'NONE',  ( 119.5122720196896893, 61.31910750985031910, -2.200000000000001510 ) ) ;
#5747 = LINE ( 'NONE', #4599, #4620 ) ;
#5748 = ORIENTED_EDGE ( 'NONE', *, *, #3354, .T. ) ;
#5749 = ORIENTED_EDGE ( 'NONE', *, *, #915, .T. ) ;
#5750 = ORIENTED_EDGE ( 'NONE', *, *, #7105, .F. ) ;
#5751 = LINE ( 'NONE', #1426, #5056 ) ;
#5752 = LINE ( 'NONE', #7716, #1313 ) ;
#5753 = EDGE_CURVE ( 'NONE', #8082, #1062, #4248, .T. ) ;
#5754 = EDGE_CURVE ( 'NONE', #4565, #4935, #4838, .T. ) ;
#5755 = CARTESIAN_POINT ( 'NONE',  ( -16.74401804078511447, 81.14931567161200121, 5.204170427930421283E-15 ) ) ;
#5756 = DIRECTION ( 'NONE',  ( 0.000000000000000000, 0.000000000000000000, 1.000000000000000000 ) ) ;
#5757 = ORIENTED_EDGE ( 'NONE', *, *, #1523, .F. ) ;
#5758 = VERTEX_POINT ( 'NONE', #6131 ) ;
#5759 = FACE_OUTER_BOUND ( 'NONE', #5262, .T. ) ;
#5760 = ORIENTED_EDGE ( 'NONE', *, *, #6631, .T. ) ;
#5761 = CARTESIAN_POINT ( 'NONE',  ( 120.7349287355461058, 16.94879715256895381, 4.450000000000000178 ) ) ;
#5762 = DIRECTION ( 'NONE',  ( 0.000000000000000000, 0.000000000000000000, 1.000000000000000000 ) ) ;
#5763 = EDGE_CURVE ( 'NONE', #5274, #4505, #5522, .T. ) ;
#5764 = LINE ( 'NONE', #7570, #2518 ) ;
#5765 = CARTESIAN_POINT ( 'NONE',  ( -0.9480571194206791619, 84.20610296958986396, 0.3005147627457533388 ) ) ;
#5766 = VERTEX_POINT ( 'NONE', #5098 ) ;
#5767 = ORIENTED_EDGE ( 'NONE', *, *, #7402, .T. ) ;
#5768 = DIRECTION ( 'NONE',  ( 0.000000000000000000, 0.000000000000000000, -1.000000000000000000 ) ) ;
#5769 = CARTESIAN_POINT ( 'NONE',  ( 24.74751528910893583, -1.791093732512097692, -2.199999999999988631 ) ) ;
#5770 = VECTOR ( 'NONE', #6416, 1000.000000000000000 ) ;
#5771 = ADVANCED_FACE ( 'NONE', ( #3814 ), #25, .T. ) ;
#5772 = FACE_OUTER_BOUND ( 'NONE', #1731, .T. ) ;
#5773 = CIRCLE ( 'NONE', #6949, 32.91246774335479586 ) ;
#5774 = CIRCLE ( 'NONE', #2230, 2.749999999999988454 ) ;
#5775 = FACE_OUTER_BOUND ( 'NONE', #4984, .T. ) ;
#5776 = ORIENTED_EDGE ( 'NONE', *, *, #616, .F. ) ;
#5777 = DIRECTION ( 'NONE',  ( -0.000000000000000000, -0.000000000000000000, -1.000000000000000000 ) ) ;
#5778 = ORIENTED_EDGE ( 'NONE', *, *, #7447, .T. ) ;
#5779 = LINE ( 'NONE', #6345, #2113 ) ;
#5780 = EDGE_LOOP ( 'NONE', ( #7827, #636, #1774, #5663 ) ) ;
#5781 = CARTESIAN_POINT ( 'NONE',  ( 50.56002194904235125, -1.238605785321803987, 2.250000000000000000 ) ) ;
#5782 = AXIS2_PLACEMENT_3D ( 'NONE', #7612, #3171, #7038 ) ;
#5783 = LINE ( 'NONE', #2774, #2382 ) ;
#5784 = AXIS2_PLACEMENT_3D ( 'NONE', #5263, #273, #7801 ) ;
#5785 = LINE ( 'NONE', #920, #2262 ) ;
#5786 = AXIS2_PLACEMENT_3D ( 'NONE', #6865, #1622, #1766 ) ;
#5787 = DIRECTION ( 'NONE',  ( 0.000000000000000000, 0.000000000000000000, 1.000000000000000000 ) ) ;
#5788 = CIRCLE ( 'NONE', #3029, 2.125000000000001776 ) ;
#5789 = CARTESIAN_POINT ( 'NONE',  ( 101.3122825347106328, 14.09411798029977447, -4.599999999999992539 ) ) ;
#5790 = EDGE_LOOP ( 'NONE', ( #4159, #460 ) ) ;
#5791 = EDGE_CURVE ( 'NONE', #1535, #6600, #5060, .T. ) ;
#5792 = FACE_OUTER_BOUND ( 'NONE', #3601, .T. ) ;
#5793 = ORIENTED_EDGE ( 'NONE', *, *, #6097, .T. ) ;
#5794 = VECTOR ( 'NONE', #147, 1000.000000000000000 ) ;
#5795 = PLANE ( 'NONE',  #47 ) ;
#5796 = VECTOR ( 'NONE', #1709, 1000.000000000000000 ) ;
#5797 = AXIS2_PLACEMENT_3D ( 'NONE', #5367, #1616, #204 ) ;
#5798 = CARTESIAN_POINT ( 'NONE',  ( -16.74401653822944525, 81.14931609124089107, 0.05391590240180905297 ) ) ;
#5799 = AXIS2_PLACEMENT_3D ( 'NONE', #2898, #4847, #3561 ) ;
#5800 = CARTESIAN_POINT ( 'NONE',  ( 22.66282511920246989, 0.0001563639767652844255, -4.599999999999992539 ) ) ;
#5801 = VERTEX_POINT ( 'NONE', #3626 ) ;
#5802 = ORIENTED_EDGE ( 'NONE', *, *, #1763, .F. ) ;
#5803 = DIRECTION ( 'NONE',  ( 1.000000000000000000, 0.000000000000000000, 0.000000000000000000 ) ) ;
#5804 = EDGE_CURVE ( 'NONE', #321, #7662, #4764, .T. ) ;
#5805 = ORIENTED_EDGE ( 'NONE', *, *, #2232, .F. ) ;
#5806 = DIRECTION ( 'NONE',  ( 0.9999999999999837907, 1.798198724426027898E-07, 3.652049423109068813E-15 ) ) ;
#5807 = EDGE_CURVE ( 'NONE', #6899, #6909, #1218, .T. ) ;
#5808 = CIRCLE ( 'NONE', #1195, 32.91246774335479586 ) ;
#5809 = CARTESIAN_POINT ( 'NONE',  ( 22.86227900000000091, 60.09411099999999806, 1.750000000000020650 ) ) ;
#5810 = CARTESIAN_POINT ( 'NONE',  ( 20.09026621665517354, -1.796668418921559374, -2.199999999999988187 ) ) ;
#5811 = DIRECTION ( 'NONE',  ( 0.000000000000000000, 0.000000000000000000, 1.000000000000000000 ) ) ;
#5812 = CIRCLE ( 'NONE', #7120, 1.849999999999990541 ) ;
#5813 = ORIENTED_EDGE ( 'NONE', *, *, #3097, .T. ) ;
#5814 = VECTOR ( 'NONE', #7773, 1000.000000000000000 ) ;
#5815 = ORIENTED_EDGE ( 'NONE', *, *, #1483, .T. ) ;
#5816 = CARTESIAN_POINT ( 'NONE',  ( -20.16772100000000378, 77.67724262499595511, 3.449999999999999289 ) ) ;
#5817 = EDGE_CURVE ( 'NONE', #588, #4376, #5017, .T. ) ;
#5818 = CARTESIAN_POINT ( 'NONE',  ( 45.91227899999999806, 24.49411100000000019, 4.450000000000000178 ) ) ;
#5819 = LINE ( 'NONE', #6511, #1004 ) ;
#5820 = ORIENTED_EDGE ( 'NONE', *, *, #7455, .F. ) ;
#5821 = DIRECTION ( 'NONE',  ( -0.000000000000000000, 0.000000000000000000, 1.000000000000000000 ) ) ;
#5822 = EDGE_CURVE ( 'NONE', #7590, #3637, #7362, .T. ) ;
#5823 = FACE_OUTER_BOUND ( 'NONE', #2458, .T. ) ;
#5824 = EDGE_LOOP ( 'NONE', ( #8100, #446, #3962, #7869 ) ) ;
#5825 = CARTESIAN_POINT ( 'NONE',  ( 50.66227847799189021, 20.49496587405799275, -4.599999999999992539 ) ) ;
#5826 = DIRECTION ( 'NONE',  ( 0.000000000000000000, 0.000000000000000000, 1.000000000000000000 ) ) ;
#5827 = DIRECTION ( 'NONE',  ( 1.000000000000000000, 0.000000000000000000, 0.000000000000000000 ) ) ;
#5828 = FACE_OUTER_BOUND ( 'NONE', #3078, .T. ) ;
#5829 = ADVANCED_FACE ( 'NONE', ( #1292 ), #788, .T. ) ;
#5830 = ORIENTED_EDGE ( 'NONE', *, *, #3446, .T. ) ;
#5831 = ORIENTED_EDGE ( 'NONE', *, *, #5804, .T. ) ;
#5832 = ORIENTED_EDGE ( 'NONE', *, *, #1585, .T. ) ;
#5833 = DIRECTION ( 'NONE',  ( -1.000000000000000000, 0.000000000000000000, 0.000000000000000000 ) ) ;
#5834 = CARTESIAN_POINT ( 'NONE',  ( 85.66227469707440889, 76.84410589528944513, -3.999999999999992450 ) ) ;
#5835 = AXIS2_PLACEMENT_3D ( 'NONE', #1022, #3541, #6044 ) ;
#5836 = CARTESIAN_POINT ( 'NONE',  ( -15.21261271217199251, 80.38260183936769465, 0.4913595795411151990 ) ) ;
#5837 = DIRECTION ( 'NONE',  ( 1.000000000000000000, 0.000000000000000000, 0.000000000000000000 ) ) ;
#5838 = ORIENTED_EDGE ( 'NONE', *, *, #1112, .T. ) ;
#5839 = ORIENTED_EDGE ( 'NONE', *, *, #7651, .F. ) ;
#5840 = FACE_BOUND ( 'NONE', #7800, .T. ) ;
#5841 = EDGE_LOOP ( 'NONE', ( #611, #2053, #6962, #6645 ) ) ;
#5842 = CARTESIAN_POINT ( 'NONE',  ( 116.6145216613000457, 71.14856685720401686, 2.250000000000000000 ) ) ;
#5843 = DIRECTION ( 'NONE',  ( 0.9997000655982576367, -0.02449038266012669787, 0.000000000000000000 ) ) ;
#5844 = CARTESIAN_POINT ( 'NONE',  ( 4.083840999999999610, 12.63464199999999948, 1.349999999999999867 ) ) ;
#5845 = EDGE_CURVE ( 'NONE', #6899, #2680, #3, .T. ) ;
#5846 = DIRECTION ( 'NONE',  ( 6.899580080555519496E-06, -0.9999999999761978176, 0.000000000000000000 ) ) ;
#5847 = EDGE_LOOP ( 'NONE', ( #6157, #2166, #1718, #2566, #5830, #5157, #4572, #5906, #3261, #6998, #5441, #2975, #4099, #3298, #2963, #3117, #4346, #1048 ) ) ;
#5848 = ORIENTED_EDGE ( 'NONE', *, *, #541, .F. ) ;
#5849 = CARTESIAN_POINT ( 'NONE',  ( 121.3122790047357284, 13.69411797798555774, -4.599999999999992539 ) ) ;
#5850 = CARTESIAN_POINT ( 'NONE',  ( -5.548071889116351407, -14.87273028169756550, -4.599999999999992539 ) ) ;
#5851 = ADVANCED_FACE ( 'NONE', ( #2930 ), #453, .F. ) ;
#5852 = ADVANCED_FACE ( 'NONE', ( #5449 ), #3431, .F. ) ;
#5853 = VECTOR ( 'NONE', #3104, 1000.000000000000000 ) ;
#5854 = DIRECTION ( 'NONE',  ( 0.9999999999999206191, 3.984065844824414605E-07, 0.000000000000000000 ) ) ;
#5855 = AXIS2_PLACEMENT_3D ( 'NONE', #5192, #765, #33 ) ;
#5856 = VERTEX_POINT ( 'NONE', #2348 ) ;
#5857 = DIRECTION ( 'NONE',  ( -1.288939664294365706E-07, 0.9999999999999916733, 0.000000000000000000 ) ) ;
#5858 = CARTESIAN_POINT ( 'NONE',  ( 80.21227201969415432, 79.14098492032252352, -4.599999999999992539 ) ) ;
#5859 = ORIENTED_EDGE ( 'NONE', *, *, #8017, .F. ) ;
#5860 = ORIENTED_EDGE ( 'NONE', *, *, #6156, .F. ) ;
#5861 = DIRECTION ( 'NONE',  ( 1.000000000000000000, 0.000000000000000000, 0.000000000000000000 ) ) ;
#5862 = CARTESIAN_POINT ( 'NONE',  ( 6.333840999999999610, 12.63464199999999948, 4.450000000000000178 ) ) ;
#5863 = VECTOR ( 'NONE', #5053, 1000.000000000000000 ) ;
#5864 = DIRECTION ( 'NONE',  ( 0.000000000000000000, 0.000000000000000000, 1.000000000000000000 ) ) ;
#5865 = VECTOR ( 'NONE', #7315, 1000.000000000000000 ) ;
#5866 = ADVANCED_FACE ( 'NONE', ( #4872 ), #1842, .F. ) ;
#5867 = DIRECTION ( 'NONE',  ( 1.000000000000000000, 0.000000000000000000, 0.000000000000000000 ) ) ;
#5868 = DIRECTION ( 'NONE',  ( -0.000000000000000000, -0.000000000000000000, 1.000000000000000000 ) ) ;
#5869 = ORIENTED_EDGE ( 'NONE', *, *, #5438, .F. ) ;
#5870 = VECTOR ( 'NONE', #3178, 1000.000000000000000 ) ;
#5871 = LINE ( 'NONE', #2735, #4578 ) ;
#5872 = ORIENTED_EDGE ( 'NONE', *, *, #785, .F. ) ;
#5873 = VERTEX_POINT ( 'NONE', #7796 ) ;
#5874 = CARTESIAN_POINT ( 'NONE',  ( 16.61226043005723696, 81.84411015638494291, -4.599999999999992539 ) ) ;
#5875 = PLANE ( 'NONE',  #2247 ) ;
#5876 = EDGE_CURVE ( 'NONE', #7999, #5477, #5747, .T. ) ;
#5877 = CARTESIAN_POINT ( 'NONE',  ( 6.362499814916871443, -11.02017306925233697, -4.599999999999992539 ) ) ;
#5878 = DIRECTION ( 'NONE',  ( 0.000000000000000000, 0.000000000000000000, -1.000000000000000000 ) ) ;
#5879 = VERTEX_POINT ( 'NONE', #2733 ) ;
#5880 = ORIENTED_EDGE ( 'NONE', *, *, #421, .T. ) ;
#5881 = LINE ( 'NONE', #7151, #7100 ) ;
#5882 = ORIENTED_EDGE ( 'NONE', *, *, #966, .F. ) ;
#5883 = DIRECTION ( 'NONE',  ( 0.000000000000000000, -1.000000000000000000, 0.000000000000000000 ) ) ;
#5884 = CARTESIAN_POINT ( 'NONE',  ( -15.01872873519181084, 80.52868659269509521, 0.5808498451888818304 ) ) ;
#5885 = DIRECTION ( 'NONE',  ( 0.9999144385346806496, 0.01308111653775047289, 0.000000000000000000 ) ) ;
#5886 = DIRECTION ( 'NONE',  ( 0.000000000000000000, -1.000000000000000000, 0.000000000000000000 ) ) ;
#5887 = ORIENTED_EDGE ( 'NONE', *, *, #5299, .T. ) ;
#5888 = DIRECTION ( 'NONE',  ( -1.000000000000000000, 9.999428271258533804E-31, 6.162975822039154730E-33 ) ) ;
#5889 = ORIENTED_EDGE ( 'NONE', *, *, #6861, .T. ) ;
#5890 = CYLINDRICAL_SURFACE ( 'NONE', #2492, 2.250000000000001776 ) ;
#5891 = EDGE_CURVE ( 'NONE', #4467, #43, #267, .T. ) ;
#5892 = CARTESIAN_POINT ( 'NONE',  ( -18.16772100000000023, 16.98547018669192710, -2.199999999999991740 ) ) ;
#5893 = ORIENTED_EDGE ( 'NONE', *, *, #2176, .F. ) ;
#5894 = DIRECTION ( 'NONE',  ( 2.317727722690345654E-06, -0.9999999999973140374, 0.000000000000000000 ) ) ;
#5895 = VERTEX_POINT ( 'NONE', #5789 ) ;
#5896 = DIRECTION ( 'NONE',  ( -1.000000000000000000, 0.000000000000000000, 0.000000000000000000 ) ) ;
#5897 = FACE_OUTER_BOUND ( 'NONE', #3399, .T. ) ;
#5898 = ADVANCED_FACE ( 'NONE', ( #719, #4685 ), #4561, .T. ) ;
#5899 = ORIENTED_EDGE ( 'NONE', *, *, #2778, .T. ) ;
#5900 = VERTEX_POINT ( 'NONE', #2040 ) ;
#5901 = EDGE_CURVE ( 'NONE', #3516, #6831, #1422, .T. ) ;
#5902 = DIRECTION ( 'NONE',  ( 0.9997000655982564155, 0.02449038266017687301, -0.000000000000000000 ) ) ;
#5903 = DIRECTION ( 'NONE',  ( 0.000000000000000000, 0.000000000000000000, 1.000000000000000000 ) ) ;
#5904 = CARTESIAN_POINT ( 'NONE',  ( 17.66226043005725899, 81.84411015638494291, -3.999999999999992450 ) ) ;
#5905 = CYLINDRICAL_SURFACE ( 'NONE', #4496, 9.395313679645688865 ) ;
#5906 = ORIENTED_EDGE ( 'NONE', *, *, #568, .F. ) ;
#5907 = DIRECTION ( 'NONE',  ( 1.000000000000000000, 0.000000000000000000, 0.000000000000000000 ) ) ;
#5908 = VERTEX_POINT ( 'NONE', #1505 ) ;
#5909 = ORIENTED_EDGE ( 'NONE', *, *, #3314, .T. ) ;
#5910 = ADVANCED_FACE ( 'NONE', ( #5828 ), #101, .F. ) ;
#5911 = DIRECTION ( 'NONE',  ( 0.7071067811865366926, 8.659560562354799738E-17, -0.7071067811865584529 ) ) ;
#5912 = LINE ( 'NONE', #274, #6448 ) ;
#5913 = DIRECTION ( 'NONE',  ( 1.000000000000000000, 0.000000000000000000, 0.000000000000000000 ) ) ;
#5914 = CIRCLE ( 'NONE', #3421, 1.875000000000001776 ) ;
#5915 = CIRCLE ( 'NONE', #5646, 2.250000000000000444 ) ;
#5916 = DIRECTION ( 'NONE',  ( -1.000000000000000000, 0.000000000000000000, 0.000000000000000000 ) ) ;
#5917 = ORIENTED_EDGE ( 'NONE', *, *, #3750, .T. ) ;
#5918 = AXIS2_PLACEMENT_3D ( 'NONE', #8101, #6241, #533 ) ;
#5919 = ORIENTED_EDGE ( 'NONE', *, *, #4059, .T. ) ;
#5920 = CARTESIAN_POINT ( 'NONE',  ( 99.06227900000000375, 53.59411099999999806, 4.450000000000000178 ) ) ;
#5921 = ORIENTED_EDGE ( 'NONE', *, *, #4981, .F. ) ;
#5922 = CARTESIAN_POINT ( 'NONE',  ( 61.16367833426492240, 81.09556294374071683, 2.249999999999999556 ) ) ;
#5923 = VECTOR ( 'NONE', #3942, 1000.000000000000000 ) ;
#5924 = EDGE_CURVE ( 'NONE', #7121, #557, #4020, .T. ) ;
#5925 = CARTESIAN_POINT ( 'NONE',  ( 80.32716506643608056, 1.967833231367132063, -4.599999999999992539 ) ) ;
#5926 = VECTOR ( 'NONE', #895, 1000.000000000000000 ) ;
#5927 = AXIS2_PLACEMENT_3D ( 'NONE', #5572, #4214, #7376 ) ;
#5928 = AXIS2_PLACEMENT_3D ( 'NONE', #4433, #6927, #680 ) ;
#5929 = FACE_OUTER_BOUND ( 'NONE', #5353, .T. ) ;
#5930 = AXIS2_PLACEMENT_3D ( 'NONE', #7012, #1337, #6350 ) ;
#5931 = VECTOR ( 'NONE', #7461, 1000.000000000000000 ) ;
#5932 = DIRECTION ( 'NONE',  ( -0.000000000000000000, 0.000000000000000000, 1.000000000000000000 ) ) ;
#5933 = ORIENTED_EDGE ( 'NONE', *, *, #4555, .F. ) ;
#5934 = CARTESIAN_POINT ( 'NONE',  ( 41.71227899999999522, 84.15268391958798588, -4.599999999999992539 ) ) ;
#5935 = VERTEX_POINT ( 'NONE', #185 ) ;
#5936 = CARTESIAN_POINT ( 'NONE',  ( -19.36772099999999952, 16.98547018669192710, -2.199999999999991740 ) ) ;
#5937 = CONICAL_SURFACE ( 'NONE', #1200, 1.250000000000001110, 0.7853981633974459475 ) ;
#5938 = CARTESIAN_POINT ( 'NONE',  ( 0.000000000000000000, 80.84411100000002648, -4.599999999999992539 ) ) ;
#5939 = AXIS2_PLACEMENT_3D ( 'NONE', #7262, #3605, #5461 ) ;
#5940 = VECTOR ( 'NONE', #735, 1000.000000000000227 ) ;
#5941 = ADVANCED_FACE ( 'NONE', ( #3857 ), #3356, .F. ) ;
#5942 = ORIENTED_EDGE ( 'NONE', *, *, #2777, .F. ) ;
#5943 = DIRECTION ( 'NONE',  ( 1.000000000000000000, 0.000000000000000000, 0.000000000000000000 ) ) ;
#5944 = ORIENTED_EDGE ( 'NONE', *, *, #5667, .T. ) ;
#5945 = DIRECTION ( 'NONE',  ( -5.448606792506972210E-17, -1.000000000000000000, 0.000000000000000000 ) ) ;
#5946 = DIRECTION ( 'NONE',  ( -1.000000000000000000, 0.000000000000000000, 0.000000000000000000 ) ) ;
#5947 = ORIENTED_EDGE ( 'NONE', *, *, #2849, .T. ) ;
#5948 = LINE ( 'NONE', #6601, #7694 ) ;
#5949 = CIRCLE ( 'NONE', #4116, 2.250000000000001776 ) ;
#5950 = LINE ( 'NONE', #7629, #6592 ) ;
#5951 = EDGE_CURVE ( 'NONE', #5895, #5935, #6525, .T. ) ;
#5952 = EDGE_CURVE ( 'NONE', #1266, #7285, #3700, .T. ) ;
#5953 = DIRECTION ( 'NONE',  ( 0.000000000000000000, 0.000000000000000000, -1.000000000000000000 ) ) ;
#5954 = CARTESIAN_POINT ( 'NONE',  ( 121.3122720203380283, 71.13595499523700028, -4.599999999999992539 ) ) ;
#5955 = ORIENTED_EDGE ( 'NONE', *, *, #307, .F. ) ;
#5956 = CARTESIAN_POINT ( 'NONE',  ( 6.362499814916871443, -11.02017306925233697, -4.599999999999992539 ) ) ;
#5957 = ORIENTED_EDGE ( 'NONE', *, *, #6460, .F. ) ;
#5958 = ORIENTED_EDGE ( 'NONE', *, *, #5601, .T. ) ;
#5959 = LINE ( 'NONE', #4691, #259 ) ;
#5960 = DIRECTION ( 'NONE',  ( 0.000000000000000000, 0.000000000000000000, -1.000000000000000000 ) ) ;
#5961 = CARTESIAN_POINT ( 'NONE',  ( -2.207708320887843190, -12.50045673065321417, -4.599999999999992539 ) ) ;
#5962 = EDGE_CURVE ( 'NONE', #2409, #2437, #2122, .T. ) ;
#5963 = EDGE_CURVE ( 'NONE', #2008, #5142, #6056, .T. ) ;
#5964 = DIRECTION ( 'NONE',  ( 0.000000000000000000, 0.000000000000000000, 1.000000000000000000 ) ) ;
#5965 = ORIENTED_EDGE ( 'NONE', *, *, #5509, .F. ) ;
#5966 = EDGE_LOOP ( 'NONE', ( #7266, #2517, #4985, #7382 ) ) ;
#5967 = FACE_OUTER_BOUND ( 'NONE', #7161, .T. ) ;
#5968 = VERTEX_POINT ( 'NONE', #7017 ) ;
#5969 = CARTESIAN_POINT ( 'NONE',  ( 97.93727900000000375, 34.54411100000000090, 3.450000000000012612 ) ) ;
#5970 = CARTESIAN_POINT ( 'NONE',  ( -15.60859082457482394, 2.864296143744255119, -3.999999999999992450 ) ) ;
#5971 = DIRECTION ( 'NONE',  ( 0.9999999999999916733, 1.288939664294365441E-07, -0.000000000000000000 ) ) ;
#5972 = ADVANCED_FACE ( 'NONE', ( #3396 ), #5905, .F. ) ;
#5973 = CIRCLE ( 'NONE', #1892, 1.875000000000001776 ) ;
#5974 = CARTESIAN_POINT ( 'NONE',  ( 1.794959694563302399, -6.698880921515043774, -4.599999999999992539 ) ) ;
#5975 = EDGE_LOOP ( 'NONE', ( #3274, #552 ) ) ;
#5976 = CARTESIAN_POINT ( 'NONE',  ( -1.370691879198684848, 83.97334480047676664, 0.5924198576682667694 ) ) ;
#5977 = ORIENTED_EDGE ( 'NONE', *, *, #606, .T. ) ;
#5978 = FACE_OUTER_BOUND ( 'NONE', #2329, .T. ) ;
#5979 = DIRECTION ( 'NONE',  ( -0.000000000000000000, -0.000000000000000000, -1.000000000000000000 ) ) ;
#5980 = ADVANCED_FACE ( 'NONE', ( #1381 ), #5937, .F. ) ;
#5981 = ORIENTED_EDGE ( 'NONE', *, *, #373, .F. ) ;
#5982 = FACE_OUTER_BOUND ( 'NONE', #949, .T. ) ;
#5983 = ORIENTED_EDGE ( 'NONE', *, *, #5822, .F. ) ;
#5984 = DIRECTION ( 'NONE',  ( -0.000000000000000000, -0.000000000000000000, -1.000000000000000000 ) ) ;
#5985 = DIRECTION ( 'NONE',  ( 0.8660254037843801989, 0.000000000000000000, 0.5000000000001013634 ) ) ;
#5986 = DIRECTION ( 'NONE',  ( 1.000000000000000000, 0.000000000000000000, 0.000000000000000000 ) ) ;
#5987 = CARTESIAN_POINT ( 'NONE',  ( 101.3122825347106328, 14.09411798029977447, -2.199999999999991296 ) ) ;
#5988 = VECTOR ( 'NONE', #7718, 1000.000000000000000 ) ;
#5989 = DIRECTION ( 'NONE',  ( 0.000000000000000000, -1.000000000000000000, 0.000000000000000000 ) ) ;
#5990 = CARTESIAN_POINT ( 'NONE',  ( -0.8174995461380004658, -14.72110310617223838, 4.116666720893409348 ) ) ;
#5991 = ORIENTED_EDGE ( 'NONE', *, *, #6145, .F. ) ;
#5992 = DIRECTION ( 'NONE',  ( 1.000000000000000000, 0.000000000000000000, 0.000000000000000000 ) ) ;
#5993 = ORIENTED_EDGE ( 'NONE', *, *, #5633, .F. ) ;
#5994 = VERTEX_POINT ( 'NONE', #804 ) ;
#5995 = DIRECTION ( 'NONE',  ( -1.798198673297330110E-07, 0.9999999999999839018, 0.000000000000000000 ) ) ;
#5996 = VECTOR ( 'NONE', #1421, 1000.000000000000114 ) ;
#5997 = ADVANCED_FACE ( 'NONE', ( #3320 ), #2079, .F. ) ;
#5998 = CARTESIAN_POINT ( 'NONE',  ( 75.81228330292589135, 19.29411698796796415, -3.999999999999968914 ) ) ;
#5999 = DIRECTION ( 'NONE',  ( -0.000000000000000000, 0.000000000000000000, 1.000000000000000000 ) ) ;
#6000 = CONICAL_SURFACE ( 'NONE', #4429, 2.250000000000000444, 0.7853981633974583820 ) ;
#6001 = DIRECTION ( 'NONE',  ( 0.000000000000000000, 0.000000000000000000, 1.000000000000000000 ) ) ;
#6002 = ORIENTED_EDGE ( 'NONE', *, *, #5876, .T. ) ;
#6003 = ORIENTED_EDGE ( 'NONE', *, *, #7944, .T. ) ;
#6004 = VERTEX_POINT ( 'NONE', #1668 ) ;
#6005 = CARTESIAN_POINT ( 'NONE',  ( 43.66227899999999806, 24.49411100000000019, 1.750000000000023759 ) ) ;
#6006 = CARTESIAN_POINT ( 'NONE',  ( 22.86227900000000091, 60.09411099999999806, 1.750000000000020650 ) ) ;
#6007 = AXIS2_PLACEMENT_3D ( 'NONE', #5223, #4146, #6610 ) ;
#6008 = ADVANCED_FACE ( 'NONE', ( #2821 ), #2945, .F. ) ;
#6009 = EDGE_CURVE ( 'NONE', #4783, #532, #3488, .T. ) ;
#6010 = LINE ( 'NONE', #7814, #5814 ) ;
#6011 = LINE ( 'NONE', #7244, #4458 ) ;
#6012 = VERTEX_POINT ( 'NONE', #3568 ) ;
#6013 = CARTESIAN_POINT ( 'NONE',  ( -0.9933669382336188791, 84.18147343621292578, 0.3675246187245792551 ) ) ;
#6014 = VERTEX_POINT ( 'NONE', #5339 ) ;
#6015 = CARTESIAN_POINT ( 'NONE',  ( 59.47085191958734640, 85.84411100000001227, -4.599999999999992539 ) ) ;
#6016 = EDGE_CURVE ( 'NONE', #2173, #324, #6027, .T. ) ;
#6017 = DIRECTION ( 'NONE',  ( 0.9999999999993206545, 1.165657147201231097E-06, -0.000000000000000000 ) ) ;
#6018 = VERTEX_POINT ( 'NONE', #3448 ) ;
#6019 = LINE ( 'NONE', #6779, #6576 ) ;
#6020 = ORIENTED_EDGE ( 'NONE', *, *, #2019, .F. ) ;
#6021 = CARTESIAN_POINT ( 'NONE',  ( -13.55859082457480369, -1.465830875177938308, -1.550000000000002709 ) ) ;
#6022 = PLANE ( 'NONE',  #5300 ) ;
#6023 = EDGE_CURVE ( 'NONE', #5801, #7504, #4227, .T. ) ;
#6024 = DIRECTION ( 'NONE',  ( 1.000000000000000000, 0.000000000000000000, 0.000000000000000000 ) ) ;
#6025 = DIRECTION ( 'NONE',  ( 1.000000000000000000, 0.000000000000000000, 0.000000000000000000 ) ) ;
#6026 = CARTESIAN_POINT ( 'NONE',  ( 6.995627292624884679E-07, -1.755901525349087278, -4.599999999999992539 ) ) ;
#6027 = LINE ( 'NONE', #3609, #1989 ) ;
#6028 = ORIENTED_EDGE ( 'NONE', *, *, #1420, .F. ) ;
#6029 = CARTESIAN_POINT ( 'NONE',  ( 54.62223551787489129, 17.50926467435967027, 4.450000000000000178 ) ) ;
#6030 = EDGE_LOOP ( 'NONE', ( #2906, #5063, #1775, #4274 ) ) ;
#6031 = ORIENTED_EDGE ( 'NONE', *, *, #699, .F. ) ;
#6032 = CARTESIAN_POINT ( 'NONE',  ( 99.06227900000000375, 53.59411099999999806, 1.750000000000017097 ) ) ;
#6033 = CARTESIAN_POINT ( 'NONE',  ( 22.57418217683190420, -2.373436572324036931, -2.199999999999988631 ) ) ;
#6034 = CIRCLE ( 'NONE', #3129, 3.300000000000007816 ) ;
#6035 = DIRECTION ( 'NONE',  ( 0.000000000000000000, -1.000000000000000000, 0.000000000000000000 ) ) ;
#6036 = DIRECTION ( 'NONE',  ( 0.000000000000000000, 0.000000000000000000, -1.000000000000000000 ) ) ;
#6037 = ADVANCED_FACE ( 'NONE', ( #6564 ), #968, .T. ) ;
#6038 = DIRECTION ( 'NONE',  ( 1.000000000000000000, 0.000000000000000000, 0.000000000000000000 ) ) ;
#6039 = AXIS2_PLACEMENT_3D ( 'NONE', #1238, #3055, #6791 ) ;
#6040 = ORIENTED_EDGE ( 'NONE', *, *, #128, .F. ) ;
#6041 = ORIENTED_EDGE ( 'NONE', *, *, #616, .T. ) ;
#6042 = ORIENTED_EDGE ( 'NONE', *, *, #7556, .F. ) ;
#6043 = DIRECTION ( 'NONE',  ( 0.000000000000000000, 0.000000000000000000, 1.000000000000000000 ) ) ;
#6044 = DIRECTION ( 'NONE',  ( 0.000000000000000000, -1.000000000000000000, 0.000000000000000000 ) ) ;
#6045 = AXIS2_PLACEMENT_3D ( 'NONE', #477, #6683, #6762 ) ;
#6046 = CARTESIAN_POINT ( 'NONE',  ( 121.3122811893314008, 1.563642109909617922E-05, -4.599999999999992539 ) ) ;
#6047 = VECTOR ( 'NONE', #5195, 1000.000000000000000 ) ;
#6048 = EDGE_CURVE ( 'NONE', #2321, #2895, #5417, .T. ) ;
#6049 = DIRECTION ( 'NONE',  ( 0.000000000000000000, 0.000000000000000000, 1.000000000000000000 ) ) ;
#6050 = EDGE_CURVE ( 'NONE', #1537, #5144, #1632, .T. ) ;
#6051 = ORIENTED_EDGE ( 'NONE', *, *, #6232, .T. ) ;
#6052 = DIRECTION ( 'NONE',  ( 1.000000000000000000, 0.000000000000000000, -0.000000000000000000 ) ) ;
#6053 = CIRCLE ( 'NONE', #7891, 2.249999999999995115 ) ;
#6054 = ORIENTED_EDGE ( 'NONE', *, *, #3337, .F. ) ;
#6055 = FACE_OUTER_BOUND ( 'NONE', #5622, .T. ) ;
#6056 = CIRCLE ( 'NONE', #2504, 2.125000000000029754 ) ;
#6057 = AXIS2_PLACEMENT_3D ( 'NONE', #4605, #4733, #355 ) ;
#6058 = DIRECTION ( 'NONE',  ( 1.000000000000000000, 0.000000000000000000, 0.000000000000000000 ) ) ;
#6059 = EDGE_CURVE ( 'NONE', #3645, #628, #7879, .T. ) ;
#6060 = VECTOR ( 'NONE', #2114, 1000.000000000000000 ) ;
#6061 = EDGE_LOOP ( 'NONE', ( #1696, #1083, #1101, #2994 ) ) ;
#6062 = ORIENTED_EDGE ( 'NONE', *, *, #4031, .T. ) ;
#6063 = FACE_BOUND ( 'NONE', #1189, .T. ) ;
#6064 = PRESENTATION_LAYER_ASSIGNMENT (  '', '', ( #3576 ) ) ;
#6065 = LINE ( 'NONE', #2284, #2255 ) ;
#6066 = CARTESIAN_POINT ( 'NONE',  ( 61.16246856241581042, 0.0001428680500498684261, -4.599999999999992539 ) ) ;
#6067 = CIRCLE ( 'NONE', #1075, 0.4500000000000337064 ) ;
#6068 = AXIS2_PLACEMENT_3D ( 'NONE', #7726, #1310, #6500 ) ;
#6069 = CARTESIAN_POINT ( 'NONE',  ( 61.16246856241581042, 0.0001428680500498684261, -4.599999999999992539 ) ) ;
#6070 = EDGE_CURVE ( 'NONE', #5994, #778, #7904, .T. ) ;
#6071 = LINE ( 'NONE', #469, #2979 ) ;
#6073 = AXIS2_PLACEMENT_3D ( 'NONE', #3759, #1206, #3092 ) ;
#6072 = DIRECTION ( 'NONE',  ( 0.000000000000000000, 0.000000000000000000, -1.000000000000000000 ) ) ;
#6074 = ORIENTED_EDGE ( 'NONE', *, *, #1750, .T. ) ;
#6075 = CIRCLE ( 'NONE', #555, 214.8027930341700937 ) ;
#6076 = LINE ( 'NONE', #1824, #1323 ) ;
#6077 = ORIENTED_EDGE ( 'NONE', *, *, #7601, .F. ) ;
#6078 = DIRECTION ( 'NONE',  ( -1.000000000000000000, 0.000000000000000000, 0.000000000000000000 ) ) ;
#6079 = DIRECTION ( 'NONE',  ( -1.000000000000000000, 2.621889260516956749E-16, -0.000000000000000000 ) ) ;
#6080 = VECTOR ( 'NONE', #4, 1000.000000000000114 ) ;
#6081 = DIRECTION ( 'NONE',  ( -1.000000000000000000, 0.000000000000000000, 0.000000000000000000 ) ) ;
#6082 = CARTESIAN_POINT ( 'NONE',  ( -1.153408264979441267, 84.09381348073880247, 0.5114776841375882066 ) ) ;
#6083 = EDGE_CURVE ( 'NONE', #914, #2310, #1592, .T. ) ;
#6084 = LINE ( 'NONE', #563, #2051 ) ;
#6085 = ORIENTED_EDGE ( 'NONE', *, *, #6083, .F. ) ;
#6086 = ORIENTED_EDGE ( 'NONE', *, *, #2141, .T. ) ;
#6087 = VERTEX_POINT ( 'NONE', #4061 ) ;
#6088 = CARTESIAN_POINT ( 'NONE',  ( -0.7424391367779539230, 85.09157477710407136, 1.305097747965169530 ) ) ;
#6089 = DIRECTION ( 'NONE',  ( 0.02449038266017611321, -0.9997000655982564155, 0.000000000000000000 ) ) ;
#6090 = CARTESIAN_POINT ( 'NONE',  ( 30.51227900000001014, 80.84411100000002648, 2.249999999999999556 ) ) ;
#6091 = CARTESIAN_POINT ( 'NONE',  ( 13.91226043005733715, 81.84410925728559505, -2.149999999999970601 ) ) ;
#6092 = VERTEX_POINT ( 'NONE', #5382 ) ;
#6093 = PLANE ( 'NONE',  #6307 ) ;
#6094 = VERTEX_POINT ( 'NONE', #7962 ) ;
#6095 = CARTESIAN_POINT ( 'NONE',  ( -13.55859082457480369, -1.465830875177938308, -3.999999999999970690 ) ) ;
#6096 = EDGE_LOOP ( 'NONE', ( #1681, #3009, #7059, #461 ) ) ;
#6097 = EDGE_CURVE ( 'NONE', #4935, #4882, #800, .T. ) ;
#6098 = AXIS2_PLACEMENT_3D ( 'NONE', #2343, #4239, #1142 ) ;
#6099 = DIRECTION ( 'NONE',  ( 0.000000000000000000, 0.000000000000000000, -1.000000000000000000 ) ) ;
#6100 = CARTESIAN_POINT ( 'NONE',  ( 118.3091271459327203, 16.85687905692685007, 2.249999999999999556 ) ) ;
#6101 = VERTEX_POINT ( 'NONE', #386 ) ;
#6102 = ORIENTED_EDGE ( 'NONE', *, *, #1284, .F. ) ;
#6103 = LINE ( 'NONE', #4846, #1701 ) ;
#6104 = FACE_OUTER_BOUND ( 'NONE', #404, .T. ) ;
#6105 = EDGE_CURVE ( 'NONE', #6568, #683, #5012, .T. ) ;
#6106 = EDGE_CURVE ( 'NONE', #5289, #7285, #6678, .T. ) ;
#6107 = CARTESIAN_POINT ( 'NONE',  ( -2.937125132992000953, -10.96753045566000218, -4.599999999999992539 ) ) ;
#6108 = CARTESIAN_POINT ( 'NONE',  ( 53.66227900109225146, -0.3558820217042209522, 3.450002953554892837 ) ) ;
#6109 = DIRECTION ( 'NONE',  ( -1.000000000000000000, 0.000000000000000000, 0.000000000000000000 ) ) ;
#6110 = ORIENTED_EDGE ( 'NONE', *, *, #2456, .F. ) ;
#6111 = CARTESIAN_POINT ( 'NONE',  ( 2.026404518837212620, 82.71805134740756671, -4.599999999999992539 ) ) ;
#6112 = ORIENTED_EDGE ( 'NONE', *, *, #5963, .F. ) ;
#6113 = DIRECTION ( 'NONE',  ( 1.000000000000000000, 0.000000000000000000, 0.000000000000000000 ) ) ;
#6114 = CYLINDRICAL_SURFACE ( 'NONE', #4354, 1.125000000000000888 ) ;
#6115 = ADVANCED_FACE ( 'NONE', ( #4815 ), #4727, .T. ) ;
#6116 = CARTESIAN_POINT ( 'NONE',  ( -14.98792543319481396, 80.55175526387748164, 0.5878443859367288304 ) ) ;
#6117 = CARTESIAN_POINT ( 'NONE',  ( 53.46030958398000621, 20.49838296832900397, 2.250000000000000000 ) ) ;
#6118 = VECTOR ( 'NONE', #734, 1000.000000000000227 ) ;
#6119 = ORIENTED_EDGE ( 'NONE', *, *, #4041, .F. ) ;
#6120 = VERTEX_POINT ( 'NONE', #7219 ) ;
#6121 = AXIS2_PLACEMENT_3D ( 'NONE', #73, #5671, #2546 ) ;
#6122 = EDGE_LOOP ( 'NONE', ( #6478, #5612, #5186, #2411 ) ) ;
#6123 = DIRECTION ( 'NONE',  ( 1.000000000000000000, 0.000000000000000000, 0.000000000000000000 ) ) ;
#6124 = DIRECTION ( 'NONE',  ( 1.000000000000000000, 0.000000000000000000, 0.000000000000000000 ) ) ;
#6125 = EDGE_CURVE ( 'NONE', #2023, #2201, #4180, .T. ) ;
#6126 = VECTOR ( 'NONE', #1707, 1000.000000000000114 ) ;
#6127 = DIRECTION ( 'NONE',  ( -6.515814840609249079E-08, 0.4999999999999901190, 0.8660254037844420383 ) ) ;
#6128 = AXIS2_PLACEMENT_3D ( 'NONE', #923, #7218, #1504 ) ;
#6129 = DIRECTION ( 'NONE',  ( 0.5000000044812192845, -0.8660254011972053911, 0.000000000000000000 ) ) ;
#6130 = VERTEX_POINT ( 'NONE', #4851 ) ;
#6131 = CARTESIAN_POINT ( 'NONE',  ( 73.93728330292589135, 19.29411698796796415, -1.550000000000002709 ) ) ;
#6132 = ORIENTED_EDGE ( 'NONE', *, *, #7155, .F. ) ;
#6133 = CARTESIAN_POINT ( 'NONE',  ( -11.01773275234657312, 77.84410499915229309, -2.699999999999993072 ) ) ;
#6134 = VECTOR ( 'NONE', #5539, 1000.000000000000000 ) ;
#6135 = SURFACE_SIDE_STYLE ('',( #2397 ) ) ;
#6136 = FACE_BOUND ( 'NONE', #170, .T. ) ;
#6137 = LINE ( 'NONE', #3007, #7368 ) ;
#6138 = ORIENTED_EDGE ( 'NONE', *, *, #976, .T. ) ;
#6139 = EDGE_CURVE ( 'NONE', #3499, #1125, #7337, .T. ) ;
#6140 = VERTEX_POINT ( 'NONE', #1869 ) ;
#6141 = CARTESIAN_POINT ( 'NONE',  ( -19.36772099999999597, 51.23547018669193420, -2.199999999999995293 ) ) ;
#6142 = CARTESIAN_POINT ( 'NONE',  ( 80.50915292031832848, 72.84410401968662541, 2.249999999999999556 ) ) ;
#6143 = DIRECTION ( 'NONE',  ( 1.000000000000000000, 0.000000000000000000, 0.000000000000000000 ) ) ;
#6144 = DIRECTION ( 'NONE',  ( -0.4999999999999956701, 0.000000000000000000, -0.8660254037844411501 ) ) ;
#6145 = EDGE_CURVE ( 'NONE', #6297, #5994, #625, .T. ) ;
#6146 = ORIENTED_EDGE ( 'NONE', *, *, #4908, .T. ) ;
#6147 = EDGE_CURVE ( 'NONE', #2219, #995, #7459, .T. ) ;
#6148 = LINE ( 'NONE', #4931, #1461 ) ;
#6149 = VERTEX_POINT ( 'NONE', #2410 ) ;
#6150 = CARTESIAN_POINT ( 'NONE',  ( 84.76227469707440321, 76.84410589528944513, -3.999999999999992450 ) ) ;
#6151 = ORIENTED_EDGE ( 'NONE', *, *, #4770, .T. ) ;
#6152 = DIRECTION ( 'NONE',  ( -0.000000000000000000, 0.000000000000000000, 1.000000000000000000 ) ) ;
#6153 = CARTESIAN_POINT ( 'NONE',  ( 14.51226043005732969, 81.84410925728559505, -1.550000000000002709 ) ) ;
#6154 = CARTESIAN_POINT ( 'NONE',  ( 116.6091529203252861, 15.29411798029975955, -4.599999999999992539 ) ) ;
#6155 = CARTESIAN_POINT ( 'NONE',  ( -16.50859082457478166, 2.864296143744255119, -3.999999999999992450 ) ) ;
#6156 = EDGE_CURVE ( 'NONE', #6101, #3147, #544, .T. ) ;
#6157 = ORIENTED_EDGE ( 'NONE', *, *, #6446, .T. ) ;
#6158 = ORIENTED_EDGE ( 'NONE', *, *, #528, .T. ) ;
#6159 = CARTESIAN_POINT ( 'NONE',  ( -1.111139571657498770, 85.01527587376331496, 1.499656784741619120 ) ) ;
#6160 = CIRCLE ( 'NONE', #2631, 2.749999999999988454 ) ;
#6161 = DIRECTION ( 'NONE',  ( -0.000000000000000000, 0.000000000000000000, 1.000000000000000000 ) ) ;
#6162 = CARTESIAN_POINT ( 'NONE',  ( -16.57304651273539164, 81.19839072360223042, 0.7200191239706805746 ) ) ;
#6163 = AXIS2_PLACEMENT_3D ( 'NONE', #2273, #5932, #7775 ) ;
#6164 = CARTESIAN_POINT ( 'NONE',  ( 121.3122811893314008, 1.563642109909617922E-05, -4.599999999999992539 ) ) ;
#6165 = EDGE_CURVE ( 'NONE', #7572, #5155, #6191, .T. ) ;
#6166 = ORIENTED_EDGE ( 'NONE', *, *, #7377, .T. ) ;
#6167 = DIRECTION ( 'NONE',  ( 0.000000000000000000, 0.000000000000000000, -1.000000000000000000 ) ) ;
#6168 = ORIENTED_EDGE ( 'NONE', *, *, #7961, .T. ) ;
#6169 = CARTESIAN_POINT ( 'NONE',  ( 20.40084906455487257, -2.955779412135975726, -2.199999999999988187 ) ) ;
#6170 = AXIS2_PLACEMENT_3D ( 'NONE', #4676, #1000, #7333 ) ;
#6171 = LINE ( 'NONE', #6743, #5414 ) ;
#6172 = DIRECTION ( 'NONE',  ( 5.448606792506972827E-17, 1.000000000000000000, 0.000000000000000000 ) ) ;
#6173 = DIRECTION ( 'NONE',  ( 1.000000000000000000, 0.000000000000000000, 0.000000000000000000 ) ) ;
#6174 = VECTOR ( 'NONE', #6211, 1000.000000000000000 ) ;
#6175 = ORIENTED_EDGE ( 'NONE', *, *, #6501, .F. ) ;
#6176 = VECTOR ( 'NONE', #6322, 999.9999999999998863 ) ;
#6177 = EDGE_LOOP ( 'NONE', ( #6347, #1228 ) ) ;
#6178 = CARTESIAN_POINT ( 'NONE',  ( 101.3122790000000037, 34.54411100000000090, 1.750000000000017097 ) ) ;
#6179 = FACE_OUTER_BOUND ( 'NONE', #2698, .T. ) ;
#6180 = AXIS2_PLACEMENT_3D ( 'NONE', #5478, #4942, #6123 ) ;
#6181 = LINE ( 'NONE', #6220, #4778 ) ;
#6182 = EDGE_CURVE ( 'NONE', #5908, #6374, #8080, .T. ) ;
#6183 = VECTOR ( 'NONE', #6476, 1000.000000000000000 ) ;
#6184 = VECTOR ( 'NONE', #2488, 1000.000000000000000 ) ;
#6185 = DIRECTION ( 'NONE',  ( 0.9659258276786805153, 0.2588190399164175814, -4.489794645727878022E-17 ) ) ;
#6186 = ORIENTED_EDGE ( 'NONE', *, *, #835, .T. ) ;
#6187 = DIRECTION ( 'NONE',  ( 0.000000000000000000, 0.000000000000000000, -1.000000000000000000 ) ) ;
#6188 = VERTEX_POINT ( 'NONE', #4424 ) ;
#6189 = FACE_BOUND ( 'NONE', #6177, .T. ) ;
#6190 = ORIENTED_EDGE ( 'NONE', *, *, #290, .F. ) ;
#6191 = CIRCLE ( 'NONE', #8036, 2.250000000000001776 ) ;
#6192 = CARTESIAN_POINT ( 'NONE',  ( 119.5122720196896893, 26.81910750985032621, -2.199999999999996625 ) ) ;
#6193 = CARTESIAN_POINT ( 'NONE',  ( 63.05759138113731410, 12.87146126918945477, 4.450000000000000178 ) ) ;
#6194 = CYLINDRICAL_SURFACE ( 'NONE', #994, 1.125000000000000888 ) ;
#6195 = EDGE_CURVE ( 'NONE', #4713, #7405, #1822, .T. ) ;
#6196 = EDGE_CURVE ( 'NONE', #3849, #322, #7249, .T. ) ;
#6197 = VECTOR ( 'NONE', #6850, 1000.000000000000114 ) ;
#6198 = CARTESIAN_POINT ( 'NONE',  ( 22.86227900000000091, 60.09411099999999806, 1.349999999999999867 ) ) ;
#6199 = ORIENTED_EDGE ( 'NONE', *, *, #6668, .T. ) ;
#6200 = VERTEX_POINT ( 'NONE', #6918 ) ;
#6201 = DIRECTION ( 'NONE',  ( 0.9999999999999914513, 1.303162954756303595E-07, 0.000000000000000000 ) ) ;
#6202 = CARTESIAN_POINT ( 'NONE',  ( 78.51452166131001320, 79.14856685720401686, -4.599999999999992539 ) ) ;
#6203 = EDGE_CURVE ( 'NONE', #7405, #7489, #7421, .T. ) ;
#6204 = EDGE_CURVE ( 'NONE', #2173, #6014, #3706, .T. ) ;
#6205 = CARTESIAN_POINT ( 'NONE',  ( -15.69375568558297296, 81.44835735874633542, 1.501695159612720376 ) ) ;
#6206 = CARTESIAN_POINT ( 'NONE',  ( -16.86772099999999597, 77.67724262499595511, -4.599999999999992539 ) ) ;
#6207 = ORIENTED_EDGE ( 'NONE', *, *, #1980, .F. ) ;
#6208 = VERTEX_POINT ( 'NONE', #6258 ) ;
#6209 = CARTESIAN_POINT ( 'NONE',  ( 17.66226043005725899, 81.84411015638494291, -3.999999999999992450 ) ) ;
#6210 = VERTEX_POINT ( 'NONE', #3684 ) ;
#6211 = DIRECTION ( 'NONE',  ( 0.000000000000000000, 0.000000000000000000, 1.000000000000000000 ) ) ;
#6212 = EDGE_CURVE ( 'NONE', #4370, #391, #5808, .T. ) ;
#6213 = LINE ( 'NONE', #5526, #1999 ) ;
#6214 = FACE_BOUND ( 'NONE', #2347, .T. ) ;
#6215 = VERTEX_POINT ( 'NONE', #3764 ) ;
#6216 = EDGE_LOOP ( 'NONE', ( #7592, #2972, #1568, #838 ) ) ;
#6217 = CARTESIAN_POINT ( 'NONE',  ( 12.66226043005733892, 81.84410925728559505, 4.450000000000000178 ) ) ;
#6218 = CARTESIAN_POINT ( 'NONE',  ( -2.939168329610156061, -10.97058647013408894, 3.449999999999999289 ) ) ;
#6219 = ADVANCED_FACE ( 'NONE', ( #3096 ), #2256, .T. ) ;
#6220 = CARTESIAN_POINT ( 'NONE',  ( 80.21227900000002364, 73.15268391958734640, -4.599999999999992539 ) ) ;
#6221 = CARTESIAN_POINT ( 'NONE',  ( 22.86227900000000091, 60.09411099999999806, 4.450000000000000178 ) ) ;
#6222 = ORIENTED_EDGE ( 'NONE', *, *, #7934, .T. ) ;
#6223 = CARTESIAN_POINT ( 'NONE',  ( -15.46773317386870161, 80.18824006237402102, -9.399999999999993250 ) ) ;
#6224 = ORIENTED_EDGE ( 'NONE', *, *, #344, .T. ) ;
#6225 = FACE_OUTER_BOUND ( 'NONE', #330, .T. ) ;
#6226 = ORIENTED_EDGE ( 'NONE', *, *, #5891, .T. ) ;
#6227 = DIRECTION ( 'NONE',  ( 1.000000000000000000, -5.448606792506972827E-17, 0.000000000000000000 ) ) ;
#6228 = CARTESIAN_POINT ( 'NONE',  ( -15.43359082457480369, -1.465830875177938086, 4.450000000000000178 ) ) ;
#6229 = CARTESIAN_POINT ( 'NONE',  ( -12.91773275234654506, 77.84410465749452612, -4.599999999999992539 ) ) ;
#6230 = PLANE ( 'NONE',  #7826 ) ;
#6231 = VERTEX_POINT ( 'NONE', #3646 ) ;
#6232 = EDGE_CURVE ( 'NONE', #8119, #6722, #6148, .T. ) ;
#6233 = ORIENTED_EDGE ( 'NONE', *, *, #614, .F. ) ;
#6234 = CARTESIAN_POINT ( 'NONE',  ( -0.8687334286194938748, 84.24911442781120741, 0.03986881294556488681 ) ) ;
#6235 = CARTESIAN_POINT ( 'NONE',  ( 79.81087966573605286, 23.04265905622177257, 2.249999999999999556 ) ) ;
#6236 = FACE_OUTER_BOUND ( 'NONE', #7602, .T. ) ;
#6237 = CIRCLE ( 'NONE', #5855, 0.2977672882960475942 ) ;
#6238 = CARTESIAN_POINT ( 'NONE',  ( -18.16772099999999668, 76.15268391958780114, -4.599999999999992539 ) ) ;
#6239 = ORIENTED_EDGE ( 'NONE', *, *, #2991, .T. ) ;
#6240 = ORIENTED_EDGE ( 'NONE', *, *, #1271, .T. ) ;
#6241 = DIRECTION ( 'NONE',  ( 0.000000000000000000, 0.000000000000000000, 1.000000000000000000 ) ) ;
#6242 = EDGE_CURVE ( 'NONE', #3537, #6004, #7764, .T. ) ;
#6243 = ORIENTED_EDGE ( 'NONE', *, *, #5, .T. ) ;
#6244 = DIRECTION ( 'NONE',  ( -0.7071067811865440200, 8.659560562354890950E-17, 0.7071067811865511255 ) ) ;
#6245 = EDGE_CURVE ( 'NONE', #4407, #228, #668, .T. ) ;
#6246 = AXIS2_PLACEMENT_3D ( 'NONE', #7261, #1627, #963 ) ;
#6247 = FACE_OUTER_BOUND ( 'NONE', #4361, .T. ) ;
#6248 = CARTESIAN_POINT ( 'NONE',  ( -13.55859082457480369, -1.465830875177938308, -2.149999999999971045 ) ) ;
#6249 = ORIENTED_EDGE ( 'NONE', *, *, #5152, .F. ) ;
#6250 = VECTOR ( 'NONE', #5245, 1000.000000000000227 ) ;
#6251 = ORIENTED_EDGE ( 'NONE', *, *, #59, .T. ) ;
#6252 = DIRECTION ( 'NONE',  ( -5.448606792506972210E-17, -1.000000000000000000, 0.000000000000000000 ) ) ;
#6253 = ADVANCED_FACE ( 'NONE', ( #7501 ), #1244, .T. ) ;
#6254 = PLANE ( 'NONE',  #1215 ) ;
#6255 = FACE_OUTER_BOUND ( 'NONE', #4360, .T. ) ;
#6256 = DIRECTION ( 'NONE',  ( 0.000000000000000000, 0.000000000000000000, 1.000000000000000000 ) ) ;
#6257 = ORIENTED_EDGE ( 'NONE', *, *, #6625, .F. ) ;
#6258 = CARTESIAN_POINT ( 'NONE',  ( 118.3122720196896722, 71.14098492032255194, -4.599999999999992539 ) ) ;
#6259 = EDGE_CURVE ( 'NONE', #5653, #1651, #3018, .T. ) ;
#6260 = ORIENTED_EDGE ( 'NONE', *, *, #2519, .T. ) ;
#6261 = DIRECTION ( 'NONE',  ( 1.000000000000000000, 0.000000000000000000, 0.000000000000000000 ) ) ;
#6262 = ORIENTED_EDGE ( 'NONE', *, *, #2583, .T. ) ;
#6263 = LINE ( 'NONE', #5781, #7834 ) ;
#6264 = DIRECTION ( 'NONE',  ( -0.000000000000000000, 0.000000000000000000, 1.000000000000000000 ) ) ;
#6265 = DIRECTION ( 'NONE',  ( -1.000000000000000000, 0.000000000000000000, -0.000000000000000000 ) ) ;
#6266 = CARTESIAN_POINT ( 'NONE',  ( 4.208840999999970300, 12.63464199999999948, 4.450000000000000178 ) ) ;
#6267 = DIRECTION ( 'NONE',  ( 1.000000000000000000, 0.000000000000000000, 0.000000000000000000 ) ) ;
#6268 = EDGE_LOOP ( 'NONE', ( #1018, #6062, #5993, #5695 ) ) ;
#6269 = CARTESIAN_POINT ( 'NONE',  ( 120.7349305465053533, 2.898804754615158075, 4.450000000000000178 ) ) ;
#6270 = ORIENTED_EDGE ( 'NONE', *, *, #823, .F. ) ;
#6271 = DIRECTION ( 'NONE',  ( -0.02449038266020053117, -0.9997000655982558603, 0.000000000000000000 ) ) ;
#6272 = CARTESIAN_POINT ( 'NONE',  ( -15.05721893931861821, 80.49979394957908596, 0.5696237037445206486 ) ) ;
#6273 = ADVANCED_FACE ( 'NONE', ( #4305 ), #3965, .F. ) ;
#6274 = DIRECTION ( 'NONE',  ( -1.000000000000000000, 5.448606792506972827E-17, 0.000000000000000000 ) ) ;
#6275 = ORIENTED_EDGE ( 'NONE', *, *, #7961, .F. ) ;
#6276 = ORIENTED_EDGE ( 'NONE', *, *, #7465, .F. ) ;
#6277 = DIRECTION ( 'NONE',  ( 0.000000000000000000, 0.000000000000000000, -1.000000000000000000 ) ) ;
#6278 = ORIENTED_EDGE ( 'NONE', *, *, #6125, .T. ) ;
#6279 = LINE ( 'NONE', #4448, #3696 ) ;
#6280 = DIRECTION ( 'NONE',  ( 0.02449038266012669440, 0.9997000655982575257, 0.000000000000000000 ) ) ;
#6281 = VECTOR ( 'NONE', #5484, 1000.000000000000000 ) ;
#6282 = CARTESIAN_POINT ( 'NONE',  ( -11.05859082457480369, -5.795957894100131291, -3.999999999999992450 ) ) ;
#6283 = EDGE_CURVE ( 'NONE', #2219, #2217, #4968, .T. ) ;
#6284 = EDGE_CURVE ( 'NONE', #6741, #7133, #2032, .T. ) ;
#6285 = CARTESIAN_POINT ( 'NONE',  ( 6.523089043225319905, -10.26079017137426064, 4.450000000000000178 ) ) ;
#6286 = VERTEX_POINT ( 'NONE', #7663 ) ;
#6287 = VECTOR ( 'NONE', #4335, 1000.000000000000000 ) ;
#6288 = VERTEX_POINT ( 'NONE', #2070 ) ;
#6289 = LINE ( 'NONE', #5169, #3939 ) ;
#6290 = CARTESIAN_POINT ( 'NONE',  ( 12.66226043005733892, 81.84410925728559505, -1.550000000000002709 ) ) ;
#6291 = CARTESIAN_POINT ( 'NONE',  ( 81.37504705689889306, 15.29726285406799313, 2.249999999999999556 ) ) ;
#6292 = CIRCLE ( 'NONE', #4746, 1.125000000000000888 ) ;
#6293 = EDGE_CURVE ( 'NONE', #3434, #2201, #4359, .T. ) ;
#6294 = AXIS2_PLACEMENT_3D ( 'NONE', #7507, #7425, #2368 ) ;
#6295 = CIRCLE ( 'NONE', #7358, 1.250000000000001110 ) ;
#6296 = DIRECTION ( 'NONE',  ( -1.000000000000000000, 0.000000000000000000, 0.000000000000000000 ) ) ;
#6297 = VERTEX_POINT ( 'NONE', #3309 ) ;
#6298 = CARTESIAN_POINT ( 'NONE',  ( 4.747940987644062361, -8.707939123547880911, 2.250000000000000000 ) ) ;
#6299 = CIRCLE ( 'NONE', #2635, 1.125000000000000888 ) ;
#6300 = ORIENTED_EDGE ( 'NONE', *, *, #4653, .F. ) ;
#6301 = CARTESIAN_POINT ( 'NONE',  ( -16.33710463020054249, 81.26587379185630766, 1.069090095833286291 ) ) ;
#6302 = CIRCLE ( 'NONE', #4484, 1.697767288287466148 ) ;
#6303 = ORIENTED_EDGE ( 'NONE', *, *, #6156, .T. ) ;
#6304 = DIRECTION ( 'NONE',  ( 0.1756638410490431457, 0.4681262809839741856, -0.8660254037844442587 ) ) ;
#6305 = CARTESIAN_POINT ( 'NONE',  ( 59.59951094318634546, 85.84095914592992926, -4.599999999999992539 ) ) ;
#6306 = CIRCLE ( 'NONE', #3699, 2.899999999999995914 ) ;
#6307 = AXIS2_PLACEMENT_3D ( 'NONE', #634, #7514, #3001 ) ;
#6308 = FACE_OUTER_BOUND ( 'NONE', #5344, .T. ) ;
#6309 = EDGE_CURVE ( 'NONE', #4675, #3753, #2513, .T. ) ;
#6310 = VECTOR ( 'NONE', #7386, 1000.000000000000000 ) ;
#6311 = FACE_OUTER_BOUND ( 'NONE', #2211, .T. ) ;
#6312 = DIRECTION ( 'NONE',  ( -1.000000000000000000, 0.000000000000000000, 0.000000000000000000 ) ) ;
#6313 = AXIS2_PLACEMENT_3D ( 'NONE', #3486, #6719, #6109 ) ;
#6314 = ORIENTED_EDGE ( 'NONE', *, *, #1809, .F. ) ;
#6315 = DIRECTION ( 'NONE',  ( -0.8660254037844358210, -1.116254493224312270E-07, -0.4999999999999923950 ) ) ;
#6316 = ORIENTED_EDGE ( 'NONE', *, *, #6023, .F. ) ;
#6317 = DIRECTION ( 'NONE',  ( -1.000000000000000000, 9.999428271258533804E-31, 6.162975822039154730E-33 ) ) ;
#6318 =( NAMED_UNIT ( * ) PLANE_ANGLE_UNIT ( ) SI_UNIT ( $, .RADIAN. ) );
#6319 = VECTOR ( 'NONE', #2038, 1000.000000000000000 ) ;
#6320 = EDGE_CURVE ( 'NONE', #7683, #4536, #3573, .T. ) ;
#6321 = CIRCLE ( 'NONE', #5550, 2.250000000000001776 ) ;
#6322 = DIRECTION ( 'NONE',  ( -0.9997000655982564155, 0.02449038266017894427, 0.000000000000000000 ) ) ;
#6323 = DIRECTION ( 'NONE',  ( 0.7071067811865412445, 0.000000000000000000, 0.7071067811865537900 ) ) ;
#6324 = ORIENTED_EDGE ( 'NONE', *, *, #6105, .T. ) ;
#6325 = ORIENTED_EDGE ( 'NONE', *, *, #2068, .F. ) ;
#6326 = DIRECTION ( 'NONE',  ( 1.000000000000000000, 0.000000000000000000, 0.000000000000000000 ) ) ;
#6327 = EDGE_LOOP ( 'NONE', ( #7766, #5748 ) ) ;
#6328 = CARTESIAN_POINT ( 'NONE',  ( -5.317732932166530979, 78.84410602412555136, -4.599999999999991651 ) ) ;
#6329 = AXIS2_PLACEMENT_3D ( 'NONE', #2969, #4047, #3084 ) ;
#6330 = ADVANCED_FACE ( 'NONE', ( #7581 ), #3347, .F. ) ;
#6331 = CARTESIAN_POINT ( 'NONE',  ( 41.71228598029826173, 81.14098492032248089, -4.599999999999992539 ) ) ;
#6332 = AXIS2_PLACEMENT_3D ( 'NONE', #2439, #4961, #7453 ) ;
#6333 = CARTESIAN_POINT ( 'NONE',  ( -9.171200995274940491E-05, 80.84403429840453725, -4.599999999999992539 ) ) ;
#6334 = DIRECTION ( 'NONE',  ( 1.000000000000000000, 0.000000000000000000, 0.000000000000000000 ) ) ;
#6335 = ORIENTED_EDGE ( 'NONE', *, *, #2817, .T. ) ;
#6336 = ORIENTED_EDGE ( 'NONE', *, *, #6492, .F. ) ;
#6337 = CYLINDRICAL_SURFACE ( 'NONE', #3281, 2.250000000000000444 ) ;
#6338 = CARTESIAN_POINT ( 'NONE',  ( 2.137393917630148632, 87.24865059544093526, 2.250000000000000000 ) ) ;
#6339 = EDGE_CURVE ( 'NONE', #557, #6477, #5248, .T. ) ;
#6340 = CARTESIAN_POINT ( 'NONE',  ( 0.4233304863394237172, 17.28039617979027653, 2.250000000000000000 ) ) ;
#6341 = DIRECTION ( 'NONE',  ( 0.7071069083383826337, -0.7071066540346895302, 0.000000000000000000 ) ) ;
#6342 = ORIENTED_EDGE ( 'NONE', *, *, #5924, .F. ) ;
#6343 = CARTESIAN_POINT ( 'NONE',  ( -15.46773317386870161, 80.18824006237409208, 6.722053469410127491E-15 ) ) ;
#6344 = ORIENTED_EDGE ( 'NONE', *, *, #912, .T. ) ;
#6345 = CARTESIAN_POINT ( 'NONE',  ( 20.71078854344781206, -0.5073673135349873187, -4.599999999999992539 ) ) ;
#6346 = ADVANCED_FACE ( 'NONE', ( #177 ), #3387, .F. ) ;
#6347 = ORIENTED_EDGE ( 'NONE', *, *, #6945, .T. ) ;
#6348 = EDGE_CURVE ( 'NONE', #5373, #7374, #6475, .T. ) ;
#6349 = DIRECTION ( 'NONE',  ( 0.000000000000000000, 0.000000000000000000, -1.000000000000000000 ) ) ;
#6350 = DIRECTION ( 'NONE',  ( 1.000000000000000000, 0.000000000000000000, 0.000000000000000000 ) ) ;
#6351 = CARTESIAN_POINT ( 'NONE',  ( 67.18142950036545358, 82.04411100000002932, -2.199999999999999734 ) ) ;
#6352 = VECTOR ( 'NONE', #1261, 1000.000000000000114 ) ;
#6353 = DIRECTION ( 'NONE',  ( -5.322106441609202775E-17, 1.000000000000000000, -0.000000000000000000 ) ) ;
#6354 = CARTESIAN_POINT ( 'NONE',  ( 101.3122825347106186, -1.031918875620298537E-13, -4.599999999999992539 ) ) ;
#6355 = VERTEX_POINT ( 'NONE', #2111 ) ;
#6356 = ORIENTED_EDGE ( 'NONE', *, *, #5633, .T. ) ;
#6357 = ORIENTED_EDGE ( 'NONE', *, *, #2141, .F. ) ;
#6358 = EDGE_CURVE ( 'NONE', #4534, #1352, #5735, .T. ) ;
#6359 = DIRECTION ( 'NONE',  ( -1.000000000000000000, 0.000000000000000000, 0.000000000000000000 ) ) ;
#6360 = DIRECTION ( 'NONE',  ( -1.000000000000000000, 0.000000000000000000, 0.000000000000000000 ) ) ;
#6361 = CARTESIAN_POINT ( 'NONE',  ( -15.16348966081785044, 80.41974610064900730, 0.5223996852907082378 ) ) ;
#6362 = DIRECTION ( 'NONE',  ( -0.000000000000000000, -0.000000000000000000, -1.000000000000000000 ) ) ;
#6363 = ORIENTED_EDGE ( 'NONE', *, *, #3841, .F. ) ;
#6364 = EDGE_LOOP ( 'NONE', ( #5623, #3702, #2294, #8044 ) ) ;
#6365 = CARTESIAN_POINT ( 'NONE',  ( 6.131560172023388152E-29, 61.31910750985031910, -4.599999999999992539 ) ) ;
#6366 = VERTEX_POINT ( 'NONE', #7047 ) ;
#6367 = VERTEX_POINT ( 'NONE', #7007 ) ;
#6368 = CARTESIAN_POINT ( 'NONE',  ( 99.06227900000000375, 34.54411100000000090, 4.450000000000000178 ) ) ;
#6369 = EDGE_CURVE ( 'NONE', #5196, #1917, #7131, .T. ) ;
#6370 = DIRECTION ( 'NONE',  ( 0.000000000000000000, 0.000000000000000000, 1.000000000000000000 ) ) ;
#6371 = DIRECTION ( 'NONE',  ( -0.9999999999999837907, -1.798198685725204770E-07, -0.000000000000000000 ) ) ;
#6372 = AXIS2_PLACEMENT_3D ( 'NONE', #1687, #7401, #4200 ) ;
#6373 = DIRECTION ( 'NONE',  ( 1.000000000000000000, 0.000000000000000000, 0.000000000000000000 ) ) ;
#6374 = VERTEX_POINT ( 'NONE', #6343 ) ;
#6375 = VERTEX_POINT ( 'NONE', #1371 ) ;
#6376 = DIRECTION ( 'NONE',  ( 0.000000000000000000, 0.000000000000000000, -1.000000000000000000 ) ) ;
#6377 = AXIS2_PLACEMENT_3D ( 'NONE', #839, #3441, #4592 ) ;
#6378 = EDGE_CURVE ( 'NONE', #322, #3849, #806, .T. ) ;
#6379 = LINE ( 'NONE', #7576, #4790 ) ;
#6380 = AXIS2_PLACEMENT_3D ( 'NONE', #7137, #2779, #967 ) ;
#6381 = LINE ( 'NONE', #6340, #6720 ) ;
#6382 = AXIS2_PLACEMENT_3D ( 'NONE', #3315, #6966, #713 ) ;
#6383 = AXIS2_PLACEMENT_3D ( 'NONE', #6916, #3846, #1242 ) ;
#6384 = EDGE_CURVE ( 'NONE', #7713, #2549, #2688, .T. ) ;
#6385 = FACE_OUTER_BOUND ( 'NONE', #851, .T. ) ;
#6386 = ORIENTED_EDGE ( 'NONE', *, *, #5172, .F. ) ;
#6387 = DIRECTION ( 'NONE',  ( -0.000000000000000000, -1.000000000000000000, -0.000000000000000000 ) ) ;
#6388 = VERTEX_POINT ( 'NONE', #5210 ) ;
#6389 = DIRECTION ( 'NONE',  ( -0.1405902569719985618, 0.4798274477815338002, -0.8660254037844425934 ) ) ;
#6390 = ORIENTED_EDGE ( 'NONE', *, *, #128, .T. ) ;
#6391 = CARTESIAN_POINT ( 'NONE',  ( -7.036517315624389186E-06, 15.29406433057294556, 2.250000000000000000 ) ) ;
#6392 = AXIS2_PLACEMENT_3D ( 'NONE', #4674, #7082, #5943 ) ;
#6393 = CARTESIAN_POINT ( 'NONE',  ( -12.30859082457480369, -1.465830875177938086, -3.999999999999970690 ) ) ;
#6394 = DIRECTION ( 'NONE',  ( -3.043374519257507218E-16, -5.472592058247344732E-23, 1.000000000000000000 ) ) ;
#6395 = EDGE_CURVE ( 'NONE', #6094, #8065, #7506, .T. ) ;
#6396 = EDGE_CURVE ( 'NONE', #4376, #8140, #2263, .T. ) ;
#6397 = AXIS2_PLACEMENT_3D ( 'NONE', #3192, #3859, #2616 ) ;
#6398 = CARTESIAN_POINT ( 'NONE',  ( -20.16772100000000023, 26.58547018669192852, -3.199999999999991740 ) ) ;
#6399 = DIRECTION ( 'NONE',  ( 1.000000000000000000, 0.000000000000000000, 0.000000000000000000 ) ) ;
#6400 = ORIENTED_EDGE ( 'NONE', *, *, #6378, .T. ) ;
#6401 = PLANE ( 'NONE',  #6397 ) ;
#6402 = VERTEX_POINT ( 'NONE', #1412 ) ;
#6403 = CARTESIAN_POINT ( 'NONE',  ( 61.16227900000001938, 81.15268391958792904, 2.249999999999999556 ) ) ;
#6404 = CARTESIAN_POINT ( 'NONE',  ( 96.81228253471061862, 14.09411798029977980, -2.199999999999991296 ) ) ;
#6405 = CARTESIAN_POINT ( 'NONE',  ( -16.68737112461559491, 81.16559246141768824, 0.4243259552089371223 ) ) ;
#6406 = EDGE_CURVE ( 'NONE', #987, #3299, #7701, .T. ) ;
#6407 = DIRECTION ( 'NONE',  ( 0.000000000000000000, 0.000000000000000000, 1.000000000000000000 ) ) ;
#6408 = ORIENTED_EDGE ( 'NONE', *, *, #7057, .T. ) ;
#6409 = ORIENTED_EDGE ( 'NONE', *, *, #4522, .F. ) ;
#6410 = CARTESIAN_POINT ( 'NONE',  ( -24.16772100000000378, 26.58547018669192852, -2.599999999999992095 ) ) ;
#6411 = ORIENTED_EDGE ( 'NONE', *, *, #3194, .T. ) ;
#6412 = FACE_BOUND ( 'NONE', #6506, .T. ) ;
#6413 = DIRECTION ( 'NONE',  ( 1.000000000000000000, 8.697394104017287137E-16, 0.000000000000000000 ) ) ;
#6414 = DIRECTION ( 'NONE',  ( -1.000000000000000000, 0.000000000000000000, 0.000000000000000000 ) ) ;
#6415 = EDGE_CURVE ( 'NONE', #2163, #4898, #791, .T. ) ;
#6416 = DIRECTION ( 'NONE',  ( -0.000000000000000000, -0.000000000000000000, -1.000000000000000000 ) ) ;
#6417 = EDGE_LOOP ( 'NONE', ( #6335, #3778, #3754, #5294 ) ) ;
#6418 = ORIENTED_EDGE ( 'NONE', *, *, #6561, .F. ) ;
#6419 = DIRECTION ( 'NONE',  ( -0.000000000000000000, -0.000000000000000000, -1.000000000000000000 ) ) ;
#6420 = CARTESIAN_POINT ( 'NONE',  ( 31.43860974639945383, 1.244110999999999079, -4.599999999999992539 ) ) ;
#6421 = VECTOR ( 'NONE', #5439, 1000.000000000000000 ) ;
#6422 = CARTESIAN_POINT ( 'NONE',  ( 119.5122720196896893, 29.06910750985032621, -2.199999999999997069 ) ) ;
#6423 = EDGE_CURVE ( 'NONE', #4871, #5564, #2361, .T. ) ;
#6424 = VECTOR ( 'NONE', #4053, 1000.000000000000000 ) ;
#6425 = CARTESIAN_POINT ( 'NONE',  ( 118.0689104308284811, 75.81721716060667404, 3.449999999999999289 ) ) ;
#6426 = ORIENTED_EDGE ( 'NONE', *, *, #1325, .F. ) ;
#6427 = CARTESIAN_POINT ( 'NONE',  ( 0.4233304863394237172, 17.28039617979027653, -4.599999999999992539 ) ) ;
#6428 = ORIENTED_EDGE ( 'NONE', *, *, #1601, .T. ) ;
#6429 = CARTESIAN_POINT ( 'NONE',  ( 22.86227900000000091, 60.09411099999999806, 3.449999999999961986 ) ) ;
#6430 = EDGE_LOOP ( 'NONE', ( #6986, #7051, #3972, #7655 ) ) ;
#6431 = PLANE ( 'NONE',  #2318 ) ;
#6432 = CIRCLE ( 'NONE', #4879, 2.250000000000001776 ) ;
#6433 = VECTOR ( 'NONE', #8002, 1000.000000000000000 ) ;
#6434 = LINE ( 'NONE', #6521, #7252 ) ;
#6435 = CONICAL_SURFACE ( 'NONE', #4884, 0.4500000000000059508, 0.7853981633974619347 ) ;
#6436 = CIRCLE ( 'NONE', #6007, 1.697619465708140485 ) ;
#6437 = FACE_OUTER_BOUND ( 'NONE', #2672, .T. ) ;
#6438 = AXIS2_PLACEMENT_3D ( 'NONE', #243, #5284, #7286 ) ;
#6439 = CARTESIAN_POINT ( 'NONE',  ( 63.05759268073793322, 2.898797320354307594, -4.599999999999992539 ) ) ;
#6440 = ORIENTED_EDGE ( 'NONE', *, *, #6384, .T. ) ;
#6441 = LINE ( 'NONE', #4526, #2202 ) ;
#6442 = VECTOR ( 'NONE', #7733, 1000.000000000000000 ) ;
#6443 = VERTEX_POINT ( 'NONE', #2322 ) ;
#6444 = AXIS2_PLACEMENT_3D ( 'NONE', #842, #3983, #7138 ) ;
#6445 = LINE ( 'NONE', #3195, #449 ) ;
#6446 = EDGE_CURVE ( 'NONE', #7234, #6682, #2855, .T. ) ;
#6447 = CARTESIAN_POINT ( 'NONE',  ( -19.36772099999999597, 46.73547018669192710, -2.199999999999995293 ) ) ;
#6448 = VECTOR ( 'NONE', #4693, 1000.000000000000000 ) ;
#6449 = MECHANICAL_DESIGN_GEOMETRIC_PRESENTATION_REPRESENTATION (  '', ( #4618 ), #408 ) ;
#6450 = CARTESIAN_POINT ( 'NONE',  ( -15.27362902788686583, 80.33633574259636134, 0.4419783991822865965 ) ) ;
#6451 = AXIS2_PLACEMENT_3D ( 'NONE', #4176, #1662, #7921 ) ;
#6452 = LINE ( 'NONE', #7189, #3362 ) ;
#6453 = VECTOR ( 'NONE', #752, 1000.000000000000114 ) ;
#6454 = ORIENTED_EDGE ( 'NONE', *, *, #3339, .F. ) ;
#6455 = VERTEX_POINT ( 'NONE', #4767 ) ;
#6456 = DIRECTION ( 'NONE',  ( -1.000000000000000000, 0.000000000000000000, 0.000000000000000000 ) ) ;
#6457 = ORIENTED_EDGE ( 'NONE', *, *, #2396, .T. ) ;
#6458 = DIRECTION ( 'NONE',  ( -1.000000000000000000, 0.000000000000000000, 0.000000000000000000 ) ) ;
#6459 = EDGE_CURVE ( 'NONE', #3753, #1258, #4096, .T. ) ;
#6460 = EDGE_CURVE ( 'NONE', #2824, #3675, #248, .T. ) ;
#6461 = AXIS2_PLACEMENT_3D ( 'NONE', #3565, #1628, #1087 ) ;
#6462 = VECTOR ( 'NONE', #3260, 1000.000000000000000 ) ;
#6463 = DIRECTION ( 'NONE',  ( 1.798198684919793434E-07, -0.9999999999999839018, 0.000000000000000000 ) ) ;
#6464 = DIRECTION ( 'NONE',  ( 0.000000000000000000, 0.000000000000000000, 1.000000000000000000 ) ) ;
#6465 = CARTESIAN_POINT ( 'NONE',  ( -0.9909522391345008119, 84.18276867378651218, 0.3663754201915312425 ) ) ;
#6466 = AXIS2_PLACEMENT_3D ( 'NONE', #6953, #550, #1324 ) ;
#6467 = ORIENTED_EDGE ( 'NONE', *, *, #4344, .T. ) ;
#6468 = VECTOR ( 'NONE', #5682, 1000.000000000000000 ) ;
#6469 = ORIENTED_EDGE ( 'NONE', *, *, #317, .F. ) ;
#6470 = CARTESIAN_POINT ( 'NONE',  ( 11.41226043005733892, 81.84410925728559505, 1.400000000000010569 ) ) ;
#6471 = EDGE_CURVE ( 'NONE', #2123, #7247, #5773, .T. ) ;
#6472 = CARTESIAN_POINT ( 'NONE',  ( 71.68142950036546779, 80.84411100000002648, -4.599999999999992539 ) ) ;
#6473 = FACE_OUTER_BOUND ( 'NONE', #6216, .T. ) ;
#6474 = EDGE_LOOP ( 'NONE', ( #5942, #3065, #1411, #6504 ) ) ;
#6475 = LINE ( 'NONE', #7738, #3306 ) ;
#6476 = DIRECTION ( 'NONE',  ( 0.000000000000000000, -1.387778780781445478E-15, -1.000000000000000000 ) ) ;
#6477 = VERTEX_POINT ( 'NONE', #4138 ) ;
#6478 = ORIENTED_EDGE ( 'NONE', *, *, #4920, .F. ) ;
#6479 = ADVANCED_FACE ( 'NONE', ( #7955 ), #2283, .F. ) ;
#6480 = FACE_OUTER_BOUND ( 'NONE', #4405, .T. ) ;
#6481 = CARTESIAN_POINT ( 'NONE',  ( -20.16772100000000023, 24.98547018669191289, -4.599999999999992539 ) ) ;
#6482 = CARTESIAN_POINT ( 'NONE',  ( -2.207708320887843190, -12.50045673065321417, -4.599999999999992539 ) ) ;
#6483 = DIRECTION ( 'NONE',  ( -1.000000000000000000, 9.999428271258533804E-31, 6.162975822039154730E-33 ) ) ;
#6484 = DIRECTION ( 'NONE',  ( -1.000000000000000000, 0.000000000000000000, -0.000000000000000000 ) ) ;
#6485 = ORIENTED_EDGE ( 'NONE', *, *, #5822, .T. ) ;
#6486 = FACE_OUTER_BOUND ( 'NONE', #3000, .T. ) ;
#6487 = EDGE_LOOP ( 'NONE', ( #6051, #7692, #2015, #938 ) ) ;
#6488 = CARTESIAN_POINT ( 'NONE',  ( 71.26228330292595103, 19.29411633638648382, -3.999999999999992450 ) ) ;
#6489 = PLANE ( 'NONE',  #2374 ) ;
#6490 = VECTOR ( 'NONE', #2384, 1000.000000000000114 ) ;
#6491 = DIRECTION ( 'NONE',  ( -0.9997000655982560824, 0.02449038266019105611, 0.000000000000000000 ) ) ;
#6492 = EDGE_CURVE ( 'NONE', #6759, #5856, #1036, .T. ) ;
#6493 = DIRECTION ( 'NONE',  ( -0.000000000000000000, 0.000000000000000000, 1.000000000000000000 ) ) ;
#6494 = ORIENTED_EDGE ( 'NONE', *, *, #6851, .T. ) ;
#6495 = VERTEX_POINT ( 'NONE', #7209 ) ;
#6496 = DIRECTION ( 'NONE',  ( 0.000000000000000000, 0.000000000000000000, -1.000000000000000000 ) ) ;
#6497 = ORIENTED_EDGE ( 'NONE', *, *, #1112, .F. ) ;
#6498 = FACE_OUTER_BOUND ( 'NONE', #5966, .T. ) ;
#6499 = DIRECTION ( 'NONE',  ( -1.000000000000000000, 0.000000000000000000, 0.000000000000000000 ) ) ;
#6500 = DIRECTION ( 'NONE',  ( -1.000000000000000000, 0.000000000000000000, 0.000000000000000000 ) ) ;
#6501 = EDGE_CURVE ( 'NONE', #5708, #1644, #6103, .T. ) ;
#6502 = DIRECTION ( 'NONE',  ( -0.000000000000000000, 0.000000000000000000, 1.000000000000000000 ) ) ;
#6503 = ADVANCED_FACE ( 'NONE', ( #6063, #1538 ), #3478, .T. ) ;
#6504 = ORIENTED_EDGE ( 'NONE', *, *, #6182, .F. ) ;
#6505 = CARTESIAN_POINT ( 'NONE',  ( -1.120076879991582564, 84.11214596091916462, 0.4894116554934290764 ) ) ;
#6506 = EDGE_LOOP ( 'NONE', ( #4169, #4192 ) ) ;
#6507 = DIRECTION ( 'NONE',  ( 0.000000000000000000, 0.000000000000000000, 1.000000000000000000 ) ) ;
#6508 = DIRECTION ( 'NONE',  ( -0.7071067811865546782, 8.659560562355019140E-17, 0.7071067811865404673 ) ) ;
#6509 = ADVANCED_FACE ( 'NONE', ( #6553 ), #521, .F. ) ;
#6510 = VECTOR ( 'NONE', #5422, 1000.000000000000000 ) ;
#6511 = CARTESIAN_POINT ( 'NONE',  ( -4.956570240454289548E-07, 1.244098474650672248, 2.250000000000000000 ) ) ;
#6512 = CIRCLE ( 'NONE', #7689, 0.8226497308103791761 ) ;
#6513 = ORIENTED_EDGE ( 'NONE', *, *, #7696, .F. ) ;
#6514 = DIRECTION ( 'NONE',  ( 0.000000000000000000, 0.000000000000000000, -1.000000000000000000 ) ) ;
#6515 = LINE ( 'NONE', #4721, #1984 ) ;
#6516 = EDGE_LOOP ( 'NONE', ( #1343, #2485, #6866, #3135 ) ) ;
#6517 = EDGE_LOOP ( 'NONE', ( #6408, #4959, #7919, #7843 ) ) ;
#6518 = CARTESIAN_POINT ( 'NONE',  ( 22.35370608041267104, 77.84411100000002648, 2.249999999999999556 ) ) ;
#6519 = LINE ( 'NONE', #4682, #3966 ) ;
#6520 = VECTOR ( 'NONE', #4681, 1000.000000000000000 ) ;
#6521 = CARTESIAN_POINT ( 'NONE',  ( 71.68142950036546779, 82.04411100000002932, -2.199999999999999289 ) ) ;
#6522 = AXIS2_PLACEMENT_3D ( 'NONE', #7467, #61, #5702 ) ;
#6523 = EDGE_CURVE ( 'NONE', #1199, #4627, #5332, .T. ) ;
#6524 = CARTESIAN_POINT ( 'NONE',  ( 88.96227469707440605, 76.84410589528943092, -3.999999999999968914 ) ) ;
#6525 = LINE ( 'NONE', #6354, #5794 ) ;
#6526 = VERTEX_POINT ( 'NONE', #301 ) ;
#6527 = CIRCLE ( 'NONE', #3512, 0.4499999999999781952 ) ;
#6528 = FACE_BOUND ( 'NONE', #474, .T. ) ;
#6529 = EDGE_LOOP ( 'NONE', ( #5882, #1155, #5955, #7277 ) ) ;
#6530 = ORIENTED_EDGE ( 'NONE', *, *, #6106, .T. ) ;
#6531 = DIRECTION ( 'NONE',  ( 0.000000000000000000, 0.000000000000000000, -1.000000000000000000 ) ) ;
#6532 = CARTESIAN_POINT ( 'NONE',  ( 23.98727900000000091, 60.09411099999999806, 1.349999999999999867 ) ) ;
#6533 = CYLINDRICAL_SURFACE ( 'NONE', #2088, 69.21297688990915731 ) ;
#6534 = FACE_OUTER_BOUND ( 'NONE', #2212, .T. ) ;
#6535 = VERTEX_POINT ( 'NONE', #7788 ) ;
#6536 = ORIENTED_EDGE ( 'NONE', *, *, #843, .F. ) ;
#6537 = DIRECTION ( 'NONE',  ( -1.000000000000000000, 0.000000000000000000, 0.000000000000000000 ) ) ;
#6538 = EDGE_LOOP ( 'NONE', ( #5889, #7824, #5089, #2266 ) ) ;
#6539 = LINE ( 'NONE', #7898, #5926 ) ;
#6540 = ADVANCED_FACE ( 'NONE', ( #2812 ), #1578, .F. ) ;
#6541 = CARTESIAN_POINT ( 'NONE',  ( 2.791619308764981373E-15, 51.23547018669193420, -4.599999999999992539 ) ) ;
#6542 = CARTESIAN_POINT ( 'NONE',  ( 20.61227900000000091, 60.09411099999999806, 1.349999999999999867 ) ) ;
#6543 = ORIENTED_EDGE ( 'NONE', *, *, #7402, .F. ) ;
#6544 = DIRECTION ( 'NONE',  ( 0.000000000000000000, 0.000000000000000000, 1.000000000000000000 ) ) ;
#6545 = EDGE_LOOP ( 'NONE', ( #4667, #7291, #4895, #4203 ) ) ;
#6546 = FACE_OUTER_BOUND ( 'NONE', #7816, .T. ) ;
#6547 = ADVANCED_FACE ( 'NONE', ( #4720 ), #2094, .T. ) ;
#6548 = EDGE_CURVE ( 'NONE', #4108, #6188, #960, .T. ) ;
#6549 = CARTESIAN_POINT ( 'NONE',  ( 42.60274304593886541, -125.2924481355107105, 3.449999999999999289 ) ) ;
#6550 = ORIENTED_EDGE ( 'NONE', *, *, #5509, .T. ) ;
#6551 = CARTESIAN_POINT ( 'NONE',  ( 1.794959694563302399, -6.698880921515043774, -4.599999999999992539 ) ) ;
#6552 = ORIENTED_EDGE ( 'NONE', *, *, #7322, .F. ) ;
#6553 = FACE_OUTER_BOUND ( 'NONE', #928, .T. ) ;
#6554 = VECTOR ( 'NONE', #4440, 999.9999999999998863 ) ;
#6555 = LINE ( 'NONE', #7739, #2377 ) ;
#6556 = ORIENTED_EDGE ( 'NONE', *, *, #7418, .T. ) ;
#6557 = VERTEX_POINT ( 'NONE', #2153 ) ;
#6558 = DIRECTION ( 'NONE',  ( 0.000000000000000000, 0.000000000000000000, 1.000000000000000000 ) ) ;
#6559 = EDGE_CURVE ( 'NONE', #1636, #5008, #641, .T. ) ;
#6560 = LINE ( 'NONE', #6481, #5659 ) ;
#6561 = EDGE_CURVE ( 'NONE', #5354, #7896, #6635, .T. ) ;
#6562 = DIRECTION ( 'NONE',  ( 0.000000000000000000, 0.000000000000000000, 1.000000000000000000 ) ) ;
#6563 = CARTESIAN_POINT ( 'NONE',  ( 101.3122790000000037, 34.54411100000000090, 1.349999999999999867 ) ) ;
#6564 = FACE_OUTER_BOUND ( 'NONE', #5070, .T. ) ;
#6565 = EDGE_LOOP ( 'NONE', ( #5194, #4075 ) ) ;
#6566 = CARTESIAN_POINT ( 'NONE',  ( 43.66227899999999806, 24.49411100000000019, 1.349999999999999867 ) ) ;
#6567 = AXIS2_PLACEMENT_3D ( 'NONE', #462, #5640, #5533 ) ;
#6568 = VERTEX_POINT ( 'NONE', #4414 ) ;
#6569 = ORIENTED_EDGE ( 'NONE', *, *, #1886, .T. ) ;
#6570 = LINE ( 'NONE', #229, #649 ) ;
#6571 = DIRECTION ( 'NONE',  ( -1.288939666242958913E-07, 0.9999999999999916733, 0.000000000000000000 ) ) ;
#6572 = EDGE_CURVE ( 'NONE', #5673, #349, #2357, .T. ) ;
#6573 = CARTESIAN_POINT ( 'NONE',  ( 90.21227469707440605, 76.84410589528943092, -4.599999999999992539 ) ) ;
#6574 = DIRECTION ( 'NONE',  ( -1.000000000000000000, 0.000000000000000000, 0.000000000000000000 ) ) ;
#6575 = VERTEX_POINT ( 'NONE', #3638 ) ;
#6576 = VECTOR ( 'NONE', #1230, 1000.000000000000000 ) ;
#6577 = ORIENTED_EDGE ( 'NONE', *, *, #2164, .T. ) ;
#6578 = DIRECTION ( 'NONE',  ( -0.000000000000000000, 0.000000000000000000, 1.000000000000000000 ) ) ;
#6579 = ORIENTED_EDGE ( 'NONE', *, *, #4186, .F. ) ;
#6580 = DIRECTION ( 'NONE',  ( -0.9997000655982564155, -0.02449038266017611667, 0.000000000000000000 ) ) ;
#6581 = DIRECTION ( 'NONE',  ( 1.798198684919793169E-07, -0.9999999999999839018, 0.000000000000000000 ) ) ;
#6582 = ADVANCED_FACE ( 'NONE', ( #619 ), #6912, .F. ) ;
#6583 = VECTOR ( 'NONE', #3230, 1000.000000000000000 ) ;
#6584 = DIRECTION ( 'NONE',  ( 0.000000000000000000, 0.000000000000000000, -1.000000000000000000 ) ) ;
#6585 = DIRECTION ( 'NONE',  ( 1.000000000000000000, 0.000000000000000000, 0.000000000000000000 ) ) ;
#6586 = ORIENTED_EDGE ( 'NONE', *, *, #2626, .F. ) ;
#6587 = DIRECTION ( 'NONE',  ( 0.9659258276786804043, 0.2588190399164173594, 0.000000000000000000 ) ) ;
#6588 = ORIENTED_EDGE ( 'NONE', *, *, #7953, .F. ) ;
#6589 = DIRECTION ( 'NONE',  ( 1.000000000000000000, 0.000000000000000000, 0.000000000000000000 ) ) ;
#6590 = VECTOR ( 'NONE', #1006, 1000.000000000000000 ) ;
#6591 = CARTESIAN_POINT ( 'NONE',  ( 75.81228330292589135, 19.29411698796796415, -1.550000000000002709 ) ) ;
#6592 = VECTOR ( 'NONE', #2001, 1000.000000000000000 ) ;
#6593 = CONICAL_SURFACE ( 'NONE', #1076, 0.4500000000000337064, 0.7853981633974281840 ) ;
#6594 = ORIENTED_EDGE ( 'NONE', *, *, #6396, .T. ) ;
#6595 = DIRECTION ( 'NONE',  ( 0.000000000000000000, 1.000000000000000000, 0.000000000000000000 ) ) ;
#6596 = EDGE_CURVE ( 'NONE', #87, #6297, #4883, .T. ) ;
#6597 = VERTEX_POINT ( 'NONE', #6141 ) ;
#6598 = DIRECTION ( 'NONE',  ( 0.000000000000000000, 0.000000000000000000, 1.000000000000000000 ) ) ;
#6599 = CARTESIAN_POINT ( 'NONE',  ( 96.81228253471061862, 14.09411798029977980, -4.599999999999992539 ) ) ;
#6600 = VERTEX_POINT ( 'NONE', #7991 ) ;
#6601 = CARTESIAN_POINT ( 'NONE',  ( 101.3122790000000037, 53.59411099999999806, 1.349999999999999867 ) ) ;
#6602 = VECTOR ( 'NONE', #3968, 1000.000000000000000 ) ;
#6603 = FACE_OUTER_BOUND ( 'NONE', #3546, .T. ) ;
#6604 = AXIS2_PLACEMENT_3D ( 'NONE', #3923, #6581, #2799 ) ;
#6605 = CARTESIAN_POINT ( 'NONE',  ( -11.05859082457480369, -5.795957894100131291, -3.999999999999992450 ) ) ;
#6606 = ADVANCED_FACE ( 'NONE', ( #502 ), #1900, .F. ) ;
#6607 = EDGE_CURVE ( 'NONE', #3602, #3657, #4296, .T. ) ;
#6608 = CARTESIAN_POINT ( 'NONE',  ( -14.80859082457480191, -1.465830875177938308, -3.999999999999970690 ) ) ;
#6609 = ORIENTED_EDGE ( 'NONE', *, *, #4069, .F. ) ;
#6610 = DIRECTION ( 'NONE',  ( 1.000000000000000000, 0.000000000000000000, 0.000000000000000000 ) ) ;
#6611 = ORIENTED_EDGE ( 'NONE', *, *, #5557, .F. ) ;
#6612 = ORIENTED_EDGE ( 'NONE', *, *, #8106, .F. ) ;
#6613 = DIRECTION ( 'NONE',  ( 1.000000000000000000, -5.448606792506972827E-17, -0.000000000000000000 ) ) ;
#6614 = CARTESIAN_POINT ( 'NONE',  ( 6.810036434708695907, -10.76178768431326205, -4.599999999999992539 ) ) ;
#6615 = PLANE ( 'NONE',  #8131 ) ;
#6616 = DIRECTION ( 'NONE',  ( 0.000000000000000000, 0.000000000000000000, -1.000000000000000000 ) ) ;
#6617 = EDGE_CURVE ( 'NONE', #2163, #5706, #2521, .T. ) ;
#6618 = ORIENTED_EDGE ( 'NONE', *, *, #5132, .T. ) ;
#6619 = ORIENTED_EDGE ( 'NONE', *, *, #1685, .T. ) ;
#6620 = ORIENTED_EDGE ( 'NONE', *, *, #4344, .F. ) ;
#6621 = CARTESIAN_POINT ( 'NONE',  ( -0.000000000000000000, 82.04411100000002932, -4.599999999999992539 ) ) ;
#6622 = CARTESIAN_POINT ( 'NONE',  ( 24.35782314279001071, 79.14635366131901151, 2.250000000000000000 ) ) ;
#6623 = DIRECTION ( 'NONE',  ( 1.000000000000000000, 0.000000000000000000, 0.000000000000000000 ) ) ;
#6624 = CARTESIAN_POINT ( 'NONE',  ( 79.81228598030135402, 16.99723707967754649, -4.599999999999992539 ) ) ;
#6625 = EDGE_CURVE ( 'NONE', #5448, #6535, #3796, .T. ) ;
#6626 = ORIENTED_EDGE ( 'NONE', *, *, #4759, .T. ) ;
#6627 = DIRECTION ( 'NONE',  ( -0.000000000000000000, 0.000000000000000000, 1.000000000000000000 ) ) ;
#6628 = ORIENTED_EDGE ( 'NONE', *, *, #6348, .F. ) ;
#6629 = CARTESIAN_POINT ( 'NONE',  ( 59.46452166131001604, 84.14856685720403107, -4.599999999999992539 ) ) ;
#6630 = DIRECTION ( 'NONE',  ( 0.000000000000000000, -1.000000000000000000, 0.000000000000000000 ) ) ;
#6631 = EDGE_CURVE ( 'NONE', #6140, #5900, #8009, .T. ) ;
#6632 = VERTEX_POINT ( 'NONE', #3088 ) ;
#6633 = CARTESIAN_POINT ( 'NONE',  ( 77.68728330292589135, 19.29411698796796415, 4.450000000000000178 ) ) ;
#6634 = ORIENTED_EDGE ( 'NONE', *, *, #4867, .F. ) ;
#6635 = LINE ( 'NONE', #378, #3416 ) ;
#6636 = CARTESIAN_POINT ( 'NONE',  ( 53.30246461491069709, 23.29196037236767225, 2.249999999999999556 ) ) ;
#6637 = CARTESIAN_POINT ( 'NONE',  ( 97.93727900000000375, 53.59411099999999806, 4.450000000000000178 ) ) ;
#6638 = FACE_OUTER_BOUND ( 'NONE', #5553, .T. ) ;
#6639 = ADVANCED_FACE ( 'NONE', ( #1202 ), #6751, .F. ) ;
#6640 = PLANE ( 'NONE',  #5351 ) ;
#6641 = DIRECTION ( 'NONE',  ( -0.000000000000000000, 0.000000000000000000, 1.000000000000000000 ) ) ;
#6642 = ORIENTED_EDGE ( 'NONE', *, *, #3883, .F. ) ;
#6643 = CARTESIAN_POINT ( 'NONE',  ( 4.862499827847917899, -8.422096850433282711, 2.250000000000000000 ) ) ;
#6644 = ORIENTED_EDGE ( 'NONE', *, *, #3944, .F. ) ;
#6645 = ORIENTED_EDGE ( 'NONE', *, *, #5122, .F. ) ;
#6646 = CIRCLE ( 'NONE', #2571, 1.125000000000000888 ) ;
#6647 = CARTESIAN_POINT ( 'NONE',  ( -18.16772099999999668, 39.38547018669192568, -2.599999999999990319 ) ) ;
#6648 = CIRCLE ( 'NONE', #6770, 1.849999999999990541 ) ;
#6649 = DIRECTION ( 'NONE',  ( -0.9999999999999914513, -1.303162954756303595E-07, 0.000000000000000000 ) ) ;
#6650 = CARTESIAN_POINT ( 'NONE',  ( -20.16772100000000378, 39.38547018669192568, -3.199999999999991740 ) ) ;
#6651 = EDGE_CURVE ( 'NONE', #324, #7863, #7475, .T. ) ;
#6652 = ADVANCED_FACE ( 'NONE', ( #4994 ), #3138, .T. ) ;
#6653 = FACE_OUTER_BOUND ( 'NONE', #1176, .T. ) ;
#6654 = VECTOR ( 'NONE', #2408, 1000.000000000000000 ) ;
#6655 = LINE ( 'NONE', #4190, #4421 ) ;
#6656 = EDGE_LOOP ( 'NONE', ( #6457, #2577, #6711, #7332 ) ) ;
#6657 = ORIENTED_EDGE ( 'NONE', *, *, #7377, .F. ) ;
#6658 = ORIENTED_EDGE ( 'NONE', *, *, #4759, .F. ) ;
#6659 = DIRECTION ( 'NONE',  ( 0.02449038266017611667, -0.9997000655982564155, 0.000000000000000000 ) ) ;
#6660 = DIRECTION ( 'NONE',  ( 1.798198684919793434E-07, -0.9999999999999837907, -0.000000000000000000 ) ) ;
#6661 = EDGE_CURVE ( 'NONE', #4565, #1372, #1742, .T. ) ;
#6662 = FACE_OUTER_BOUND ( 'NONE', #6327, .T. ) ;
#6663 = DIRECTION ( 'NONE',  ( 1.000000000000000000, 0.000000000000000000, 0.000000000000000000 ) ) ;
#6664 = ORIENTED_EDGE ( 'NONE', *, *, #4007, .T. ) ;
#6665 = CARTESIAN_POINT ( 'NONE',  ( 101.4372790000000322, 15.29411100000000090, 2.249999999999999556 ) ) ;
#6666 = ORIENTED_EDGE ( 'NONE', *, *, #1941, .F. ) ;
#6667 = DIRECTION ( 'NONE',  ( 1.000000000000000000, 0.000000000000000000, 0.000000000000000000 ) ) ;
#6668 = EDGE_CURVE ( 'NONE', #3299, #3815, #4960, .T. ) ;
#6669 = FACE_OUTER_BOUND ( 'NONE', #3618, .T. ) ;
#6670 = ORIENTED_EDGE ( 'NONE', *, *, #5246, .T. ) ;
#6671 = ORIENTED_EDGE ( 'NONE', *, *, #5723, .F. ) ;
#6672 = CARTESIAN_POINT ( 'NONE',  ( 90.21227469707440605, 76.84410589528943092, -2.150000000000027889 ) ) ;
#6673 = DIRECTION ( 'NONE',  ( 1.798198684919793434E-07, -0.9999999999999837907, -0.000000000000000000 ) ) ;
#6674 = CARTESIAN_POINT ( 'NONE',  ( 118.3122811893314434, 1.524973922286212459E-05, -4.599999999999992539 ) ) ;
#6675 = ADVANCED_FACE ( 'NONE', ( #8112, #3010 ), #1117, .T. ) ;
#6676 = DIRECTION ( 'NONE',  ( -1.000000000000000000, 0.000000000000000000, 0.000000000000000000 ) ) ;
#6677 = DIRECTION ( 'NONE',  ( 5.322106441609202775E-17, -1.000000000000000000, -0.000000000000000000 ) ) ;
#6678 = LINE ( 'NONE', #2328, #2118 ) ;
#6679 = ORIENTED_EDGE ( 'NONE', *, *, #859, .T. ) ;
#6680 = DIRECTION ( 'NONE',  ( -1.000000000000000000, 9.999428271258533804E-31, 6.162975822039154730E-33 ) ) ;
#6681 = ORIENTED_EDGE ( 'NONE', *, *, #4876, .F. ) ;
#6682 = VERTEX_POINT ( 'NONE', #4377 ) ;
#6683 = DIRECTION ( 'NONE',  ( -2.621889260516956749E-16, -1.000000000000000000, 0.000000000000000000 ) ) ;
#6684 = DIRECTION ( 'NONE',  ( 0.000000000000000000, 0.000000000000000000, 1.000000000000000000 ) ) ;
#6685 = FACE_OUTER_BOUND ( 'NONE', #4386, .T. ) ;
#6686 = CARTESIAN_POINT ( 'NONE',  ( -1.249278719835037244, 84.04086243523515520, 0.5589123743944152123 ) ) ;
#6687 = CARTESIAN_POINT ( 'NONE',  ( 53.66227900109225146, 2.898797041049640644, 3.450002953554892837 ) ) ;
#6688 = AXIS2_PLACEMENT_3D ( 'NONE', #6832, #1277, #3722 ) ;
#6689 = ORIENTED_EDGE ( 'NONE', *, *, #7455, .T. ) ;
#6690 = VERTEX_POINT ( 'NONE', #2403 ) ;
#6691 = EDGE_CURVE ( 'NONE', #4689, #1669, #3755, .T. ) ;
#6692 = ORIENTED_EDGE ( 'NONE', *, *, #5753, .F. ) ;
#6693 = FACE_OUTER_BOUND ( 'NONE', #6749, .T. ) ;
#6694 = CARTESIAN_POINT ( 'NONE',  ( -19.16772100000000023, 39.98547018669192710, -3.199999999999991740 ) ) ;
#6695 = CIRCLE ( 'NONE', #2758, 0.4500000000000059508 ) ;
#6696 = FACE_OUTER_BOUND ( 'NONE', #5375, .T. ) ;
#6697 = AXIS2_PLACEMENT_3D ( 'NONE', #832, #4634, #3345 ) ;
#6698 = DIRECTION ( 'NONE',  ( -1.000000000000000000, 0.000000000000000000, 0.000000000000000000 ) ) ;
#6699 = VECTOR ( 'NONE', #6079, 1000.000000000000000 ) ;
#6700 = ORIENTED_EDGE ( 'NONE', *, *, #3257, .T. ) ;
#6701 = CARTESIAN_POINT ( 'NONE',  ( 45.91227899999999806, 24.49411100000000019, 1.750000000000023759 ) ) ;
#6702 = EDGE_CURVE ( 'NONE', #5672, #5707, #4925, .T. ) ;
#6703 = CIRCLE ( 'NONE', #1979, 2.124999999999974243 ) ;
#6704 = EDGE_LOOP ( 'NONE', ( #6919, #2745, #7149, #5593 ) ) ;
#6705 = DIRECTION ( 'NONE',  ( 0.000000000000000000, 1.000000000000000000, -0.000000000000000000 ) ) ;
#6706 = EDGE_CURVE ( 'NONE', #4315, #7598, #3674, .T. ) ;
#6707 = VECTOR ( 'NONE', #4074, 1000.000000000000000 ) ;
#6708 = CIRCLE ( 'NONE', #2770, 0.8226514360459291630 ) ;
#6709 = DIRECTION ( 'NONE',  ( -0.9999999999999054090, -4.347624119164472122E-07, 0.000000000000000000 ) ) ;
#6710 = DIRECTION ( 'NONE',  ( -0.9997000655982569706, 0.02449038266015117135, 0.000000000000000000 ) ) ;
#6711 = ORIENTED_EDGE ( 'NONE', *, *, #4134, .F. ) ;
#6712 = ORIENTED_EDGE ( 'NONE', *, *, #4409, .F. ) ;
#6713 = DIRECTION ( 'NONE',  ( -0.000000000000000000, -0.000000000000000000, 1.000000000000000000 ) ) ;
#6714 = EDGE_CURVE ( 'NONE', #6208, #2824, #2750, .T. ) ;
#6715 = LINE ( 'NONE', #4885, #1319 ) ;
#6716 = AXIS2_PLACEMENT_3D ( 'NONE', #8105, #4329, #5567 ) ;
#6717 = CARTESIAN_POINT ( 'NONE',  ( 118.3091271459327203, 16.85687905692685007, -4.599999999999992539 ) ) ;
#6718 = LINE ( 'NONE', #1782, #2452 ) ;
#6720 = VECTOR ( 'NONE', #5288, 999.9999999999998863 ) ;
#6719 = DIRECTION ( 'NONE',  ( -0.000000000000000000, -0.000000000000000000, -1.000000000000000000 ) ) ;
#6721 = EDGE_CURVE ( 'NONE', #3389, #7740, #2640, .T. ) ;
#6722 = VERTEX_POINT ( 'NONE', #5816 ) ;
#6723 = AXIS2_PLACEMENT_3D ( 'NONE', #2280, #5491, #2317 ) ;
#6724 = LINE ( 'NONE', #1128, #6972 ) ;
#6725 = EDGE_LOOP ( 'NONE', ( #280, #4304, #6930, #3710 ) ) ;
#6726 = DIRECTION ( 'NONE',  ( 0.000000000000000000, -0.000000000000000000, -1.000000000000000000 ) ) ;
#6727 = CARTESIAN_POINT ( 'NONE',  ( -4.956570240454289548E-07, 1.244098474650672248, -4.599999999999992539 ) ) ;
#6728 = VECTOR ( 'NONE', #5728, 1000.000000000000000 ) ;
#6729 = CARTESIAN_POINT ( 'NONE',  ( 47.03727899999999806, 24.49411100000000019, 1.349999999999999867 ) ) ;
#6730 = CYLINDRICAL_SURFACE ( 'NONE', #7695, 2.250000000000000444 ) ;
#6731 = ORIENTED_EDGE ( 'NONE', *, *, #3289, .T. ) ;
#6732 = ORIENTED_EDGE ( 'NONE', *, *, #4172, .T. ) ;
#6733 = ORIENTED_EDGE ( 'NONE', *, *, #6823, .T. ) ;
#6734 = DIRECTION ( 'NONE',  ( -1.128572224089754200E-07, 0.8660254037844344888, -0.4999999999999945044 ) ) ;
#6735 = PLANE ( 'NONE',  #7408 ) ;
#6736 = PLANE ( 'NONE',  #110 ) ;
#6737 = EDGE_CURVE ( 'NONE', #249, #1680, #701, .T. ) ;
#6738 = DIRECTION ( 'NONE',  ( -0.7071067811865611175, 8.659560562355099259E-17, 0.7071067811865340280 ) ) ;
#6739 = EDGE_LOOP ( 'NONE', ( #2767, #6681, #2089, #2931, #5697, #6199, #7552, #2782 ) ) ;
#6740 = CARTESIAN_POINT ( 'NONE',  ( 74.56228330292589135, 19.29411698796796415, 1.400000000000010569 ) ) ;
#6741 = VERTEX_POINT ( 'NONE', #5080 ) ;
#6742 = DIRECTION ( 'NONE',  ( -0.7071067811865449082, 8.659560562354902043E-17, 0.7071067811865502373 ) ) ;
#6743 = CARTESIAN_POINT ( 'NONE',  ( -16.50859082457478166, 2.864296143744255119, -3.999999999999992450 ) ) ;
#6744 = CIRCLE ( 'NONE', #3202, 1.899999999999998357 ) ;
#6745 = DIRECTION ( 'NONE',  ( 1.000000000000000000, -2.621889260516956749E-16, 0.000000000000000000 ) ) ;
#6746 = ADVANCED_FACE ( 'NONE', ( #3963 ), #124, .F. ) ;
#6747 = ADVANCED_FACE ( 'NONE', ( #658 ), #1444, .F. ) ;
#6748 = CARTESIAN_POINT ( 'NONE',  ( 7.212260430057439109, 81.84410835818626140, -3.999999999999992450 ) ) ;
#6749 = EDGE_LOOP ( 'NONE', ( #6324, #3713, #6642, #4249 ) ) ;
#6750 = ORIENTED_EDGE ( 'NONE', *, *, #307, .T. ) ;
#6751 = PLANE ( 'NONE',  #1300 ) ;
#6752 = DIRECTION ( 'NONE',  ( 0.000000000000000000, 0.000000000000000000, 1.000000000000000000 ) ) ;
#6753 = DIRECTION ( 'NONE',  ( -0.000000000000000000, 0.000000000000000000, 1.000000000000000000 ) ) ;
#6754 = EDGE_CURVE ( 'NONE', #3199, #3595, #3254, .T. ) ;
#6755 = APPLICATION_CONTEXT ( 'automotive_design' ) ;
#6756 = DIRECTION ( 'NONE',  ( -0.7071067811865519026, -3.763297555058497099E-17, -0.7071067811865431318 ) ) ;
#6757 = ORIENTED_EDGE ( 'NONE', *, *, #8006, .T. ) ;
#6758 = DIRECTION ( 'NONE',  ( 0.000000000000000000, 0.000000000000000000, -1.000000000000000000 ) ) ;
#6759 = VERTEX_POINT ( 'NONE', #7656 ) ;
#6760 = CARTESIAN_POINT ( 'NONE',  ( -19.16772100000000023, 39.38547018669192568, -3.199999999999991740 ) ) ;
#6761 = ORIENTED_EDGE ( 'NONE', *, *, #4796, .F. ) ;
#6762 = DIRECTION ( 'NONE',  ( 1.000000000000000000, -2.621889260516956749E-16, 0.000000000000000000 ) ) ;
#6763 = CARTESIAN_POINT ( 'NONE',  ( -16.46459492032245464, 77.84410401969823567, 2.249999999999999556 ) ) ;
#6764 = CARTESIAN_POINT ( 'NONE',  ( -15.31571339325965297, 80.30435576343001003, 0.3996223586922005855 ) ) ;
#6765 = AXIS2_PLACEMENT_3D ( 'NONE', #359, #2873, #7893 ) ;
#6766 = EDGE_CURVE ( 'NONE', #6188, #2157, #772, .T. ) ;
#6767 = CARTESIAN_POINT ( 'NONE',  ( 96.81227900000000375, 53.59411099999999806, 1.349999999999999867 ) ) ;
#6768 = VECTOR ( 'NONE', #430, 1000.000000000000000 ) ;
#6769 = ORIENTED_EDGE ( 'NONE', *, *, #4965, .F. ) ;
#6770 = AXIS2_PLACEMENT_3D ( 'NONE', #3895, #1252, #633 ) ;
#6771 = ORIENTED_EDGE ( 'NONE', *, *, #1692, .F. ) ;
#6772 = CARTESIAN_POINT ( 'NONE',  ( -0.8305684386743633629, 85.07339837306788866, 1.363169219136886046 ) ) ;
#6773 = CARTESIAN_POINT ( 'NONE',  ( 69.76228330292590840, 19.29411633638648382, -4.599999999999992539 ) ) ;
#6774 = VECTOR ( 'NONE', #1335, 1000.000000000000000 ) ;
#6775 = DIRECTION ( 'NONE',  ( -1.000000000000000000, -5.322106441609202775E-17, 0.000000000000000000 ) ) ;
#6776 = AXIS2_PLACEMENT_3D ( 'NONE', #2990, #1757, #2457 ) ;
#6777 = PLANE ( 'NONE',  #3631 ) ;
#6778 = ORIENTED_EDGE ( 'NONE', *, *, #3354, .F. ) ;
#6779 = CARTESIAN_POINT ( 'NONE',  ( -20.16772100000000023, -1.073347578466771936E-15, -4.599999999999992539 ) ) ;
#6780 = CIRCLE ( 'NONE', #7837, 0.2977672882960475942 ) ;
#6781 = ORIENTED_EDGE ( 'NONE', *, *, #1699, .F. ) ;
#6782 = CARTESIAN_POINT ( 'NONE',  ( -20.16772100000000023, 26.58547018669192852, -1.599999999999977440 ) ) ;
#6783 = CIRCLE ( 'NONE', #2585, 1.125000000000000888 ) ;
#6784 = EDGE_CURVE ( 'NONE', #1535, #4443, #6289, .T. ) ;
#6785 = DIRECTION ( 'NONE',  ( 1.000000000000000000, 0.000000000000000000, 0.000000000000000000 ) ) ;
#6786 = CARTESIAN_POINT ( 'NONE',  ( 96.93727900000003217, 34.54411100000000090, 4.450000000000000178 ) ) ;
#6787 = CIRCLE ( 'NONE', #7847, 4.422649730810371160 ) ;
#6788 = CARTESIAN_POINT ( 'NONE',  ( 2.137393917630148632, 87.24865059544093526, -4.599999999999992539 ) ) ;
#6789 = VERTEX_POINT ( 'NONE', #2103 ) ;
#6790 = VERTEX_POINT ( 'NONE', #1983 ) ;
#6791 = DIRECTION ( 'NONE',  ( 1.000000000000000000, 0.000000000000000000, -0.000000000000000000 ) ) ;
#6792 = FACE_OUTER_BOUND ( 'NONE', #2467, .T. ) ;
#6793 = EDGE_CURVE ( 'NONE', #1255, #7499, #384, .T. ) ;
#6794 = EDGE_CURVE ( 'NONE', #2090, #952, #1436, .T. ) ;
#6795 = CARTESIAN_POINT ( 'NONE',  ( 41.71247404278438609, 9.667815747122248846E-05, -4.599999999999992539 ) ) ;
#6796 = CARTESIAN_POINT ( 'NONE',  ( 119.5122720196896893, 61.31910750985031910, -4.599999999999992539 ) ) ;
#6797 = ORIENTED_EDGE ( 'NONE', *, *, #5845, .F. ) ;
#6798 = CARTESIAN_POINT ( 'NONE',  ( -11.05859082457480369, -5.795957894100131291, -3.999999999999992450 ) ) ;
#6799 = EDGE_LOOP ( 'NONE', ( #3767, #2080, #4551, #1759 ) ) ;
#6800 = CARTESIAN_POINT ( 'NONE',  ( -19.59037073081038116, 2.898797320354303153, 4.450000000000000178 ) ) ;
#6801 = ADVANCED_FACE ( 'NONE', ( #3839 ), #2366, .F. ) ;
#6802 = ORIENTED_EDGE ( 'NONE', *, *, #7500, .T. ) ;
#6803 = ADVANCED_FACE ( 'NONE', ( #7693 ), #3143, .F. ) ;
#6804 = CARTESIAN_POINT ( 'NONE',  ( 99.06227900000000375, 34.54411100000000090, 1.750000000000017097 ) ) ;
#6805 = CARTESIAN_POINT ( 'NONE',  ( -18.16772100000000023, 26.58547018669192852, -2.599999999999992095 ) ) ;
#6806 = CARTESIAN_POINT ( 'NONE',  ( -2.417733111986451355, 79.84410654560312537, -4.599999999999992539 ) ) ;
#6807 = DIRECTION ( 'NONE',  ( -0.2588190399164175814, 0.9659258276786805153, -1.277015003619096968E-16 ) ) ;
#6808 = ORIENTED_EDGE ( 'NONE', *, *, #3112, .T. ) ;
#6809 = ORIENTED_EDGE ( 'NONE', *, *, #6147, .F. ) ;
#6810 = CARTESIAN_POINT ( 'NONE',  ( -1.621402143166295495, 84.90856934868151029, 1.599998674891347283 ) ) ;
#6811 = ADVANCED_FACE ( 'NONE', ( #781 ), #6337, .T. ) ;
#6812 = CIRCLE ( 'NONE', #3934, 1.850000000000018296 ) ;
#6813 = CARTESIAN_POINT ( 'NONE',  ( 53.66227900109225146, 0.000000000000000000, -4.599999999999992539 ) ) ;
#6814 = CARTESIAN_POINT ( 'NONE',  ( 22.66227900000000872, 79.15268391958781535, 2.249999999999999556 ) ) ;
#6815 = VECTOR ( 'NONE', #3676, 1000.000000000000114 ) ;
#6816 = VECTOR ( 'NONE', #4127, 1000.000000000000000 ) ;
#6817 = DIRECTION ( 'NONE',  ( 0.000000000000000000, -1.387778780781445478E-15, -1.000000000000000000 ) ) ;
#6818 = EDGE_LOOP ( 'NONE', ( #5405, #5231, #4035, #959 ) ) ;
#6819 = ORIENTED_EDGE ( 'NONE', *, *, #8133, .F. ) ;
#6820 = CARTESIAN_POINT ( 'NONE',  ( -5.227179398038229508, -14.39277055161283414, 4.450000000000000178 ) ) ;
#6821 = ORIENTED_EDGE ( 'NONE', *, *, #362, .F. ) ;
#6822 = LINE ( 'NONE', #536, #4473 ) ;
#6823 = EDGE_CURVE ( 'NONE', #7590, #5179, #3211, .T. ) ;
#6824 = VECTOR ( 'NONE', #2806, 1000.000000000000000 ) ;
#6825 = AXIS2_PLACEMENT_3D ( 'NONE', #6032, #886, #2297 ) ;
#6826 = AXIS2_PLACEMENT_3D ( 'NONE', #1847, #338, #6595 ) ;
#6827 = CARTESIAN_POINT ( 'NONE',  ( 121.3122790047357284, 13.69411797798555774, -4.599999999999992539 ) ) ;
#6828 = CARTESIAN_POINT ( 'NONE',  ( 50.66227847799189021, 20.49496587405799275, -4.599999999999992539 ) ) ;
#6829 = VECTOR ( 'NONE', #7279, 1000.000000000000000 ) ;
#6830 = ORIENTED_EDGE ( 'NONE', *, *, #1630, .F. ) ;
#6831 = VERTEX_POINT ( 'NONE', #829 ) ;
#6832 = CARTESIAN_POINT ( 'NONE',  ( 81.51003633868002396, 16.98965514279599986, -4.599999999999992539 ) ) ;
#6833 = AXIS2_PLACEMENT_3D ( 'NONE', #3190, #62, #2493 ) ;
#6834 = DIRECTION ( 'NONE',  ( -0.000000000000000000, 0.000000000000000000, 1.000000000000000000 ) ) ;
#6835 = VECTOR ( 'NONE', #5011, 1000.000000000000000 ) ;
#6836 = AXIS2_PLACEMENT_3D ( 'NONE', #8068, #7678, #1111 ) ;
#6837 = DIRECTION ( 'NONE',  ( 0.000000000000000000, 0.000000000000000000, -1.000000000000000000 ) ) ;
#6838 = VECTOR ( 'NONE', #3678, 1000.000000000000000 ) ;
#6839 = EDGE_CURVE ( 'NONE', #1452, #7777, #7742, .T. ) ;
#6840 = DIRECTION ( 'NONE',  ( 1.000000000000000000, -9.999428271258533804E-31, 0.000000000000000000 ) ) ;
#6841 = EDGE_LOOP ( 'NONE', ( #5532, #237 ) ) ;
#6842 = DIRECTION ( 'NONE',  ( -0.000000000000000000, -0.000000000000000000, 1.000000000000000000 ) ) ;
#6843 = VERTEX_POINT ( 'NONE', #5120 ) ;
#6844 = PLANE ( 'NONE',  #2851 ) ;
#6845 = ORIENTED_EDGE ( 'NONE', *, *, #3014, .T. ) ;
#6846 = CIRCLE ( 'NONE', #3305, 1.125000000000000888 ) ;
#6847 = AXIS2_PLACEMENT_3D ( 'NONE', #873, #6514, #135 ) ;
#6848 = CARTESIAN_POINT ( 'NONE',  ( 6.333840999999999610, 12.63464199999999948, 1.349999999999999867 ) ) ;
#6849 = CARTESIAN_POINT ( 'NONE',  ( 90.21227469707440605, 76.84410589528943092, -1.550000000000002709 ) ) ;
#6850 = DIRECTION ( 'NONE',  ( -0.7071067811865570096, 0.000000000000000000, -0.7071067811865379138 ) ) ;
#6851 = EDGE_CURVE ( 'NONE', #2921, #6375, #4998, .T. ) ;
#6852 = ADVANCED_FACE ( 'NONE', ( #5978 ), #245, .F. ) ;
#6853 = AXIS2_PLACEMENT_3D ( 'NONE', #211, #2106, #3924 ) ;
#6854 = AXIS2_PLACEMENT_3D ( 'NONE', #984, #328, #2182 ) ;
#6855 = DIRECTION ( 'NONE',  ( 0.7741587060069959891, -0.6329915464787612134, 0.000000000000000000 ) ) ;
#6856 = ORIENTED_EDGE ( 'NONE', *, *, #2933, .F. ) ;
#6857 = VERTEX_POINT ( 'NONE', #4131 ) ;
#6858 = CARTESIAN_POINT ( 'NONE',  ( -0.8677344720237688547, 84.24965428867098183, 0.02002150569821702086 ) ) ;
#6859 = FACE_OUTER_BOUND ( 'NONE', #283, .T. ) ;
#6860 = DIRECTION ( 'NONE',  ( -0.000000000000000000, 0.000000000000000000, 1.000000000000000000 ) ) ;
#6861 = EDGE_CURVE ( 'NONE', #1720, #1557, #3687, .T. ) ;
#6862 = LINE ( 'NONE', #4835, #2175 ) ;
#6863 = ORIENTED_EDGE ( 'NONE', *, *, #4553, .F. ) ;
#6864 = VERTEX_POINT ( 'NONE', #7202 ) ;
#6865 = CARTESIAN_POINT ( 'NONE',  ( -2.937125132992000953, -10.96753045566000218, -4.599999999999992539 ) ) ;
#6866 = ORIENTED_EDGE ( 'NONE', *, *, #6548, .T. ) ;
#6867 = CARTESIAN_POINT ( 'NONE',  ( -15.13653459086887842, 81.60466569950673943, 1.600000000000021627 ) ) ;
#6868 = DIRECTION ( 'NONE',  ( -1.000000000000000000, 7.709882115452470278E-16, 0.000000000000000000 ) ) ;
#6869 = EDGE_CURVE ( 'NONE', #4741, #846, #1031, .T. ) ;
#6870 = DIRECTION ( 'NONE',  ( 0.000000000000000000, 0.000000000000000000, 1.000000000000000000 ) ) ;
#6871 = ORIENTED_EDGE ( 'NONE', *, *, #2857, .T. ) ;
#6872 = ORIENTED_EDGE ( 'NONE', *, *, #4132, .F. ) ;
#6873 = CARTESIAN_POINT ( 'NONE',  ( 53.66227900109225146, 2.898797041049640644, 3.450002953554892837 ) ) ;
#6874 = DIRECTION ( 'NONE',  ( 1.271518488075553130E-07, -0.7071067811865322517, -0.7071067811865514585 ) ) ;
#6875 = LINE ( 'NONE', #4963, #677 ) ;
#6876 = FACE_OUTER_BOUND ( 'NONE', #5062, .T. ) ;
#6877 = ORIENTED_EDGE ( 'NONE', *, *, #4059, .F. ) ;
#6878 = DIRECTION ( 'NONE',  ( -1.000000000000000000, 0.000000000000000000, 0.000000000000000000 ) ) ;
#6879 = ORIENTED_EDGE ( 'NONE', *, *, #7556, .T. ) ;
#6880 = PLANE ( 'NONE',  #5538 ) ;
#6881 = EDGE_LOOP ( 'NONE', ( #2228, #5464 ) ) ;
#6882 = DIRECTION ( 'NONE',  ( 5.448606792506973443E-17, 1.000000000000000000, 0.000000000000000000 ) ) ;
#6883 = ADVANCED_FACE ( 'NONE', ( #7864 ), #3423, .F. ) ;
#6884 = DIRECTION ( 'NONE',  ( 0.000000000000000000, -0.000000000000000000, -1.000000000000000000 ) ) ;
#6885 = PLANE ( 'NONE',  #7638 ) ;
#6886 = LINE ( 'NONE', #3736, #7968 ) ;
#6887 = DIRECTION ( 'NONE',  ( 0.7071067811865570096, 8.659560562355048722E-17, -0.7071067811865379138 ) ) ;
#6888 = ORIENTED_EDGE ( 'NONE', *, *, #3695, .F. ) ;
#6889 = DIRECTION ( 'NONE',  ( -1.000000000000000000, 1.018552587902412228E-15, 0.000000000000000000 ) ) ;
#6890 = VERTEX_POINT ( 'NONE', #953 ) ;
#6891 = CARTESIAN_POINT ( 'NONE',  ( -0.8833510862157996080, 84.24120969702391903, 0.1374262893119854445 ) ) ;
#6892 = CYLINDRICAL_SURFACE ( 'NONE', #1367, 1.875000000000000000 ) ;
#6893 = ADVANCED_FACE ( 'NONE', ( #7248 ), #864, .F. ) ;
#6894 = EDGE_CURVE ( 'NONE', #6890, #3244, #2757, .T. ) ;
#6895 = CARTESIAN_POINT ( 'NONE',  ( -15.34339746728506881, 81.54685092690424142, 1.589981027022006277 ) ) ;
#6896 = CIRCLE ( 'NONE', #3504, 2.749999999999988454 ) ;
#6897 = AXIS2_PLACEMENT_3D ( 'NONE', #850, #4033, #2171 ) ;
#6898 = PLANE ( 'NONE',  #4280 ) ;
#6899 = VERTEX_POINT ( 'NONE', #4006 ) ;
#6900 = EDGE_LOOP ( 'NONE', ( #969, #4615, #6769, #94 ) ) ;
#6901 = CARTESIAN_POINT ( 'NONE',  ( 118.3122720196896722, 26.81910750985032621, -2.199999999999996625 ) ) ;
#6902 = EDGE_LOOP ( 'NONE', ( #2127, #1981, #6344, #6959 ) ) ;
#6903 = PLANE ( 'NONE',  #7751 ) ;
#6904 = ADVANCED_FACE ( 'NONE', ( #6055 ), #2847, .F. ) ;
#6905 = AXIS2_PLACEMENT_3D ( 'NONE', #7585, #142, #797 ) ;
#6906 = VECTOR ( 'NONE', #4905, 1000.000000000000114 ) ;
#6907 = LINE ( 'NONE', #4410, #6468 ) ;
#6908 = CARTESIAN_POINT ( 'NONE',  ( 101.3122790000000037, 53.59411099999999806, 1.750000000000017097 ) ) ;
#6909 = VERTEX_POINT ( 'NONE', #333 ) ;
#6910 = CIRCLE ( 'NONE', #1137, 1.875000000000000000 ) ;
#6911 = EDGE_LOOP ( 'NONE', ( #3804, #7551, #3168, #3627 ) ) ;
#6912 = CYLINDRICAL_SURFACE ( 'NONE', #6688, 1.697767288276516684 ) ;
#6913 = CARTESIAN_POINT ( 'NONE',  ( 100.1872790000000037, 34.54411100000000090, 3.450000000000012612 ) ) ;
#6914 = ADVANCED_FACE ( 'NONE', ( #6546 ), #3381, .F. ) ;
#6915 = DIRECTION ( 'NONE',  ( 0.7988382313512867317, -0.6015459085818372076, 0.000000000000000000 ) ) ;
#6916 = CARTESIAN_POINT ( 'NONE',  ( 42.60274304593886541, -125.2924481355107105, 0.6000000000000067502 ) ) ;
#6917 = ORIENTED_EDGE ( 'NONE', *, *, #5368, .F. ) ;
#6918 = CARTESIAN_POINT ( 'NONE',  ( 100.1872790000000037, 53.59411099999999806, 3.450000000000012612 ) ) ;
#6919 = ORIENTED_EDGE ( 'NONE', *, *, #718, .F. ) ;
#6920 = DIRECTION ( 'NONE',  ( -0.9999999999993551825, -1.135586136444816472E-06, 0.000000000000000000 ) ) ;
#6921 = VERTEX_POINT ( 'NONE', #5409 ) ;
#6922 = ADVANCED_FACE ( 'NONE', ( #1618 ), #5890, .F. ) ;
#6923 = CARTESIAN_POINT ( 'NONE',  ( -1.467733111986461170, 79.84410671643202306, 6.722053469410127491E-15 ) ) ;
#6924 = CYLINDRICAL_SURFACE ( 'NONE', #5022, 2.250000000000001776 ) ;
#6925 = CARTESIAN_POINT ( 'NONE',  ( -20.02127337494378523, 0.4904757568495307085, -4.599999999999992539 ) ) ;
#6926 = FACE_OUTER_BOUND ( 'NONE', #1434, .T. ) ;
#6927 = DIRECTION ( 'NONE',  ( 0.000000000000000000, 0.000000000000000000, 1.000000000000000000 ) ) ;
#6928 = ORIENTED_EDGE ( 'NONE', *, *, #3083, .T. ) ;
#6929 = EDGE_LOOP ( 'NONE', ( #989, #7278, #5305, #6797 ) ) ;
#6930 = ORIENTED_EDGE ( 'NONE', *, *, #6070, .F. ) ;
#6931 = CARTESIAN_POINT ( 'NONE',  ( 8.458841000000029808, 12.63464199999999948, 4.450000000000000178 ) ) ;
#6932 = DIRECTION ( 'NONE',  ( 0.4809831074316376909, -0.8767298616822661872, 0.000000000000000000 ) ) ;
#6933 = CARTESIAN_POINT ( 'NONE',  ( -15.12926740984008411, 80.44556952203177502, 0.5403454149666575557 ) ) ;
#6934 = EDGE_CURVE ( 'NONE', #1125, #4935, #5451, .T. ) ;
#6935 = CARTESIAN_POINT ( 'NONE',  ( 35.68142950036546068, 0.000000000000000000, -4.599999999999992539 ) ) ;
#6936 = AXIS2_PLACEMENT_3D ( 'NONE', #1726, #1183, #5482 ) ;
#6937 = ORIENTED_EDGE ( 'NONE', *, *, #4896, .T. ) ;
#6938 = ORIENTED_EDGE ( 'NONE', *, *, #3484, .T. ) ;
#6939 = LINE ( 'NONE', #2016, #1974 ) ;
#6940 = ORIENTED_EDGE ( 'NONE', *, *, #3667, .T. ) ;
#6941 = DIRECTION ( 'NONE',  ( 0.000000000000000000, 0.000000000000000000, -1.000000000000000000 ) ) ;
#6942 = CARTESIAN_POINT ( 'NONE',  ( 20.73727899999996893, 60.09411099999999806, 4.450000000000000178 ) ) ;
#6943 = CONICAL_SURFACE ( 'NONE', #3408, 1.249999999999999334, 0.7853981633974677079 ) ;
#6944 = DIRECTION ( 'NONE',  ( -1.134431386911876734E-06, 0.9999999999993565147, 0.000000000000000000 ) ) ;
#6945 = EDGE_CURVE ( 'NONE', #3984, #4782, #2890, .T. ) ;
#6946 = CARTESIAN_POINT ( 'NONE',  ( -0.8833191404329213681, 84.24125486463643142, 0.1577554341518559999 ) ) ;
#6947 = ADVANCED_FACE ( 'NONE', ( #1569 ), #7819, .F. ) ;
#6948 = ORIENTED_EDGE ( 'NONE', *, *, #198, .F. ) ;
#6949 = AXIS2_PLACEMENT_3D ( 'NONE', #7920, #427, #1625 ) ;
#6950 = EDGE_LOOP ( 'NONE', ( #1425, #3827 ) ) ;
#6951 = DIRECTION ( 'NONE',  ( -1.000000000000000000, 0.000000000000000000, 0.000000000000000000 ) ) ;
#6952 = DIRECTION ( 'NONE',  ( -1.288939664294365706E-07, 0.9999999999999916733, 0.000000000000000000 ) ) ;
#6953 = CARTESIAN_POINT ( 'NONE',  ( -13.55859082457480369, -1.465830875177938308, -3.999999999999970690 ) ) ;
#6954 = AXIS2_PLACEMENT_3D ( 'NONE', #1406, #4584, #4628 ) ;
#6955 = AXIS2_PLACEMENT_3D ( 'NONE', #7144, #933, #1510 ) ;
#6956 = ADVANCED_FACE ( 'NONE', ( #7910, #2277 ), #4714, .T. ) ;
#6957 = AXIS2_PLACEMENT_3D ( 'NONE', #1354, #76, #5803 ) ;
#6958 = FACE_OUTER_BOUND ( 'NONE', #268, .T. ) ;
#6959 = ORIENTED_EDGE ( 'NONE', *, *, #5255, .F. ) ;
#6960 = CARTESIAN_POINT ( 'NONE',  ( 90.21227469707440605, 76.84410589528943092, 1.400000000000010569 ) ) ;
#6961 = AXIS2_PLACEMENT_3D ( 'NONE', #1133, #395, #560 ) ;
#6962 = ORIENTED_EDGE ( 'NONE', *, *, #5489, .T. ) ;
#6963 = DIRECTION ( 'NONE',  ( -0.000000000000000000, 0.000000000000000000, 1.000000000000000000 ) ) ;
#6964 = VECTOR ( 'NONE', #1608, 1000.000000000000114 ) ;
#6965 = ORIENTED_EDGE ( 'NONE', *, *, #387, .T. ) ;
#6966 = DIRECTION ( 'NONE',  ( -0.000000000000000000, -0.000000000000000000, 1.000000000000000000 ) ) ;
#6967 = LINE ( 'NONE', #57, #7492 ) ;
#6968 = VECTOR ( 'NONE', #7702, 1000.000000000000000 ) ;
#6969 = CIRCLE ( 'NONE', #7757, 4.693943343173973659 ) ;
#6970 = CARTESIAN_POINT ( 'NONE',  ( 80.32716506643608056, 1.967833231367132063, 2.250000000000000000 ) ) ;
#6971 = CIRCLE ( 'NONE', #2112, 1.697767288276516684 ) ;
#6972 = VECTOR ( 'NONE', #3729, 999.9999999999998863 ) ;
#6973 = EDGE_CURVE ( 'NONE', #7499, #1167, #1850, .T. ) ;
#6974 = FACE_OUTER_BOUND ( 'NONE', #7067, .T. ) ;
#6975 = DIRECTION ( 'NONE',  ( -0.000000000000000000, -0.000000000000000000, -1.000000000000000000 ) ) ;
#6976 = VECTOR ( 'NONE', #2650, 1000.000000000000000 ) ;
#6977 = EDGE_LOOP ( 'NONE', ( #2024, #4702, #171, #3263 ) ) ;
#6978 = PLANE ( 'NONE',  #4306 ) ;
#6979 = ORIENTED_EDGE ( 'NONE', *, *, #879, .T. ) ;
#6980 = PLANE ( 'NONE',  #1497 ) ;
#6981 = CARTESIAN_POINT ( 'NONE',  ( 20.61227900000000091, 60.09411099999999806, 1.349999999999999867 ) ) ;
#6982 = CIRCLE ( 'NONE', #805, 1.697619465708140485 ) ;
#6983 = AXIS2_PLACEMENT_3D ( 'NONE', #2308, #2800, #4163 ) ;
#6984 = CARTESIAN_POINT ( 'NONE',  ( -16.63752947067277432, 81.17989982181052255, 0.5750935153613973005 ) ) ;
#6985 = LINE ( 'NONE', #7065, #4417 ) ;
#6986 = ORIENTED_EDGE ( 'NONE', *, *, #3277, .T. ) ;
#6987 = ORIENTED_EDGE ( 'NONE', *, *, #2386, .T. ) ;
#6988 = FACE_BOUND ( 'NONE', #6950, .T. ) ;
#6989 = ORIENTED_EDGE ( 'NONE', *, *, #4272, .F. ) ;
#6990 = VERTEX_POINT ( 'NONE', #8141 ) ;
#6991 = FACE_OUTER_BOUND ( 'NONE', #1868, .T. ) ;
#6992 = AXIS2_PLACEMENT_3D ( 'NONE', #2066, #867, #3384 ) ;
#6993 = EDGE_CURVE ( 'NONE', #7907, #2008, #3596, .T. ) ;
#6994 = CARTESIAN_POINT ( 'NONE',  ( -14.80859082457480191, -1.465830875177938308, -3.999999999999970690 ) ) ;
#6995 = VECTOR ( 'NONE', #7942, 1000.000000000000227 ) ;
#6996 = CARTESIAN_POINT ( 'NONE',  ( -15.43359082457480369, -1.465830875177938086, -1.550000000000002709 ) ) ;
#6997 = PLANE ( 'NONE',  #3669 ) ;
#6998 = ORIENTED_EDGE ( 'NONE', *, *, #5094, .T. ) ;
#6999 = ORIENTED_EDGE ( 'NONE', *, *, #3943, .F. ) ;
#7000 = CARTESIAN_POINT ( 'NONE',  ( 70.81228330292591977, 19.29411633638648382, -3.999999999999992450 ) ) ;
#7001 = CARTESIAN_POINT ( 'NONE',  ( 1.048065135162750068E-15, 19.23547018669193065, -4.599999999999992539 ) ) ;
#7002 = EDGE_CURVE ( 'NONE', #1518, #3926, #6822, .T. ) ;
#7003 = ADVANCED_FACE ( 'NONE', ( #4988 ), #779, .F. ) ;
#7004 = CARTESIAN_POINT ( 'NONE',  ( 45.91227899999999806, 24.49411100000000019, 1.349999999999999867 ) ) ;
#7005 = CARTESIAN_POINT ( 'NONE',  ( -20.16772100000000023, 24.98547018669191289, -3.199999999999991740 ) ) ;
#7006 = VERTEX_POINT ( 'NONE', #7481 ) ;
#7007 = CARTESIAN_POINT ( 'NONE',  ( -19.16772100000000023, 26.58547018669192852, -2.599999999999992095 ) ) ;
#7008 = ORIENTED_EDGE ( 'NONE', *, *, #6784, .T. ) ;
#7009 = CARTESIAN_POINT ( 'NONE',  ( 45.91227899999999806, 24.49411100000000019, 3.449999999999980194 ) ) ;
#7010 = ORIENTED_EDGE ( 'NONE', *, *, #3896, .T. ) ;
#7011 = PLANE ( 'NONE',  #2848 ) ;
#7012 = CARTESIAN_POINT ( 'NONE',  ( 90.21227469707440605, 76.84410589528943092, -1.550000000000002709 ) ) ;
#7013 = EDGE_CURVE ( 'NONE', #7133, #6366, #3045, .T. ) ;
#7014 = CARTESIAN_POINT ( 'NONE',  ( 12.74474674335479563, 12.48788592914254103, -4.599999999999992539 ) ) ;
#7015 = CIRCLE ( 'NONE', #703, 1.697767288281998299 ) ;
#7016 = CARTESIAN_POINT ( 'NONE',  ( 43.66227899999999806, 24.49411100000000019, 1.349999999999999867 ) ) ;
#7017 = CARTESIAN_POINT ( 'NONE',  ( 22.66228598031231911, 78.14098492032255194, 2.249999999999999556 ) ) ;
#7018 = ORIENTED_EDGE ( 'NONE', *, *, #4299, .F. ) ;
#7019 = ORIENTED_EDGE ( 'NONE', *, *, #869, .T. ) ;
#7020 = EDGE_LOOP ( 'NONE', ( #5839, #3866, #1356, #3860 ) ) ;
#7021 = DIRECTION ( 'NONE',  ( 0.000000000000000000, 0.000000000000000000, 1.000000000000000000 ) ) ;
#7022 = CARTESIAN_POINT ( 'NONE',  ( 0.000000000000000000, 80.84411100000002648, 2.250000000000000000 ) ) ;
#7023 = EDGE_CURVE ( 'NONE', #1508, #5369, #5914, .T. ) ;
#7024 = CARTESIAN_POINT ( 'NONE',  ( -15.46773317386869984, 80.18824006237409208, 6.262625225538894387E-15 ) ) ;
#7025 = LINE ( 'NONE', #6935, #7821 ) ;
#7026 = ORIENTED_EDGE ( 'NONE', *, *, #7013, .F. ) ;
#7027 = ORIENTED_EDGE ( 'NONE', *, *, #6048, .T. ) ;
#7028 = CARTESIAN_POINT ( 'NONE',  ( 25.11227899999999735, 60.09411099999999806, 1.750000000000020650 ) ) ;
#7029 = ORIENTED_EDGE ( 'NONE', *, *, #7002, .F. ) ;
#7030 = CARTESIAN_POINT ( 'NONE',  ( 6.333840999999999610, 12.63464199999999948, 1.349999999999999867 ) ) ;
#7031 = EDGE_CURVE ( 'NONE', #643, #1237, #7664, .T. ) ;
#7032 = LINE ( 'NONE', #2592, #5081 ) ;
#7033 = DIRECTION ( 'NONE',  ( 0.000000000000000000, 0.000000000000000000, -1.000000000000000000 ) ) ;
#7034 = AXIS2_PLACEMENT_3D ( 'NONE', #2264, #6493, #3407 ) ;
#7035 = CARTESIAN_POINT ( 'NONE',  ( 81.50370608041218645, 15.29411099999999912, 2.249999999999999556 ) ) ;
#7036 = EDGE_LOOP ( 'NONE', ( #4679, #4967 ) ) ;
#7037 = VERTEX_POINT ( 'NONE', #5524 ) ;
#7038 = DIRECTION ( 'NONE',  ( 1.000000000000000000, 0.000000000000000000, 0.000000000000000000 ) ) ;
#7039 = CIRCLE ( 'NONE', #3892, 2.249999999999998668 ) ;
#7040 = LINE ( 'NONE', #5360, #4119 ) ;
#7041 = VECTOR ( 'NONE', #6353, 1000.000000000000000 ) ;
#7042 = LINE ( 'NONE', #786, #3175 ) ;
#7043 = AXIS2_PLACEMENT_3D ( 'NONE', #7997, #3762, #8116 ) ;
#7044 = DIRECTION ( 'NONE',  ( 0.000000000000000000, 0.000000000000000000, 1.000000000000000000 ) ) ;
#7045 = EDGE_CURVE ( 'NONE', #5008, #1636, #1174, .T. ) ;
#7046 = ORIENTED_EDGE ( 'NONE', *, *, #7280, .T. ) ;
#7047 = CARTESIAN_POINT ( 'NONE',  ( 121.3122790047357142, 16.94879722698592062, 3.449999999999999289 ) ) ;
#7048 = ORIENTED_EDGE ( 'NONE', *, *, #2981, .T. ) ;
#7049 = VECTOR ( 'NONE', #6680, 1000.000000000000000 ) ;
#7050 = DIRECTION ( 'NONE',  ( -0.000000000000000000, -0.000000000000000000, -1.000000000000000000 ) ) ;
#7051 = ORIENTED_EDGE ( 'NONE', *, *, #2120, .F. ) ;
#7052 = CARTESIAN_POINT ( 'NONE',  ( 117.8660712989953936, 75.27667149192500062, 4.450000000000000178 ) ) ;
#7053 = DIRECTION ( 'NONE',  ( 0.9999999999999640288, 2.679728808526927701E-07, 0.000000000000000000 ) ) ;
#7054 = CARTESIAN_POINT ( 'NONE',  ( -2.094754855088633683, -12.43886966827765406, -4.599999999999992539 ) ) ;
#7055 = DIRECTION ( 'NONE',  ( 0.9999999999999640288, 2.679728808526927701E-07, 0.000000000000000000 ) ) ;
#7056 = EDGE_CURVE ( 'NONE', #3683, #6890, #455, .T. ) ;
#7057 = EDGE_CURVE ( 'NONE', #7285, #907, #5488, .T. ) ;
#7058 = DIRECTION ( 'NONE',  ( 1.000000000000000000, 0.000000000000000000, 0.000000000000000000 ) ) ;
#7059 = ORIENTED_EDGE ( 'NONE', *, *, #3383, .T. ) ;
#7060 = DIRECTION ( 'NONE',  ( 0.9999999999999640288, 2.679728808526927701E-07, 0.000000000000000000 ) ) ;
#7061 = VERTEX_POINT ( 'NONE', #4951 ) ;
#7062 = DIRECTION ( 'NONE',  ( -0.000000000000000000, -0.000000000000000000, -1.000000000000000000 ) ) ;
#7063 = LINE ( 'NONE', #1427, #5923 ) ;
#7064 = DIRECTION ( 'NONE',  ( 1.000000000000000000, 0.000000000000000000, 0.000000000000000000 ) ) ;
#7065 = CARTESIAN_POINT ( 'NONE',  ( 101.1872789999999753, 53.59411099999999806, 4.450000000000000178 ) ) ;
#7066 = ADVANCED_FACE ( 'NONE', ( #1808 ), #4874, .F. ) ;
#7067 = EDGE_LOOP ( 'NONE', ( #112, #2936, #6733, #6550 ) ) ;
#7068 = ORIENTED_EDGE ( 'NONE', *, *, #3459, .F. ) ;
#7069 = LINE ( 'NONE', #1433, #7617 ) ;
#7070 = ORIENTED_EDGE ( 'NONE', *, *, #6320, .T. ) ;
#7071 = DIRECTION ( 'NONE',  ( 1.000000000000000000, 0.000000000000000000, 0.000000000000000000 ) ) ;
#7072 = LINE ( 'NONE', #1973, #7165 ) ;
#7073 = CARTESIAN_POINT ( 'NONE',  ( -11.01773404704962545, 85.04410499915218224, -2.699999999999993072 ) ) ;
#7074 = CARTESIAN_POINT ( 'NONE',  ( -0.6006149801703033475, 84.57634528922123707, 6.938893903907228378E-15 ) ) ;
#7075 = EDGE_CURVE ( 'NONE', #5196, #7316, #7365, .T. ) ;
#7076 = ORIENTED_EDGE ( 'NONE', *, *, #3551, .T. ) ;
#7077 = ORIENTED_EDGE ( 'NONE', *, *, #8031, .T. ) ;
#7078 = CARTESIAN_POINT ( 'NONE',  ( -19.16772100000000023, 39.38547018669192568, -3.199999999999991740 ) ) ;
#7079 = AXIS2_PLACEMENT_3D ( 'NONE', #5279, #2142, #4748 ) ;
#7080 = FACE_OUTER_BOUND ( 'NONE', #218, .T. ) ;
#7081 = VECTOR ( 'NONE', #1697, 1000.000000000000000 ) ;
#7082 = DIRECTION ( 'NONE',  ( -0.000000000000000000, 0.000000000000000000, 1.000000000000000000 ) ) ;
#7083 = ORIENTED_EDGE ( 'NONE', *, *, #7604, .T. ) ;
#7084 = DIRECTION ( 'NONE',  ( 0.9997000655982554163, -0.02449038266021974497, 0.000000000000000000 ) ) ;
#7085 = FACE_OUTER_BOUND ( 'NONE', #7965, .T. ) ;
#7086 = ORIENTED_EDGE ( 'NONE', *, *, #8017, .T. ) ;
#7087 = CARTESIAN_POINT ( 'NONE',  ( 45.91227899999999806, 24.49411100000000019, 1.750000000000023759 ) ) ;
#7088 = AXIS2_PLACEMENT_3D ( 'NONE', #7078, #2025, #4543 ) ;
#7089 = CIRCLE ( 'NONE', #782, 0.6000000000000033085 ) ;
#7090 = CARTESIAN_POINT ( 'NONE',  ( -5.317734047049716750, 85.04410602412544051, -2.699999999999991740 ) ) ;
#7091 = EDGE_CURVE ( 'NONE', #1669, #6367, #8104, .T. ) ;
#7092 = AXIS2_PLACEMENT_3D ( 'NONE', #6551, #4547, #7207 ) ;
#7093 = CIRCLE ( 'NONE', #7103, 1.250000000000001110 ) ;
#7094 = LINE ( 'NONE', #263, #5093 ) ;
#7095 = VECTOR ( 'NONE', #3379, 1000.000000000000000 ) ;
#7096 = CARTESIAN_POINT ( 'NONE',  ( 22.86227900000000091, 60.09411099999999806, 1.349999999999999867 ) ) ;
#7097 = ORIENTED_EDGE ( 'NONE', *, *, #6016, .T. ) ;
#7098 = LINE ( 'NONE', #6643, #1402 ) ;
#7099 = VERTEX_POINT ( 'NONE', #6133 ) ;
#7100 = VECTOR ( 'NONE', #2746, 1000.000000000000000 ) ;
#7101 = CARTESIAN_POINT ( 'NONE',  ( -1.954476306208887015, 79.78193393845744197, -4.599999999999992539 ) ) ;
#7102 = CARTESIAN_POINT ( 'NONE',  ( 6.333840999999999610, 12.63464199999999948, 1.750000000000021538 ) ) ;
#7103 = AXIS2_PLACEMENT_3D ( 'NONE', #5998, #7226, #7186 ) ;
#7104 = EDGE_CURVE ( 'NONE', #5540, #2144, #6292, .T. ) ;
#7105 = EDGE_CURVE ( 'NONE', #3199, #1593, #494, .T. ) ;
#7106 = CARTESIAN_POINT ( 'NONE',  ( -15.41254264803405505, 80.23049311066809253, 0.2521407749382762464 ) ) ;
#7107 = AXIS2_PLACEMENT_3D ( 'NONE', #4463, #93, #709 ) ;
#7108 = CARTESIAN_POINT ( 'NONE',  ( 63.05759268073793322, 12.29411100000000090, 3.449999999999999289 ) ) ;
#7109 = VERTEX_POINT ( 'NONE', #1149 ) ;
#7110 = ORIENTED_EDGE ( 'NONE', *, *, #157, .F. ) ;
#7111 = DIRECTION ( 'NONE',  ( -0.9999999999973141485, -2.317727722690345654E-06, 0.000000000000000000 ) ) ;
#7112 = EDGE_LOOP ( 'NONE', ( #5306, #3259, #5893, #1835, #3321, #5127, #3555, #2507, #4024, #7645 ) ) ;
#7113 = DIRECTION ( 'NONE',  ( 0.000000000000000000, 0.000000000000000000, 1.000000000000000000 ) ) ;
#7114 = AXIS2_PLACEMENT_3D ( 'NONE', #7090, #6394, #260 ) ;
#7115 = CIRCLE ( 'NONE', #946, 0.4500000000000059508 ) ;
#7116 = CARTESIAN_POINT ( 'NONE',  ( -1.435755681706755673E-05, 79.84410698035699738, -4.599999999999992539 ) ) ;
#7117 = ADVANCED_FACE ( 'NONE', ( #577 ), #5597, .F. ) ;
#7118 = CARTESIAN_POINT ( 'NONE',  ( 48.95412338519995643, -1.755882021704229912, 3.450002953554893281 ) ) ;
#7119 = FACE_OUTER_BOUND ( 'NONE', #3902, .T. ) ;
#7120 = AXIS2_PLACEMENT_3D ( 'NONE', #586, #4338, #6143 ) ;
#7121 = VERTEX_POINT ( 'NONE', #4919 ) ;
#7122 = CARTESIAN_POINT ( 'NONE',  ( -19.36772099999999952, 19.23547018669193065, -2.199999999999991740 ) ) ;
#7123 = AXIS2_PLACEMENT_3D ( 'NONE', #6591, #955, #458 ) ;
#7124 = ORIENTED_EDGE ( 'NONE', *, *, #823, .T. ) ;
#7125 = DIRECTION ( 'NONE',  ( 1.000000000000000000, 0.000000000000000000, 0.000000000000000000 ) ) ;
#7126 = AXIS2_PLACEMENT_3D ( 'NONE', #5641, #620, #743 ) ;
#7127 = ADVANCED_FACE ( 'NONE', ( #3749 ), #7406, .F. ) ;
#7128 = DIRECTION ( 'NONE',  ( 1.000000000000000000, 0.000000000000000000, 0.000000000000000000 ) ) ;
#7129 = DIRECTION ( 'NONE',  ( 1.000000000000000000, 0.000000000000000000, 0.000000000000000000 ) ) ;
#7130 = EDGE_LOOP ( 'NONE', ( #3475, #3650, #2564, #5909 ) ) ;
#7131 = LINE ( 'NONE', #4515, #6462 ) ;
#7132 = CARTESIAN_POINT ( 'NONE',  ( 80.21228894959200773, 79.14856685720401686, -4.599999999999992539 ) ) ;
#7133 = VERTEX_POINT ( 'NONE', #5761 ) ;
#7134 = ORIENTED_EDGE ( 'NONE', *, *, #1623, .T. ) ;
#7135 = CARTESIAN_POINT ( 'NONE',  ( 81.95516925028452704, 2.007715638908055933, -4.599999999999992539 ) ) ;
#7136 = FACE_OUTER_BOUND ( 'NONE', #3098, .T. ) ;
#7137 = CARTESIAN_POINT ( 'NONE',  ( 7.662260430057417082, 81.84410835818626140, -3.999999999999992450 ) ) ;
#7138 = DIRECTION ( 'NONE',  ( 0.9999999999999836797, 1.798198627038045005E-07, 0.000000000000000000 ) ) ;
#7139 = ORIENTED_EDGE ( 'NONE', *, *, #2539, .T. ) ;
#7140 = ADVANCED_FACE ( 'NONE', ( #6991, #2628, #5197, #647, #7686, #7603, #6412, #3830, #1894, #2591 ), #78, .T. ) ;
#7141 = DIRECTION ( 'NONE',  ( -0.9997000655982564155, 0.02449038266017894427, 0.000000000000000000 ) ) ;
#7142 = ORIENTED_EDGE ( 'NONE', *, *, #3697, .T. ) ;
#7143 = EDGE_LOOP ( 'NONE', ( #3131, #1882, #3095, #6042 ) ) ;
#7144 = CARTESIAN_POINT ( 'NONE',  ( 6.333840999999999610, 12.63464199999999948, 1.750000000000021538 ) ) ;
#7145 = FACE_OUTER_BOUND ( 'NONE', #5824, .T. ) ;
#7146 = AXIS2_PLACEMENT_3D ( 'NONE', #7436, #2996, #3074 ) ;
#7147 = DIRECTION ( 'NONE',  ( 0.000000000000000000, 0.000000000000000000, 1.000000000000000000 ) ) ;
#7148 = CARTESIAN_POINT ( 'NONE',  ( 8.583840999999999610, 12.63464199999999948, 1.349999999999999867 ) ) ;
#7149 = ORIENTED_EDGE ( 'NONE', *, *, #1217, .F. ) ;
#7150 = ORIENTED_EDGE ( 'NONE', *, *, #622, .T. ) ;
#7151 = CARTESIAN_POINT ( 'NONE',  ( 53.66227900109225146, -0.3558820217042209522, 3.450002953554892837 ) ) ;
#7152 = EDGE_CURVE ( 'NONE', #2736, #1329, #3788, .T. ) ;
#7153 = ORIENTED_EDGE ( 'NONE', *, *, #2626, .T. ) ;
#7154 = LINE ( 'NONE', #3413, #3428 ) ;
#7155 = EDGE_CURVE ( 'NONE', #2437, #2984, #2755, .T. ) ;
#7156 = CARTESIAN_POINT ( 'NONE',  ( 11.41226043005733892, 81.84410925728559505, -3.999999999999970690 ) ) ;
#7157 = CARTESIAN_POINT ( 'NONE',  ( 50.66227900000000517, 2.935538080412094519, -4.599999999999992539 ) ) ;
#7158 = ORIENTED_EDGE ( 'NONE', *, *, #70, .F. ) ;
#7159 = DIRECTION ( 'NONE',  ( 1.000000000000000000, -9.999428271258533804E-31, 0.000000000000000000 ) ) ;
#7160 = EDGE_CURVE ( 'NONE', #4384, #3346, #7355, .T. ) ;
#7161 = EDGE_LOOP ( 'NONE', ( #3593, #5947, #2253, #7502, #667, #980, #4880, #4688, #4191, #7797, #6233, #1920 ) ) ;
#7162 = DIRECTION ( 'NONE',  ( 0.000000000000000000, 0.000000000000000000, -1.000000000000000000 ) ) ;
#7163 = EDGE_CURVE ( 'NONE', #7517, #1535, #6432, .T. ) ;
#7164 = DIRECTION ( 'NONE',  ( 0.000000000000000000, -1.000000000000000000, 0.000000000000000000 ) ) ;
#7165 = VECTOR ( 'NONE', #5160, 1000.000000000000114 ) ;
#7166 = ORIENTED_EDGE ( 'NONE', *, *, #6232, .F. ) ;
#7167 = CARTESIAN_POINT ( 'NONE',  ( -18.16772099999999668, 39.98547018669192710, -3.199999999999991740 ) ) ;
#7168 = ORIENTED_EDGE ( 'NONE', *, *, #6793, .T. ) ;
#7169 = DIRECTION ( 'NONE',  ( 0.000000000000000000, 0.000000000000000000, -1.000000000000000000 ) ) ;
#7170 = ADVANCED_FACE ( 'NONE', ( #5112 ), #3162, .F. ) ;
#7171 = LINE ( 'NONE', #2689, #5150 ) ;
#7172 = ORIENTED_EDGE ( 'NONE', *, *, #1801, .T. ) ;
#7173 = CARTESIAN_POINT ( 'NONE',  ( -16.50447752050400396, 12.46043432054700340, 2.250000000000000000 ) ) ;
#7174 = SURFACE_STYLE_FILL_AREA ( #3352 ) ;
#7175 = VECTOR ( 'NONE', #2158, 1000.000000000000000 ) ;
#7176 = CYLINDRICAL_SURFACE ( 'NONE', #5165, 1.697767288287466148 ) ;
#7177 = VECTOR ( 'NONE', #4726, 1000.000000000000114 ) ;
#7178 = LINE ( 'NONE', #2206, #3636 ) ;
#7179 = CARTESIAN_POINT ( 'NONE',  ( 41.71543085406953111, 84.28134294316404862, -4.599999999999992539 ) ) ;
#7180 = ORIENTED_EDGE ( 'NONE', *, *, #4319, .T. ) ;
#7181 = VECTOR ( 'NONE', #7709, 1000.000000000000000 ) ;
#7182 = LINE ( 'NONE', #6029, #2193 ) ;
#7183 = VERTEX_POINT ( 'NONE', #2057 ) ;
#7184 = EDGE_LOOP ( 'NONE', ( #1139, #3536, #4235, #5576 ) ) ;
#7185 = CARTESIAN_POINT ( 'NONE',  ( -19.36772099999999597, 48.98547018669192710, -2.199999999999995293 ) ) ;
#7186 = DIRECTION ( 'NONE',  ( 1.000000000000000000, 0.000000000000000000, 0.000000000000000000 ) ) ;
#7187 = DIRECTION ( 'NONE',  ( 1.000000000000000000, 0.000000000000000000, 0.000000000000000000 ) ) ;
#7188 = EDGE_CURVE ( 'NONE', #3114, #2238, #163, .T. ) ;
#7189 = CARTESIAN_POINT ( 'NONE',  ( 116.7495109432711757, 72.84095914592785448, -4.599999999999992539 ) ) ;
#7190 = ORIENTED_EDGE ( 'NONE', *, *, #7831, .T. ) ;
#7191 = EDGE_LOOP ( 'NONE', ( #1580, #7413, #1295, #483 ) ) ;
#7192 = CYLINDRICAL_SURFACE ( 'NONE', #7227, 0.5999999999999998668 ) ;
#7193 = ORIENTED_EDGE ( 'NONE', *, *, #8015, .F. ) ;
#7194 = CARTESIAN_POINT ( 'NONE',  ( 24.98727900000002933, 60.09411099999999806, 4.450000000000000178 ) ) ;
#7195 = LINE ( 'NONE', #4195, #3591 ) ;
#7196 = LINE ( 'NONE', #4079, #3837 ) ;
#7197 = EDGE_CURVE ( 'NONE', #2552, #1167, #2375, .T. ) ;
#7198 = DIRECTION ( 'NONE',  ( 1.000000000000000000, 0.000000000000000000, 0.000000000000000000 ) ) ;
#7199 = ORIENTED_EDGE ( 'NONE', *, *, #6869, .T. ) ;
#7200 = FACE_OUTER_BOUND ( 'NONE', #1479, .T. ) ;
#7201 = VERTEX_POINT ( 'NONE', #3871 ) ;
#7202 = CARTESIAN_POINT ( 'NONE',  ( 116.6041235405283913, 12.87146824717516047, 4.450000000000000178 ) ) ;
#7203 = CARTESIAN_POINT ( 'NONE',  ( 75.81228330292589135, 19.29411698796796415, -1.550000000000002709 ) ) ;
#7204 = EDGE_CURVE ( 'NONE', #6004, #5672, #6302, .T. ) ;
#7205 = ADVANCED_FACE ( 'NONE', ( #5718 ), #6903, .T. ) ;
#7206 = ORIENTED_EDGE ( 'NONE', *, *, #4165, .T. ) ;
#7207 = DIRECTION ( 'NONE',  ( 0.9659258276786804043, 0.2588190399164173594, 0.000000000000000000 ) ) ;
#7208 = ORIENTED_EDGE ( 'NONE', *, *, #6839, .F. ) ;
#7209 = CARTESIAN_POINT ( 'NONE',  ( 22.66543085406954461, 79.28134294316417652, 2.249999999999999556 ) ) ;
#7210 = AXIS2_PLACEMENT_3D ( 'NONE', #4364, #6860, #2503 ) ;
#7211 = DIRECTION ( 'NONE',  ( 1.000000000000000000, 0.000000000000000000, 0.000000000000000000 ) ) ;
#7212 = EDGE_LOOP ( 'NONE', ( #5820, #2195, #176, #2520 ) ) ;
#7213 = LINE ( 'NONE', #1581, #3360 ) ;
#7214 = LINE ( 'NONE', #3979, #7496 ) ;
#7215 = CARTESIAN_POINT ( 'NONE',  ( 70.81228330292591977, 19.29411633638648382, -3.999999999999992450 ) ) ;
#7216 = ADVANCED_FACE ( 'NONE', ( #7565 ), #197, .T. ) ;
#7217 = AXIS2_PLACEMENT_3D ( 'NONE', #3507, #7284, #7198 ) ;
#7218 = DIRECTION ( 'NONE',  ( 0.000000000000000000, 0.000000000000000000, 1.000000000000000000 ) ) ;
#7219 = CARTESIAN_POINT ( 'NONE',  ( 23.98727900000000091, 60.09411099999999806, 3.449999999999961986 ) ) ;
#7220 = VERTEX_POINT ( 'NONE', #2018 ) ;
#7221 = DIRECTION ( 'NONE',  ( -0.000000000000000000, 0.000000000000000000, 1.000000000000000000 ) ) ;
#7222 = AXIS2_PLACEMENT_3D ( 'NONE', #2560, #2682, #1939 ) ;
#7223 = ORIENTED_EDGE ( 'NONE', *, *, #3758, .F. ) ;
#7224 = ORIENTED_EDGE ( 'NONE', *, *, #3027, .F. ) ;
#7225 = CARTESIAN_POINT ( 'NONE',  ( -11.68359082457480369, -1.465830875177938308, 4.450000000000000178 ) ) ;
#7226 = DIRECTION ( 'NONE',  ( 0.000000000000000000, 0.000000000000000000, -1.000000000000000000 ) ) ;
#7227 = AXIS2_PLACEMENT_3D ( 'NONE', #2833, #5315, #5355 ) ;
#7228 = EDGE_CURVE ( 'NONE', #3838, #4731, #6279, .T. ) ;
#7229 = CARTESIAN_POINT ( 'NONE',  ( 80.50782314279000218, 73.14186833868100734, 2.250000000000000000 ) ) ;
#7230 = AXIS2_PLACEMENT_3D ( 'NONE', #6328, #1435, #5806 ) ;
#7231 = CIRCLE ( 'NONE', #4595, 0.4499999999999781952 ) ;
#7232 = CARTESIAN_POINT ( 'NONE',  ( 77.66228330292589987, 19.29411698796796415, -4.599999999999992539 ) ) ;
#7233 = ORIENTED_EDGE ( 'NONE', *, *, #7651, .T. ) ;
#7234 = VERTEX_POINT ( 'NONE', #38 ) ;
#7235 = EDGE_LOOP ( 'NONE', ( #1758, #767, #6819, #4112 ) ) ;
#7236 = DIRECTION ( 'NONE',  ( 1.000000000000000000, 0.000000000000000000, 0.000000000000000000 ) ) ;
#7237 = CIRCLE ( 'NONE', #6057, 1.125000000000000888 ) ;
#7238 = LINE ( 'NONE', #783, #2666 ) ;
#7239 = CIRCLE ( 'NONE', #5797, 1.125000000000000888 ) ;
#7240 = VECTOR ( 'NONE', #4097, 1000.000000000000000 ) ;
#7241 = EDGE_CURVE ( 'NONE', #1375, #6149, #5788, .T. ) ;
#7242 = AXIS2_PLACEMENT_3D ( 'NONE', #5220, #3898, #7752 ) ;
#7243 = DIRECTION ( 'NONE',  ( 1.000000000000000000, 0.000000000000000000, 0.000000000000000000 ) ) ;
#7244 = CARTESIAN_POINT ( 'NONE',  ( 91.46227469707440605, 76.84410589528943092, -3.999999999999968914 ) ) ;
#7245 = EDGE_LOOP ( 'NONE', ( #7983, #2772, #401, #3529 ) ) ;
#7246 = CARTESIAN_POINT ( 'NONE',  ( 70.36228330292588851, 19.29411633638648382, -3.999999999999992450 ) ) ;
#7247 = VERTEX_POINT ( 'NONE', #2553 ) ;
#7248 = FACE_OUTER_BOUND ( 'NONE', #3397, .T. ) ;
#7249 = CIRCLE ( 'NONE', #410, 1.125000000000000888 ) ;
#7250 = EDGE_CURVE ( 'NONE', #6120, #5142, #1021, .T. ) ;
#7251 = DIRECTION ( 'NONE',  ( 0.000000000000000000, -0.000000000000000000, -1.000000000000000000 ) ) ;
#7252 = VECTOR ( 'NONE', #878, 1000.000000000000000 ) ;
#7253 = CONICAL_SURFACE ( 'NONE', #549, 2.125000000000029754, 0.7853981633974432830 ) ;
#7254 = EDGE_LOOP ( 'NONE', ( #3422, #2401, #1704, #4130 ) ) ;
#7255 = FACE_OUTER_BOUND ( 'NONE', #2302, .T. ) ;
#7256 = ORIENTED_EDGE ( 'NONE', *, *, #6631, .F. ) ;
#7257 = DIRECTION ( 'NONE',  ( -1.000000000000000000, 0.000000000000000000, 0.000000000000000000 ) ) ;
#7258 = CARTESIAN_POINT ( 'NONE',  ( 119.5122720196896893, 31.31910750985032621, -2.199999999999997069 ) ) ;
#7259 = ADVANCED_FACE ( 'NONE', ( #1560 ), #364, .F. ) ;
#7260 = EDGE_CURVE ( 'NONE', #6526, #588, #2761, .T. ) ;
#7261 = CARTESIAN_POINT ( 'NONE',  ( 99.06227900000000375, 53.59411099999999806, 4.450000000000000178 ) ) ;
#7262 = CARTESIAN_POINT ( 'NONE',  ( -24.16772100000000378, 25.98547018669193065, -3.199999999999991740 ) ) ;
#7263 = VECTOR ( 'NONE', #3502, 1000.000000000000000 ) ;
#7264 = LINE ( 'NONE', #1747, #6654 ) ;
#7265 = CARTESIAN_POINT ( 'NONE',  ( 85.21227469707440605, 76.84410589528944513, -3.999999999999992450 ) ) ;
#7266 = ORIENTED_EDGE ( 'NONE', *, *, #221, .T. ) ;
#7267 = LINE ( 'NONE', #5956, #2006 ) ;
#7268 = EDGE_LOOP ( 'NONE', ( #1129, #3836, #4625, #5757 ) ) ;
#7269 = ORIENTED_EDGE ( 'NONE', *, *, #2872, .F. ) ;
#7270 = EDGE_CURVE ( 'NONE', #3645, #4323, #7723, .T. ) ;
#7271 = CARTESIAN_POINT ( 'NONE',  ( 80.21236427083987053, 9.350011570627669551E-05, -4.599999999999992539 ) ) ;
#7272 = CARTESIAN_POINT ( 'NONE',  ( 41.71228894960605516, 81.13965514279601621, -4.599999999999992539 ) ) ;
#7273 = CARTESIAN_POINT ( 'NONE',  ( -15.22947749015853347, 80.36982817188547301, 0.4787916606964767730 ) ) ;
#7274 = CARTESIAN_POINT ( 'NONE',  ( 7.662260430057417082, 81.84410835818626140, -3.999999999999992450 ) ) ;
#7275 = CARTESIAN_POINT ( 'NONE',  ( -15.43359082457480369, -1.465830875177938086, -1.550000000000002709 ) ) ;
#7276 = ORIENTED_EDGE ( 'NONE', *, *, #2801, .F. ) ;
#7277 = ORIENTED_EDGE ( 'NONE', *, *, #7366, .T. ) ;
#7278 = ORIENTED_EDGE ( 'NONE', *, *, #1771, .F. ) ;
#7279 = DIRECTION ( 'NONE',  ( 0.000000000000000000, 0.000000000000000000, -1.000000000000000000 ) ) ;
#7280 = EDGE_CURVE ( 'NONE', #1528, #6443, #3501, .T. ) ;
#7281 = DIRECTION ( 'NONE',  ( -0.000000000000000000, -0.000000000000000000, 1.000000000000000000 ) ) ;
#7282 = AXIS2_PLACEMENT_3D ( 'NONE', #811, #723, #7715 ) ;
#7283 = LINE ( 'NONE', #7905, #2479 ) ;
#7284 = DIRECTION ( 'NONE',  ( 0.000000000000000000, 0.000000000000000000, -1.000000000000000000 ) ) ;
#7285 = VERTEX_POINT ( 'NONE', #942 ) ;
#7286 = DIRECTION ( 'NONE',  ( 1.000000000000000000, 0.000000000000000000, 0.000000000000000000 ) ) ;
#7287 = ORIENTED_EDGE ( 'NONE', *, *, #4216, .F. ) ;
#7288 = CARTESIAN_POINT ( 'NONE',  ( 75.81228330292589135, 19.29411698796796415, -1.550000000000002709 ) ) ;
#7289 = EDGE_CURVE ( 'NONE', #995, #4268, #4038, .T. ) ;
#7290 = FACE_OUTER_BOUND ( 'NONE', #7268, .T. ) ;
#7291 = ORIENTED_EDGE ( 'NONE', *, *, #1825, .T. ) ;
#7292 = EDGE_LOOP ( 'NONE', ( #6303, #7134 ) ) ;
#7293 = DIRECTION ( 'NONE',  ( -1.000000000000000000, 0.000000000000000000, 0.000000000000000000 ) ) ;
#7294 = CARTESIAN_POINT ( 'NONE',  ( 22.86227900000000091, 60.09411099999999806, 1.349999999999999867 ) ) ;
#7295 = CARTESIAN_POINT ( 'NONE',  ( 79.51673485720000656, 22.99635366131899872, -4.599999999999992539 ) ) ;
#7296 = PRODUCT_CONTEXT ( 'NONE', #6755, 'mechanical' ) ;
#7297 = DIRECTION ( 'NONE',  ( 0.000000000000000000, 0.000000000000000000, -1.000000000000000000 ) ) ;
#7298 = AXIS2_PLACEMENT_3D ( 'NONE', #4118, #6616, #5916 ) ;
#7299 = EDGE_CURVE ( 'NONE', #793, #4782, #2093, .T. ) ;
#7300 = PLANE ( 'NONE',  #5490 ) ;
#7301 = CARTESIAN_POINT ( 'NONE',  ( 22.36452166131000396, 78.13965514279601621, -4.599999999999992539 ) ) ;
#7302 = VERTEX_POINT ( 'NONE', #3372 ) ;
#7303 = LINE ( 'NONE', #4970, #5931 ) ;
#7304 = EDGE_LOOP ( 'NONE', ( #2390, #5383, #5542, #7719 ) ) ;
#7305 = ORIENTED_EDGE ( 'NONE', *, *, #6754, .F. ) ;
#7306 = VECTOR ( 'NONE', #3206, 1000.000000000000000 ) ;
#7307 = LINE ( 'NONE', #1673, #2893 ) ;
#7308 = CIRCLE ( 'NONE', #866, 1.125000000000000888 ) ;
#7309 = CARTESIAN_POINT ( 'NONE',  ( 96.31227900000001796, 34.54411100000000090, 2.250000000000000000 ) ) ;
#7310 = CARTESIAN_POINT ( 'NONE',  ( 92.06227469707442879, 76.84410589528943092, -4.599999999999992539 ) ) ;
#7311 = CARTESIAN_POINT ( 'NONE',  ( -1.392813672569526595, 83.96096577514420289, 0.5953838250555445466 ) ) ;
#7312 = ADVANCED_FACE ( 'NONE', ( #7810 ), #4616, .T. ) ;
#7313 = ADVANCED_FACE ( 'NONE', ( #2836 ), #5317, .F. ) ;
#7314 = VECTOR ( 'NONE', #4587, 1000.000000000000000 ) ;
#7315 = DIRECTION ( 'NONE',  ( 1.000000000000000000, -5.448606792506972827E-17, 0.000000000000000000 ) ) ;
#7316 = VERTEX_POINT ( 'NONE', #2178 ) ;
#7317 = EDGE_LOOP ( 'NONE', ( #281, #4494, #4854, #7477 ) ) ;
#7318 = ORIENTED_EDGE ( 'NONE', *, *, #774, .F. ) ;
#7319 = CARTESIAN_POINT ( 'NONE',  ( -0.1530352541253799936, 85.21214422083733098, 0.5189246807881227053 ) ) ;
#7320 = LINE ( 'NONE', #6420, #7782 ) ;
#7321 = LINE ( 'NONE', #7156, #3451 ) ;
#7322 = EDGE_CURVE ( 'NONE', #252, #6288, #5358, .T. ) ;
#7323 = CARTESIAN_POINT ( 'NONE',  ( 13.08858891146493519, -3.672762158219244455, -4.599999999999992539 ) ) ;
#7324 = ORIENTED_EDGE ( 'NONE', *, *, #8081, .T. ) ;
#7325 = DIRECTION ( 'NONE',  ( -0.7071067811865524577, 0.7071067811865425767, 0.000000000000000000 ) ) ;
#7326 = ORIENTED_EDGE ( 'NONE', *, *, #1817, .F. ) ;
#7327 = DIRECTION ( 'NONE',  ( -0.02449038266021974497, -0.9997000655982554163, 0.000000000000000000 ) ) ;
#7328 = CYLINDRICAL_SURFACE ( 'NONE', #678, 1.875000000000001776 ) ;
#7329 = ADVANCED_FACE ( 'NONE', ( #6498 ), #4794, .F. ) ;
#7330 = DIRECTION ( 'NONE',  ( -1.000000000000000000, 0.000000000000000000, -0.000000000000000000 ) ) ;
#7331 = ORIENTED_EDGE ( 'NONE', *, *, #4244, .T. ) ;
#7332 = ORIENTED_EDGE ( 'NONE', *, *, #1326, .F. ) ;
#7333 = DIRECTION ( 'NONE',  ( 1.000000000000000000, 0.000000000000000000, 0.000000000000000000 ) ) ;
#7334 = PLANE ( 'NONE',  #3429 ) ;
#7335 = CARTESIAN_POINT ( 'NONE',  ( 17.66226043005725899, 81.84411015638494291, -4.599999999999992539 ) ) ;
#7336 = LINE ( 'NONE', #2980, #481 ) ;
#7337 = LINE ( 'NONE', #1703, #1853 ) ;
#7338 = ORIENTED_EDGE ( 'NONE', *, *, #1284, .T. ) ;
#7339 = DIRECTION ( 'NONE',  ( 0.000000000000000000, 0.000000000000000000, 1.000000000000000000 ) ) ;
#7340 = VERTEX_POINT ( 'NONE', #5969 ) ;
#7341 = CARTESIAN_POINT ( 'NONE',  ( 63.11245933445583489, 1.546112011906927597, 2.250000000000000000 ) ) ;
#7342 = EDGE_CURVE ( 'NONE', #6286, #6355, #238, .T. ) ;
#7343 = CARTESIAN_POINT ( 'NONE',  ( -4.603728215441089496E-16, -1.755882021704217033, 3.450002953554892837 ) ) ;
#7344 = AXIS2_PLACEMENT_3D ( 'NONE', #860, #898, #5886 ) ;
#7345 = CARTESIAN_POINT ( 'NONE',  ( -15.09764460279327913, 80.46938759345988501, 0.5542190297008365851 ) ) ;
#7346 = PLANE ( 'NONE',  #5218 ) ;
#7347 = VECTOR ( 'NONE', #2719, 999.9999999999998863 ) ;
#7348 = ORIENTED_EDGE ( 'NONE', *, *, #7160, .T. ) ;
#7349 = EDGE_LOOP ( 'NONE', ( #8035, #6928, #1783, #3889 ) ) ;
#7350 = ORIENTED_EDGE ( 'NONE', *, *, #1271, .F. ) ;
#7351 = DIRECTION ( 'NONE',  ( 0.000000000000000000, -0.000000000000000000, -1.000000000000000000 ) ) ;
#7352 = DIRECTION ( 'NONE',  ( 0.000000000000000000, 0.000000000000000000, 1.000000000000000000 ) ) ;
#7353 = EDGE_CURVE ( 'NONE', #7562, #4906, #2877, .T. ) ;
#7354 = ADVANCED_FACE ( 'NONE', ( #7770 ), #8024, .F. ) ;
#7355 = CIRCLE ( 'NONE', #917, 2.250000000000000444 ) ;
#7356 = VECTOR ( 'NONE', #3531, 999.9999999999998863 ) ;
#7357 = CYLINDRICAL_SURFACE ( 'NONE', #638, 1.899999999999999467 ) ;
#7358 = AXIS2_PLACEMENT_3D ( 'NONE', #133, #7044, #5418 ) ;
#7359 = CARTESIAN_POINT ( 'NONE',  ( -14.86773311198624548, 79.84410430684577875, 6.722053469410127491E-15 ) ) ;
#7360 = VECTOR ( 'NONE', #2258, 1000.000000000000000 ) ;
#7361 = EDGE_LOOP ( 'NONE', ( #4275, #5233, #7018, #4818 ) ) ;
#7362 = LINE ( 'NONE', #1072, #4352 ) ;
#7363 = CIRCLE ( 'NONE', #1315, 1.697767288279056208 ) ;
#7364 = ORIENTED_EDGE ( 'NONE', *, *, #4233, .F. ) ;
#7365 = LINE ( 'NONE', #3082, #1046 ) ;
#7366 = EDGE_CURVE ( 'NONE', #1127, #7424, #6539, .T. ) ;
#7367 = CIRCLE ( 'NONE', #2642, 1.875000000000001776 ) ;
#7368 = VECTOR ( 'NONE', #492, 1000.000000000000000 ) ;
#7369 = VECTOR ( 'NONE', #5178, 1000.000000000000000 ) ;
#7370 = DIRECTION ( 'NONE',  ( 1.018552587902412228E-15, 1.000000000000000000, -1.322063213371184253E-16 ) ) ;
#7371 = DIRECTION ( 'NONE',  ( 0.000000000000000000, 0.000000000000000000, -1.000000000000000000 ) ) ;
#7372 = ORIENTED_EDGE ( 'NONE', *, *, #6423, .F. ) ;
#7373 = VECTOR ( 'NONE', #5857, 1000.000000000000114 ) ;
#7374 = VERTEX_POINT ( 'NONE', #325 ) ;
#7375 = CARTESIAN_POINT ( 'NONE',  ( 79.81230579313094609, 9.303372438427715972E-05, -4.599999999999992539 ) ) ;
#7376 = DIRECTION ( 'NONE',  ( -1.000000000000000000, 0.000000000000000000, 0.000000000000000000 ) ) ;
#7377 = EDGE_CURVE ( 'NONE', #7907, #2429, #7154, .T. ) ;
#7378 = CONICAL_SURFACE ( 'NONE', #18, 214.2254427649804995, 0.5235987755982935976 ) ;
#7379 = VECTOR ( 'NONE', #4539, 1000.000000000000227 ) ;
#7380 = CARTESIAN_POINT ( 'NONE',  ( 78.52085191958751409, 80.84411100000002648, 2.249999999999999556 ) ) ;
#7381 = CARTESIAN_POINT ( 'NONE',  ( -19.59037073081038116, 12.48788592914254458, 4.450000000000000178 ) ) ;
#7382 = ORIENTED_EDGE ( 'NONE', *, *, #3303, .F. ) ;
#7383 = DIRECTION ( 'NONE',  ( -1.000000000000000000, 0.000000000000000000, 0.000000000000000000 ) ) ;
#7384 = VERTEX_POINT ( 'NONE', #5922 ) ;
#7385 = VECTOR ( 'NONE', #5372, 1000.000000000000114 ) ;
#7386 = DIRECTION ( 'NONE',  ( 6.009276143675188181E-15, 0.5000000000001019185, 0.8660254037843798658 ) ) ;
#7387 = ORIENTED_EDGE ( 'NONE', *, *, #4858, .T. ) ;
#7388 = CARTESIAN_POINT ( 'NONE',  ( 6.612260430057457228, 81.84410835818626140, -4.599999999999992539 ) ) ;
#7389 = CYLINDRICAL_SURFACE ( 'NONE', #6961, 1.663324279939825567 ) ;
#7390 = CIRCLE ( 'NONE', #2526, 1.875000000000000000 ) ;
#7391 = CARTESIAN_POINT ( 'NONE',  ( 116.6091529203252861, 15.29411798029975955, -4.599999999999992539 ) ) ;
#7392 = ADVANCED_FACE ( 'NONE', ( #2798 ), #3703, .T. ) ;
#7393 = CARTESIAN_POINT ( 'NONE',  ( -0.8677339041914936546, 84.24965460635104364, -4.599999999999992539 ) ) ;
#7394 = ORIENTED_EDGE ( 'NONE', *, *, #2951, .F. ) ;
#7395 = ORIENTED_EDGE ( 'NONE', *, *, #2406, .F. ) ;
#7396 = ORIENTED_EDGE ( 'NONE', *, *, #5763, .F. ) ;
#7397 = CARTESIAN_POINT ( 'NONE',  ( -0.3558338146243926192, 85.17085223854928699, 0.9163242818906678355 ) ) ;
#7398 = PLANE ( 'NONE',  #6098 ) ;
#7399 = CARTESIAN_POINT ( 'NONE',  ( -16.47888034042507144, 81.22535235098237649, 0.8806578798359746552 ) ) ;
#7400 = EDGE_CURVE ( 'NONE', #5570, #1199, #5148, .T. ) ;
#7401 = DIRECTION ( 'NONE',  ( 0.000000000000000000, 0.000000000000000000, 1.000000000000000000 ) ) ;
#7402 = EDGE_CURVE ( 'NONE', #2023, #5029, #1713, .T. ) ;
#7403 = ORIENTED_EDGE ( 'NONE', *, *, #3551, .F. ) ;
#7404 = DIRECTION ( 'NONE',  ( -0.2779010491573265518, -0.4156573190469003976, -0.8660254037844388186 ) ) ;
#7405 = VERTEX_POINT ( 'NONE', #1141 ) ;
#7406 = PLANE ( 'NONE',  #2630 ) ;
#7407 = FACE_OUTER_BOUND ( 'NONE', #8025, .T. ) ;
#7408 = AXIS2_PLACEMENT_3D ( 'NONE', #6813, #4866, #3740 ) ;
#7409 = LINE ( 'NONE', #6786, #3978 ) ;
#7410 = ADVANCED_FACE ( 'NONE', ( #7470 ), #486, .F. ) ;
#7411 = CARTESIAN_POINT ( 'NONE',  ( 75.81228330292589135, 19.29411698796796415, -2.150000000000027889 ) ) ;
#7412 = EDGE_CURVE ( 'NONE', #4064, #6130, #5536, .T. ) ;
#7413 = ORIENTED_EDGE ( 'NONE', *, *, #3732, .F. ) ;
#7414 = VERTEX_POINT ( 'NONE', #2305 ) ;
#7415 = DIRECTION ( 'NONE',  ( 0.7071067811865543451, 0.000000000000000000, 0.7071067811865408004 ) ) ;
#7416 = CARTESIAN_POINT ( 'NONE',  ( 95.21227469707440605, 76.84410589528944513, -3.999999999999992450 ) ) ;
#7417 = DIRECTION ( 'NONE',  ( 0.000000000000000000, -1.734723475976807094E-16, -1.000000000000000000 ) ) ;
#7418 = EDGE_CURVE ( 'NONE', #4924, #3148, #6703, .T. ) ;
#7419 = LINE ( 'NONE', #6026, #3643 ) ;
#7420 = ORIENTED_EDGE ( 'NONE', *, *, #2179, .F. ) ;
#7421 = LINE ( 'NONE', #510, #5545 ) ;
#7422 = ORIENTED_EDGE ( 'NONE', *, *, #2002, .F. ) ;
#7423 = CARTESIAN_POINT ( 'NONE',  ( 119.5122720196896893, 56.81910750985032621, -2.200000000000001066 ) ) ;
#7424 = VERTEX_POINT ( 'NONE', #4238 ) ;
#7425 = DIRECTION ( 'NONE',  ( -0.000000000000000000, -0.000000000000000000, -1.000000000000000000 ) ) ;
#7426 = FACE_OUTER_BOUND ( 'NONE', #2578, .T. ) ;
#7427 = CARTESIAN_POINT ( 'NONE',  ( -12.30859082457480369, -1.465830875177938086, 1.400000000000010569 ) ) ;
#7428 = CIRCLE ( 'NONE', #6121, 2.250000000000001776 ) ;
#7429 = ADVANCED_FACE ( 'NONE', ( #6693 ), #4322, .T. ) ;
#7430 = DIRECTION ( 'NONE',  ( 1.000000000000000000, 0.000000000000000000, 0.000000000000000000 ) ) ;
#7431 = VECTOR ( 'NONE', #5762, 1000.000000000000000 ) ;
#7432 = ORIENTED_EDGE ( 'NONE', *, *, #2286, .T. ) ;
#7433 = AXIS2_PLACEMENT_3D ( 'NONE', #1017, #6807, #2417 ) ;
#7434 = ORIENTED_EDGE ( 'NONE', *, *, #1525, .T. ) ;
#7435 = CARTESIAN_POINT ( 'NONE',  ( -1.569236808436680120, 84.91953749021973863, 1.597450237648992521 ) ) ;
#7436 = CARTESIAN_POINT ( 'NONE',  ( 90.21227469707440605, 76.84410589528943092, -1.550000000000002709 ) ) ;
#7437 = ADVANCED_FACE ( 'NONE', ( #7200 ), #7625, .T. ) ;
#7438 = VECTOR ( 'NONE', #3807, 1000.000000000000000 ) ;
#7439 = FACE_OUTER_BOUND ( 'NONE', #7633, .T. ) ;
#7440 = CYLINDRICAL_SURFACE ( 'NONE', #6372, 0.2977672882881407523 ) ;
#7441 = ORIENTED_EDGE ( 'NONE', *, *, #7075, .T. ) ;
#7442 = CARTESIAN_POINT ( 'NONE',  ( -20.02127337494378523, 0.4904757568495307085, 2.250000000000000000 ) ) ;
#7443 = CONICAL_SURFACE ( 'NONE', #2455, 9.395313679645688865, 0.5235987755984145009 ) ;
#7444 = VERTEX_POINT ( 'NONE', #5934 ) ;
#7445 = DIRECTION ( 'NONE',  ( -1.000000000000000000, 0.000000000000000000, 0.000000000000000000 ) ) ;
#7446 = AXIS2_PLACEMENT_3D ( 'NONE', #3385, #2766, #213 ) ;
#7447 = EDGE_CURVE ( 'NONE', #6012, #7854, #4668, .T. ) ;
#7448 = CARTESIAN_POINT ( 'NONE',  ( 1.435560034303636185E-14, 14.09411798029987928, -4.599999999999992539 ) ) ;
#7449 = CARTESIAN_POINT ( 'NONE',  ( -19.36772099999999597, 46.73547018669192710, -2.199999999999995293 ) ) ;
#7450 = ORIENTED_EDGE ( 'NONE', *, *, #835, .F. ) ;
#7451 = ORIENTED_EDGE ( 'NONE', *, *, #4858, .F. ) ;
#7452 = CARTESIAN_POINT ( 'NONE',  ( 99.06227900000000375, 34.54411100000000090, 1.349999999999999867 ) ) ;
#7453 = DIRECTION ( 'NONE',  ( 1.000000000000000000, 0.000000000000000000, 0.000000000000000000 ) ) ;
#7454 = EDGE_CURVE ( 'NONE', #2184, #2614, #7363, .T. ) ;
#7455 = EDGE_CURVE ( 'NONE', #7340, #828, #7239, .T. ) ;
#7456 = DIRECTION ( 'NONE',  ( 1.798198684919793169E-07, -0.9999999999999837907, -0.000000000000000000 ) ) ;
#7457 = PLANE ( 'NONE',  #7836 ) ;
#7458 = ORIENTED_EDGE ( 'NONE', *, *, #498, .F. ) ;
#7459 = LINE ( 'NONE', #5649, #4629 ) ;
#7460 = ORIENTED_EDGE ( 'NONE', *, *, #3265, .T. ) ;
#7461 = DIRECTION ( 'NONE',  ( 1.000000000000000000, -2.621889260516956749E-16, 0.000000000000000000 ) ) ;
#7462 = ORIENTED_EDGE ( 'NONE', *, *, #2974, .F. ) ;
#7463 = LINE ( 'NONE', #1828, #1050 ) ;
#7464 = LINE ( 'NONE', #6305, #792 ) ;
#7465 = EDGE_CURVE ( 'NONE', #7489, #7562, #6053, .T. ) ;
#7466 = CARTESIAN_POINT ( 'NONE',  ( -8.888494782936771088, -4.876320549734168175, -4.599999999999992539 ) ) ;
#7467 = CARTESIAN_POINT ( 'NONE',  ( 12.66226043005733892, 81.84410925728559505, 1.400000000000010569 ) ) ;
#7468 = ORIENTED_EDGE ( 'NONE', *, *, #2353, .F. ) ;
#7469 = VERTEX_POINT ( 'NONE', #6665 ) ;
#7470 = FACE_OUTER_BOUND ( 'NONE', #3806, .T. ) ;
#7471 = AXIS2_PLACEMENT_3D ( 'NONE', #7571, #1314, #122 ) ;
#7472 = CARTESIAN_POINT ( 'NONE',  ( -11.01773275234657312, 77.84410499915229309, -4.599999999999992539 ) ) ;
#7473 = EDGE_CURVE ( 'NONE', #5935, #2226, #3471, .T. ) ;
#7474 = CARTESIAN_POINT ( 'NONE',  ( -15.13653459086887132, 81.60466569950671101, 1.600000000000020739 ) ) ;
#7475 = CIRCLE ( 'NONE', #5134, 1.875000000000000000 ) ;
#7476 = LINE ( 'NONE', #2425, #7606 ) ;
#7477 = ORIENTED_EDGE ( 'NONE', *, *, #5152, .T. ) ;
#7478 = ORIENTED_EDGE ( 'NONE', *, *, #2539, .F. ) ;
#7479 = DIRECTION ( 'NONE',  ( 0.9999999999999839018, 1.798198651385038809E-07, 0.000000000000000000 ) ) ;
#7480 = EDGE_LOOP ( 'NONE', ( #1177, #4465 ) ) ;
#7481 = CARTESIAN_POINT ( 'NONE',  ( 120.7349217511484198, 71.13595492082002636, 4.450000000000000178 ) ) ;
#7482 = VECTOR ( 'NONE', #3628, 1000.000000000000000 ) ;
#7483 = CONICAL_SURFACE ( 'NONE', #7744, 0.4500000000000059508, 0.7853981633974282950 ) ;
#7484 = CIRCLE ( 'NONE', #3149, 1.850000000000018296 ) ;
#7485 = CARTESIAN_POINT ( 'NONE',  ( 61.16227201969417138, 84.14098492032249510, -4.599999999999992539 ) ) ;
#7486 = CARTESIAN_POINT ( 'NONE',  ( 116.6145216613000457, 71.14856685720401686, -4.599999999999992539 ) ) ;
#7487 = ORIENTED_EDGE ( 'NONE', *, *, #7013, .T. ) ;
#7488 = EDGE_CURVE ( 'NONE', #7598, #4315, #1840, .T. ) ;
#7489 = VERTEX_POINT ( 'NONE', #7817 ) ;
#7490 = CARTESIAN_POINT ( 'NONE',  ( -18.16772100000000023, 9.898876804497156213E-16, 2.250000000000000000 ) ) ;
#7491 = LINE ( 'NONE', #4378, #684 ) ;
#7492 = VECTOR ( 'NONE', #5742, 1000.000000000000114 ) ;
#7493 = CARTESIAN_POINT ( 'NONE',  ( -1.408057658815225471E-05, 72.84408845748393446, -4.599999999999992539 ) ) ;
#7494 = CONICAL_SURFACE ( 'NONE', #5037, 1.899999999999999467, 0.7853981633974469467 ) ;
#7495 = AXIS2_PLACEMENT_3D ( 'NONE', #2482, #3062, #1905 ) ;
#7496 = VECTOR ( 'NONE', #7053, 1000.000000000000114 ) ;
#7497 = CARTESIAN_POINT ( 'NONE',  ( 24.74751528910893583, -1.791093732512097692, -2.199999999999988631 ) ) ;
#7498 = EDGE_CURVE ( 'NONE', #104, #818, #5406, .T. ) ;
#7499 = VERTEX_POINT ( 'NONE', #7246 ) ;
#7500 = EDGE_CURVE ( 'NONE', #6018, #6495, #7908, .T. ) ;
#7501 = FACE_OUTER_BOUND ( 'NONE', #3726, .T. ) ;
#7502 = ORIENTED_EDGE ( 'NONE', *, *, #3659, .T. ) ;
#7503 = DIRECTION ( 'NONE',  ( 1.000000000000000000, 0.000000000000000000, 0.000000000000000000 ) ) ;
#7504 = VERTEX_POINT ( 'NONE', #2100 ) ;
#7505 = VECTOR ( 'NONE', #2205, 1000.000000000000000 ) ;
#7506 = CIRCLE ( 'NONE', #3970, 1.125000000000000888 ) ;
#7507 = CARTESIAN_POINT ( 'NONE',  ( 99.06227900000000375, 53.59411099999999806, 4.450000000000000178 ) ) ;
#7508 = CARTESIAN_POINT ( 'NONE',  ( 42.60274304593886541, -125.2924481355107105, 4.450000000000000178 ) ) ;
#7509 = DIRECTION ( 'NONE',  ( -0.000000000000000000, -0.000000000000000000, -1.000000000000000000 ) ) ;
#7510 = VECTOR ( 'NONE', #6508, 1000.000000000000114 ) ;
#7511 = AXIS2_PLACEMENT_3D ( 'NONE', #5600, #2514, #8033 ) ;
#7512 = DIRECTION ( 'NONE',  ( -0.000000000000000000, -0.000000000000000000, -1.000000000000000000 ) ) ;
#7513 = EDGE_CURVE ( 'NONE', #7109, #6018, #1448, .T. ) ;
#7514 = DIRECTION ( 'NONE',  ( 0.000000000000000000, 0.000000000000000000, -1.000000000000000000 ) ) ;
#7515 = ORIENTED_EDGE ( 'NONE', *, *, #3897, .F. ) ;
#7516 = FACE_OUTER_BOUND ( 'NONE', #3087, .T. ) ;
#7517 = VERTEX_POINT ( 'NONE', #7122 ) ;
#7518 = CARTESIAN_POINT ( 'NONE',  ( -0.9482439997724946279, 84.20603400530399085, 0.3027757787134141565 ) ) ;
#7519 = CARTESIAN_POINT ( 'NONE',  ( 50.65912714593270749, 2.806879056926866234, -4.599999999999992539 ) ) ;
#7520 = DIRECTION ( 'NONE',  ( 0.9999999999999837907, 1.798198651385039339E-07, 0.000000000000000000 ) ) ;
#7521 = DIRECTION ( 'NONE',  ( 1.000000000000000000, 0.000000000000000000, 0.000000000000000000 ) ) ;
#7522 = EDGE_CURVE ( 'NONE', #2603, #6789, #4004, .T. ) ;
#7523 = ORIENTED_EDGE ( 'NONE', *, *, #5426, .F. ) ;
#7524 = EDGE_LOOP ( 'NONE', ( #7190, #8128, #4591, #3993, #7954, #2957 ) ) ;
#7525 = FACE_OUTER_BOUND ( 'NONE', #227, .T. ) ;
#7526 = ORIENTED_EDGE ( 'NONE', *, *, #675, .F. ) ;
#7527 = DIRECTION ( 'NONE',  ( 0.000000000000000000, 1.000000000000000000, 0.000000000000000000 ) ) ;
#7528 = CARTESIAN_POINT ( 'NONE',  ( 4.747940987644062361, -8.707939123547880911, -4.599999999999992539 ) ) ;
#7529 = CARTESIAN_POINT ( 'NONE',  ( 45.91227899999999806, 24.49411100000000019, 1.349999999999999867 ) ) ;
#7530 = EDGE_CURVE ( 'NONE', #5900, #4783, #3563, .T. ) ;
#7531 = VERTEX_POINT ( 'NONE', #8028 ) ;
#7532 = EDGE_LOOP ( 'NONE', ( #3673, #5020 ) ) ;
#7533 = DIRECTION ( 'NONE',  ( 0.000000000000000000, 0.000000000000000000, 1.000000000000000000 ) ) ;
#7534 = CARTESIAN_POINT ( 'NONE',  ( 35.68142950036546068, 82.04411100000002932, -2.199999999999999289 ) ) ;
#7535 = VECTOR ( 'NONE', #31, 1000.000000000000000 ) ;
#7536 = DIRECTION ( 'NONE',  ( 1.000000000000000000, 0.000000000000000000, 0.000000000000000000 ) ) ;
#7537 = DIRECTION ( 'NONE',  ( -0.000000000000000000, 0.000000000000000000, 1.000000000000000000 ) ) ;
#7538 = ORIENTED_EDGE ( 'NONE', *, *, #4836, .F. ) ;
#7539 = CARTESIAN_POINT ( 'NONE',  ( 45.91227899999999806, 24.49411100000000019, 1.750000000000023759 ) ) ;
#7540 = EDGE_LOOP ( 'NONE', ( #1607, #4183, #4991, #5977 ) ) ;
#7541 = CARTESIAN_POINT ( 'NONE',  ( 3.131731690645827906E-29, 31.31910750985032621, -4.599999999999992539 ) ) ;
#7542 = ORIENTED_EDGE ( 'NONE', *, *, #15, .F. ) ;
#7543 = MANIFOLD_SOLID_BREP ( 'Chamfer8', #2858 ) ;
#7544 = DIRECTION ( 'NONE',  ( -1.000000000000000000, 5.448606792506973443E-17, 0.000000000000000000 ) ) ;
#7545 = DIRECTION ( 'NONE',  ( 1.000000000000000000, 0.000000000000000000, 0.000000000000000000 ) ) ;
#7546 = LINE ( 'NONE', #3810, #6197 ) ;
#7547 = ADVANCED_FACE ( 'NONE', ( #3196 ), #2668, .F. ) ;
#7548 = DIRECTION ( 'NONE',  ( 9.999428271258533804E-31, 1.000000000000000000, 0.000000000000000000 ) ) ;
#7549 = CARTESIAN_POINT ( 'NONE',  ( 40.39257319325884765, -1.370983263274102804, 4.116667158925872094 ) ) ;
#7550 = ORIENTED_EDGE ( 'NONE', *, *, #5137, .F. ) ;
#7551 = ORIENTED_EDGE ( 'NONE', *, *, #1032, .T. ) ;
#7552 = ORIENTED_EDGE ( 'NONE', *, *, #3152, .T. ) ;
#7553 = CARTESIAN_POINT ( 'NONE',  ( -13.55859082457480369, -1.465830875177938308, -1.550000000000002709 ) ) ;
#7554 = FILL_AREA_STYLE ('',( #7637 ) ) ;
#7555 = ADVANCED_FACE ( 'NONE', ( #7407 ), #3237, .F. ) ;
#7556 = EDGE_CURVE ( 'NONE', #4453, #4137, #6171, .T. ) ;
#7557 = DIRECTION ( 'NONE',  ( 0.000000000000000000, 0.000000000000000000, 1.000000000000000000 ) ) ;
#7558 = AXIS2_PLACEMENT_3D ( 'NONE', #7087, #4101, #5986 ) ;
#7559 = AXIS2_PLACEMENT_3D ( 'NONE', #7359, #1727, #4245 ) ;
#7560 = DIRECTION ( 'NONE',  ( -0.000000000000000000, 0.000000000000000000, 1.000000000000000000 ) ) ;
#7561 = VERTEX_POINT ( 'NONE', #6981 ) ;
#7562 = VERTEX_POINT ( 'NONE', #2620 ) ;
#7563 = DIRECTION ( 'NONE',  ( 9.999428271258533804E-31, 1.000000000000000000, -1.387778780781445478E-15 ) ) ;
#7564 = ORIENTED_EDGE ( 'NONE', *, *, #2179, .T. ) ;
#7565 = FACE_OUTER_BOUND ( 'NONE', #4763, .T. ) ;
#7566 = AXIS2_PLACEMENT_3D ( 'NONE', #7173, #4016, #4140 ) ;
#7567 = AXIS2_PLACEMENT_3D ( 'NONE', #8126, #679, #5015 ) ;
#7568 = CARTESIAN_POINT ( 'NONE',  ( -15.40411476187311557, 80.23693636522340000, 0.2696105473180444578 ) ) ;
#7569 = EDGE_CURVE ( 'NONE', #7302, #7061, #4529, .T. ) ;
#7570 = CARTESIAN_POINT ( 'NONE',  ( -14.86773311198624548, 79.84410430684577875, 0.6000000000000067502 ) ) ;
#7571 = CARTESIAN_POINT ( 'NONE',  ( 41.41452166131000467, 81.13965514279601621, -4.599999999999992539 ) ) ;
#7572 = VERTEX_POINT ( 'NONE', #4251 ) ;
#7573 = AXIS2_PLACEMENT_3D ( 'NONE', #7795, #3319, #5827 ) ;
#7574 = VERTEX_POINT ( 'NONE', #6404 ) ;
#7575 = DIRECTION ( 'NONE',  ( -0.9999999999993552935, -1.135586136444816472E-06, 0.000000000000000000 ) ) ;
#7576 = CARTESIAN_POINT ( 'NONE',  ( 6.362499814916871443, -11.02017306925233697, 3.449999999999997513 ) ) ;
#7577 = ADVANCED_FACE ( 'NONE', ( #67 ), #3004, .T. ) ;
#7578 = CARTESIAN_POINT ( 'NONE',  ( 99.06227900000000375, 34.54411100000000090, 4.450000000000000178 ) ) ;
#7579 = CARTESIAN_POINT ( 'NONE',  ( -20.16772100000000378, 39.38547018669192568, -1.599999999999971445 ) ) ;
#7580 = VERTEX_POINT ( 'NONE', #2011 ) ;
#7581 = FACE_OUTER_BOUND ( 'NONE', #1456, .T. ) ;
#7582 = ORIENTED_EDGE ( 'NONE', *, *, #1312, .T. ) ;
#7583 = CARTESIAN_POINT ( 'NONE',  ( -16.40381895615712438, 81.24682040561202712, 0.9899710703808312084 ) ) ;
#7584 = ORIENTED_EDGE ( 'NONE', *, *, #1743, .F. ) ;
#7585 = CARTESIAN_POINT ( 'NONE',  ( 78.51452166131001320, 79.14856685720401686, 2.250000000000000000 ) ) ;
#7586 = DIRECTION ( 'NONE',  ( 0.000000000000000000, 0.000000000000000000, -1.000000000000000000 ) ) ;
#7587 = CARTESIAN_POINT ( 'NONE',  ( 53.66227900109225146, 2.898797041049640644, -4.599999999999992539 ) ) ;
#7588 = CARTESIAN_POINT ( 'NONE',  ( 50.66227900000000517, 2.935538080412094519, -4.599999999999992539 ) ) ;
#7589 = CARTESIAN_POINT ( 'NONE',  ( 40.39193696028076630, -1.178533457750147395, 4.450000000000000178 ) ) ;
#7590 = VERTEX_POINT ( 'NONE', #1769 ) ;
#7591 = EDGE_CURVE ( 'NONE', #4148, #3683, #7901, .T. ) ;
#7592 = ORIENTED_EDGE ( 'NONE', *, *, #1312, .F. ) ;
#7593 = ORIENTED_EDGE ( 'NONE', *, *, #3885, .F. ) ;
#7594 = CARTESIAN_POINT ( 'NONE',  ( 4.862499827847917899, -8.422096850433282711, -4.599999999999992539 ) ) ;
#7595 = CARTESIAN_POINT ( 'NONE',  ( 1.853391795526236008, 75.65565329363091962, -4.599999999999992539 ) ) ;
#7596 = DIRECTION ( 'NONE',  ( 0.000000000000000000, 0.000000000000000000, 1.000000000000000000 ) ) ;
#7597 = AXIS2_PLACEMENT_3D ( 'NONE', #7653, #5811, #6373 ) ;
#7598 = VERTEX_POINT ( 'NONE', #3278 ) ;
#7599 = ORIENTED_EDGE ( 'NONE', *, *, #3896, .F. ) ;
#7600 = DIRECTION ( 'NONE',  ( 0.000000000000000000, 1.387778780781445478E-15, 1.000000000000000000 ) ) ;
#7601 = EDGE_CURVE ( 'NONE', #321, #4871, #3668, .T. ) ;
#7602 = EDGE_LOOP ( 'NONE', ( #7976, #2639, #3776, #6190 ) ) ;
#7603 = FACE_BOUND ( 'NONE', #4367, .T. ) ;
#7604 = EDGE_CURVE ( 'NONE', #6355, #7917, #1348, .T. ) ;
#7605 = LINE ( 'NONE', #3872, #6118 ) ;
#7606 = VECTOR ( 'NONE', #6738, 1000.000000000000000 ) ;
#7607 = CARTESIAN_POINT ( 'NONE',  ( 7.662260430057417082, 81.84410835818626140, -3.999999999999992450 ) ) ;
#7608 = CARTESIAN_POINT ( 'NONE',  ( 12.66226043005733892, 81.84410925728559505, -3.999999999999970690 ) ) ;
#7609 = VERTEX_POINT ( 'NONE', #3820 ) ;
#7610 = VECTOR ( 'NONE', #5945, 1000.000000000000000 ) ;
#7611 = EDGE_LOOP ( 'NONE', ( #493, #3191, #574, #3349 ) ) ;
#7612 = CARTESIAN_POINT ( 'NONE',  ( 75.81228330292589135, 19.29411698796796415, -2.150000000000027889 ) ) ;
#7613 = EDGE_CURVE ( 'NONE', #2605, #2172, #3862, .T. ) ;
#7614 = DIRECTION ( 'NONE',  ( -0.9997000655982569706, 0.02449038266015117135, 0.000000000000000000 ) ) ;
#7615 = DIRECTION ( 'NONE',  ( 1.000000000000000000, 0.000000000000000000, 0.000000000000000000 ) ) ;
#7616 = AXIS2_PLACEMENT_3D ( 'NONE', #3666, #1732, #2350 ) ;
#7617 = VECTOR ( 'NONE', #3868, 1000.000000000000114 ) ;
#7618 = CARTESIAN_POINT ( 'NONE',  ( 8.712260430057378713, 81.84410835818626140, -4.599999999999992539 ) ) ;
#7619 = EDGE_LOOP ( 'NONE', ( #5357, #1615, #8072, #7468, #3829, #6808 ) ) ;
#7620 = CARTESIAN_POINT ( 'NONE',  ( 67.18142950036545358, 82.04411100000002932, -2.199999999999999734 ) ) ;
#7621 = VECTOR ( 'NONE', #6571, 1000.000000000000000 ) ;
#7622 = EDGE_CURVE ( 'NONE', #8065, #6094, #6299, .T. ) ;
#7623 = ORIENTED_EDGE ( 'NONE', *, *, #4401, .F. ) ;
#7624 = DIRECTION ( 'NONE',  ( 1.000000000000000000, 0.000000000000000000, 0.000000000000000000 ) ) ;
#7625 = CONICAL_SURFACE ( 'NONE', #534, 32.33511747416517323, 0.5235987755982935976 ) ;
#7626 = EDGE_LOOP ( 'NONE', ( #6316, #4651, #217, #3745 ) ) ;
#7627 = CARTESIAN_POINT ( 'NONE',  ( 94.16227469707442310, 76.84410589528944513, -4.599999999999992539 ) ) ;
#7628 = DIRECTION ( 'NONE',  ( -0.2588190399164175259, 0.9659258276786804043, -1.277015003619096968E-16 ) ) ;
#7629 = CARTESIAN_POINT ( 'NONE',  ( 63.05759268073793322, -1.178533457750166935, 4.450000000000000178 ) ) ;
#7630 = CARTESIAN_POINT ( 'NONE',  ( -7.036517315624389186E-06, 15.29406433057294556, -4.599999999999992539 ) ) ;
#7631 = DIRECTION ( 'NONE',  ( 1.271518481942372582E-07, -0.7071067811865383579, -0.7071067811865452413 ) ) ;
#7632 = VECTOR ( 'NONE', #5694, 1000.000000000000000 ) ;
#7633 = EDGE_LOOP ( 'NONE', ( #1431, #7287, #312, #582, #6440 ) ) ;
#7634 = ORIENTED_EDGE ( 'NONE', *, *, #993, .T. ) ;
#7635 = ORIENTED_EDGE ( 'NONE', *, *, #8056, .F. ) ;
#7636 = DIRECTION ( 'NONE',  ( 0.4999999999999853451, 6.444698873060086121E-08, -0.8660254037844447028 ) ) ;
#7637 = FILL_AREA_STYLE_COLOUR ( '', #4217 ) ;
#7638 = AXIS2_PLACEMENT_3D ( 'NONE', #4938, #4431, #6265 ) ;
#7639 = CIRCLE ( 'NONE', #4109, 0.4499999999999781952 ) ;
#7640 = CARTESIAN_POINT ( 'NONE',  ( -16.65578093604278109, 81.17466183761415266, 0.5254869772243527803 ) ) ;
#7641 = CARTESIAN_POINT ( 'NONE',  ( 45.91227899999999806, 24.49411100000000019, 1.349999999999999867 ) ) ;
#7642 = ORIENTED_EDGE ( 'NONE', *, *, #5962, .F. ) ;
#7643 = ORIENTED_EDGE ( 'NONE', *, *, #4196, .F. ) ;
#7644 = CARTESIAN_POINT ( 'NONE',  ( 75.81228330292589135, 19.29411698796796415, -4.599999999999992539 ) ) ;
#7645 = ORIENTED_EDGE ( 'NONE', *, *, #473, .T. ) ;
#7646 = DIRECTION ( 'NONE',  ( 0.000000000000000000, 0.000000000000000000, 1.000000000000000000 ) ) ;
#7647 = CIRCLE ( 'NONE', #7123, 1.850000000000018296 ) ;
#7648 = CARTESIAN_POINT ( 'NONE',  ( 63.05759268073793322, 2.898797320354307594, 4.450000000000000178 ) ) ;
#7649 = AXIS2_PLACEMENT_3D ( 'NONE', #3466, #5318, #2837 ) ;
#7650 = FACE_OUTER_BOUND ( 'NONE', #1165, .T. ) ;
#7651 = EDGE_CURVE ( 'NONE', #8140, #4447, #5752, .T. ) ;
#7652 = EDGE_CURVE ( 'NONE', #5637, #2699, #4067, .T. ) ;
#7653 = CARTESIAN_POINT ( 'NONE',  ( 40.95410443796348687, -70.96659471956760967, 3.450002953554892837 ) ) ;
#7654 = EDGE_LOOP ( 'NONE', ( #8093, #1316, #5334, #5185, #5724, #565 ) ) ;
#7655 = ORIENTED_EDGE ( 'NONE', *, *, #2582, .F. ) ;
#7656 = CARTESIAN_POINT ( 'NONE',  ( 31.18142950036545358, 82.04411100000002932, -4.599999999999992539 ) ) ;
#7657 = DIRECTION ( 'NONE',  ( 0.000000000000000000, 0.000000000000000000, 1.000000000000000000 ) ) ;
#7658 = DIRECTION ( 'NONE',  ( 0.000000000000000000, 0.000000000000000000, 1.000000000000000000 ) ) ;
#7659 = EDGE_CURVE ( 'NONE', #8140, #4376, #7093, .T. ) ;
#7660 = EDGE_CURVE ( 'NONE', #2549, #2835, #315, .T. ) ;
#7661 = CARTESIAN_POINT ( 'NONE',  ( 88.96227469707440605, 76.84410589528943092, -2.150000000000027889 ) ) ;
#7662 = VERTEX_POINT ( 'NONE', #5834 ) ;
#7663 = CARTESIAN_POINT ( 'NONE',  ( -17.99837156823818063, 11.72904643824258386, -4.599999999999992539 ) ) ;
#7664 = B_SPLINE_CURVE_WITH_KNOTS ( 'NONE', 3,
 ( #612, #8066, #5632, #6867 ),
 .UNSPECIFIED., .F., .F.,
 ( 4, 4 ),
 ( 0.000000000000000000, 1.000000000000000000 ),
 .UNSPECIFIED. ) ;
#7665 = EDGE_LOOP ( 'NONE', ( #2822, #5776, #4987, #885 ) ) ;
#7666 = CARTESIAN_POINT ( 'NONE',  ( 96.81228253471061862, 14.09411798029977980, -2.199999999999991296 ) ) ;
#7667 = VERTEX_POINT ( 'NONE', #2214 ) ;
#7668 = CARTESIAN_POINT ( 'NONE',  ( 116.3122720203380709, 71.13595435076683771, 3.449999999999999289 ) ) ;
#7669 = DIRECTION ( 'NONE',  ( 0.000000000000000000, 0.000000000000000000, 1.000000000000000000 ) ) ;
#7670 = CARTESIAN_POINT ( 'NONE',  ( 70.81228330292591977, 19.29411633638648382, -4.599999999999992539 ) ) ;
#7671 = ADVANCED_FACE ( 'NONE', ( #2869 ), #6489, .F. ) ;
#7672 = LINE ( 'NONE', #5338, #3894 ) ;
#7673 = DIRECTION ( 'NONE',  ( -0.000000000000000000, 0.000000000000000000, 1.000000000000000000 ) ) ;
#7674 = ORIENTED_EDGE ( 'NONE', *, *, #2345, .F. ) ;
#7675 = DIRECTION ( 'NONE',  ( 2.679728808526928230E-07, -0.9999999999999641398, 0.000000000000000000 ) ) ;
#7676 = ORIENTED_EDGE ( 'NONE', *, *, #7924, .T. ) ;
#7677 = CARTESIAN_POINT ( 'NONE',  ( 53.08493043713818338, 2.898797023886174440, 4.450000000000000178 ) ) ;
#7678 = DIRECTION ( 'NONE',  ( -0.02449038266024561664, 0.9997000655982547501, 0.000000000000000000 ) ) ;
#7679 = EDGE_CURVE ( 'NONE', #2429, #7769, #7237, .T. ) ;
#7680 = CARTESIAN_POINT ( 'NONE',  ( -15.38454769124921562, 80.25188085655142345, 0.3049624108398535927 ) ) ;
#7681 = CYLINDRICAL_SURFACE ( 'NONE', #1387, 1.125000000000000888 ) ;
#7682 = ORIENTED_EDGE ( 'NONE', *, *, #3513, .T. ) ;
#7683 = VERTEX_POINT ( 'NONE', #6614 ) ;
#7684 = LINE ( 'NONE', #5156, #8020 ) ;
#7685 = ORIENTED_EDGE ( 'NONE', *, *, #183, .F. ) ;
#7686 = FACE_BOUND ( 'NONE', #137, .T. ) ;
#7687 = CARTESIAN_POINT ( 'NONE',  ( -17.63327705059876394, 80.29004676807163321, 4.450000000000000178 ) ) ;
#7688 = LINE ( 'NONE', #200, #4504 ) ;
#7689 = AXIS2_PLACEMENT_3D ( 'NONE', #7850, #7765, #3497 ) ;
#7690 = DIRECTION ( 'NONE',  ( -1.000000000000000000, 0.000000000000000000, -0.000000000000000000 ) ) ;
#7691 = EDGE_LOOP ( 'NONE', ( #698, #1010, #4660, #1276 ) ) ;
#7692 = ORIENTED_EDGE ( 'NONE', *, *, #4662, .F. ) ;
#7693 = FACE_OUTER_BOUND ( 'NONE', #790, .T. ) ;
#7694 = VECTOR ( 'NONE', #2242, 1000.000000000000000 ) ;
#7695 = AXIS2_PLACEMENT_3D ( 'NONE', #1058, #520, #7430 ) ;
#7696 = EDGE_CURVE ( 'NONE', #2736, #3582, #3363, .T. ) ;
#7697 = DIRECTION ( 'NONE',  ( 0.000000000000000000, -1.000000000000000000, 0.000000000000000000 ) ) ;
#7698 = AXIS2_PLACEMENT_3D ( 'NONE', #4263, #2862, #1629 ) ;
#7699 = DIRECTION ( 'NONE',  ( 1.000000000000000000, 0.000000000000000000, 0.000000000000000000 ) ) ;
#7700 = VERTEX_POINT ( 'NONE', #5308 ) ;
#7701 = LINE ( 'NONE', #6427, #4302 ) ;
#7702 = DIRECTION ( 'NONE',  ( 5.322106441609202775E-17, -1.000000000000000000, 0.000000000000000000 ) ) ;
#7703 = EDGE_CURVE ( 'NONE', #5373, #3748, #2828, .T. ) ;
#7704 = VERTEX_POINT ( 'NONE', #190 ) ;
#7705 = EDGE_CURVE ( 'NONE', #3252, #532, #7063, .T. ) ;
#7706 = DIRECTION ( 'NONE',  ( -1.000000000000000000, 0.000000000000000000, 0.000000000000000000 ) ) ;
#7707 =( NAMED_UNIT ( * ) PLANE_ANGLE_UNIT ( ) SI_UNIT ( $, .RADIAN. ) );
#7708 = FACE_OUTER_BOUND ( 'NONE', #7349, .T. ) ;
#7709 = DIRECTION ( 'NONE',  ( -0.000000000000000000, -0.000000000000000000, 1.000000000000000000 ) ) ;
#7710 = DIRECTION ( 'NONE',  ( 1.000000000000000000, 0.000000000000000000, 0.000000000000000000 ) ) ;
#7711 = ORIENTED_EDGE ( 'NONE', *, *, #6358, .F. ) ;
#7712 = CARTESIAN_POINT ( 'NONE',  ( 63.05759268073793322, 2.898797320354307594, 3.450002953554892837 ) ) ;
#7713 = VERTEX_POINT ( 'NONE', #7803 ) ;
#7714 = ADVANCED_FACE ( 'NONE', ( #4654 ), #5875, .F. ) ;
#7715 = DIRECTION ( 'NONE',  ( 1.000000000000000000, 0.000000000000000000, 0.000000000000000000 ) ) ;
#7716 = CARTESIAN_POINT ( 'NONE',  ( 77.06228330292589135, 19.29411698796796415, -3.999999999999968914 ) ) ;
#7717 = CARTESIAN_POINT ( 'NONE',  ( -15.38957007881902683, 80.24804579991378262, 0.2962877551908917328 ) ) ;
#7718 = DIRECTION ( 'NONE',  ( -1.000000000000000000, 2.621889260516956749E-16, -0.000000000000000000 ) ) ;
#7719 = ORIENTED_EDGE ( 'NONE', *, *, #6607, .F. ) ;
#7720 = EDGE_LOOP ( 'NONE', ( #234, #2867, #2803, #2152 ) ) ;
#7721 = FACE_OUTER_BOUND ( 'NONE', #7767, .T. ) ;
#7722 = ORIENTED_EDGE ( 'NONE', *, *, #650, .T. ) ;
#7723 = LINE ( 'NONE', #4661, #1591 ) ;
#7724 = EDGE_CURVE ( 'NONE', #4037, #730, #5264, .T. ) ;
#7725 = DIRECTION ( 'NONE',  ( 0.000000000000000000, -0.000000000000000000, -1.000000000000000000 ) ) ;
#7726 = CARTESIAN_POINT ( 'NONE',  ( 85.21227469707440605, 76.84410589528944513, -4.599999999999992539 ) ) ;
#7727 = CARTESIAN_POINT ( 'NONE',  ( -16.47217685720400127, 76.14635366131901151, -4.599999999999992539 ) ) ;
#7728 = ORIENTED_EDGE ( 'NONE', *, *, #7289, .T. ) ;
#7729 = CARTESIAN_POINT ( 'NONE',  ( -1.074013819903179234, 84.13741520320627387, 0.4531732097751781652 ) ) ;
#7730 = ORIENTED_EDGE ( 'NONE', *, *, #3523, .T. ) ;
#7731 = CARTESIAN_POINT ( 'NONE',  ( 116.6145216613000457, 71.14856685720401686, -4.599999999999992539 ) ) ;
#7732 = CIRCLE ( 'NONE', #4199, 1.049999999999995381 ) ;
#7733 = DIRECTION ( 'NONE',  ( 0.000000000000000000, 0.000000000000000000, -1.000000000000000000 ) ) ;
#7734 = ADVANCED_FACE ( 'NONE', ( #2084 ), #2506, .T. ) ;
#7735 = VECTOR ( 'NONE', #7533, 1000.000000000000000 ) ;
#7736 = DIRECTION ( 'NONE',  ( -0.9997000655982547501, -0.02449038266024561664, 0.000000000000000000 ) ) ;
#7737 = ORIENTED_EDGE ( 'NONE', *, *, #106, .T. ) ;
#7738 = CARTESIAN_POINT ( 'NONE',  ( 91.46227469707440605, 76.84410589528943092, -2.150000000000027889 ) ) ;
#7739 = CARTESIAN_POINT ( 'NONE',  ( -24.16772100000000023, 39.38547018669192568, -2.599999999999990319 ) ) ;
#7740 = VERTEX_POINT ( 'NONE', #5348 ) ;
#7741 = DIRECTION ( 'NONE',  ( -0.000000000000000000, -0.000000000000000000, 1.000000000000000000 ) ) ;
#7742 = CIRCLE ( 'NONE', #5139, 1.249999999999999334 ) ;
#7743 = DIRECTION ( 'NONE',  ( -5.448606792506972210E-17, -1.000000000000000000, 0.000000000000000000 ) ) ;
#7744 = AXIS2_PLACEMENT_3D ( 'NONE', #2168, #6531, #4066 ) ;
#7745 = DIRECTION ( 'NONE',  ( 0.000000000000000000, 0.000000000000000000, 1.000000000000000000 ) ) ;
#7746 = VECTOR ( 'NONE', #2625, 1000.000000000000000 ) ;
#7747 = EDGE_CURVE ( 'NONE', #2699, #3537, #230, .T. ) ;
#7748 = ADVANCED_FACE ( 'NONE', ( #2169 ), #3989, .F. ) ;
#7749 = VECTOR ( 'NONE', #6649, 1000.000000000000114 ) ;
#7750 = DIRECTION ( 'NONE',  ( -1.000000000000000000, 0.000000000000000000, 0.000000000000000000 ) ) ;
#7751 = AXIS2_PLACEMENT_3D ( 'NONE', #731, #3247, #7646 ) ;
#7752 = DIRECTION ( 'NONE',  ( -1.000000000000000000, 0.000000000000000000, 0.000000000000000000 ) ) ;
#7753 = EDGE_LOOP ( 'NONE', ( #4167, #2054, #4492, #1688 ) ) ;
#7754 = FACE_OUTER_BOUND ( 'NONE', #1967, .T. ) ;
#7755 = EDGE_LOOP ( 'NONE', ( #3386, #6989, #1, #1872 ) ) ;
#7756 = ORIENTED_EDGE ( 'NONE', *, *, #6993, .T. ) ;
#7757 = AXIS2_PLACEMENT_3D ( 'NONE', #542, #499, #1739 ) ;
#7758 = CARTESIAN_POINT ( 'NONE',  ( -1.408057658815225471E-05, 72.84408845748393446, 2.250000000000000000 ) ) ;
#7759 = DIRECTION ( 'NONE',  ( 0.7071067811865459074, 8.659560562354911904E-17, -0.7071067811865491270 ) ) ;
#7760 = CIRCLE ( 'NONE', #5930, 1.875000000000001776 ) ;
#7761 = CIRCLE ( 'NONE', #3158, 2.124999999999974243 ) ;
#7762 = DIRECTION ( 'NONE',  ( -0.02449038266019105611, -0.9997000655982560824, 0.000000000000000000 ) ) ;
#7763 = ADVANCED_FACE ( 'NONE', ( #7145 ), #4886, .T. ) ;
#7764 = CIRCLE ( 'NONE', #7495, 1.697767288287466148 ) ;
#7765 = DIRECTION ( 'NONE',  ( -0.000000000000000000, 0.000000000000000000, 1.000000000000000000 ) ) ;
#7766 = ORIENTED_EDGE ( 'NONE', *, *, #4836, .T. ) ;
#7767 = EDGE_LOOP ( 'NONE', ( #656, #1469, #3728, #3329 ) ) ;
#7768 = DIRECTION ( 'NONE',  ( 2.317727722690345230E-06, -0.9999999999973140374, 0.000000000000000000 ) ) ;
#7769 = VERTEX_POINT ( 'NONE', #6532 ) ;
#7770 = FACE_OUTER_BOUND ( 'NONE', #1140, .T. ) ;
#7771 = CONICAL_SURFACE ( 'NONE', #672, 1.250000000000001110, 0.7853981633974459475 ) ;
#7772 = CIRCLE ( 'NONE', #7511, 1.399999999999998579 ) ;
#7773 = DIRECTION ( 'NONE',  ( -0.000000000000000000, -0.000000000000000000, 1.000000000000000000 ) ) ;
#7774 = EDGE_CURVE ( 'NONE', #6014, #7863, #5912, .T. ) ;
#7775 = DIRECTION ( 'NONE',  ( 1.000000000000000000, 0.000000000000000000, 0.000000000000000000 ) ) ;
#7776 = AXIS2_PLACEMENT_3D ( 'NONE', #1368, #3256, #5171 ) ;
#7777 = VERTEX_POINT ( 'NONE', #1552 ) ;
#7778 = DIRECTION ( 'NONE',  ( -0.000000000000000000, 0.000000000000000000, 1.000000000000000000 ) ) ;
#7779 = CIRCLE ( 'NONE', #951, 2.250000000000000444 ) ;
#7780 = ORIENTED_EDGE ( 'NONE', *, *, #6406, .F. ) ;
#7781 = DIRECTION ( 'NONE',  ( 0.000000000000000000, 1.000000000000000000, -0.000000000000000000 ) ) ;
#7782 = VECTOR ( 'NONE', #944, 1000.000000000000000 ) ;
#7783 = LINE ( 'NONE', #4008, #7510 ) ;
#7784 = EDGE_CURVE ( 'NONE', #7201, #557, #5276, .T. ) ;
#7785 = VERTEX_POINT ( 'NONE', #6805 ) ;
#7786 = DIRECTION ( 'NONE',  ( 0.9999999999999837907, 1.798198684919792904E-07, 3.043374519257557015E-16 ) ) ;
#7787 = ORIENTED_EDGE ( 'NONE', *, *, #6415, .F. ) ;
#7788 = CARTESIAN_POINT ( 'NONE',  ( 25.61227899999998670, 60.09411099999999806, 2.250000000000000000 ) ) ;
#7789 = DIRECTION ( 'NONE',  ( 1.000000000000000000, 0.000000000000000000, 0.000000000000000000 ) ) ;
#7790 = ORIENTED_EDGE ( 'NONE', *, *, #5685, .F. ) ;
#7791 = ORIENTED_EDGE ( 'NONE', *, *, #6059, .T. ) ;
#7792 = CARTESIAN_POINT ( 'NONE',  ( 80.50782314279000218, 73.14186833868100734, -4.599999999999992539 ) ) ;
#7793 =( LENGTH_UNIT ( ) NAMED_UNIT ( * ) SI_UNIT ( .MILLI., .METRE. ) );
#7794 = CARTESIAN_POINT ( 'NONE',  ( 75.81228330292589135, 19.29411698796796415, -1.550000000000002709 ) ) ;
#7795 = CARTESIAN_POINT ( 'NONE',  ( 99.06227900000000375, 53.59411099999999806, 1.349999999999999867 ) ) ;
#7796 = CARTESIAN_POINT ( 'NONE',  ( -15.00859082457484206, 2.864296143744255119, -4.599999999999992539 ) ) ;
#7797 = ORIENTED_EDGE ( 'NONE', *, *, #1763, .T. ) ;
#7798 = DIRECTION ( 'NONE',  ( 1.000000000000000000, 0.000000000000000000, 0.000000000000000000 ) ) ;
#7799 = VERTEX_POINT ( 'NONE', #1170 ) ;
#7800 = EDGE_LOOP ( 'NONE', ( #5569, #3795 ) ) ;
#7801 = DIRECTION ( 'NONE',  ( -1.000000000000000000, 0.000000000000000000, 0.000000000000000000 ) ) ;
#7802 = ADVANCED_FACE ( 'NONE', ( #3067 ), #3151, .T. ) ;
#7803 = CARTESIAN_POINT ( 'NONE',  ( 71.68142950036546779, 82.04411100000002932, -2.199999999999999289 ) ) ;
#7804 = CARTESIAN_POINT ( 'NONE',  ( 91.46227469707440605, 76.84410589528943092, -3.999999999999968914 ) ) ;
#7805 = DIRECTION ( 'NONE',  ( 0.000000000000000000, 0.000000000000000000, 1.000000000000000000 ) ) ;
#7806 = VERTEX_POINT ( 'NONE', #6153 ) ;
#7807 = ORIENTED_EDGE ( 'NONE', *, *, #2720, .T. ) ;
#7808 = CARTESIAN_POINT ( 'NONE',  ( 0.000000000000000000, 80.84411100000002648, 2.250000000000000000 ) ) ;
#7809 = ORIENTED_EDGE ( 'NONE', *, *, #5057, .T. ) ;
#7810 = FACE_OUTER_BOUND ( 'NONE', #255, .T. ) ;
#7811 = CARTESIAN_POINT ( 'NONE',  ( 119.5122720196896893, 31.31910750985032621, -4.599999999999992539 ) ) ;
#7812 = EDGE_CURVE ( 'NONE', #3161, #4148, #1186, .T. ) ;
#7813 = ADVANCED_FACE ( 'NONE', ( #4150 ), #6114, .F. ) ;
#7814 = CARTESIAN_POINT ( 'NONE',  ( 25.11227899999999735, 60.09411099999999806, 1.349999999999999867 ) ) ;
#7815 = DIRECTION ( 'NONE',  ( 1.000000000000000000, 0.000000000000000000, 0.000000000000000000 ) ) ;
#7816 = EDGE_LOOP ( 'NONE', ( #3612, #7083, #894, #5805 ) ) ;
#7817 = CARTESIAN_POINT ( 'NONE',  ( 119.5122720196896893, 56.81910750985032621, -2.200000000000001066 ) ) ;
#7818 = ORIENTED_EDGE ( 'NONE', *, *, #1121, .F. ) ;
#7819 = PLANE ( 'NONE',  #3554 ) ;
#7820 = EDGE_CURVE ( 'NONE', #2614, #5466, #515, .T. ) ;
#7821 = VECTOR ( 'NONE', #4489, 1000.000000000000000 ) ;
#7822 = LINE ( 'NONE', #2192, #293 ) ;
#7823 = VECTOR ( 'NONE', #5199, 1000.000000000000000 ) ;
#7824 = ORIENTED_EDGE ( 'NONE', *, *, #5, .F. ) ;
#7825 = DIRECTION ( 'NONE',  ( 0.000000000000000000, 0.000000000000000000, 1.000000000000000000 ) ) ;
#7826 = AXIS2_PLACEMENT_3D ( 'NONE', #4523, #6855, #5138 ) ;
#7827 = ORIENTED_EDGE ( 'NONE', *, *, #3291, .T. ) ;
#7828 = DIRECTION ( 'NONE',  ( 1.000000000000000000, 0.000000000000000000, 0.000000000000000000 ) ) ;
#7829 = DIRECTION ( 'NONE',  ( 0.000000000000000000, 0.000000000000000000, -1.000000000000000000 ) ) ;
#7830 = ORIENTED_EDGE ( 'NONE', *, *, #5573, .T. ) ;
#7831 = EDGE_CURVE ( 'NONE', #4741, #7580, #1755, .T. ) ;
#7832 = CARTESIAN_POINT ( 'NONE',  ( 80.21227201969415432, 79.14098492032252352, -4.599999999999992539 ) ) ;
#7833 = CARTESIAN_POINT ( 'NONE',  ( 52.26227900109224578, -1.178533457750164271, 4.450000000000000178 ) ) ;
#7834 = VECTOR ( 'NONE', #2656, 1000.000000000000000 ) ;
#7835 = CARTESIAN_POINT ( 'NONE',  ( -18.16772100000000023, 26.58547018669192852, -2.599999999999992095 ) ) ;
#7836 = AXIS2_PLACEMENT_3D ( 'NONE', #1820, #4341, #6840 ) ;
#7837 = AXIS2_PLACEMENT_3D ( 'NONE', #5259, #7221, #5907 ) ;
#7838 = DIRECTION ( 'NONE',  ( 0.000000000000000000, 0.000000000000000000, 1.000000000000000000 ) ) ;
#7839 = CARTESIAN_POINT ( 'NONE',  ( -1.673860604187622281, 84.89751895257400349, 1.600000000000021627 ) ) ;
#7840 = ORIENTED_EDGE ( 'NONE', *, *, #1326, .T. ) ;
#7841 = AXIS2_PLACEMENT_3D ( 'NONE', #5086, #91, #2602 ) ;
#7842 = FACE_OUTER_BOUND ( 'NONE', #1245, .T. ) ;
#7843 = ORIENTED_EDGE ( 'NONE', *, *, #5952, .T. ) ;
#7844 = ORIENTED_EDGE ( 'NONE', *, *, #4500, .F. ) ;
#7845 = DIRECTION ( 'NONE',  ( 0.000000000000000000, -1.000000000000000000, 0.000000000000000000 ) ) ;
#7846 = DIRECTION ( 'NONE',  ( 0.4787088361979842110, -0.8779737183685919488, 0.000000000000000000 ) ) ;
#7847 = AXIS2_PLACEMENT_3D ( 'NONE', #3234, #1424, #5143 ) ;
#7848 = DIRECTION ( 'NONE',  ( 0.000000000000000000, 0.000000000000000000, 1.000000000000000000 ) ) ;
#7849 = EDGE_CURVE ( 'NONE', #3115, #6899, #4270, .T. ) ;
#7850 = CARTESIAN_POINT ( 'NONE',  ( 119.9122790047357370, 13.69411797798554709, 4.450000000000000178 ) ) ;
#7851 = ORIENTED_EDGE ( 'NONE', *, *, #868, .T. ) ;
#7852 = ORIENTED_EDGE ( 'NONE', *, *, #1429, .T. ) ;
#7853 = CARTESIAN_POINT ( 'NONE',  ( -19.36772099999999952, 1.055270961959799404E-15, -4.599999999999992539 ) ) ;
#7854 = VERTEX_POINT ( 'NONE', #8051 ) ;
#7855 = DIRECTION ( 'NONE',  ( 0.000000000000000000, -0.000000000000000000, -1.000000000000000000 ) ) ;
#7856 = DIRECTION ( 'NONE',  ( 0.000000000000000000, 0.000000000000000000, 1.000000000000000000 ) ) ;
#7857 = PLANE ( 'NONE',  #3316 ) ;
#7858 = EDGE_CURVE ( 'NONE', #1812, #5570, #2333, .T. ) ;
#7859 = DIRECTION ( 'NONE',  ( 0.000000000000000000, 0.000000000000000000, 1.000000000000000000 ) ) ;
#7860 = ADVANCED_FACE ( 'NONE', ( #1051 ), #3691, .T. ) ;
#7861 = VERTEX_POINT ( 'NONE', #4856 ) ;
#7862 = CARTESIAN_POINT ( 'NONE',  ( -1.104318079510255179, 84.12079889216880701, 0.4778183481876958072 ) ) ;
#7863 = VERTEX_POINT ( 'NONE', #2298 ) ;
#7864 = FACE_OUTER_BOUND ( 'NONE', #26, .T. ) ;
#7865 = DIRECTION ( 'NONE',  ( 0.000000000000000000, -0.000000000000000000, -1.000000000000000000 ) ) ;
#7866 = EDGE_CURVE ( 'NONE', #6990, #1353, #4821, .T. ) ;
#7867 = ORIENTED_EDGE ( 'NONE', *, *, #5573, .F. ) ;
#7868 = CARTESIAN_POINT ( 'NONE',  ( -11.01773293216644234, 78.84410499915229309, -4.599999999999992539 ) ) ;
#7869 = ORIENTED_EDGE ( 'NONE', *, *, #3185, .F. ) ;
#7870 = CARTESIAN_POINT ( 'NONE',  ( 50.56002194904235125, -1.238605785321803987, -4.599999999999992539 ) ) ;
#7871 = AXIS2_PLACEMENT_3D ( 'NONE', #3707, #2423, #5517 ) ;
#7872 = CARTESIAN_POINT ( 'NONE',  ( 88.33727469707440605, 76.84410589528943092, -1.550000000000002709 ) ) ;
#7873 = CARTESIAN_POINT ( 'NONE',  ( 42.60274304593886541, -125.2924481355107105, -4.599999999999992539 ) ) ;
#7874 = DIRECTION ( 'NONE',  ( -2.710505431213762071E-16, -1.000000000000000000, -0.000000000000000000 ) ) ;
#7875 = AXIS2_PLACEMENT_3D ( 'NONE', #3519, #6713, #1084 ) ;
#7876 = VECTOR ( 'NONE', #2752, 1000.000000000000114 ) ;
#7877 = ADVANCED_FACE ( 'NONE', ( #7426 ), #4229, .F. ) ;
#7878 = CARTESIAN_POINT ( 'NONE',  ( -1.602121930820903267E-06, 12.29410278256791322, -4.599999999999992539 ) ) ;
#7879 = LINE ( 'NONE', #4894, #3302 ) ;
#7880 = ORIENTED_EDGE ( 'NONE', *, *, #5643, .T. ) ;
#7881 = PLANE ( 'NONE',  #2278 ) ;
#7882 = AXIS2_PLACEMENT_3D ( 'NONE', #7288, #1654, #6667 ) ;
#7883 = ORIENTED_EDGE ( 'NONE', *, *, #1163, .T. ) ;
#7884 = ORIENTED_EDGE ( 'NONE', *, *, #7241, .F. ) ;
#7885 = DIRECTION ( 'NONE',  ( -0.9999999999999839018, -1.798198651385038809E-07, 0.000000000000000000 ) ) ;
#7886 = CIRCLE ( 'NONE', #5784, 1.050000000000002265 ) ;
#7887 = CARTESIAN_POINT ( 'NONE',  ( 100.1872790000000037, 34.54411100000000090, 4.450000000000000178 ) ) ;
#7888 = VECTOR ( 'NONE', #376, 1000.000000000000000 ) ;
#7889 = CARTESIAN_POINT ( 'NONE',  ( 95.66227469707442310, 76.84410589528944513, -3.999999999999992450 ) ) ;
#7890 = DIRECTION ( 'NONE',  ( -9.999428271258533804E-31, -1.000000000000000000, 0.000000000000000000 ) ) ;
#7891 = AXIS2_PLACEMENT_3D ( 'NONE', #1527, #5888, #4044 ) ;
#7892 = EDGE_CURVE ( 'NONE', #6864, #846, #3532, .T. ) ;
#7893 = DIRECTION ( 'NONE',  ( -1.000000000000000000, 0.000000000000000000, 0.000000000000000000 ) ) ;
#7894 = VERTEX_POINT ( 'NONE', #6763 ) ;
#7895 = VECTOR ( 'NONE', #893, 1000.000000000000000 ) ;
#7896 = VERTEX_POINT ( 'NONE', #7309 ) ;
#7897 = ORIENTED_EDGE ( 'NONE', *, *, #3641, .F. ) ;
#7898 = CARTESIAN_POINT ( 'NONE',  ( -0.8677331119864710729, 79.84410682432394424, -9.399999999999993250 ) ) ;
#7899 = AXIS2_PLACEMENT_3D ( 'NONE', #1511, #5960, #4029 ) ;
#7900 = CARTESIAN_POINT ( 'NONE',  ( -18.16772100000000023, 14.73547018669192887, -4.599999999999992539 ) ) ;
#7901 = CIRCLE ( 'NONE', #4355, 1.697767288281991416 ) ;
#7902 = ADVANCED_FACE ( 'NONE', ( #4901 ), #7389, .F. ) ;
#7903 = VECTOR ( 'NONE', #4054, 1000.000000000000000 ) ;
#7904 = CIRCLE ( 'NONE', #1603, 2.249999999999999556 ) ;
#7905 = CARTESIAN_POINT ( 'NONE',  ( 20.09026621665517709, -1.796668418921559374, -4.599999999999992539 ) ) ;
#7906 = DIRECTION ( 'NONE',  ( 0.000000000000000000, 0.000000000000000000, -1.000000000000000000 ) ) ;
#7907 = VERTEX_POINT ( 'NONE', #4187 ) ;
#7908 = LINE ( 'NONE', #1029, #3954 ) ;
#7909 = ORIENTED_EDGE ( 'NONE', *, *, #495, .T. ) ;
#7910 = FACE_BOUND ( 'NONE', #3283, .T. ) ;
#7911 = VECTOR ( 'NONE', #5826, 1000.000000000000000 ) ;
#7912 = VECTOR ( 'NONE', #1993, 1000.000000000000000 ) ;
#7913 = EDGE_CURVE ( 'NONE', #828, #8065, #3653, .T. ) ;
#7914 = DIRECTION ( 'NONE',  ( -0.000000000000000000, -0.000000000000000000, 1.000000000000000000 ) ) ;
#7915 = VECTOR ( 'NONE', #4379, 1000.000000000000000 ) ;
#7916 = CIRCLE ( 'NONE', #7079, 1.125000000000000888 ) ;
#7917 = VERTEX_POINT ( 'NONE', #4785 ) ;
#7918 = CYLINDRICAL_SURFACE ( 'NONE', #5918, 0.2977672882960475942 ) ;
#7919 = ORIENTED_EDGE ( 'NONE', *, *, #985, .F. ) ;
#7920 = CARTESIAN_POINT ( 'NONE',  ( 12.74474674335479563, 12.48788592914254103, -4.599999999999992539 ) ) ;
#7921 = DIRECTION ( 'NONE',  ( 1.000000000000000000, 0.000000000000000000, 0.000000000000000000 ) ) ;
#7922 = DIRECTION ( 'NONE',  ( -2.335877759801060922E-06, 0.9999999999972718490, 0.000000000000000000 ) ) ;
#7923 = EDGE_CURVE ( 'NONE', #7977, #2542, #1674, .T. ) ;
#7924 = EDGE_CURVE ( 'NONE', #4906, #7405, #714, .T. ) ;
#7925 = DIRECTION ( 'NONE',  ( 0.000000000000000000, 0.000000000000000000, -1.000000000000000000 ) ) ;
#7926 = CARTESIAN_POINT ( 'NONE',  ( -11.05859082457480369, -5.795957894100131291, -4.599999999999992539 ) ) ;
#7927 = CARTESIAN_POINT ( 'NONE',  ( 22.57418217683190420, -2.373436572324036931, -2.199999999999988631 ) ) ;
#7928 = VERTEX_POINT ( 'NONE', #3223 ) ;
#7929 = DIRECTION ( 'NONE',  ( -0.7071067811865459074, 0.000000000000000000, -0.7071067811865491270 ) ) ;
#7930 = ORIENTED_EDGE ( 'NONE', *, *, #4653, .T. ) ;
#7931 = ORIENTED_EDGE ( 'NONE', *, *, #2306, .T. ) ;
#7932 = CARTESIAN_POINT ( 'NONE',  ( 90.21227469707440605, 76.84410589528943092, -4.599999999999992539 ) ) ;
#7933 = CARTESIAN_POINT ( 'NONE',  ( 117.8254602383407246, -2.886456355902770277, -4.599999999999992539 ) ) ;
#7934 = EDGE_CURVE ( 'NONE', #6557, #6375, #6967, .T. ) ;
#7935 = CARTESIAN_POINT ( 'NONE',  ( 79.81230579313094609, 9.303372438427715972E-05, 2.250000000000000000 ) ) ;
#7936 = CARTESIAN_POINT ( 'NONE',  ( 67.18142950036545358, 0.000000000000000000, -4.599999999999992539 ) ) ;
#7937 = CARTESIAN_POINT ( 'NONE',  ( 119.5122720196896893, 29.06910750985032621, -2.199999999999997069 ) ) ;
#7938 = EDGE_LOOP ( 'NONE', ( #7324, #2737 ) ) ;
#7939 = ORIENTED_EDGE ( 'NONE', *, *, #7322, .T. ) ;
#7940 = ORIENTED_EDGE ( 'NONE', *, *, #2028, .T. ) ;
#7941 = DIRECTION ( 'NONE',  ( -0.000000000000000000, -0.000000000000000000, 1.000000000000000000 ) ) ;
#7942 = DIRECTION ( 'NONE',  ( 1.798198684919793434E-07, -0.9999999999999837907, -0.000000000000000000 ) ) ;
#7943 = CIRCLE ( 'NONE', #4392, 1.849999999999990541 ) ;
#7944 = EDGE_CURVE ( 'NONE', #3683, #7609, #7464, .T. ) ;
#7945 = LINE ( 'NONE', #366, #3169 ) ;
#7946 = CARTESIAN_POINT ( 'NONE',  ( 118.3122720196896722, 31.31910750985032621, -2.199999999999997069 ) ) ;
#7947 = ORIENTED_EDGE ( 'NONE', *, *, #4113, .T. ) ;
#7948 = FACE_OUTER_BOUND ( 'NONE', #7130, .T. ) ;
#7949 = ORIENTED_EDGE ( 'NONE', *, *, #7892, .T. ) ;
#7950 = DIRECTION ( 'NONE',  ( 0.000000000000000000, 0.000000000000000000, -1.000000000000000000 ) ) ;
#7951 = CARTESIAN_POINT ( 'NONE',  ( -16.86772099999999597, 77.67724262499595511, -4.599999999999992539 ) ) ;
#7952 = ORIENTED_EDGE ( 'NONE', *, *, #441, .F. ) ;
#7953 = EDGE_CURVE ( 'NONE', #2614, #5637, #1249, .T. ) ;
#7954 = ORIENTED_EDGE ( 'NONE', *, *, #441, .T. ) ;
#7955 = FACE_OUTER_BOUND ( 'NONE', #657, .T. ) ;
#7956 = CARTESIAN_POINT ( 'NONE',  ( 67.61227900000001512, 80.84411100000002648, -4.599999999999992539 ) ) ;
#7957 = CARTESIAN_POINT ( 'NONE',  ( -13.55859082457480369, -1.465830875177938308, -3.999999999999970690 ) ) ;
#7958 = AXIS2_PLACEMENT_3D ( 'NONE', #890, #5229, #5837 ) ;
#7959 = DIRECTION ( 'NONE',  ( -0.000000000000000000, -0.000000000000000000, -1.000000000000000000 ) ) ;
#7960 = EDGE_CURVE ( 'NONE', #7662, #321, #4088, .T. ) ;
#7961 = EDGE_CURVE ( 'NONE', #4717, #511, #262, .T. ) ;
#7962 = CARTESIAN_POINT ( 'NONE',  ( 97.93727900000000375, 34.54411100000000090, 1.349999999999999867 ) ) ;
#7963 = ORIENTED_EDGE ( 'NONE', *, *, #5591, .F. ) ;
#7964 = DIRECTION ( 'NONE',  ( -0.9997000655982539730, 0.02449038266027345895, 0.000000000000000000 ) ) ;
#7965 = EDGE_LOOP ( 'NONE', ( #1595, #5860, #1807, #5606 ) ) ;
#7966 = VECTOR ( 'NONE', #5740, 1000.000000000000000 ) ;
#7967 = DIRECTION ( 'NONE',  ( -0.000000000000000000, -0.000000000000000000, -1.000000000000000000 ) ) ;
#7968 = VECTOR ( 'NONE', #5787, 1000.000000000000000 ) ;
#7969 = DIRECTION ( 'NONE',  ( -0.000000000000000000, 0.000000000000000000, 1.000000000000000000 ) ) ;
#7970 = LINE ( 'NONE', #8005, #4833 ) ;
#7971 = CARTESIAN_POINT ( 'NONE',  ( -1.273903914478564880, 84.02720485549627938, 0.5679051901721259288 ) ) ;
#7972 = CIRCLE ( 'NONE', #4039, 1.850000000000018296 ) ;
#7973 = DIRECTION ( 'NONE',  ( 0.000000000000000000, 0.000000000000000000, 1.000000000000000000 ) ) ;
#7974 = EDGE_CURVE ( 'NONE', #6215, #6286, #8146, .T. ) ;
#7975 = EDGE_LOOP ( 'NONE', ( #5455, #1992, #2543, #2056 ) ) ;
#7976 = ORIENTED_EDGE ( 'NONE', *, *, #2087, .T. ) ;
#7977 = VERTEX_POINT ( 'NONE', #4520 ) ;
#7978 = CARTESIAN_POINT ( 'NONE',  ( -0.1082177395317591856, 85.22124224234023870, 0.3664701048277738127 ) ) ;
#7979 = CARTESIAN_POINT ( 'NONE',  ( -0.8677331119864710729, 79.84410682432394424, -4.599999999999992539 ) ) ;
#7980 = CARTESIAN_POINT ( 'NONE',  ( -16.52115253262963179, 81.21325415202859688, 0.8132330955742148593 ) ) ;
#7981 = CARTESIAN_POINT ( 'NONE',  ( -1.467734406689514381, 87.04410671643191222, 6.722053469410127491E-15 ) ) ;
#7982 = EDGE_CURVE ( 'NONE', #7444, #6477, #98, .T. ) ;
#7983 = ORIENTED_EDGE ( 'NONE', *, *, #4078, .F. ) ;
#7984 = CARTESIAN_POINT ( 'NONE',  ( 75.81228330292589135, 19.29411698796796415, -2.150000000000027889 ) ) ;
#7985 = VERTEX_POINT ( 'NONE', #2609 ) ;
#7986 = CARTESIAN_POINT ( 'NONE',  ( 61.45915292031825317, 80.84410401970065152, -4.599999999999992539 ) ) ;
#7987 = FACE_OUTER_BOUND ( 'NONE', #2809, .T. ) ;
#7988 = DIRECTION ( 'NONE',  ( -0.000000000000000000, -0.000000000000000000, 1.000000000000000000 ) ) ;
#7989 = ORIENTED_EDGE ( 'NONE', *, *, #1933, .F. ) ;
#7990 = ORIENTED_EDGE ( 'NONE', *, *, #985, .T. ) ;
#7991 = CARTESIAN_POINT ( 'NONE',  ( -19.36772099999999952, 14.73547018669192887, -4.599999999999992539 ) ) ;
#7992 = DIRECTION ( 'NONE',  ( -0.000000000000000000, -0.000000000000000000, 1.000000000000000000 ) ) ;
#7993 = DIRECTION ( 'NONE',  ( 1.000000000000000000, 0.000000000000000000, 0.000000000000000000 ) ) ;
#7994 = DIRECTION ( 'NONE',  ( 1.018552587902412228E-15, 1.000000000000000000, 0.000000000000000000 ) ) ;
#7995 = EDGE_CURVE ( 'NONE', #5994, #3369, #5135, .T. ) ;
#7996 = CONICAL_SURFACE ( 'NONE', #7597, 69.21297688990915731, 0.5235987755984158332 ) ;
#7997 = CARTESIAN_POINT ( 'NONE',  ( 119.5122720196896893, 29.06910750985032621, -2.199999999999997069 ) ) ;
#7998 = DIRECTION ( 'NONE',  ( -0.7071067811865439090, 0.7071067811865512365, -0.000000000000000000 ) ) ;
#7999 = VERTEX_POINT ( 'NONE', #2570 ) ;
#8000 = PLANE ( 'NONE',  #1136 ) ;
#8001 = ORIENTED_EDGE ( 'NONE', *, *, #5113, .T. ) ;
#8002 = DIRECTION ( 'NONE',  ( -0.02449038266019105611, -0.9997000655982560824, 0.000000000000000000 ) ) ;
#8003 = DIRECTION ( 'NONE',  ( 0.9999999999999914513, 1.303162954756303595E-07, 0.000000000000000000 ) ) ;
#8004 = VECTOR ( 'NONE', #6817, 1000.000000000000000 ) ;
#8005 = CARTESIAN_POINT ( 'NONE',  ( 96.81227900000000375, 34.54411100000000090, 1.349999999999999867 ) ) ;
#8006 = EDGE_CURVE ( 'NONE', #5108, #2017, #922, .T. ) ;
#8007 = ADVANCED_FACE ( 'NONE', ( #8086 ), #413, .F. ) ;
#8008 = CARTESIAN_POINT ( 'NONE',  ( 118.3122720196896722, 29.06910750985032621, -2.199999999999997069 ) ) ;
#8009 = CIRCLE ( 'NONE', #6567, 32.33511747416517323 ) ;
#8010 = ORIENTED_EDGE ( 'NONE', *, *, #7163, .F. ) ;
#8011 = ORIENTED_EDGE ( 'NONE', *, *, #3659, .F. ) ;
#8012 = ORIENTED_EDGE ( 'NONE', *, *, #3943, .T. ) ;
#8013 = CARTESIAN_POINT ( 'NONE',  ( 63.05759138113731410, 12.87146126918945477, 4.450000000000000178 ) ) ;
#8014 = FACE_OUTER_BOUND ( 'NONE', #669, .T. ) ;
#8015 = EDGE_CURVE ( 'NONE', #810, #7609, #4483, .T. ) ;
#8016 = AXIS2_PLACEMENT_3D ( 'NONE', #1970, #1306, #822 ) ;
#8017 = EDGE_CURVE ( 'NONE', #6526, #1404, #1378, .T. ) ;
#8018 = AXIS2_PLACEMENT_3D ( 'NONE', #7185, #6613, #4149 ) ;
#8019 = CARTESIAN_POINT ( 'NONE',  ( -15.83722106037811805, 81.40784881642910875, 1.440921106579218236 ) ) ;
#8020 = VECTOR ( 'NONE', #819, 1000.000000000000114 ) ;
#8021 = DIRECTION ( 'NONE',  ( 0.000000000000000000, 0.000000000000000000, 1.000000000000000000 ) ) ;
#8022 = AXIS2_PLACEMENT_3D ( 'NONE', #7508, #2000, #3853 ) ;
#8023 = ORIENTED_EDGE ( 'NONE', *, *, #5527, .T. ) ;
#8024 = CONICAL_SURFACE ( 'NONE', #3290, 0.4499999999999781952, 0.7853981633974331800 ) ;
#8025 = EDGE_LOOP ( 'NONE', ( #6467, #353, #4516, #6102 ) ) ;
#8026 = DIRECTION ( 'NONE',  ( -1.932974505730857945E-07, 0.9999999999999813483, 0.000000000000000000 ) ) ;
#8027 = CIRCLE ( 'NONE', #1194, 1.850000000000018296 ) ;
#8028 = CARTESIAN_POINT ( 'NONE',  ( 116.6091529203252861, 15.29411798029975600, 2.249999999999999556 ) ) ;
#8029 = VECTOR ( 'NONE', #4990, 1000.000000000000000 ) ;
#8030 =( GEOMETRIC_REPRESENTATION_CONTEXT ( 3 ) GLOBAL_UNCERTAINTY_ASSIGNED_CONTEXT ( ( #5190 ) ) GLOBAL_UNIT_ASSIGNED_CONTEXT ( ( #7793, #7707, #3317 ) ) REPRESENTATION_CONTEXT ( 'NONE', 'WORKASPACE' ) );
#8031 = EDGE_CURVE ( 'NONE', #511, #4717, #7760, .T. ) ;
#8032 = VECTOR ( 'NONE', #4552, 1000.000000000000000 ) ;
#8033 = DIRECTION ( 'NONE',  ( 1.000000000000000000, 0.000000000000000000, 0.000000000000000000 ) ) ;
#8034 = DIRECTION ( 'NONE',  ( 0.9999999999999916733, 1.288939666242958913E-07, -0.000000000000000000 ) ) ;
#8035 = ORIENTED_EDGE ( 'NONE', *, *, #3265, .F. ) ;
#8036 = AXIS2_PLACEMENT_3D ( 'NONE', #4383, #3132, #7383 ) ;
#8037 = ORIENTED_EDGE ( 'NONE', *, *, #6147, .T. ) ;
#8038 = DIRECTION ( 'NONE',  ( -1.000000000000000000, 0.000000000000000000, -0.000000000000000000 ) ) ;
#8039 = FACE_OUTER_BOUND ( 'NONE', #962, .T. ) ;
#8040 = AXIS2_PLACEMENT_3D ( 'NONE', #5987, #2978, #7994 ) ;
#8041 = EDGE_CURVE ( 'NONE', #5029, #3434, #3891, .T. ) ;
#8042 = LINE ( 'NONE', #3013, #2523 ) ;
#8043 = DIRECTION ( 'NONE',  ( -1.000000000000000000, 0.000000000000000000, 0.000000000000000000 ) ) ;
#8044 = ORIENTED_EDGE ( 'NONE', *, *, #3967, .T. ) ;
#8045 = DIRECTION ( 'NONE',  ( 0.000000000000000000, 0.000000000000000000, -1.000000000000000000 ) ) ;
#8046 = ORIENTED_EDGE ( 'NONE', *, *, #1623, .F. ) ;
#8047 = AXIS2_PLACEMENT_3D ( 'NONE', #5818, #7251, #6058 ) ;
#8048 = CARTESIAN_POINT ( 'NONE',  ( 63.05759268073793322, 2.898797320354307594, 2.250000000000000000 ) ) ;
#8049 = ORIENTED_EDGE ( 'NONE', *, *, #6309, .T. ) ;
#8050 = DIRECTION ( 'NONE',  ( 0.000000000000000000, 1.000000000000000000, 0.000000000000000000 ) ) ;
#8051 = CARTESIAN_POINT ( 'NONE',  ( 119.5122720196896893, 26.81910750985032621, -4.599999999999992539 ) ) ;
#8052 = AXIS2_PLACEMENT_3D ( 'NONE', #7294, #5458, #2405 ) ;
#8053 = DIRECTION ( 'NONE',  ( 0.000000000000000000, 0.000000000000000000, 1.000000000000000000 ) ) ;
#8054 = DIRECTION ( 'NONE',  ( -9.999428271258533804E-31, -1.000000000000000000, 0.000000000000000000 ) ) ;
#8055 = EDGE_LOOP ( 'NONE', ( #3530, #3271, #1370, #1243 ) ) ;
#8056 = EDGE_CURVE ( 'NONE', #5142, #2008, #1196, .T. ) ;
#8057 = ORIENTED_EDGE ( 'NONE', *, *, #1571, .F. ) ;
#8058 = CARTESIAN_POINT ( 'NONE',  ( -1.413871652028471315, 84.95212433938054630, 1.579786287119253396 ) ) ;
#8059 = CARTESIAN_POINT ( 'NONE',  ( 22.64197274664593351, 6.066898182217366653, -4.599999999999992539 ) ) ;
#8060 = CARTESIAN_POINT ( 'NONE',  ( 39.62694757073123242, -0.9707702770651943647, -4.599999999999992539 ) ) ;
#8061 = CARTESIAN_POINT ( 'NONE',  ( 121.3122811893314008, 1.563642109909617922E-05, 3.449999999999999289 ) ) ;
#8062 = VERTEX_POINT ( 'NONE', #6228 ) ;
#8063 = DIRECTION ( 'NONE',  ( -0.9997000655982558603, 0.02449038266019914686, 0.000000000000000000 ) ) ;
#8064 = EDGE_CURVE ( 'NONE', #7302, #1826, #595, .T. ) ;
#8065 = VERTEX_POINT ( 'NONE', #3771 ) ;
#8066 = CARTESIAN_POINT ( 'NONE',  ( -14.95733370053525135, 80.96253527245308135, 0.9333333333333542203 ) ) ;
#8067 = ADVANCED_FACE ( 'NONE', ( #5655 ), #6924, .T. ) ;
#8068 = CARTESIAN_POINT ( 'NONE',  ( -1.954476306208887015, 79.78193393845744197, -4.599999999999992539 ) ) ;
#8069 = CONICAL_SURFACE ( 'NONE', #2551, 0.4500000000000059508, 0.7853981633974619347 ) ;
#8070 = CARTESIAN_POINT ( 'NONE',  ( 48.95412338519995643, -1.755882021704229912, 3.450002953554893281 ) ) ;
#8071 = CARTESIAN_POINT ( 'NONE',  ( 7.662260430057417082, 81.84410835818626140, -3.999999999999992450 ) ) ;
#8072 = ORIENTED_EDGE ( 'NONE', *, *, #7849, .T. ) ;
#8073 = ORIENTED_EDGE ( 'NONE', *, *, #6196, .F. ) ;
#8074 = DIRECTION ( 'NONE',  ( -2.972808324392570255E-08, 0.9999999999999995559, 0.000000000000000000 ) ) ;
#8075 = EDGE_CURVE ( 'NONE', #2197, #4334, #3809, .T. ) ;
#8076 = LINE ( 'NONE', #7956, #6838 ) ;
#8077 = FACE_OUTER_BOUND ( 'NONE', #573, .T. ) ;
#8078 = CARTESIAN_POINT ( 'NONE',  ( -0.000000000000000000, 82.04411100000002932, -4.599999999999992539 ) ) ;
#8079 = VERTEX_POINT ( 'NONE', #7833 ) ;
#8080 = LINE ( 'NONE', #6223, #4773 ) ;
#8081 = EDGE_CURVE ( 'NONE', #3620, #4375, #802, .T. ) ;
#8082 = VERTEX_POINT ( 'NONE', #3392 ) ;
#8083 = DIRECTION ( 'NONE',  ( -1.000000000000000000, 0.000000000000000000, 0.000000000000000000 ) ) ;
#8084 = ORIENTED_EDGE ( 'NONE', *, *, #8133, .T. ) ;
#8085 = DIRECTION ( 'NONE',  ( -0.000000000000000000, -0.000000000000000000, 1.000000000000000000 ) ) ;
#8086 = FACE_OUTER_BOUND ( 'NONE', #5504, .T. ) ;
#8087 = DIRECTION ( 'NONE',  ( -1.000000000000000000, 0.000000000000000000, 0.000000000000000000 ) ) ;
#8088 = CIRCLE ( 'NONE', #2968, 1.697767288281991416 ) ;
#8089 = DIRECTION ( 'NONE',  ( -0.02449038266017580096, 0.9997000655982564155, 0.000000000000000000 ) ) ;
#8090 = VECTOR ( 'NONE', #6463, 999.9999999999998863 ) ;
#8091 = ORIENTED_EDGE ( 'NONE', *, *, #5113, .F. ) ;
#8092 = AXIS2_PLACEMENT_3D ( 'NONE', #1545, #6483, #5989 ) ;
#8093 = ORIENTED_EDGE ( 'NONE', *, *, #687, .F. ) ;
#8094 = DIRECTION ( 'NONE',  ( 1.000000000000000000, 0.000000000000000000, 0.000000000000000000 ) ) ;
#8095 = DIRECTION ( 'NONE',  ( 1.000000000000000000, 0.000000000000000000, 0.000000000000000000 ) ) ;
#8096 = FACE_OUTER_BOUND ( 'NONE', #4145, .T. ) ;
#8097 = EDGE_CURVE ( 'NONE', #2254, #1672, #7214, .T. ) ;
#8098 = LINE ( 'NONE', #7946, #8004 ) ;
#8099 = VERTEX_POINT ( 'NONE', #1417 ) ;
#8100 = ORIENTED_EDGE ( 'NONE', *, *, #585, .T. ) ;
#8101 = CARTESIAN_POINT ( 'NONE',  ( 22.36452166131000396, 78.13965514279601621, -4.599999999999992539 ) ) ;
#8102 = VECTOR ( 'NONE', #4853, 1000.000000000000000 ) ;
#8103 = ORIENTED_EDGE ( 'NONE', *, *, #4770, .F. ) ;
#8104 = LINE ( 'NONE', #6782, #7482 ) ;
#8105 = CARTESIAN_POINT ( 'NONE',  ( 12.66226043005733892, 81.84410925728559505, 4.450000000000000178 ) ) ;
#8106 = EDGE_CURVE ( 'NONE', #6682, #1481, #5783, .T. ) ;
#8107 = EDGE_CURVE ( 'NONE', #5078, #913, #6560, .T. ) ;
#8108 = AXIS2_PLACEMENT_3D ( 'NONE', #1919, #3817, #64 ) ;
#8109 = DIRECTION ( 'NONE',  ( 0.000000000000000000, 0.000000000000000000, 1.000000000000000000 ) ) ;
#8110 = ORIENTED_EDGE ( 'NONE', *, *, #1743, .T. ) ;
#8111 = ORIENTED_EDGE ( 'NONE', *, *, #317, .T. ) ;
#8112 = FACE_OUTER_BOUND ( 'NONE', #7480, .T. ) ;
#8113 = DIRECTION ( 'NONE',  ( -0.9999999999993206545, -1.165656391701703065E-06, 0.000000000000000000 ) ) ;
#8114 = CARTESIAN_POINT ( 'NONE',  ( -19.16772100000000023, 39.98547018669192710, -4.599999999999992539 ) ) ;
#8115 = EDGE_CURVE ( 'NONE', #5706, #987, #6971, .T. ) ;
#8116 = DIRECTION ( 'NONE',  ( 0.000000000000000000, -1.000000000000000000, 0.000000000000000000 ) ) ;
#8117 = ORIENTED_EDGE ( 'NONE', *, *, #2720, .F. ) ;
#8118 = DIRECTION ( 'NONE',  ( 0.000000000000000000, 0.000000000000000000, 1.000000000000000000 ) ) ;
#8119 = VERTEX_POINT ( 'NONE', #4057 ) ;
#8120 = CARTESIAN_POINT ( 'NONE',  ( 99.06227900000000375, 53.59411099999999806, 1.349999999999999867 ) ) ;
#8121 = ORIENTED_EDGE ( 'NONE', *, *, #3194, .F. ) ;
#8122 = CARTESIAN_POINT ( 'NONE',  ( 99.06227900000000375, 34.54411100000000090, 4.450000000000000178 ) ) ;
#8123 = CARTESIAN_POINT ( 'NONE',  ( 77.06228330292589135, 19.29411698796796415, -2.150000000000027889 ) ) ;
#8124 = DIRECTION ( 'NONE',  ( 0.02449038266017611321, -0.9997000655982564155, 0.000000000000000000 ) ) ;
#8125 = EDGE_CURVE ( 'NONE', #999, #6215, #6519, .T. ) ;
#8126 = CARTESIAN_POINT ( 'NONE',  ( 63.05759268073793322, -1.178533457750166935, 4.450000000000000178 ) ) ;
#8127 = CARTESIAN_POINT ( 'NONE',  ( 18.11226043005726538, 81.84411015638494291, -3.999999999999992450 ) ) ;
#8128 = ORIENTED_EDGE ( 'NONE', *, *, #4758, .T. ) ;
#8129 = ORIENTED_EDGE ( 'NONE', *, *, #7473, .T. ) ;
#8130 = CARTESIAN_POINT ( 'NONE',  ( -0.9104575410934293567, 84.22653109381738545, 0.2225833817862988562 ) ) ;
#8131 = AXIS2_PLACEMENT_3D ( 'NONE', #2300, #7890, #3457 ) ;
#8132 = LINE ( 'NONE', #1103, #2813 ) ;
#8133 = EDGE_CURVE ( 'NONE', #1329, #5968, #3266, .T. ) ;
#8134 = CARTESIAN_POINT ( 'NONE',  ( -15.92890724293884830, 81.38190460324346986, 1.393065827440425064 ) ) ;
#8135 = VECTOR ( 'NONE', #3125, 1000.000000000000114 ) ;
#8136 = DIRECTION ( 'NONE',  ( 1.000000000000000000, 0.000000000000000000, 0.000000000000000000 ) ) ;
#8137 = ORIENTED_EDGE ( 'NONE', *, *, #3909, .T. ) ;
#8138 = ORIENTED_EDGE ( 'NONE', *, *, #6139, .F. ) ;
#8139 = DIRECTION ( 'NONE',  ( -0.000000000000000000, -0.000000000000000000, -1.000000000000000000 ) ) ;
#8140 = VERTEX_POINT ( 'NONE', #2204 ) ;
#8141 = CARTESIAN_POINT ( 'NONE',  ( 35.68142950036546068, 82.04411100000002932, -4.599999999999992539 ) ) ;
#8142 = AXIS2_PLACEMENT_3D ( 'NONE', #6095, #4327, #7445 ) ;
#8143 = CIRCLE ( 'NONE', #2236, 1.850000000000018296 ) ;
#8144 = AXIS2_PLACEMENT_3D ( 'NONE', #2237, #8063, #575 ) ;
#8145 = DIRECTION ( 'NONE',  ( 0.000000000000000000, 0.000000000000000000, 1.000000000000000000 ) ) ;
#8146 = CIRCLE ( 'NONE', #5147, 1.663324279939825567 ) ;
#8147 = DIRECTION ( 'NONE',  ( -0.7071067811865368036, 0.000000000000000000, -0.7071067811865583419 ) ) ;
#8148 = AXIS2_PLACEMENT_3D ( 'NONE', #2754, #7778, #2145 ) ;
#8149 = ORIENTED_EDGE ( 'NONE', *, *, #943, .F. ) ;
ENDSEC;
END-ISO-10303-21;
