ISO-10303-21;
HEADER;
FILE_DESCRIPTION (( 'STEP AP214' ),
    '1' );
FILE_NAME ('CASE_LEFT_TOP.STP',
    '2025-03-03T06:52:17',
    ( '' ),
    ( '' ),
    'SwSTEP 2.0',
    'SolidWorks 2022',
    '' );
FILE_SCHEMA (( 'AUTOMOTIVE_DESIGN' ));
ENDSEC;

DATA;
#1 = PLANE ( 'NONE',  #91 ) ;
#2 = CARTESIAN_POINT ( 'NONE',  ( -30.91227899999996254, 7.232599173267165504, 7.399999999999998579 ) ) ;
#3 = AXIS2_PLACEMENT_3D ( 'NONE', #4294, #6234, #9975 ) ;
#4 = CARTESIAN_POINT ( 'NONE',  ( -80.21367833427878224, 73.09556294374289109, -1.900000000000000355 ) ) ;
#5 = CARTESIAN_POINT ( 'NONE',  ( -31.21227899999999167, 7.232599173267165504, 7.099999999999989875 ) ) ;
#6 = ORIENTED_EDGE ( 'NONE', *, *, #3328, .F. ) ;
#7 = VERTEX_POINT ( 'NONE', #2820 ) ;
#8 = ADVANCED_FACE ( 'NONE', ( #12016 ), #9183, .T. ) ;
#9 = EDGE_LOOP ( 'NONE', ( #9120, #4673, #83, #6011, #1967 ) ) ;
#10 = CARTESIAN_POINT ( 'NONE',  ( -119.3129851858493424, 29.15418935799907985, -6.439980624623485639 ) ) ;
#11 = DIRECTION ( 'NONE',  ( -1.798198670589261751E-07, -0.9999999999999839018, 0.000000000000000000 ) ) ;
#12 = CARTESIAN_POINT ( 'NONE',  ( 19.30071129054969958, 17.06706622704304266, -5.506109695705925233 ) ) ;
#13 = VECTOR ( 'NONE', #12082, 999.9999999999998863 ) ;
#14 = DIRECTION ( 'NONE',  ( 0.000000000000000000, 0.000000000000000000, 1.000000000000000000 ) ) ;
#15 = CARTESIAN_POINT ( 'NONE',  ( -20.78931246896235407, -2.615836211224144225, -3.012814236645174670 ) ) ;
#16 = CARTESIAN_POINT ( 'NONE',  ( -32.04424108330033505, 81.93693471624646918, -4.314918150661483764 ) ) ;
#17 = DIRECTION ( 'NONE',  ( 1.000000000000000000, 1.734723475976805517E-15, 0.000000000000000000 ) ) ;
#18 = ORIENTED_EDGE ( 'NONE', *, *, #725, .T. ) ;
#19 = DIRECTION ( 'NONE',  ( 1.000000000000000000, 0.000000000000000000, 0.000000000000000000 ) ) ;
#20 = ORIENTED_EDGE ( 'NONE', *, *, #8786, .F. ) ;
#21 = VECTOR ( 'NONE', #3775, 1000.000000000000227 ) ;
#22 = ORIENTED_EDGE ( 'NONE', *, *, #7066, .T. ) ;
#23 = ADVANCED_FACE ( 'NONE', ( #4543 ), #3630, .F. ) ;
#24 = ORIENTED_EDGE ( 'NONE', *, *, #1035, .F. ) ;
#25 = CARTESIAN_POINT ( 'NONE',  ( -67.71784497951759363, 81.81915943036440808, -5.846449542710238312 ) ) ;
#26 = LINE ( 'NONE', #7646, #4032 ) ;
#27 = DIRECTION ( 'NONE',  ( -0.000000000000000000, 0.000000000000000000, 1.000000000000000000 ) ) ;
#28 = CARTESIAN_POINT ( 'NONE',  ( -61.16005585450887594, 0.000000000000000000, 7.100000000000059153 ) ) ;
#29 = DIRECTION ( 'NONE',  ( -1.000000000000000000, 0.000000000000000000, 0.000000000000000000 ) ) ;
#30 = CARTESIAN_POINT ( 'NONE',  ( -99.14387857505512613, 14.08401451419428696, -4.314918151673849067 ) ) ;
#31 = VECTOR ( 'NONE', #11774, 1000.000000000000000 ) ;
#32 = FACE_OUTER_BOUND ( 'NONE', #4523, .T. ) ;
#33 = ORIENTED_EDGE ( 'NONE', *, *, #146, .T. ) ;
#34 = CARTESIAN_POINT ( 'NONE',  ( -119.3174233505750266, 29.32978801503509203, -2.412787784173223926 ) ) ;
#35 = VERTEX_POINT ( 'NONE', #11089 ) ;
#36 = CARTESIAN_POINT ( 'NONE',  ( 19.12355213289078293, 18.04625851918303781, -2.272870761040224785 ) ) ;
#37 = ORIENTED_EDGE ( 'NONE', *, *, #7399, .F. ) ;
#38 = EDGE_LOOP ( 'NONE', ( #1451, #7612, #6058, #614 ) ) ;
#39 = EDGE_CURVE ( 'NONE', #2406, #6851, #9220, .T. ) ;
#40 = ADVANCED_FACE ( 'NONE', ( #4838 ), #10465, .T. ) ;
#41 = DIRECTION ( 'NONE',  ( 1.000000000000000000, 0.000000000000000000, 0.000000000000000000 ) ) ;
#42 = PLANE ( 'NONE',  #1125 ) ;
#43 = CARTESIAN_POINT ( 'NONE',  ( -119.3122720196896722, 31.06910750985031910, 0.5999999999999998668 ) ) ;
#44 = DIRECTION ( 'NONE',  ( 1.000000000000000000, 0.000000000000000000, 0.000000000000000000 ) ) ;
#45 = CARTESIAN_POINT ( 'NONE',  ( -33.30092754496454432, 81.84921654628884369, -2.399999999999999467 ) ) ;
#46 = DIRECTION ( 'NONE',  ( -0.2588190399164183586, -0.9659258276786801822, 0.000000000000000000 ) ) ;
#47 = CARTESIAN_POINT ( 'NONE',  ( 0.2093484973884327249, 85.20070005790438472, 3.640495485508597806 ) ) ;
#48 = CARTESIAN_POINT ( 'NONE',  ( 19.17216825051659868, 50.69905338062270772, -3.293894456394887094 ) ) ;
#49 = ORIENTED_EDGE ( 'NONE', *, *, #7483, .F. ) ;
#50 = EDGE_CURVE ( 'NONE', #1420, #3064, #2271, .T. ) ;
#51 = AXIS2_PLACEMENT_3D ( 'NONE', #1765, #11992, #8178 ) ;
#52 = ORIENTED_EDGE ( 'NONE', *, *, #10546, .T. ) ;
#53 = DIRECTION ( 'NONE',  ( 0.6123724356958180071, -0.3535533905932872756, -0.7071067811865203723 ) ) ;
#54 = ORIENTED_EDGE ( 'NONE', *, *, #10632, .F. ) ;
#55 = CARTESIAN_POINT ( 'NONE',  ( -8.094759202554083544, 14.08999068330932225, 7.099999999999990763 ) ) ;
#56 = DIRECTION ( 'NONE',  ( 1.000000000000000000, 0.000000000000000000, 0.000000000000000000 ) ) ;
#57 = LINE ( 'NONE', #11425, #1850 ) ;
#58 = VECTOR ( 'NONE', #11879, 1000.000000000000000 ) ;
#59 = CARTESIAN_POINT ( 'NONE',  ( -42.41227899999999806, 28.29411100000000090, 7.100000000000059153 ) ) ;
#60 = CARTESIAN_POINT ( 'NONE',  ( -117.3122810941576688, 73.14410401970062026, 7.399999999999998579 ) ) ;
#61 = CARTESIAN_POINT ( 'NONE',  ( -22.36227900000003643, 78.14411099999999522, 7.399999999999998579 ) ) ;
#62 = EDGE_CURVE ( 'NONE', #3551, #933, #10650, .T. ) ;
#63 = EDGE_CURVE ( 'NONE', #1083, #7879, #1176, .T. ) ;
#64 = CARTESIAN_POINT ( 'NONE',  ( -21.34502273528909200, -2.501082179618443924, -2.810048099767059604 ) ) ;
#65 = AXIS2_PLACEMENT_3D ( 'NONE', #3054, #2014, #10510 ) ;
#66 = FACE_OUTER_BOUND ( 'NONE', #8120, .T. ) ;
#67 = VERTEX_POINT ( 'NONE', #9600 ) ;
#68 = EDGE_LOOP ( 'NONE', ( #3708, #7957, #11865, #10174 ) ) ;
#69 = CARTESIAN_POINT ( 'NONE',  ( -119.4452628290226812, 30.17521305340542526, -4.481602675011057357 ) ) ;
#70 = DIRECTION ( 'NONE',  ( 0.000000000000000000, 0.000000000000000000, 1.000000000000000000 ) ) ;
#71 = AXIS2_PLACEMENT_3D ( 'NONE', #5893, #10543, #2171 ) ;
#72 = DIRECTION ( 'NONE',  ( 0.000000000000000000, 1.000000000000000000, 0.000000000000000000 ) ) ;
#73 = ADVANCED_FACE ( 'NONE', ( #8745 ), #11580, .T. ) ;
#74 = CARTESIAN_POINT ( 'NONE',  ( -21.99677618568762938, -2.519746795980038367, -4.481602674945123432 ) ) ;
#75 = CARTESIAN_POINT ( 'NONE',  ( -33.51302554070682760, 81.83175445496405587, -6.527129238958155000 ) ) ;
#76 = LINE ( 'NONE', #9412, #1731 ) ;
#77 = ORIENTED_EDGE ( 'NONE', *, *, #4485, .F. ) ;
#78 = FACE_OUTER_BOUND ( 'NONE', #7354, .T. ) ;
#79 = CARTESIAN_POINT ( 'NONE',  ( -17.66226043005733715, 81.84410925728559505, -2.400000000000000355 ) ) ;
#80 = ORIENTED_EDGE ( 'NONE', *, *, #8030, .F. ) ;
#81 = ORIENTED_EDGE ( 'NONE', *, *, #3522, .T. ) ;
#82 = VERTEX_POINT ( 'NONE', #7585 ) ;
#83 = ORIENTED_EDGE ( 'NONE', *, *, #10894, .F. ) ;
#84 = LINE ( 'NONE', #11267, #3216 ) ;
#85 = PLANE ( 'NONE',  #3847 ) ;
#86 = DIRECTION ( 'NONE',  ( 1.000000000000000000, 0.000000000000000000, 0.000000000000000000 ) ) ;
#87 = DIRECTION ( 'NONE',  ( 0.000000000000000000, -1.000000000000000000, 0.000000000000000000 ) ) ;
#88 = CARTESIAN_POINT ( 'NONE',  ( -118.3122720196896722, 0.000000000000000000, -1.900000000000000355 ) ) ;
#89 = CARTESIAN_POINT ( 'NONE',  ( -100.7758657286020707, 14.28967109579893879, -5.506109695587424468 ) ) ;
#90 = CIRCLE ( 'NONE', #9450, 1.999999999999994893 ) ;
#91 = AXIS2_PLACEMENT_3D ( 'NONE', #5603, #7373, #1704 ) ;
#92 = EDGE_CURVE ( 'NONE', #10115, #547, #2149, .T. ) ;
#93 = LINE ( 'NONE', #3808, #7046 ) ;
#94 = ORIENTED_EDGE ( 'NONE', *, *, #6955, .F. ) ;
#95 = CARTESIAN_POINT ( 'NONE',  ( 15.46773318905265171, 80.27267983485985781, 2.799999999999989164 ) ) ;
#96 = ORIENTED_EDGE ( 'NONE', *, *, #5050, .F. ) ;
#97 = CARTESIAN_POINT ( 'NONE',  ( 19.29191383009161953, 18.04625851918304136, -3.804406304071138667 ) ) ;
#98 = ORIENTED_EDGE ( 'NONE', *, *, #2990, .F. ) ;
#99 = VERTEX_POINT ( 'NONE', #2091 ) ;
#100 = AXIS2_PLACEMENT_3D ( 'NONE', #3145, #408, #6857 ) ;
#101 = AXIS2_PLACEMENT_3D ( 'NONE', #2366, #10688, #6998 ) ;
#102 = DIRECTION ( 'NONE',  ( -0.000000000000000000, -0.000000000000000000, -1.000000000000000000 ) ) ;
#103 = DIRECTION ( 'NONE',  ( -0.000000000000000000, -0.000000000000000000, 1.000000000000000000 ) ) ;
#104 = DIRECTION ( 'NONE',  ( -1.798198670589261751E-07, -0.9999999999999839018, 0.000000000000000000 ) ) ;
#105 = DIRECTION ( 'NONE',  ( -0.000000000000000000, -0.000000000000000000, 1.000000000000000000 ) ) ;
#106 = DIRECTION ( 'NONE',  ( 0.000000000000000000, 0.000000000000000000, 1.000000000000000000 ) ) ;
#107 = DIRECTION ( 'NONE',  ( -0.000000000000000000, -0.000000000000000000, -1.000000000000000000 ) ) ;
#108 = ADVANCED_FACE ( 'NONE', ( #5753 ), #3066, .F. ) ;
#109 = CYLINDRICAL_SURFACE ( 'NONE', #4894, 1.000000000000007772 ) ;
#110 = EDGE_CURVE ( 'NONE', #11112, #8347, #10583, .T. ) ;
#111 = AXIS2_PLACEMENT_3D ( 'NONE', #1514, #9697, #6869 ) ;
#112 = ORIENTED_EDGE ( 'NONE', *, *, #5255, .T. ) ;
#113 = VECTOR ( 'NONE', #9891, 1000.000000000000000 ) ;
#114 = DIRECTION ( 'NONE',  ( 1.000000000000000000, 0.000000000000000000, 0.000000000000000000 ) ) ;
#115 = EDGE_LOOP ( 'NONE', ( #4688, #7504, #11184, #7582 ) ) ;
#116 = FACE_OUTER_BOUND ( 'NONE', #7940, .T. ) ;
#117 = FACE_BOUND ( 'NONE', #2835, .T. ) ;
#118 = EDGE_CURVE ( 'NONE', #4143, #5230, #6661, .T. ) ;
#119 = VECTOR ( 'NONE', #2838, 999.9999999999998863 ) ;
#120 = CARTESIAN_POINT ( 'NONE',  ( 12.41857130266412312, 4.059597251194531076, 4.400000000000000355 ) ) ;
#121 = LINE ( 'NONE', #11363, #10434 ) ;
#122 = DIRECTION ( 'NONE',  ( -1.000000000000000000, 0.000000000000000000, 0.000000000000000000 ) ) ;
#123 = CARTESIAN_POINT ( 'NONE',  ( 19.11173684823043928, 47.27188566584292317, -6.186789391988859244 ) ) ;
#124 = LINE ( 'NONE', #2740, #9397 ) ;
#125 = EDGE_LOOP ( 'NONE', ( #4099, #10311, #7293, #11527 ) ) ;
#126 = VECTOR ( 'NONE', #4919, 1000.000000000000000 ) ;
#127 = DIRECTION ( 'NONE',  ( 0.000000000000000000, 0.000000000000000000, -1.000000000000000000 ) ) ;
#128 = ORIENTED_EDGE ( 'NONE', *, *, #4906, .T. ) ;
#129 = ORIENTED_EDGE ( 'NONE', *, *, #3328, .T. ) ;
#130 = ADVANCED_FACE ( 'NONE', ( #6779 ), #4101, .F. ) ;
#131 = CARTESIAN_POINT ( 'NONE',  ( -119.2461930687418175, 31.19623674881175646, -3.012814236802379586 ) ) ;
#132 = EDGE_CURVE ( 'NONE', #10115, #4505, #3764, .T. ) ;
#133 = CARTESIAN_POINT ( 'NONE',  ( -88.58727469707440605, 76.84410589528943092, -1.499999999999999556 ) ) ;
#134 = CARTESIAN_POINT ( 'NONE',  ( 19.36042915541958465, 17.55666237311303490, -4.485088767640433183 ) ) ;
#135 = CONICAL_SURFACE ( 'NONE', #5579, 0.3999999999999837019, 0.7853981633974570498 ) ;
#136 = CARTESIAN_POINT ( 'NONE',  ( -97.06228253471061862, 14.29411798029987857, -1.900000000000000355 ) ) ;
#137 = CARTESIAN_POINT ( 'NONE',  ( -21.44481738896373457, -2.432269486518008783, -6.439980624415996502 ) ) ;
#138 = CARTESIAN_POINT ( 'NONE',  ( -33.51302554070682760, 81.93016267642362038, -5.846449542702723434 ) ) ;
#139 = PLANE ( 'NONE',  #11710 ) ;
#140 = CIRCLE ( 'NONE', #6560, 2.000000000000007994 ) ;
#141 = CARTESIAN_POINT ( 'NONE',  ( 0.000000000000000000, 81.14188785450699015, 7.399999999999998579 ) ) ;
#142 = LINE ( 'NONE', #4656, #11689 ) ;
#143 = EDGE_LOOP ( 'NONE', ( #12071, #9135, #5417, #2881 ) ) ;
#144 = VERTEX_POINT ( 'NONE', #7761 ) ;
#145 = CARTESIAN_POINT ( 'NONE',  ( -23.36227899999999025, 23.29411099999999735, 4.400000000000000355 ) ) ;
#146 = EDGE_CURVE ( 'NONE', #5929, #3518, #265, .T. ) ;
#147 = DIRECTION ( 'NONE',  ( 0.9999999999999812372, -1.932974505730857151E-07, 0.000000000000000000 ) ) ;
#148 = LINE ( 'NONE', #2093, #2086 ) ;
#149 = CARTESIAN_POINT ( 'NONE',  ( -22.06227899999998954, 19.99411100000003216, 7.399999999999998579 ) ) ;
#150 = DIRECTION ( 'NONE',  ( 0.000000000000000000, 0.000000000000000000, -1.000000000000000000 ) ) ;
#151 = CYLINDRICAL_SURFACE ( 'NONE', #5469, 2.000000000000001776 ) ;
#152 = CARTESIAN_POINT ( 'NONE',  ( -100.7758657286020707, 14.35010201087092874, -6.186789391842989261 ) ) ;
#153 = CONICAL_SURFACE ( 'NONE', #11273, 69.21297688990915731, 0.7853981633974552734 ) ;
#154 = CARTESIAN_POINT ( 'NONE',  ( -25.91609072322573226, 18.86520196976723085, 7.099999999999989875 ) ) ;
#155 = ORIENTED_EDGE ( 'NONE', *, *, #9852, .F. ) ;
#156 = CARTESIAN_POINT ( 'NONE',  ( -10.29035290421449922, 1.626585942086531400, 4.400000000000000355 ) ) ;
#157 = LINE ( 'NONE', #10538, #3115 ) ;
#158 = EDGE_LOOP ( 'NONE', ( #2039, #4643, #9674, #10670 ) ) ;
#159 = ORIENTED_EDGE ( 'NONE', *, *, #8087, .F. ) ;
#160 = ORIENTED_EDGE ( 'NONE', *, *, #6419, .T. ) ;
#161 = VECTOR ( 'NONE', #3426, 1000.000000000000000 ) ;
#162 = ADVANCED_FACE ( 'NONE', ( #3125 ), #1029, .T. ) ;
#163 = DIRECTION ( 'NONE',  ( 0.02449038290372379523, 0.9997000655922899659, 0.000000000000000000 ) ) ;
#164 = CARTESIAN_POINT ( 'NONE',  ( -90.21227469707440605, 76.84410589528943092, -1.900000000000000577 ) ) ;
#165 = FACE_OUTER_BOUND ( 'NONE', #11764, .T. ) ;
#166 = DIRECTION ( 'NONE',  ( -0.000000000000000000, 0.000000000000000000, 1.000000000000000000 ) ) ;
#167 = LINE ( 'NONE', #352, #8509 ) ;
#168 = CARTESIAN_POINT ( 'NONE',  ( 0.1568687730776398281, 85.21136703873209228, 3.543886268748565271 ) ) ;
#169 = CARTESIAN_POINT ( 'NONE',  ( 19.17282655130631497, 16.98547018668785569, -2.400000000000005240 ) ) ;
#170 = CIRCLE ( 'NONE', #554, 2.899999999999891998 ) ;
#171 = ORIENTED_EDGE ( 'NONE', *, *, #2751, .T. ) ;
#172 = CARTESIAN_POINT ( 'NONE',  ( -50.66227900000000517, 0.000000000000000000, -1.900000000000000355 ) ) ;
#173 = ORIENTED_EDGE ( 'NONE', *, *, #4881, .F. ) ;
#174 = CARTESIAN_POINT ( 'NONE',  ( -85.21227469707440605, 76.84410589528943092, -2.400000000000000355 ) ) ;
#175 = EDGE_CURVE ( 'NONE', #9511, #2715, #8437, .T. ) ;
#176 = DIRECTION ( 'NONE',  ( -1.000000000000000000, 0.000000000000000000, 0.000000000000000000 ) ) ;
#177 = EDGE_CURVE ( 'NONE', #6424, #4540, #7702, .T. ) ;
#178 = VECTOR ( 'NONE', #814, 1000.000000000000227 ) ;
#179 = LINE ( 'NONE', #2976, #1082 ) ;
#180 = CARTESIAN_POINT ( 'NONE',  ( 2.939168329610159613, -10.97058647013408894, 5.399999999999998579 ) ) ;
#181 = DIRECTION ( 'NONE',  ( 0.000000000000000000, 0.000000000000000000, -1.000000000000000000 ) ) ;
#182 = DIRECTION ( 'NONE',  ( -0.7071067811865525687, -1.197885481783877987E-16, 0.7071067811865425767 ) ) ;
#183 = CARTESIAN_POINT ( 'NONE',  ( 19.20613774818653496, 47.27188566584293028, -3.804406304072100564 ) ) ;
#184 = PLANE ( 'NONE',  #6264 ) ;
#185 = ORIENTED_EDGE ( 'NONE', *, *, #926, .T. ) ;
#186 = AXIS2_PLACEMENT_3D ( 'NONE', #5250, #4276, #7990 ) ;
#187 = CARTESIAN_POINT ( 'NONE',  ( 3.193571330174634237, -11.91857111360542376, 5.399999999999998579 ) ) ;
#188 = ORIENTED_EDGE ( 'NONE', *, *, #1912, .T. ) ;
#189 = VERTEX_POINT ( 'NONE', #11453 ) ;
#190 = ADVANCED_FACE ( 'NONE', ( #10525 ), #3423, .F. ) ;
#191 = EDGE_LOOP ( 'NONE', ( #10017, #4381 ) ) ;
#192 = CARTESIAN_POINT ( 'NONE',  ( 18.16772100000000378, 39.38547018669192568, 2.299999999999994049 ) ) ;
#193 = CARTESIAN_POINT ( 'NONE',  ( -119.4891022945866297, 59.66470120652152787, -4.971197494144984574 ) ) ;
#194 = VECTOR ( 'NONE', #7682, 999.9999999999998863 ) ;
#195 = CARTESIAN_POINT ( 'NONE',  ( 19.20697223210378013, 18.04625851918304136, -5.846449543846347296 ) ) ;
#196 = CARTESIAN_POINT ( 'NONE',  ( -20.80634764931284764, -2.679412371680852445, -4.318403959449819141 ) ) ;
#197 = ADVANCED_FACE ( 'NONE', ( #7689 ), #6767, .T. ) ;
#198 = CARTESIAN_POINT ( 'NONE',  ( -33.51302554070683470, 82.03599282286053551, -3.804406303003389223 ) ) ;
#199 = CARTESIAN_POINT ( 'NONE',  ( -6.086220025611016826E-14, 77.84411100000001227, 4.400000000000000355 ) ) ;
#200 = EDGE_CURVE ( 'NONE', #3185, #2235, #7569, .T. ) ;
#201 = DIRECTION ( 'NONE',  ( -0.000000000000000000, -0.000000000000000000, 1.000000000000000000 ) ) ;
#202 = DIRECTION ( 'NONE',  ( 0.000000000000000000, -1.000000000000000000, 0.000000000000000000 ) ) ;
#203 = ORIENTED_EDGE ( 'NONE', *, *, #2689, .T. ) ;
#204 = EDGE_LOOP ( 'NONE', ( #2900, #10844, #11915, #4052 ) ) ;
#205 = DIRECTION ( 'NONE',  ( -1.000000000000000000, 0.000000000000000000, 0.000000000000000000 ) ) ;
#206 = CARTESIAN_POINT ( 'NONE',  ( -69.34982682536841025, 81.83175441820930018, -2.272870760078836039 ) ) ;
#207 = CARTESIAN_POINT ( 'NONE',  ( -18.06226043005732507, 81.84410925728559505, -2.400000000000000355 ) ) ;
#208 = CYLINDRICAL_SURFACE ( 'NONE', #8262, 1.999999999999994893 ) ;
#209 = CARTESIAN_POINT ( 'NONE',  ( -42.60274304593206551, -125.2924481354811519, 7.399999999999998579 ) ) ;
#210 = LINE ( 'NONE', #2096, #7020 ) ;
#211 = CARTESIAN_POINT ( 'NONE',  ( -100.4494682978926789, 14.32193601927039417, -2.613211992813810003 ) ) ;
#212 = CARTESIAN_POINT ( 'NONE',  ( -119.3173775761296014, 27.06910750985033332, -4.530531412097462685 ) ) ;
#213 = EDGE_CURVE ( 'NONE', #878, #3682, #9532, .T. ) ;
#214 = CARTESIAN_POINT ( 'NONE',  ( 14.95776504310645549, 80.67446944705456247, 3.393251635342662720 ) ) ;
#215 = ADVANCED_FACE ( 'NONE', ( #7630 ), #5512, .T. ) ;
#216 = ORIENTED_EDGE ( 'NONE', *, *, #5921, .F. ) ;
#217 = LINE ( 'NONE', #9560, #11297 ) ;
#218 = CARTESIAN_POINT ( 'NONE',  ( 2.693571334484982760, -12.78459651987844481, -1.900000000000000355 ) ) ;
#219 = ORIENTED_EDGE ( 'NONE', *, *, #851, .T. ) ;
#220 = VERTEX_POINT ( 'NONE', #11440 ) ;
#221 = DIRECTION ( 'NONE',  ( 1.000000000000000000, 0.000000000000000000, 0.000000000000000000 ) ) ;
#222 = CARTESIAN_POINT ( 'NONE',  ( -97.06228253471061862, 15.29411798029987679, -4.400000000000000355 ) ) ;
#223 = DIRECTION ( 'NONE',  ( 0.000000000000000000, 0.000000000000000000, 1.000000000000000000 ) ) ;
#224 = CYLINDRICAL_SURFACE ( 'NONE', #6530, 1.000000000000000888 ) ;
#225 = CONICAL_SURFACE ( 'NONE', #1397, 1.299999999999967848, 0.7853981633974953525 ) ;
#226 = CARTESIAN_POINT ( 'NONE',  ( -32.42717566592714462, 81.84925103737539587, -6.134563293133125761 ) ) ;
#227 = CARTESIAN_POINT ( 'NONE',  ( 0.3474561528303888869, 2.639188816782023661, 4.400000000000000355 ) ) ;
#228 = DIRECTION ( 'NONE',  ( -1.000000000000000000, -1.273190734878014299E-16, 0.000000000000000000 ) ) ;
#229 = DIRECTION ( 'NONE',  ( -0.000000000000000000, 0.000000000000000000, 1.000000000000000000 ) ) ;
#230 = ORIENTED_EDGE ( 'NONE', *, *, #9337, .F. ) ;
#231 = ADVANCED_FACE ( 'NONE', ( #5677 ), #3113, .T. ) ;
#232 = DIRECTION ( 'NONE',  ( 0.02449038290385218558, 0.9997000655922869683, 0.000000000000000000 ) ) ;
#233 = ORIENTED_EDGE ( 'NONE', *, *, #8968, .F. ) ;
#234 = VECTOR ( 'NONE', #755, 1000.000000000000000 ) ;
#235 = DIRECTION ( 'NONE',  ( 1.000000000000000000, 0.000000000000000000, 0.000000000000000000 ) ) ;
#236 = CARTESIAN_POINT ( 'NONE',  ( -99.06228253471061862, 14.29411798029987857, -4.400000000000000355 ) ) ;
#237 = PLANE ( 'NONE',  #8883 ) ;
#238 = DIRECTION ( 'NONE',  ( 1.000000000000000000, 0.000000000000000000, 0.000000000000000000 ) ) ;
#239 = CARTESIAN_POINT ( 'NONE',  ( -119.3122720196896722, -3.158169544138891760E-21, -1.900000000000000355 ) ) ;
#240 = DIRECTION ( 'NONE',  ( -0.000000000000000000, -0.000000000000000000, -1.000000000000000000 ) ) ;
#241 = VECTOR ( 'NONE', #6337, 1000.000000000000000 ) ;
#242 = CARTESIAN_POINT ( 'NONE',  ( 19.13990276325507978, 47.59828176962523827, -6.186789391988859244 ) ) ;
#243 = PLANE ( 'NONE',  #8028 ) ;
#244 = EDGE_CURVE ( 'NONE', #2760, #7974, #10601, .T. ) ;
#245 = ORIENTED_EDGE ( 'NONE', *, *, #4612, .F. ) ;
#246 = CARTESIAN_POINT ( 'NONE',  ( -48.95915292032525201, 1.244117980299763726, 5.399999999999998579 ) ) ;
#247 = CARTESIAN_POINT ( 'NONE',  ( -22.52241836884861215, -2.180251406788302315, -4.400000000000001243 ) ) ;
#248 = ORIENTED_EDGE ( 'NONE', *, *, #9073, .T. ) ;
#249 = AXIS2_PLACEMENT_3D ( 'NONE', #2462, #521, #3198 ) ;
#250 = CARTESIAN_POINT ( 'NONE',  ( 15.94126417179556476, 81.37850415970905260, 4.260142768034459237 ) ) ;
#251 = ORIENTED_EDGE ( 'NONE', *, *, #10580, .T. ) ;
#252 = CARTESIAN_POINT ( 'NONE',  ( -22.36452166131000041, 78.13965514279601621, 5.399999999999998579 ) ) ;
#253 = CARTESIAN_POINT ( 'NONE',  ( -119.3129851858395938, 59.15418935909964659, -6.439980624619756178 ) ) ;
#254 = VECTOR ( 'NONE', #2208, 1000.000000000000000 ) ;
#255 = CARTESIAN_POINT ( 'NONE',  ( -21.96828215430648612, -2.413405620346027458, -3.012814236788762923 ) ) ;
#256 = EDGE_CURVE ( 'NONE', #7656, #11415, #5861, .T. ) ;
#257 = EDGE_CURVE ( 'NONE', #1951, #9374, #11565, .T. ) ;
#258 = CARTESIAN_POINT ( 'NONE',  ( -34.81861526355650938, 81.81629314035482992, -2.613211991801165812 ) ) ;
#259 = DIRECTION ( 'NONE',  ( -1.165656389384219863E-06, -0.9999999999993206545, 0.000000000000000000 ) ) ;
#260 = B_SPLINE_CURVE_WITH_KNOTS ( 'NONE', 3,
 ( #3259, #4963, #397, #10721, #10658, #334, #2278, #1308, #1428, #8813, #4044, #11523, #518, #6004, #455, #5148, #8872, #10590, #10777, #3437, #2520, #5268, #8996, #6176, #9112, #8934, #6117, #7029, #1492, #637 ),
 .UNSPECIFIED., .F., .F.,
 ( 4, 2, 2, 2, 2, 2, 2, 2, 2, 2, 2, 2, 2, 2, 4 ),
 ( 0.006252914650804068664, 0.006643633624005922805, 0.007034352597207776947, 0.007815790543611485230, 0.008206509516813354985, 0.008597228490015224739, 0.008987947463217092758, 0.009378666436418960778, 0.009769385409620828797, 0.01016010438282269682, 0.01055082335602456484, 0.01094154232922643286, 0.01133226130242830088, 0.01172298027563016889, 0.01250441822203390667 ),
 .UNSPECIFIED. ) ;
#261 = CARTESIAN_POINT ( 'NONE',  ( -4.319404672939019640, 12.56857164801924043, 7.399999999999998579 ) ) ;
#262 = CARTESIAN_POINT ( 'NONE',  ( -79.51228598030134265, 23.29411099999999735, 7.100000000000059153 ) ) ;
#263 = ORIENTED_EDGE ( 'NONE', *, *, #6649, .T. ) ;
#264 = ORIENTED_EDGE ( 'NONE', *, *, #7815, .T. ) ;
#265 = LINE ( 'NONE', #11517, #9409 ) ;
#266 = VECTOR ( 'NONE', #9063, 1000.000000000000000 ) ;
#267 = CARTESIAN_POINT ( 'NONE',  ( -69.51302554072671569, 82.05421435912944617, -4.485088766571109886 ) ) ;
#268 = LINE ( 'NONE', #7705, #9317 ) ;
#269 = CARTESIAN_POINT ( 'NONE',  ( -61.76227900000000659, 24.29411100000000445, 4.400000000000000355 ) ) ;
#270 = EDGE_CURVE ( 'NONE', #6658, #2675, #8833, .T. ) ;
#271 = DIRECTION ( 'NONE',  ( -1.000000000000000000, 0.000000000000000000, 0.000000000000000000 ) ) ;
#272 = LINE ( 'NONE', #7590, #8979 ) ;
#273 = CARTESIAN_POINT ( 'NONE',  ( -29.86226813013544046, 8.001570457788170998, 7.099999999999989875 ) ) ;
#274 = CARTESIAN_POINT ( 'NONE',  ( -119.3174118775916668, 27.33409138018410189, -5.403343034597594574 ) ) ;
#275 = CARTESIAN_POINT ( 'NONE',  ( -85.21227469707440605, 76.84410589528943092, -2.400000000000000355 ) ) ;
#276 = VECTOR ( 'NONE', #3689, 1000.000000000000000 ) ;
#277 = LINE ( 'NONE', #6791, #7376 ) ;
#278 = EDGE_LOOP ( 'NONE', ( #10492, #2268 ) ) ;
#279 = EDGE_LOOP ( 'NONE', ( #8376, #7837, #10235, #10738 ) ) ;
#280 = PLANE ( 'NONE',  #7763 ) ;
#281 = CARTESIAN_POINT ( 'NONE',  ( -79.81228598030135402, 22.99411099999999664, 7.100000000000059153 ) ) ;
#282 = ORIENTED_EDGE ( 'NONE', *, *, #5850, .T. ) ;
#283 = ORIENTED_EDGE ( 'NONE', *, *, #1306, .F. ) ;
#284 = DIRECTION ( 'NONE',  ( 1.000000000000000000, 0.000000000000000000, 0.000000000000000000 ) ) ;
#285 = CARTESIAN_POINT ( 'NONE',  ( -6.633109171983228205E-13, 80.84411100000066597, 5.399999999999998579 ) ) ;
#286 = DIRECTION ( 'NONE',  ( -0.000000000000000000, -0.000000000000000000, -1.000000000000000000 ) ) ;
#287 = EDGE_CURVE ( 'NONE', #10939, #4690, #2706, .T. ) ;
#288 = LINE ( 'NONE', #10544, #3824 ) ;
#289 = CIRCLE ( 'NONE', #8662, 1.624999999999999778 ) ;
#290 = CARTESIAN_POINT ( 'NONE',  ( -31.69606589606620872, 81.84924068260062313, -3.397190757042257925 ) ) ;
#291 = EDGE_CURVE ( 'NONE', #6293, #7779, #3372, .T. ) ;
#292 = DIRECTION ( 'NONE',  ( 0.1305263227529890879, 0.9914448441888145114, -0.000000000000000000 ) ) ;
#293 = CARTESIAN_POINT ( 'NONE',  ( 0.02590164848302940401, 85.23792657492489866, 3.184372127146484210 ) ) ;
#294 = PLANE ( 'NONE',  #5091 ) ;
#295 = VERTEX_POINT ( 'NONE', #192 ) ;
#296 = VERTEX_POINT ( 'NONE', #2989 ) ;
#297 = VECTOR ( 'NONE', #10194, 1000.000000000000000 ) ;
#298 = EDGE_LOOP ( 'NONE', ( #3578, #5482, #11547, #10568 ) ) ;
#299 = AXIS2_PLACEMENT_3D ( 'NONE', #227, #292, #10426 ) ;
#300 = FACE_OUTER_BOUND ( 'NONE', #2326, .T. ) ;
#301 = CYLINDRICAL_SURFACE ( 'NONE', #3629, 4.693943343173976324 ) ;
#302 = EDGE_CURVE ( 'NONE', #1048, #2837, #4350, .T. ) ;
#303 = CARTESIAN_POINT ( 'NONE',  ( -119.3122720196896722, -3.158169544138891760E-21, -1.900000000000000355 ) ) ;
#304 = CARTESIAN_POINT ( 'NONE',  ( -70.81228330292587714, 19.29411698796796415, -2.400000000000000355 ) ) ;
#305 = VECTOR ( 'NONE', #3799, 1000.000000000000000 ) ;
#306 = VECTOR ( 'NONE', #672, 1000.000000000000114 ) ;
#307 = CARTESIAN_POINT ( 'NONE',  ( 19.05199449474930873, 46.94548956206062940, -6.527129240129442955 ) ) ;
#308 = CARTESIAN_POINT ( 'NONE',  ( -3.612278999999986251, -8.178346098526645248E-16, 4.400000000000000355 ) ) ;
#309 = ORIENTED_EDGE ( 'NONE', *, *, #870, .T. ) ;
#310 = VERTEX_POINT ( 'NONE', #5005 ) ;
#311 = DIRECTION ( 'NONE',  ( -0.000000000000000000, -0.000000000000000000, -1.000000000000000000 ) ) ;
#312 = AXIS2_PLACEMENT_3D ( 'NONE', #3819, #166, #7419 ) ;
#313 = AXIS2_PLACEMENT_3D ( 'NONE', #6215, #11060, #6331 ) ;
#314 = CARTESIAN_POINT ( 'NONE',  ( -61.46005585450884467, 81.14411100000002364, 7.399999999999998579 ) ) ;
#315 = DIRECTION ( 'NONE',  ( -0.1830126982250841472, -0.6830127028747980944, 0.7071067811865737740 ) ) ;
#316 = ADVANCED_FACE ( 'NONE', ( #8733 ), #1104, .F. ) ;
#317 = CARTESIAN_POINT ( 'NONE',  ( -119.4364638935415002, 58.47350827951455443, -5.460792313280947496 ) ) ;
#318 = CARTESIAN_POINT ( 'NONE',  ( -23.11888624652042523, -2.105102500607457738, -3.012814236928897937 ) ) ;
#319 = CARTESIAN_POINT ( 'NONE',  ( -34.00262168677546981, 82.02094124643605255, -4.995599230561261983 ) ) ;
#320 = LINE ( 'NONE', #1358, #8354 ) ;
#321 = CARTESIAN_POINT ( 'NONE',  ( -99.06228253471061862, 14.29411798029987857, -4.400000000000000355 ) ) ;
#322 = CARTESIAN_POINT ( 'NONE',  ( -71.03039894008742294, 81.84929030187888088, -5.629391916388086337 ) ) ;
#323 = ORIENTED_EDGE ( 'NONE', *, *, #2196, .F. ) ;
#324 = ORIENTED_EDGE ( 'NONE', *, *, #4980, .F. ) ;
#325 = VECTOR ( 'NONE', #10869, 1000.000000000000114 ) ;
#326 = DIRECTION ( 'NONE',  ( 1.492741799624945840E-62, 0.000000000000000000, -1.000000000000000000 ) ) ;
#327 = EDGE_CURVE ( 'NONE', #6645, #11417, #2078, .T. ) ;
#328 = CARTESIAN_POINT ( 'NONE',  ( -69.34982682536841025, 81.93016301059277851, -2.953553223614921563 ) ) ;
#329 = CARTESIAN_POINT ( 'NONE',  ( -42.71227739747914143, 84.84410401969522297, 5.399999999999998579 ) ) ;
#330 = EDGE_CURVE ( 'NONE', #1174, #9167, #11628, .T. ) ;
#331 = LINE ( 'NONE', #5756, #5141 ) ;
#332 = CARTESIAN_POINT ( 'NONE',  ( 19.16772100000000734, 46.98547018669192710, -0.9000000000000002442 ) ) ;
#333 = LINE ( 'NONE', #4043, #7229 ) ;
#334 = CARTESIAN_POINT ( 'NONE',  ( -68.42599708950061199, 81.84923757898012298, -2.651583587144233700 ) ) ;
#335 = CARTESIAN_POINT ( 'NONE',  ( -63.11245935347301383, 1.546112027757557517, 4.400000000000000355 ) ) ;
#336 =( LENGTH_UNIT ( ) NAMED_UNIT ( * ) SI_UNIT ( .MILLI., .METRE. ) );
#337 = CIRCLE ( 'NONE', #6358, 0.3999999999999906408 ) ;
#338 = VERTEX_POINT ( 'NONE', #2437 ) ;
#339 = CARTESIAN_POINT ( 'NONE',  ( 15.18160568940389865, 80.49939189718388377, 3.311440929617704754 ) ) ;
#340 = VERTEX_POINT ( 'NONE', #8794 ) ;
#341 = VERTEX_POINT ( 'NONE', #7869 ) ;
#342 = DIRECTION ( 'NONE',  ( -0.000000000000000000, -0.000000000000000000, 1.000000000000000000 ) ) ;
#343 = ORIENTED_EDGE ( 'NONE', *, *, #11959, .T. ) ;
#344 = EDGE_CURVE ( 'NONE', #9224, #5548, #7659, .T. ) ;
#345 = EDGE_LOOP ( 'NONE', ( #9210, #8307, #8436, #3365 ) ) ;
#346 = MANIFOLD_SOLID_BREP ( 'Chamfer12', #8241 ) ;
#347 = ORIENTED_EDGE ( 'NONE', *, *, #2373, .T. ) ;
#348 = LINE ( 'NONE', #8824, #3022 ) ;
#349 = FACE_OUTER_BOUND ( 'NONE', #9998, .T. ) ;
#350 = DIRECTION ( 'NONE',  ( 1.000000000000000000, -6.584418764838352724E-17, 0.000000000000000000 ) ) ;
#351 = CARTESIAN_POINT ( 'NONE',  ( -41.40370608041266109, 80.84411100000004069, -1.900000000000000355 ) ) ;
#352 = CARTESIAN_POINT ( 'NONE',  ( -22.66228894959903428, 78.13965514279601621, 5.399999999999998579 ) ) ;
#353 = CARTESIAN_POINT ( 'NONE',  ( -61.46005585450888020, 80.84411100000001227, 5.399999999999998579 ) ) ;
#354 = CARTESIAN_POINT ( 'NONE',  ( 16.46459492032245819, 77.84410401969823567, -1.900000000000000355 ) ) ;
#355 = ORIENTED_EDGE ( 'NONE', *, *, #3220, .T. ) ;
#356 = ORIENTED_EDGE ( 'NONE', *, *, #6884, .F. ) ;
#357 = VECTOR ( 'NONE', #10280, 1000.000000000000000 ) ;
#358 = DIRECTION ( 'NONE',  ( 0.4809831074316400223, 0.8767298616822649659, 0.000000000000000000 ) ) ;
#359 = ORIENTED_EDGE ( 'NONE', *, *, #7927, .T. ) ;
#360 = EDGE_CURVE ( 'NONE', #10750, #4383, #1808, .T. ) ;
#361 = EDGE_CURVE ( 'NONE', #6439, #7457, #3298, .T. ) ;
#362 = LINE ( 'NONE', #9633, #1859 ) ;
#363 = LINE ( 'NONE', #6634, #2260 ) ;
#364 = CARTESIAN_POINT ( 'NONE',  ( 19.16772100000002865, 39.38547018669192568, 2.299999999999995826 ) ) ;
#365 = CARTESIAN_POINT ( 'NONE',  ( -97.02230191010954741, 14.29340483419333196, -4.314918151673849067 ) ) ;
#366 = VECTOR ( 'NONE', #11686, 1000.000000000000000 ) ;
#367 = CARTESIAN_POINT ( 'NONE',  ( 19.24360823483443639, 48.41427269254760546, -2.953553224610078409 ) ) ;
#368 = CARTESIAN_POINT ( 'NONE',  ( 19.16059036596303500, 14.94548956207215262, -4.995599231673178764 ) ) ;
#369 = CARTESIAN_POINT ( 'NONE',  ( -21.89957579913764718, -2.352424247736056184, -2.502741840094075076 ) ) ;
#370 = VERTEX_POINT ( 'NONE', #3416 ) ;
#371 = ORIENTED_EDGE ( 'NONE', *, *, #3159, .F. ) ;
#372 = EDGE_CURVE ( 'NONE', #1951, #12089, #10018, .T. ) ;
#373 = VECTOR ( 'NONE', #7958, 999.9999999999998863 ) ;
#374 = CARTESIAN_POINT ( 'NONE',  ( -30.77754216137649124, 6.736876751172759192, 7.099999999999989875 ) ) ;
#375 = CARTESIAN_POINT ( 'NONE',  ( -119.2225813388012341, 31.19623674881176001, -6.113584520843605929 ) ) ;
#376 = CARTESIAN_POINT ( 'NONE',  ( -119.3506883555432410, 58.47350827951455443, -6.113584520840152692 ) ) ;
#377 = DIRECTION ( 'NONE',  ( 0.000000000000000000, 0.000000000000000000, -1.000000000000000000 ) ) ;
#378 = AXIS2_PLACEMENT_3D ( 'NONE', #1633, #2548, #9204 ) ;
#379 = AXIS2_PLACEMENT_3D ( 'NONE', #6220, #4336, #2378 ) ;
#380 = CARTESIAN_POINT ( 'NONE',  ( -22.46425345869663914, -2.291934761777647100, -5.787188417005170393 ) ) ;
#381 = CARTESIAN_POINT ( 'NONE',  ( 19.16772100000002865, 39.98547018669192710, 1.699999999999993516 ) ) ;
#382 = DIRECTION ( 'NONE',  ( 1.000000000000000000, 0.000000000000000000, 0.000000000000000000 ) ) ;
#383 = EDGE_CURVE ( 'NONE', #10604, #547, #3383, .T. ) ;
#384 = DIRECTION ( 'NONE',  ( -0.000000000000000000, -0.000000000000000000, 1.000000000000000000 ) ) ;
#385 = LINE ( 'NONE', #6717, #1330 ) ;
#386 = ORIENTED_EDGE ( 'NONE', *, *, #11481, .T. ) ;
#387 = ORIENTED_EDGE ( 'NONE', *, *, #9493, .F. ) ;
#388 = ORIENTED_EDGE ( 'NONE', *, *, #2937, .F. ) ;
#389 = AXIS2_PLACEMENT_3D ( 'NONE', #304, #1155, #5791 ) ;
#390 = DIRECTION ( 'NONE',  ( 0.000000000000000000, 0.000000000000000000, 1.000000000000000000 ) ) ;
#391 = CARTESIAN_POINT ( 'NONE',  ( -68.37063718708466808, 81.98100069457443340, -4.485088766571109886 ) ) ;
#392 = DIRECTION ( 'NONE',  ( -0.000000000000000000, 0.000000000000000000, 1.000000000000000000 ) ) ;
#393 = DIRECTION ( 'NONE',  ( 1.000000000000000000, 0.000000000000000000, 0.000000000000000000 ) ) ;
#394 = CARTESIAN_POINT ( 'NONE',  ( -97.07507031888393101, 14.28896664948204176, -4.139319494815176803 ) ) ;
#395 = B_SPLINE_SURFACE_WITH_KNOTS ( 'NONE', 1, 3, ( 
 ( #9323, #4437, #3589, #8158, #11922, #2670, #6383, #8097, #10127, #5533, #5471, #3706, #8284, #12037, #6502, #7362, #2726, #1807, #7422, #10244, #11165, #2781, #2846, #11226, #7668, #11413, #11352, #11288, #9625, #3884, #6803, #10427 ),
 ( #2050, #6625, #3030, #293, #2968, #8525, #1141, #5713, #168, #47, #6564, #6746, #10368, #1080, #6685, #2176, #10308, #9444, #9384, #1929, #1990, #7607, #4685, #4742, #2113, #10548, #9570, #9507, #1019, #3088, #2907, #8459 ) ),
 .UNSPECIFIED., .F., .F., .F.,
 ( 2, 2 ),
 ( 4, 2, 2, 2, 2, 2, 2, 2, 2, 2, 2, 2, 2, 2, 2, 4 ),
 ( 0.000000000000000000, 1.000000000000000000 ),
 ( 0.000000000000000000, 0.0003285204735967673859, 0.0004927807103951510788, 0.0006570409471935347717, 0.0008213011839919184646, 0.0009855614207903021576, 0.001149821657588685851, 0.001314081894387069543, 0.001478342131185453236, 0.001642602367983836929, 0.001806862604782220622, 0.001971122841580604315, 0.002135383078378988008, 0.002299643315177371701, 0.002463903551975755394, 0.002628163788774139087 ),
 .UNSPECIFIED. ) ;
#396 = CARTESIAN_POINT ( 'NONE',  ( -30.10729304705025200, 7.087124999102946354, 4.400000000000000355 ) ) ;
#397 = CARTESIAN_POINT ( 'NONE',  ( -69.17122885908422347, 81.84922580881537613, -2.412650323259838192 ) ) ;
#398 = DIRECTION ( 'NONE',  ( 0.02449038290372379523, 0.9997000655922899659, 0.000000000000000000 ) ) ;
#399 = CIRCLE ( 'NONE', #6229, 1.899999999999999467 ) ;
#400 = VERTEX_POINT ( 'NONE', #1469 ) ;
#401 = DIRECTION ( 'NONE',  ( -0.000000000000000000, 0.000000000000000000, 1.000000000000000000 ) ) ;
#402 = ORIENTED_EDGE ( 'NONE', *, *, #9437, .F. ) ;
#403 = ADVANCED_FACE ( 'NONE', ( #9830 ), #3189, .T. ) ;
#404 = ORIENTED_EDGE ( 'NONE', *, *, #11225, .T. ) ;
#405 = ORIENTED_EDGE ( 'NONE', *, *, #7597, .T. ) ;
#406 = EDGE_LOOP ( 'NONE', ( #9876, #11608, #2732, #12058 ) ) ;
#407 = VERTEX_POINT ( 'NONE', #5068 ) ;
#408 = DIRECTION ( 'NONE',  ( -0.000000000000000000, 0.000000000000000000, 1.000000000000000000 ) ) ;
#409 = CARTESIAN_POINT ( 'NONE',  ( 19.16772100000002865, 25.98547018669193065, -1.900000000000000355 ) ) ;
#410 = FACE_OUTER_BOUND ( 'NONE', #7660, .T. ) ;
#411 = LINE ( 'NONE', #5956, #1299 ) ;
#412 = DIRECTION ( 'NONE',  ( 3.984065844030486389E-07, 0.9999999999999206191, -0.000000000000000000 ) ) ;
#413 = CIRCLE ( 'NONE', #9770, 0.8999999999999954703 ) ;
#414 = CARTESIAN_POINT ( 'NONE',  ( 19.17289495423046830, 15.76549072831050857, -5.990166134844028711 ) ) ;
#415 = ORIENTED_EDGE ( 'NONE', *, *, #1775, .F. ) ;
#416 = VERTEX_POINT ( 'NONE', #10636 ) ;
#417 = EDGE_CURVE ( 'NONE', #11387, #10043, #4751, .T. ) ;
#418 = EDGE_CURVE ( 'NONE', #8527, #1450, #2009, .T. ) ;
#419 = ORIENTED_EDGE ( 'NONE', *, *, #3773, .T. ) ;
#420 = CIRCLE ( 'NONE', #6452, 0.8999999999999962474 ) ;
#421 = DIRECTION ( 'NONE',  ( -0.9999999999999837907, 1.798198670589261751E-07, -3.043374519257555536E-16 ) ) ;
#422 = CARTESIAN_POINT ( 'NONE',  ( -119.9122790047357370, 13.69411797798554709, 5.399999999999998579 ) ) ;
#423 = DIRECTION ( 'NONE',  ( 0.000000000000000000, 1.000000000000000000, 0.000000000000000000 ) ) ;
#424 = CARTESIAN_POINT ( 'NONE',  ( 11.53359082457483531, -1.465830875177938308, -1.900000000000000577 ) ) ;
#425 = CARTESIAN_POINT ( 'NONE',  ( -97.02230191010954741, 14.35424668641205415, -2.953553224585818260 ) ) ;
#426 = EDGE_CURVE ( 'NONE', #7201, #993, #8052, .T. ) ;
#427 = CARTESIAN_POINT ( 'NONE',  ( 19.20697223210271432, 50.04625851919180946, -5.846449543848276420 ) ) ;
#428 = AXIS2_PLACEMENT_3D ( 'NONE', #5503, #3439, #8997 ) ;
#429 = DIRECTION ( 'NONE',  ( 0.000000000000000000, 0.000000000000000000, -1.000000000000000000 ) ) ;
#430 = ORIENTED_EDGE ( 'NONE', *, *, #1067, .T. ) ;
#431 = VERTEX_POINT ( 'NONE', #4149 ) ;
#432 = LINE ( 'NONE', #10816, #11892 ) ;
#433 = CARTESIAN_POINT ( 'NONE',  ( -70.81228330292587714, 19.29411698796796415, -1.900000000000000355 ) ) ;
#434 = CIRCLE ( 'NONE', #1013, 1.299999999999960965 ) ;
#435 = CARTESIAN_POINT ( 'NONE',  ( -119.4050960405843256, 58.98401874329225336, -3.012814236801784507 ) ) ;
#436 = CARTESIAN_POINT ( 'NONE',  ( 0.000000000000000000, 0.000000000000000000, 4.400000000000000355 ) ) ;
#437 = ADVANCED_FACE ( 'NONE', ( #10700 ), #2316, .F. ) ;
#438 = EDGE_CURVE ( 'NONE', #8151, #7806, #5710, .T. ) ;
#439 = CARTESIAN_POINT ( 'NONE',  ( -23.62525483521720204, -2.022429489528184909, -4.481602675143457226 ) ) ;
#440 = DIRECTION ( 'NONE',  ( 1.000000000000000000, 0.000000000000000000, 0.000000000000000000 ) ) ;
#441 = CARTESIAN_POINT ( 'NONE',  ( -121.3122790047357284, 13.69411797798555774, 6.400000000000025224 ) ) ;
#442 = DIRECTION ( 'NONE',  ( 0.000000000000000000, 0.000000000000000000, 1.000000000000000000 ) ) ;
#443 = DIRECTION ( 'NONE',  ( 0.000000000000000000, -0.7071067811865761055, 0.7071067811865188180 ) ) ;
#444 = ORIENTED_EDGE ( 'NONE', *, *, #10033, .F. ) ;
#445 = EDGE_LOOP ( 'NONE', ( #2133, #6423, #7355, #5962, #1636, #6915 ) ) ;
#446 = ORIENTED_EDGE ( 'NONE', *, *, #6363, .F. ) ;
#447 = CARTESIAN_POINT ( 'NONE',  ( -119.2873206820060972, 27.62265796582223132, -2.686416806089340525 ) ) ;
#448 = CARTESIAN_POINT ( 'NONE',  ( -67.71784497951759363, 81.75442031912785978, -2.272870760078836039 ) ) ;
#449 = FACE_OUTER_BOUND ( 'NONE', #6239, .T. ) ;
#450 = CARTESIAN_POINT ( 'NONE',  ( 13.55859082457480724, -1.465830875177938308, -1.900000000000000577 ) ) ;
#451 = VECTOR ( 'NONE', #11503, 1000.000000000000000 ) ;
#452 = CARTESIAN_POINT ( 'NONE',  ( -97.06217217715827417, 14.28896374985943751, -4.269821818032442984 ) ) ;
#453 = EDGE_CURVE ( 'NONE', #11924, #745, #11606, .T. ) ;
#454 = FACE_OUTER_BOUND ( 'NONE', #11840, .T. ) ;
#455 = CARTESIAN_POINT ( 'NONE',  ( -67.43154127683015986, 81.84926519520706734, -4.266452649545331433 ) ) ;
#456 = CARTESIAN_POINT ( 'NONE',  ( -80.21227201969415432, 79.14098492032252352, 5.399999999999998579 ) ) ;
#457 = ORIENTED_EDGE ( 'NONE', *, *, #11754, .F. ) ;
#458 = DIRECTION ( 'NONE',  ( -0.5000000044812191735, -0.8660254011972055022, 0.000000000000000000 ) ) ;
#459 = ORIENTED_EDGE ( 'NONE', *, *, #3278, .T. ) ;
#460 = ORIENTED_EDGE ( 'NONE', *, *, #4870, .T. ) ;
#461 = ORIENTED_EDGE ( 'NONE', *, *, #383, .T. ) ;
#462 = LINE ( 'NONE', #3143, #1563 ) ;
#463 = VECTOR ( 'NONE', #286, 1000.000000000000000 ) ;
#464 = ORIENTED_EDGE ( 'NONE', *, *, #10208, .F. ) ;
#465 = LINE ( 'NONE', #3271, #9268 ) ;
#466 = DIRECTION ( 'NONE',  ( 0.000000000000000000, 0.000000000000000000, -1.000000000000000000 ) ) ;
#467 = CARTESIAN_POINT ( 'NONE',  ( 0.000000000000000000, 80.84411100000002648, 5.399999999999998579 ) ) ;
#468 = DIRECTION ( 'NONE',  ( 0.000000000000000000, -0.000000000000000000, -1.000000000000000000 ) ) ;
#469 = EDGE_CURVE ( 'NONE', #4538, #7185, #5362, .T. ) ;
#470 = FACE_OUTER_BOUND ( 'NONE', #6704, .T. ) ;
#471 = VECTOR ( 'NONE', #7707, 999.9999999999998863 ) ;
#472 = CARTESIAN_POINT ( 'NONE',  ( 19.17287521188800170, 14.98542408692750882, -4.529738564453992922 ) ) ;
#473 = ORIENTED_EDGE ( 'NONE', *, *, #7856, .F. ) ;
#474 = ORIENTED_EDGE ( 'NONE', *, *, #4826, .T. ) ;
#475 = ORIENTED_EDGE ( 'NONE', *, *, #10295, .F. ) ;
#476 = FACE_OUTER_BOUND ( 'NONE', #9877, .T. ) ;
#477 = CIRCLE ( 'NONE', #4373, 2.899999999999895994 ) ;
#478 = FACE_BOUND ( 'NONE', #10508, .T. ) ;
#479 = LINE ( 'NONE', #8718, #10057 ) ;
#480 = DIRECTION ( 'NONE',  ( -0.000000000000000000, -0.000000000000000000, -1.000000000000000000 ) ) ;
#481 = ADVANCED_FACE ( 'NONE', ( #3818 ), #10013, .T. ) ;
#482 = ADVANCED_FACE ( 'NONE', ( #6559 ), #8584, .T. ) ;
#483 = CARTESIAN_POINT ( 'NONE',  ( 15.90565031097728266, 80.56130032987411482, 2.799999999999989164 ) ) ;
#484 = FACE_OUTER_BOUND ( 'NONE', #7999, .T. ) ;
#485 = CARTESIAN_POINT ( 'NONE',  ( -25.65727168330932173, 19.83112779744591236, 4.400000000000000355 ) ) ;
#486 = CARTESIAN_POINT ( 'NONE',  ( 19.10164172945284733, 50.37265594990723372, -6.527129240129442955 ) ) ;
#487 = VECTOR ( 'NONE', #778, 1000.000000000000000 ) ;
#488 = VECTOR ( 'NONE', #10279, 1000.000000000000000 ) ;
#489 = ORIENTED_EDGE ( 'NONE', *, *, #9243, .T. ) ;
#490 = EDGE_LOOP ( 'NONE', ( #2218, #625, #3796, #10696 ) ) ;
#491 = DIRECTION ( 'NONE',  ( -0.000000000000000000, 0.000000000000000000, 1.000000000000000000 ) ) ;
#492 = EDGE_CURVE ( 'NONE', #1784, #2643, #1866, .T. ) ;
#493 = DIRECTION ( 'NONE',  ( -0.7071067811865802133, 3.271025955591709974E-14, -0.7071067811865149322 ) ) ;
#494 = VECTOR ( 'NONE', #6980, 1000.000000000000000 ) ;
#495 = SURFACE_SIDE_STYLE ('',( #8976 ) ) ;
#496 = AXIS2_PLACEMENT_3D ( 'NONE', #9101, #742, #4459 ) ;
#497 = B_SPLINE_CURVE_WITH_KNOTS ( 'NONE', 3,
 ( #3523, #7119, #4434, #11858, #660, #2666, #5233, #10981, #10866, #11045, #6318, #3462, #4374, #1687, #1747, #4494, #11916, #8031, #8220, #2602, #11976, #10124, #9138, #600, #3585, #717, #5467, #7300, #3402, #2483 ),
 .UNSPECIFIED., .F., .F.,
 ( 4, 2, 2, 2, 2, 2, 2, 2, 2, 2, 2, 2, 2, 2, 4 ),
 ( 0.006252914650802621037, 0.006643633624004384106, 0.007034352597206148909, 0.007815790543609688057, 0.008206509516811457197, 0.008597228490013226337, 0.008987947463214995478, 0.009378666436416764618, 0.009769385409618535493, 0.01016010438282030290, 0.01055082335602207204, 0.01094154232922384118, 0.01133226130242561032, 0.01172298027562737946, 0.01250441822203091774 ),
 .UNSPECIFIED. ) ;
#498 = CARTESIAN_POINT ( 'NONE',  ( -119.2767994490469619, 60.17521305394346598, -2.360019375376344541 ) ) ;
#499 = ORIENTED_EDGE ( 'NONE', *, *, #2440, .F. ) ;
#500 = CARTESIAN_POINT ( 'NONE',  ( -23.90401628139739287, -1.747803824924429872, -6.439980624715508029 ) ) ;
#501 = VECTOR ( 'NONE', #7797, 999.9999999999998863 ) ;
#502 = CARTESIAN_POINT ( 'NONE',  ( -79.81087966572216885, 23.04265905621959121, 5.399999999999998579 ) ) ;
#503 = VECTOR ( 'NONE', #5431, 1000.000000000000000 ) ;
#504 = DIRECTION ( 'NONE',  ( 0.000000000000000000, 0.000000000000000000, 1.000000000000000000 ) ) ;
#505 = LINE ( 'NONE', #1479, #6969 ) ;
#506 = ORIENTED_EDGE ( 'NONE', *, *, #8982, .T. ) ;
#507 = EDGE_CURVE ( 'NONE', #6494, #2464, #2790, .T. ) ;
#508 = ORIENTED_EDGE ( 'NONE', *, *, #9652, .T. ) ;
#509 = EDGE_CURVE ( 'NONE', #3846, #3569, #2777, .T. ) ;
#510 = ORIENTED_EDGE ( 'NONE', *, *, #2856, .T. ) ;
#511 = CARTESIAN_POINT ( 'NONE',  ( -119.3601021151501982, 28.98401874209802287, -6.113584520843606818 ) ) ;
#512 = CARTESIAN_POINT ( 'NONE',  ( -70.49221783287669041, 81.92303922965834317, -5.506109694586541536 ) ) ;
#513 = CARTESIAN_POINT ( 'NONE',  ( -77.83728330292586861, 19.29411698796796415, -1.900000000000000355 ) ) ;
#514 = DIRECTION ( 'NONE',  ( -0.000000000000000000, -0.000000000000000000, 1.000000000000000000 ) ) ;
#515 = AXIS2_PLACEMENT_3D ( 'NONE', #9634, #8534, #8719 ) ;
#516 = CARTESIAN_POINT ( 'NONE',  ( -97.83990201180886004, 14.28894368508217205, -2.811597834583660749 ) ) ;
#517 = CARTESIAN_POINT ( 'NONE',  ( -61.45915292031825317, 80.84410401970063731, -1.900000000000000355 ) ) ;
#518 = CARTESIAN_POINT ( 'NONE',  ( -67.49554964390453904, 81.84923430024849722, -3.881003556459583503 ) ) ;
#519 = DIRECTION ( 'NONE',  ( -1.000000000000000000, 0.000000000000000000, 0.000000000000000000 ) ) ;
#520 = EDGE_LOOP ( 'NONE', ( #9681, #1098, #3429, #8725 ) ) ;
#521 = DIRECTION ( 'NONE',  ( -0.000000000000000000, 0.000000000000000000, 1.000000000000000000 ) ) ;
#522 = ORIENTED_EDGE ( 'NONE', *, *, #8941, .T. ) ;
#523 = ORIENTED_EDGE ( 'NONE', *, *, #6692, .F. ) ;
#524 = CARTESIAN_POINT ( 'NONE',  ( -35.41847181789966470, 81.84926227531241238, -4.137767983894810264 ) ) ;
#525 = ORIENTED_EDGE ( 'NONE', *, *, #3605, .F. ) ;
#526 = DIRECTION ( 'NONE',  ( 0.02449038290391795242, 0.9997000655922853030, -0.000000000000000000 ) ) ;
#527 = EDGE_LOOP ( 'NONE', ( #7132, #1473, #9708, #4114 ) ) ;
#528 = EDGE_CURVE ( 'NONE', #9709, #1420, #6271, .T. ) ;
#529 = DIRECTION ( 'NONE',  ( 1.000000000000000000, -2.256080302325764894E-13, 0.000000000000000000 ) ) ;
#530 = DIRECTION ( 'NONE',  ( -0.000000000000000000, 0.000000000000000000, 1.000000000000000000 ) ) ;
#531 = CARTESIAN_POINT ( 'NONE',  ( -4.612278999999991136, 20.29411100000000445, 4.400000000000000355 ) ) ;
#532 = CARTESIAN_POINT ( 'NONE',  ( -13.32785723263118349, -4.250407482447260854, 7.719889686148007080 ) ) ;
#533 = AXIS2_PLACEMENT_3D ( 'NONE', #941, #8627, #271 ) ;
#534 = LINE ( 'NONE', #4251, #7238 ) ;
#535 = EDGE_LOOP ( 'NONE', ( #4243, #402, #7156, #446 ) ) ;
#536 = ORIENTED_EDGE ( 'NONE', *, *, #4870, .F. ) ;
#537 = EDGE_LOOP ( 'NONE', ( #12015, #430, #8727, #7394 ) ) ;
#538 = EDGE_CURVE ( 'NONE', #2477, #5675, #3759, .T. ) ;
#539 = AXIS2_PLACEMENT_3D ( 'NONE', #285, #7723, #6924 ) ;
#540 = DIRECTION ( 'NONE',  ( 1.000000000000000000, 0.000000000000000000, 0.000000000000000000 ) ) ;
#541 = DIRECTION ( 'NONE',  ( 0.000000000000000000, -0.000000000000000000, -1.000000000000000000 ) ) ;
#542 = CARTESIAN_POINT ( 'NONE',  ( -119.9122790047357228, 12.29411797798554673, 6.400000000000025224 ) ) ;
#543 = LINE ( 'NONE', #3162, #2516 ) ;
#544 = CARTESIAN_POINT ( 'NONE',  ( -97.34869801388583710, 14.28967089143920255, -3.293894456357826073 ) ) ;
#545 = CARTESIAN_POINT ( 'NONE',  ( 19.16656527397119092, 50.04625851919180946, -6.186789391988859244 ) ) ;
#546 = UNCERTAINTY_MEASURE_WITH_UNIT (LENGTH_MEASURE( 1.000000000000000082E-05 ), #9714, 'distance_accuracy_value', 'NONE');
#547 = VERTEX_POINT ( 'NONE', #10941 ) ;
#548 = VERTEX_POINT ( 'NONE', #2558 ) ;
#549 = EDGE_CURVE ( 'NONE', #11358, #5342, #2209, .T. ) ;
#550 = EDGE_CURVE ( 'NONE', #10007, #8531, #9819, .T. ) ;
#551 = CARTESIAN_POINT ( 'NONE',  ( -0.000000000000000000, 81.84411100000002648, -1.900000000000000355 ) ) ;
#552 = LINE ( 'NONE', #5126, #895 ) ;
#553 = ORIENTED_EDGE ( 'NONE', *, *, #7202, .T. ) ;
#554 = AXIS2_PLACEMENT_3D ( 'NONE', #1651, #8985, #8057 ) ;
#555 = DIRECTION ( 'NONE',  ( 0.000000000000000000, -0.000000000000000000, -1.000000000000000000 ) ) ;
#556 = CARTESIAN_POINT ( 'NONE',  ( -119.2225816476079672, 61.19623674878744168, -2.686416806089062970 ) ) ;
#557 = DIRECTION ( 'NONE',  ( -1.798198670589261751E-07, -0.9999999999999839018, 0.000000000000000000 ) ) ;
#558 = PRODUCT_RELATED_PRODUCT_CATEGORY ( 'part', '', ( #6905 ) ) ;
#559 = CARTESIAN_POINT ( 'NONE',  ( -24.25596898337191831, -1.746331649552748555, -4.971197494338087886 ) ) ;
#560 = AXIS2_PLACEMENT_3D ( 'NONE', #4157, #5074, #10073 ) ;
#561 = CARTESIAN_POINT ( 'NONE',  ( -41.45837294152642727, 80.84545021403724263, 4.400000000000000355 ) ) ;
#562 = ADVANCED_FACE ( 'NONE', ( #5774 ), #6621, .F. ) ;
#563 = DIRECTION ( 'NONE',  ( 1.000000000000000000, 0.000000000000000000, 0.000000000000000000 ) ) ;
#564 = CARTESIAN_POINT ( 'NONE',  ( -75.81228330292589135, 19.29411698796796415, -1.900000000000000577 ) ) ;
#565 = ORIENTED_EDGE ( 'NONE', *, *, #5692, .F. ) ;
#566 = EDGE_LOOP ( 'NONE', ( #9814, #3532, #3766, #7221 ) ) ;
#567 = ORIENTED_EDGE ( 'NONE', *, *, #4126, .F. ) ;
#568 = CARTESIAN_POINT ( 'NONE',  ( -119.2999154347301811, 26.94197826950643559, -4.481602675011056469 ) ) ;
#569 = VECTOR ( 'NONE', #4922, 1000.000000000000000 ) ;
#570 = DIRECTION ( 'NONE',  ( -0.7071067811865426878, 3.015067608266950234E-15, 0.7071067811865524577 ) ) ;
#571 = VECTOR ( 'NONE', #232, 999.9999999999998863 ) ;
#572 = CARTESIAN_POINT ( 'NONE',  ( -80.21367833427878224, 0.000000000000000000, 4.400000000000000355 ) ) ;
#573 = PLANE ( 'NONE',  #1837 ) ;
#574 = DIRECTION ( 'NONE',  ( 0.000000000000000000, 0.000000000000000000, 1.000000000000000000 ) ) ;
#575 = LINE ( 'NONE', #752, #2131 ) ;
#576 = EDGE_CURVE ( 'NONE', #5993, #10683, #9440, .T. ) ;
#577 = CARTESIAN_POINT ( 'NONE',  ( -61.76227900000000659, 23.29411100000000090, 7.100000000000059153 ) ) ;
#578 = SURFACE_STYLE_USAGE ( .BOTH. , #9857 ) ;
#579 = ORIENTED_EDGE ( 'NONE', *, *, #11166, .T. ) ;
#580 = CARTESIAN_POINT ( 'NONE',  ( -23.36227899999995472, 22.99411099999999308, 7.399999999999998579 ) ) ;
#581 = ORIENTED_EDGE ( 'NONE', *, *, #11994, .F. ) ;
#582 = EDGE_LOOP ( 'NONE', ( #473, #9865, #8026, #11781 ) ) ;
#583 = CIRCLE ( 'NONE', #2518, 0.5000000000000004441 ) ;
#584 = DIRECTION ( 'NONE',  ( 0.000000000000000000, -1.982541115402065307E-15, -1.000000000000000000 ) ) ;
#585 = ORIENTED_EDGE ( 'NONE', *, *, #3903, .T. ) ;
#586 = DIRECTION ( 'NONE',  ( 0.000000000000000000, 0.000000000000000000, -1.000000000000000000 ) ) ;
#587 = ORIENTED_EDGE ( 'NONE', *, *, #3340, .F. ) ;
#588 = PLANE ( 'NONE',  #8471 ) ;
#589 = CARTESIAN_POINT ( 'NONE',  ( 0.3474561528303888869, 2.639188816782023661, 4.400000000000000355 ) ) ;
#590 = CARTESIAN_POINT ( 'NONE',  ( 19.17282367798464904, 50.88272834659784394, -5.046181334055371615 ) ) ;
#591 = DIRECTION ( 'NONE',  ( 1.000000000000000000, 0.000000000000000000, 0.000000000000000000 ) ) ;
#592 = DIRECTION ( 'NONE',  ( 0.000000000000000000, 0.000000000000000000, -1.000000000000000000 ) ) ;
#593 = AXIS2_PLACEMENT_3D ( 'NONE', #6515, #9521, #4874 ) ;
#594 = EDGE_CURVE ( 'NONE', #10221, #9528, #1987, .T. ) ;
#595 = EDGE_CURVE ( 'NONE', #6855, #1365, #1136, .T. ) ;
#596 = CARTESIAN_POINT ( 'NONE',  ( 19.17290615266983878, 15.66423935524873734, -5.907241982422468674 ) ) ;
#597 = ORIENTED_EDGE ( 'NONE', *, *, #4080, .F. ) ;
#598 = EDGE_LOOP ( 'NONE', ( #9258, #7281, #2159, #11057 ) ) ;
#599 = VERTEX_POINT ( 'NONE', #1925 ) ;
#600 = CARTESIAN_POINT ( 'NONE',  ( -119.3174571910071649, 60.57469781648899243, -3.077032720842593161 ) ) ;
#601 = CARTESIAN_POINT ( 'NONE',  ( 19.17290235416117739, 18.49094373521440460, -5.723082974953865865 ) ) ;
#602 = LINE ( 'NONE', #2423, #10262 ) ;
#603 = DIRECTION ( 'NONE',  ( 1.000000000000000000, 0.000000000000000000, 0.000000000000000000 ) ) ;
#604 = FACE_OUTER_BOUND ( 'NONE', #191, .T. ) ;
#605 = ADVANCED_FACE ( 'NONE', ( #9503 ), #5329, .F. ) ;
#606 = CARTESIAN_POINT ( 'NONE',  ( 19.34455179443479622, 49.55666237311857003, -3.804406304072100564 ) ) ;
#607 = ORIENTED_EDGE ( 'NONE', *, *, #7597, .F. ) ;
#608 = VERTEX_POINT ( 'NONE', #8519 ) ;
#609 = CIRCLE ( 'NONE', #8797, 2.000000000000001776 ) ;
#610 = CARTESIAN_POINT ( 'NONE',  ( -41.71227819873822540, 0.000000000000000000, 7.100000000000059153 ) ) ;
#611 = CARTESIAN_POINT ( 'NONE',  ( -32.21227899999998812, 20.69411099999999948, 7.099999999999989875 ) ) ;
#612 = ORIENTED_EDGE ( 'NONE', *, *, #7734, .T. ) ;
#613 = LINE ( 'NONE', #3297, #3033 ) ;
#614 = ORIENTED_EDGE ( 'NONE', *, *, #11711, .F. ) ;
#615 = CARTESIAN_POINT ( 'NONE',  ( 20.16772100000000378, 40.98547018669191289, 5.399999999999998579 ) ) ;
#616 = CARTESIAN_POINT ( 'NONE',  ( -119.3515237230119084, 60.51555428555817429, -3.339211667514503823 ) ) ;
#617 = DIRECTION ( 'NONE',  ( 0.000000000000000000, -0.000000000000000000, -1.000000000000000000 ) ) ;
#618 = AXIS2_PLACEMENT_3D ( 'NONE', #12040, #7363, #4627 ) ;
#619 = ADVANCED_FACE ( 'NONE', ( #165 ), #11346, .T. ) ;
#620 = EDGE_LOOP ( 'NONE', ( #1184, #4821, #7823, #2402 ) ) ;
#621 = DIRECTION ( 'NONE',  ( 0.000000000000000000, 1.982541115402065702E-15, -1.000000000000000000 ) ) ;
#622 = DIRECTION ( 'NONE',  ( 0.000000000000000000, -0.000000000000000000, -1.000000000000000000 ) ) ;
#623 = CARTESIAN_POINT ( 'NONE',  ( -92.23727469707439752, 76.84410589528943092, -1.900000000000000577 ) ) ;
#624 = DIRECTION ( 'NONE',  ( -1.798198670589261486E-07, -0.9999999999999839018, -0.000000000000000000 ) ) ;
#625 = ORIENTED_EDGE ( 'NONE', *, *, #244, .F. ) ;
#626 = CIRCLE ( 'NONE', #2755, 1.999999999999994893 ) ;
#627 = ORIENTED_EDGE ( 'NONE', *, *, #1319, .T. ) ;
#628 = ORIENTED_EDGE ( 'NONE', *, *, #10222, .F. ) ;
#629 = CARTESIAN_POINT ( 'NONE',  ( -119.2681028788329343, 26.94197826950643915, -5.460792313283850952 ) ) ;
#630 = CARTESIAN_POINT ( 'NONE',  ( -70.81861526359334391, 81.92589967376218851, -4.995599230578825711 ) ) ;
#631 = LINE ( 'NONE', #7209, #9281 ) ;
#632 = FACE_OUTER_BOUND ( 'NONE', #11974, .T. ) ;
#633 = DIRECTION ( 'NONE',  ( -0.000000000000000000, -0.000000000000000000, -1.000000000000000000 ) ) ;
#634 = ADVANCED_FACE ( 'NONE', ( #9750 ), #2985, .T. ) ;
#635 = EDGE_CURVE ( 'NONE', #3154, #1799, #2355, .T. ) ;
#636 = CARTESIAN_POINT ( 'NONE',  ( -95.21227469707440605, 76.84410589528943092, -2.400000000000000355 ) ) ;
#637 = CARTESIAN_POINT ( 'NONE',  ( -69.43142950036961736, 81.84921655128752604, -6.400000000000001243 ) ) ;
#638 = CIRCLE ( 'NONE', #8814, 0.5000000000000004441 ) ;
#639 = CARTESIAN_POINT ( 'NONE',  ( 18.16772100000000378, 14.98547018669192710, -1.900000000000000355 ) ) ;
#640 = ORIENTED_EDGE ( 'NONE', *, *, #10582, .T. ) ;
#641 = CARTESIAN_POINT ( 'NONE',  ( -116.6091529203252861, 15.29411798029975955, -1.900000000000000355 ) ) ;
#642 = EDGE_LOOP ( 'NONE', ( #3753, #10537, #7265, #11006 ) ) ;
#643 = VERTEX_POINT ( 'NONE', #1322 ) ;
#644 = ORIENTED_EDGE ( 'NONE', *, *, #10132, .T. ) ;
#645 = EDGE_CURVE ( 'NONE', #6451, #295, #6880, .T. ) ;
#646 = AXIS2_PLACEMENT_3D ( 'NONE', #9070, #6433, #8388 ) ;
#647 = DIRECTION ( 'NONE',  ( -0.9659258276786804043, 0.2588190399164174704, -0.000000000000000000 ) ) ;
#648 = CARTESIAN_POINT ( 'NONE',  ( 16.55167703628069731, 81.20451365304863600, 3.644113004406138501 ) ) ;
#649 = CARTESIAN_POINT ( 'NONE',  ( 19.17290235416114541, 50.49094373521441526, -5.723082974953864088 ) ) ;
#650 = DIRECTION ( 'NONE',  ( -1.000000000000000000, 0.000000000000000000, 0.000000000000000000 ) ) ;
#651 = CARTESIAN_POINT ( 'NONE',  ( 1.232094304344377722, 84.15677458477317430, 3.351862173677942813 ) ) ;
#652 = CARTESIAN_POINT ( 'NONE',  ( -98.49108504056941626, 14.11728824713044439, -4.995599231573638832 ) ) ;
#653 = CARTESIAN_POINT ( 'NONE',  ( -80.81228598030135402, 14.99411798029982634, 7.399999999999998579 ) ) ;
#654 = EDGE_LOOP ( 'NONE', ( #2595, #8445, #4566, #3204 ) ) ;
#655 = CARTESIAN_POINT ( 'NONE',  ( -23.37913041229012379, -1.955985301194002046, -2.601944300551363387 ) ) ;
#656 = VERTEX_POINT ( 'NONE', #4184 ) ;
#657 = ORIENTED_EDGE ( 'NONE', *, *, #11049, .T. ) ;
#658 = EDGE_CURVE ( 'NONE', #10490, #1936, #3273, .T. ) ;
#659 = EDGE_CURVE ( 'NONE', #5186, #6406, #8644, .T. ) ;
#660 = CARTESIAN_POINT ( 'NONE',  ( -119.3173713292160443, 57.17128688163146677, -3.755608477323547856 ) ) ;
#661 = LINE ( 'NONE', #3403, #7511 ) ;
#662 = VECTOR ( 'NONE', #4681, 1000.000000000000114 ) ;
#663 = CARTESIAN_POINT ( 'NONE',  ( -42.41227899999999806, 27.99411100000000019, 4.400000000000000355 ) ) ;
#664 = DIRECTION ( 'NONE',  ( 1.000000000000000000, 0.000000000000000000, 0.000000000000000000 ) ) ;
#665 = LINE ( 'NONE', #6038, #5826 ) ;
#666 = AXIS2_PLACEMENT_3D ( 'NONE', #7258, #3424, #3546 ) ;
#667 = CARTESIAN_POINT ( 'NONE',  ( 19.26054502086705611, 50.37265594990723372, -4.485088767641717489 ) ) ;
#668 = VERTEX_POINT ( 'NONE', #11603 ) ;
#669 = LINE ( 'NONE', #12043, #4651 ) ;
#670 = VERTEX_POINT ( 'NONE', #2110 ) ;
#671 = AXIS2_PLACEMENT_3D ( 'NONE', #8065, #9913, #1543 ) ;
#672 = DIRECTION ( 'NONE',  ( 0.3930114327160320054, -0.5878282178957540127, -0.7071067811865431318 ) ) ;
#673 = ADVANCED_FACE ( 'NONE', ( #10733 ), #10607, .T. ) ;
#674 = DIRECTION ( 'NONE',  ( -0.000000000000000000, 0.000000000000000000, 1.000000000000000000 ) ) ;
#675 = ORIENTED_EDGE ( 'NONE', *, *, #492, .T. ) ;
#676 = DIRECTION ( 'NONE',  ( 1.000000000000000000, -0.000000000000000000, 0.000000000000000000 ) ) ;
#677 = CARTESIAN_POINT ( 'NONE',  ( -5.862499819227221742, -10.15414766297933369, 7.399999999999998579 ) ) ;
#678 = ORIENTED_EDGE ( 'NONE', *, *, #8850, .T. ) ;
#679 = LINE ( 'NONE', #6162, #4915 ) ;
#680 = CARTESIAN_POINT ( 'NONE',  ( 4.956570240762231552E-07, 1.244098474650670916, 5.399999999999998579 ) ) ;
#681 = CARTESIAN_POINT ( 'NONE',  ( -61.45782314279001213, 81.14186833868102156, 5.399999999999998579 ) ) ;
#682 = CARTESIAN_POINT ( 'NONE',  ( -101.0622825347106328, 14.29411798029987857, -4.399999999999999467 ) ) ;
#683 = VECTOR ( 'NONE', #8397, 1000.000000000000114 ) ;
#684 = VERTEX_POINT ( 'NONE', #3208 ) ;
#685 = VECTOR ( 'NONE', #5851, 1000.000000000000227 ) ;
#686 = ORIENTED_EDGE ( 'NONE', *, *, #9118, .F. ) ;
#687 = ADVANCED_FACE ( 'NONE', ( #410 ), #11536, .T. ) ;
#688 = VERTEX_POINT ( 'NONE', #1257 ) ;
#689 = CARTESIAN_POINT ( 'NONE',  ( -119.2461927491274025, 26.94197826950643915, -3.012814236802379586 ) ) ;
#690 = DIRECTION ( 'NONE',  ( 1.492741799624945840E-62, 0.000000000000000000, -1.000000000000000000 ) ) ;
#691 = PLANE ( 'NONE',  #10554 ) ;
#692 = CARTESIAN_POINT ( 'NONE',  ( -86.11227469707439752, 76.84410589528943092, -1.900000000000000355 ) ) ;
#693 = CIRCLE ( 'NONE', #8873, 0.8999999999999980238 ) ;
#694 = VECTOR ( 'NONE', #5195, 1000.000000000000000 ) ;
#695 = FACE_OUTER_BOUND ( 'NONE', #5832, .T. ) ;
#696 = EDGE_LOOP ( 'NONE', ( #10432, #4447, #3653, #6596 ) ) ;
#697 = CARTESIAN_POINT ( 'NONE',  ( -31.71784497952104331, 81.89194116109155175, -4.314918150661483764 ) ) ;
#698 = ORIENTED_EDGE ( 'NONE', *, *, #754, .T. ) ;
#699 = PLANE ( 'NONE',  #10699 ) ;
#700 = EDGE_LOOP ( 'NONE', ( #6386, #7342, #4797, #1681 ) ) ;
#701 = EDGE_LOOP ( 'NONE', ( #860, #2910, #746, #11898 ) ) ;
#702 = ADVANCED_FACE ( 'NONE', ( #1388 ), #11473, .F. ) ;
#703 = ADVANCED_FACE ( 'NONE', ( #10673 ), #10993, .T. ) ;
#704 = AXIS2_PLACEMENT_3D ( 'NONE', #5666, #9394, #5726 ) ;
#705 = CARTESIAN_POINT ( 'NONE',  ( 15.46771875442953359, -2.781403130126422509E-06, -1.900000000000000355 ) ) ;
#706 = CARTESIAN_POINT ( 'NONE',  ( 15.40412713724391303, 80.32336540528069690, 3.069575799274189443 ) ) ;
#707 = DIRECTION ( 'NONE',  ( -0.000000000000000000, 0.000000000000000000, 1.000000000000000000 ) ) ;
#708 = CARTESIAN_POINT ( 'NONE',  ( -118.6122720196896410, 16.29410890590926542, 7.399999999999998579 ) ) ;
#709 = CARTESIAN_POINT ( 'NONE',  ( -5.438499566049154632E-15, 28.29411100000000800, 4.400000000000000355 ) ) ;
#710 = CARTESIAN_POINT ( 'NONE',  ( -98.00149022143841648, 14.21519021127794780, -5.506109695587424468 ) ) ;
#711 = CARTESIAN_POINT ( 'NONE',  ( -69.91228330292588566, 19.29411698796796415, -1.900000000000000355 ) ) ;
#712 = AXIS2_PLACEMENT_3D ( 'NONE', #4198, #3404, #7121 ) ;
#713 = ORIENTED_EDGE ( 'NONE', *, *, #507, .T. ) ;
#714 = DIRECTION ( 'NONE',  ( 0.000000000000000000, 0.000000000000000000, -1.000000000000000000 ) ) ;
#715 = ORIENTED_EDGE ( 'NONE', *, *, #4881, .T. ) ;
#716 = EDGE_LOOP ( 'NONE', ( #2930, #11822, #8434, #8104, #6227 ) ) ;
#717 = CARTESIAN_POINT ( 'NONE',  ( -119.3174120573694523, 60.80367080298323401, -3.395746165561257524 ) ) ;
#718 = CIRCLE ( 'NONE', #7139, 1.300000000000030242 ) ;
#719 = CARTESIAN_POINT ( 'NONE',  ( 19.17282656148654496, 17.24969985352417368, -2.399999999999469225 ) ) ;
#720 = DIRECTION ( 'NONE',  ( -0.000000000000000000, -0.000000000000000000, -1.000000000000000000 ) ) ;
#721 = DIRECTION ( 'NONE',  ( 1.000000000000000000, -0.000000000000000000, 0.000000000000000000 ) ) ;
#722 = CARTESIAN_POINT ( 'NONE',  ( 19.07803062782743098, 50.69905338062270772, -2.272870761040460152 ) ) ;
#723 = EDGE_LOOP ( 'NONE', ( #7760, #5844, #6158, #9660 ) ) ;
#724 = EDGE_CURVE ( 'NONE', #10072, #4675, #6077, .T. ) ;
#725 = EDGE_CURVE ( 'NONE', #656, #5799, #1196, .T. ) ;
#726 = VERTEX_POINT ( 'NONE', #7906 ) ;
#727 = DIRECTION ( 'NONE',  ( 0.7071067811865721087, 0.000000000000000000, 0.7071067811865230368 ) ) ;
#728 = ORIENTED_EDGE ( 'NONE', *, *, #4280, .T. ) ;
#729 = DIRECTION ( 'NONE',  ( -1.000000000000000000, 0.000000000000000000, -0.000000000000000000 ) ) ;
#730 = CARTESIAN_POINT ( 'NONE',  ( 1.126472801158305170, -14.18923284033751742, 7.399999999999998579 ) ) ;
#731 = ORIENTED_EDGE ( 'NONE', *, *, #8233, .F. ) ;
#732 = CARTESIAN_POINT ( 'NONE',  ( 7.036517317373078542E-06, 15.29406433057293313, 5.399999999999998579 ) ) ;
#733 = CARTESIAN_POINT ( 'NONE',  ( 11.91857130266412312, 3.193571847410091813, 4.400000000000000355 ) ) ;
#734 = CARTESIAN_POINT ( 'NONE',  ( -118.3122720196896722, 26.81326150036739620, -1.900000000000000355 ) ) ;
#735 = VECTOR ( 'NONE', #2211, 999.9999999999998863 ) ;
#736 = ORIENTED_EDGE ( 'NONE', *, *, #6118, .F. ) ;
#737 = ADVANCED_FACE ( 'NONE', ( #9807 ), #2229, .T. ) ;
#738 = EDGE_CURVE ( 'NONE', #1115, #7073, #4918, .T. ) ;
#739 = CARTESIAN_POINT ( 'NONE',  ( -24.23383335521157633, -1.663720357900309477, -2.686416806364048337 ) ) ;
#740 = FACE_OUTER_BOUND ( 'NONE', #776, .T. ) ;
#741 = AXIS2_PLACEMENT_3D ( 'NONE', #9357, #6421, #4777 ) ;
#742 = DIRECTION ( 'NONE',  ( 0.000000000000000000, 0.000000000000000000, 1.000000000000000000 ) ) ;
#743 = PLANE ( 'NONE',  #7563 ) ;
#744 = ORIENTED_EDGE ( 'NONE', *, *, #1217, .T. ) ;
#745 = VERTEX_POINT ( 'NONE', #4059 ) ;
#746 = ORIENTED_EDGE ( 'NONE', *, *, #5358, .F. ) ;
#747 = CARTESIAN_POINT ( 'NONE',  ( -119.3129851659166292, 29.15418935799907985, -2.360019375376301465 ) ) ;
#748 = CARTESIAN_POINT ( 'NONE',  ( -70.49221783287669041, 81.96830342743054132, -4.995599230578825711 ) ) ;
#749 = CARTESIAN_POINT ( 'NONE',  ( -24.19545098428956109, -0.6966874992767861929, 0.6000000000000039746 ) ) ;
#750 = CARTESIAN_POINT ( 'NONE',  ( 19.25377301079212700, 16.90386751168637858, -2.953553224609518857 ) ) ;
#751 = DIRECTION ( 'NONE',  ( -1.000000000000000000, 0.000000000000000000, 0.000000000000000000 ) ) ;
#752 = CARTESIAN_POINT ( 'NONE',  ( -8.724220278341411117, 15.60451329920804930, 7.399999999999998579 ) ) ;
#753 = VECTOR ( 'NONE', #12054, 1000.000000000000000 ) ;
#754 = EDGE_CURVE ( 'NONE', #4525, #3020, #5133, .T. ) ;
#755 = DIRECTION ( 'NONE',  ( 1.288939666242958913E-07, 0.9999999999999916733, 0.000000000000000000 ) ) ;
#756 = VERTEX_POINT ( 'NONE', #2409 ) ;
#757 = CARTESIAN_POINT ( 'NONE',  ( -31.71784497952104331, 81.88252774812396240, -3.804406303003389223 ) ) ;
#758 = VERTEX_POINT ( 'NONE', #1677 ) ;
#759 = DIRECTION ( 'NONE',  ( 0.000000000000000000, -0.000000000000000000, -1.000000000000000000 ) ) ;
#760 = ORIENTED_EDGE ( 'NONE', *, *, #9585, .F. ) ;
#761 = VERTEX_POINT ( 'NONE', #3449 ) ;
#762 = AXIS2_PLACEMENT_3D ( 'NONE', #4912, #9433, #5703 ) ;
#763 = VECTOR ( 'NONE', #9085, 1000.000000000000000 ) ;
#764 = FACE_OUTER_BOUND ( 'NONE', #8070, .T. ) ;
#765 = CARTESIAN_POINT ( 'NONE',  ( 15.21813009090958602, 81.58190786467359601, 4.464647084393400078 ) ) ;
#766 = DIRECTION ( 'NONE',  ( 1.000000000000000000, 0.000000000000000000, 0.000000000000000000 ) ) ;
#767 = CARTESIAN_POINT ( 'NONE',  ( -119.3173775709962570, 61.06910750985028358, -4.400000000004058442 ) ) ;
#768 = CARTESIAN_POINT ( 'NONE',  ( 1.256591468419257174, 84.14267938262936752, 3.361898894344344413 ) ) ;
#769 = ADVANCED_FACE ( 'NONE', ( #11028 ), #1616, .F. ) ;
#770 = CARTESIAN_POINT ( 'NONE',  ( -119.3173775709958875, 31.06910750985032621, -4.400000000004071765 ) ) ;
#771 = VECTOR ( 'NONE', #7794, 1000.000000000000000 ) ;
#772 = VECTOR ( 'NONE', #5129, 1000.000000000000000 ) ;
#773 = ORIENTED_EDGE ( 'NONE', *, *, #10894, .T. ) ;
#774 = DIRECTION ( 'NONE',  ( 1.000000000000000000, 0.000000000000000000, 0.000000000000000000 ) ) ;
#775 = CARTESIAN_POINT ( 'NONE',  ( -4.612279000000002682, 76.84411099999999806, 4.400000000000000355 ) ) ;
#776 = EDGE_LOOP ( 'NONE', ( #3015, #2663, #6253 ) ) ;
#777 = ORIENTED_EDGE ( 'NONE', *, *, #6240, .F. ) ;
#778 = DIRECTION ( 'NONE',  ( -0.5000000044812192845, -0.8660254011972055022, 0.000000000000000000 ) ) ;
#779 = CARTESIAN_POINT ( 'NONE',  ( -120.3122720203380425, 71.13595486634304166, 7.399999999999998579 ) ) ;
#780 = CARTESIAN_POINT ( 'NONE',  ( 15.15859082457481399, 2.864296143744261336, -1.900000000000000355 ) ) ;
#781 = CARTESIAN_POINT ( 'NONE',  ( -79.21367833427878224, 79.84411100000001227, 5.399999999999998579 ) ) ;
#782 = CARTESIAN_POINT ( 'NONE',  ( -20.59056671349124912, -2.697889486621138033, -1.899999999999999689 ) ) ;
#783 = EDGE_CURVE ( 'NONE', #4775, #67, #7963, .T. ) ;
#784 = DIRECTION ( 'NONE',  ( -0.000000000000000000, 0.000000000000000000, 1.000000000000000000 ) ) ;
#785 = ORIENTED_EDGE ( 'NONE', *, *, #9240, .T. ) ;
#786 = ORIENTED_EDGE ( 'NONE', *, *, #11863, .T. ) ;
#787 = DIRECTION ( 'NONE',  ( 0.000000000000000000, -0.000000000000000000, -1.000000000000000000 ) ) ;
#788 = ORIENTED_EDGE ( 'NONE', *, *, #7114, .T. ) ;
#789 = CARTESIAN_POINT ( 'NONE',  ( 18.16772100000000378, 0.000000000000000000, 4.400000000000000355 ) ) ;
#790 = VERTEX_POINT ( 'NONE', #2471 ) ;
#791 = EDGE_CURVE ( 'NONE', #3320, #11591, #11704, .T. ) ;
#792 = CARTESIAN_POINT ( 'NONE',  ( -117.3122790891199116, 16.29411798029975955, 7.399999999999998579 ) ) ;
#793 = DIRECTION ( 'NONE',  ( 1.000000000000000000, 0.000000000000000000, 0.000000000000000000 ) ) ;
#794 = ORIENTED_EDGE ( 'NONE', *, *, #6278, .F. ) ;
#795 = AXIS2_PLACEMENT_3D ( 'NONE', #9752, #412, #11605 ) ;
#796 = DIRECTION ( 'NONE',  ( 0.000000000000000000, -0.000000000000000000, -1.000000000000000000 ) ) ;
#797 = DIRECTION ( 'NONE',  ( -0.000000000000000000, -1.982541115402065307E-15, 1.000000000000000000 ) ) ;
#798 = CARTESIAN_POINT ( 'NONE',  ( -50.96227900000002364, 19.69411100891841215, 7.399999999999998579 ) ) ;
#799 = CARTESIAN_POINT ( 'NONE',  ( 19.17283035194685326, 48.46775330171151097, -2.463778908856117500 ) ) ;
#800 = ORIENTED_EDGE ( 'NONE', *, *, #4947, .F. ) ;
#801 = ORIENTED_EDGE ( 'NONE', *, *, #10961, .T. ) ;
#802 = ORIENTED_EDGE ( 'NONE', *, *, #7114, .F. ) ;
#803 = EDGE_CURVE ( 'NONE', #11039, #4690, #7044, .T. ) ;
#804 = CARTESIAN_POINT ( 'NONE',  ( -119.4491617906671905, 29.15418935799908695, -5.460792313283851840 ) ) ;
#805 = VECTOR ( 'NONE', #4983, 1000.000000000000000 ) ;
#806 = EDGE_CURVE ( 'NONE', #2008, #67, #9642, .T. ) ;
#807 = CARTESIAN_POINT ( 'NONE',  ( -119.1965455144618886, 56.94197827182565419, -6.439980624619755289 ) ) ;
#808 = CARTESIAN_POINT ( 'NONE',  ( 19.16656516016689693, 15.92467787341269414, -6.186789391986769360 ) ) ;
#809 = CARTESIAN_POINT ( 'NONE',  ( -6.313357687605732238, -9.893844754296727828, 7.399999999999998579 ) ) ;
#810 = CARTESIAN_POINT ( 'NONE',  ( -61.76227900000000659, 23.29411100000000090, 7.100000000000059153 ) ) ;
#811 = DIRECTION ( 'NONE',  ( 1.492741799624945840E-62, 0.000000000000000000, -1.000000000000000000 ) ) ;
#812 = ORIENTED_EDGE ( 'NONE', *, *, #1206, .F. ) ;
#813 = CARTESIAN_POINT ( 'NONE',  ( -32.86023200621512785, 81.82491172845890048, -2.272870760029102044 ) ) ;
#814 = DIRECTION ( 'NONE',  ( -0.9659258276786801822, 0.2588190399164180810, 0.000000000000000000 ) ) ;
#815 = VECTOR ( 'NONE', #5088, 1000.000000000000000 ) ;
#816 = VERTEX_POINT ( 'NONE', #5221 ) ;
#817 = FACE_OUTER_BOUND ( 'NONE', #966, .T. ) ;
#818 = VERTEX_POINT ( 'NONE', #4306 ) ;
#819 = EDGE_LOOP ( 'NONE', ( #3550, #1839, #489, #11688 ) ) ;
#820 = ORIENTED_EDGE ( 'NONE', *, *, #7883, .F. ) ;
#821 = EDGE_CURVE ( 'NONE', #8390, #2477, #11727, .T. ) ;
#822 = DIRECTION ( 'NONE',  ( 1.000000000000000000, 0.000000000000000000, 0.000000000000000000 ) ) ;
#823 = CYLINDRICAL_SURFACE ( 'NONE', #1639, 1.625000000000001332 ) ;
#824 = VECTOR ( 'NONE', #11951, 1000.000000000000000 ) ;
#825 = CARTESIAN_POINT ( 'NONE',  ( -52.66227900109225857, 2.898797011321555761, 7.399999999999998579 ) ) ;
#826 = CARTESIAN_POINT ( 'NONE',  ( 1.381196862479815435, 84.07061296857568777, 3.394468711779579539 ) ) ;
#827 = CARTESIAN_POINT ( 'NONE',  ( -98.98067985970040183, 14.30647456455268518, -2.272870761041802190 ) ) ;
#828 = CARTESIAN_POINT ( 'NONE',  ( -101.0623286344750937, 14.28896376840344651, -4.529738564454375727 ) ) ;
#829 = ORIENTED_EDGE ( 'NONE', *, *, #7151, .F. ) ;
#830 = CARTESIAN_POINT ( 'NONE',  ( -119.3173956612478719, 29.58533960943233510, -2.463386683956834133 ) ) ;
#831 = CARTESIAN_POINT ( 'NONE',  ( 19.13224842938828729, 19.02545081132303295, -3.293894456394166337 ) ) ;
#832 = CARTESIAN_POINT ( 'NONE',  ( -30.10729304705025200, 7.087124999102946354, 7.099999999999989875 ) ) ;
#833 = ORIENTED_EDGE ( 'NONE', *, *, #1602, .F. ) ;
#834 = AXIS2_PLACEMENT_3D ( 'NONE', #5943, #8999, #10724 ) ;
#835 = ORIENTED_EDGE ( 'NONE', *, *, #3316, .T. ) ;
#836 = EDGE_CURVE ( 'NONE', #10337, #2756, #9123, .T. ) ;
#837 = LINE ( 'NONE', #8281, #4964 ) ;
#838 = CARTESIAN_POINT ( 'NONE',  ( -24.20050768604673053, -1.735929495508200082, -5.401851869925786254 ) ) ;
#839 = DIRECTION ( 'NONE',  ( 0.1830126982250854240, 0.6830127028748042006, 0.7071067811865675568 ) ) ;
#840 = DIRECTION ( 'NONE',  ( 1.000000000000000000, 0.000000000000000000, 0.000000000000000000 ) ) ;
#841 = AXIS2_PLACEMENT_3D ( 'NONE', #11142, #8264, #7344 ) ;
#842 = LINE ( 'NONE', #1753, #3533 ) ;
#843 = ORIENTED_EDGE ( 'NONE', *, *, #9640, .T. ) ;
#844 = ORIENTED_EDGE ( 'NONE', *, *, #2201, .F. ) ;
#845 = DIRECTION ( 'NONE',  ( 0.000000000000000000, 0.000000000000000000, 1.000000000000000000 ) ) ;
#846 = ORIENTED_EDGE ( 'NONE', *, *, #1025, .T. ) ;
#847 = AXIS2_PLACEMENT_3D ( 'NONE', #5159, #11409, #2289 ) ;
#848 = ADVANCED_FACE ( 'NONE', ( #10792 ), #2413, .T. ) ;
#849 = LINE ( 'NONE', #730, #5561 ) ;
#850 = ORIENTED_EDGE ( 'NONE', *, *, #3592, .F. ) ;
#851 = EDGE_CURVE ( 'NONE', #1146, #5799, #5455, .T. ) ;
#852 = CARTESIAN_POINT ( 'NONE',  ( -20.59188812737636809, -2.702821070484204835, -4.400000000000003020 ) ) ;
#853 = DIRECTION ( 'NONE',  ( -0.7071066540346956364, 0.7071069083383766385, 0.000000000000000000 ) ) ;
#854 = AXIS2_PLACEMENT_3D ( 'NONE', #11392, #2154, #2274 ) ;
#855 = CARTESIAN_POINT ( 'NONE',  ( -24.24802403134041384, -1.716680683569124621, -3.339211667767061797 ) ) ;
#856 = EDGE_CURVE ( 'NONE', #9511, #5647, #10110, .T. ) ;
#857 = CARTESIAN_POINT ( 'NONE',  ( -63.05759268073793322, 12.29411100000000090, 6.400000000000025224 ) ) ;
#858 = CARTESIAN_POINT ( 'NONE',  ( 19.17283877214867260, 48.09900256493868653, -6.197605764689815722 ) ) ;
#859 = ORIENTED_EDGE ( 'NONE', *, *, #1049, .F. ) ;
#860 = ORIENTED_EDGE ( 'NONE', *, *, #6322, .T. ) ;
#861 = ORIENTED_EDGE ( 'NONE', *, *, #10881, .F. ) ;
#862 = CARTESIAN_POINT ( 'NONE',  ( -119.2844541601322135, 30.85589551700964961, -3.012814236802379586 ) ) ;
#863 = VECTOR ( 'NONE', #4933, 1000.000000000000000 ) ;
#864 = DIRECTION ( 'NONE',  ( 1.000000000000000000, 0.000000000000000000, 0.000000000000000000 ) ) ;
#865 = CARTESIAN_POINT ( 'NONE',  ( -119.4452623104960622, 57.96299781573682708, -4.318403959652662216 ) ) ;
#866 = CARTESIAN_POINT ( 'NONE',  ( 19.19726246050441887, 16.41427269254953458, -6.186789391986769360 ) ) ;
#867 = CARTESIAN_POINT ( 'NONE',  ( 1.653363290606710390, 84.90183567641621210, 4.464667994119376537 ) ) ;
#868 = CARTESIAN_POINT ( 'NONE',  ( -42.11227899999999380, 27.99411100000000019, 7.100000000000059153 ) ) ;
#869 = ORIENTED_EDGE ( 'NONE', *, *, #1122, .F. ) ;
#870 = EDGE_CURVE ( 'NONE', #1810, #668, #9431, .T. ) ;
#871 = CARTESIAN_POINT ( 'NONE',  ( -32.37063718707962323, 81.98100069457234440, -4.485088766547514538 ) ) ;
#872 = VECTOR ( 'NONE', #2845, 1000.000000000000227 ) ;
#873 = CARTESIAN_POINT ( 'NONE',  ( -22.41082705626149973, 77.84551033427889877, 5.399999999999998579 ) ) ;
#874 = ORIENTED_EDGE ( 'NONE', *, *, #5958, .F. ) ;
#875 = EDGE_CURVE ( 'NONE', #878, #7277, #8906, .T. ) ;
#876 = FACE_OUTER_BOUND ( 'NONE', #115, .T. ) ;
#877 = ORIENTED_EDGE ( 'NONE', *, *, #10842, .T. ) ;
#878 = VERTEX_POINT ( 'NONE', #11093 ) ;
#879 = ORIENTED_EDGE ( 'NONE', *, *, #8561, .F. ) ;
#880 = DIRECTION ( 'NONE',  ( 1.000000000000000000, 0.000000000000000000, 0.000000000000000000 ) ) ;
#881 = CARTESIAN_POINT ( 'NONE',  ( 16.76752120020011461, 81.14255774333584270, 3.021727835604439694 ) ) ;
#882 = CARTESIAN_POINT ( 'NONE',  ( 17.51443618207122199, 79.88444888479104122, 7.399999999999998579 ) ) ;
#883 = VECTOR ( 'NONE', #9748, 1000.000000000000000 ) ;
#884 = VECTOR ( 'NONE', #6052, 1000.000000000000000 ) ;
#885 = CARTESIAN_POINT ( 'NONE',  ( -119.3174381249741458, 57.84963554083869042, -5.990558621141729212 ) ) ;
#886 = CARTESIAN_POINT ( 'NONE',  ( -120.3122790047357142, 16.94879718977744076, 7.399999999999998579 ) ) ;
#887 = CARTESIAN_POINT ( 'NONE',  ( -99.14387857505511192, 14.30647452479910164, -2.272870761041802190 ) ) ;
#888 = CARTESIAN_POINT ( 'NONE',  ( -100.6612519744321617, 14.28893867816445606, -3.170608083611435202 ) ) ;
#889 = ORIENTED_EDGE ( 'NONE', *, *, #10391, .F. ) ;
#890 = FACE_OUTER_BOUND ( 'NONE', #9452, .T. ) ;
#891 = EDGE_CURVE ( 'NONE', #1048, #6585, #7346, .T. ) ;
#892 = CARTESIAN_POINT ( 'NONE',  ( 19.07803062782822678, 18.69905338060969058, -2.272870761040224785 ) ) ;
#893 = AXIS2_PLACEMENT_3D ( 'NONE', #6201, #7301, #6258 ) ;
#894 = EDGE_LOOP ( 'NONE', ( #1536, #8322, #9680, #11402, #8011, #11515 ) ) ;
#895 = VECTOR ( 'NONE', #4212, 1000.000000000000000 ) ;
#896 = ORIENTED_EDGE ( 'NONE', *, *, #10032, .F. ) ;
#897 = CARTESIAN_POINT ( 'NONE',  ( -4.553108868023614463E-15, 23.29411100000000090, 7.100000000000059153 ) ) ;
#898 = CYLINDRICAL_SURFACE ( 'NONE', #10256, 1.000000000000000888 ) ;
#899 = CARTESIAN_POINT ( 'NONE',  ( -79.51540507967473559, 23.29411798030432124, 5.399999999999998579 ) ) ;
#900 = LINE ( 'NONE', #12096, #9064 ) ;
#901 = DIRECTION ( 'NONE',  ( 1.000000000000000000, 0.000000000000000000, 0.000000000000000000 ) ) ;
#902 = AXIS2_PLACEMENT_3D ( 'NONE', #10439, #5498, #9227 ) ;
#903 = DIRECTION ( 'NONE',  ( 1.000000000000000000, 0.000000000000000000, 0.000000000000000000 ) ) ;
#904 = ORIENTED_EDGE ( 'NONE', *, *, #8343, .F. ) ;
#905 = EDGE_CURVE ( 'NONE', #10902, #5813, #6606, .T. ) ;
#906 = ORIENTED_EDGE ( 'NONE', *, *, #7291, .F. ) ;
#907 = LINE ( 'NONE', #172, #5054 ) ;
#908 = ORIENTED_EDGE ( 'NONE', *, *, #11550, .F. ) ;
#909 = AXIS2_PLACEMENT_3D ( 'NONE', #5776, #4979, #9383 ) ;
#910 = CARTESIAN_POINT ( 'NONE',  ( 18.16772100000000378, 0.000000000000000000, 5.399999999999998579 ) ) ;
#911 = DIRECTION ( 'NONE',  ( -1.000000000000000000, 0.000000000000000000, 0.000000000000000000 ) ) ;
#912 = DIRECTION ( 'NONE',  ( 1.000000000000000000, 0.000000000000000000, 0.000000000000000000 ) ) ;
#913 = DIRECTION ( 'NONE',  ( 0.000000000000000000, 1.000000000000000000, 0.000000000000000000 ) ) ;
#914 = EDGE_CURVE ( 'NONE', #6293, #9618, #1789, .T. ) ;
#915 = CARTESIAN_POINT ( 'NONE',  ( -42.41227899999999806, 28.29411100000000090, 4.400000000000000355 ) ) ;
#916 = VERTEX_POINT ( 'NONE', #6545 ) ;
#917 = ORIENTED_EDGE ( 'NONE', *, *, #2963, .T. ) ;
#918 = ORIENTED_EDGE ( 'NONE', *, *, #5904, .F. ) ;
#919 = VECTOR ( 'NONE', #6663, 1000.000000000000000 ) ;
#920 = CARTESIAN_POINT ( 'NONE',  ( -119.2562879489427417, 30.85589551700965316, -6.113584520843605929 ) ) ;
#921 = DIRECTION ( 'NONE',  ( 0.000000000000000000, 0.000000000000000000, 1.000000000000000000 ) ) ;
#922 = CARTESIAN_POINT ( 'NONE',  ( 19.30071123034682046, 16.90386751168637858, -5.506109695705925233 ) ) ;
#923 = PRODUCT_DEFINITION ( 'UNKNOWN', '', #3965, #4442 ) ;
#924 = DIRECTION ( 'NONE',  ( -0.9999999999972718490, 2.335877759801061346E-06, 0.000000000000000000 ) ) ;
#925 = CARTESIAN_POINT ( 'NONE',  ( -20.77409610417182506, -2.559047965134647828, -6.439980624334308956 ) ) ;
#926 = EDGE_CURVE ( 'NONE', #8580, #8196, #1058, .T. ) ;
#927 = EDGE_CURVE ( 'NONE', #6719, #7834, #3394, .T. ) ;
#928 = CIRCLE ( 'NONE', #2873, 1.000000000000000888 ) ;
#929 = CARTESIAN_POINT ( 'NONE',  ( -32.37063718707962323, 81.84295511633666820, -2.613211991801165812 ) ) ;
#930 = CYLINDRICAL_SURFACE ( 'NONE', #6400, 0.2977672882890324280 ) ;
#931 = ORIENTED_EDGE ( 'NONE', *, *, #1568, .F. ) ;
#932 = LINE ( 'NONE', #1051, #10301 ) ;
#933 = VERTEX_POINT ( 'NONE', #5516 ) ;
#934 = ORIENTED_EDGE ( 'NONE', *, *, #2252, .F. ) ;
#935 = ORIENTED_EDGE ( 'NONE', *, *, #7204, .F. ) ;
#936 = CARTESIAN_POINT ( 'NONE',  ( -119.9122790047356801, 12.29411840909210518, 6.400000000000025224 ) ) ;
#937 = DIRECTION ( 'NONE',  ( 9.002818023760973681E-17, -0.7071067811865237029, -0.7071067811865713315 ) ) ;
#938 = CARTESIAN_POINT ( 'NONE',  ( -4.612278999999991136, 21.29411100000000090, 7.399999999999998579 ) ) ;
#939 = CIRCLE ( 'NONE', #7753, 1.000000000000000888 ) ;
#940 = ADVANCED_FACE ( 'NONE', ( #3633 ), #823, .F. ) ;
#941 = CARTESIAN_POINT ( 'NONE',  ( 16.46996554466863216, 76.14634522601235744, 5.399999999999998579 ) ) ;
#942 = FACE_OUTER_BOUND ( 'NONE', #10326, .T. ) ;
#943 = CARTESIAN_POINT ( 'NONE',  ( -99.14387857505514035, 14.16112710481695380, -3.293894456357826073 ) ) ;
#944 = CARTESIAN_POINT ( 'NONE',  ( -119.3174381249773290, 27.84963554083871173, -5.990558621141733653 ) ) ;
#945 = ORIENTED_EDGE ( 'NONE', *, *, #7165, .T. ) ;
#946 = DIRECTION ( 'NONE',  ( 1.000000000000000000, 0.000000000000000000, 0.000000000000000000 ) ) ;
#947 = ORIENTED_EDGE ( 'NONE', *, *, #5904, .T. ) ;
#948 = VECTOR ( 'NONE', #949, 1000.000000000000114 ) ;
#949 = DIRECTION ( 'NONE',  ( 0.000000000000000000, 0.7071067811865965336, 0.7071067811864985009 ) ) ;
#950 = CIRCLE ( 'NONE', #7766, 1.300000000000030242 ) ;
#951 = ORIENTED_EDGE ( 'NONE', *, *, #836, .T. ) ;
#952 = VERTEX_POINT ( 'NONE', #8326 ) ;
#953 = EDGE_LOOP ( 'NONE', ( #8323, #2525, #1904, #11399, #1684 ) ) ;
#954 = CARTESIAN_POINT ( 'NONE',  ( -118.3122720196896722, 0.000000000000000000, -1.900000000000000355 ) ) ;
#955 = DIRECTION ( 'NONE',  ( 0.000000000000000000, -1.000000000000000000, 0.000000000000000000 ) ) ;
#956 = CARTESIAN_POINT ( 'NONE',  ( 11.05859082457480369, -5.795957894100131291, -2.400000000000000355 ) ) ;
#957 = EDGE_CURVE ( 'NONE', #5948, #8421, #9304, .T. ) ;
#958 = CARTESIAN_POINT ( 'NONE',  ( -21.90223180972504124, -2.351712594833973657, -6.298200039345457135 ) ) ;
#959 = DIRECTION ( 'NONE',  ( 1.000000000000000000, 0.000000000000000000, 0.000000000000000000 ) ) ;
#960 = EDGE_CURVE ( 'NONE', #12044, #8515, #4665, .T. ) ;
#961 = AXIS2_PLACEMENT_3D ( 'NONE', #7920, #1575, #3346 ) ;
#962 = DIRECTION ( 'NONE',  ( -0.000000000000000000, -0.000000000000000000, -1.000000000000000000 ) ) ;
#963 = AXIS2_PLACEMENT_3D ( 'NONE', #436, #11631, #10198 ) ;
#964 = FACE_OUTER_BOUND ( 'NONE', #9978, .T. ) ;
#965 = ORIENTED_EDGE ( 'NONE', *, *, #4807, .T. ) ;
#966 = EDGE_LOOP ( 'NONE', ( #1578, #3140, #579, #6153 ) ) ;
#967 = CARTESIAN_POINT ( 'NONE',  ( -117.3122790891199116, 16.29411798029975955, 7.399999999999998579 ) ) ;
#968 = ORIENTED_EDGE ( 'NONE', *, *, #4524, .T. ) ;
#969 = AXIS2_PLACEMENT_3D ( 'NONE', #3958, #4817, #122 ) ;
#970 = DIRECTION ( 'NONE',  ( -1.000000000000000000, 0.000000000000000000, -1.492741799624945840E-62 ) ) ;
#971 = CARTESIAN_POINT ( 'NONE',  ( 11.01773485016858345, 89.51034654400793045, -1.799999999999999378 ) ) ;
#972 = CARTESIAN_POINT ( 'NONE',  ( 19.16772100000000734, 48.98547018669192710, -0.9000000000000002442 ) ) ;
#973 = EDGE_CURVE ( 'NONE', #7772, #6086, #4783, .T. ) ;
#974 = CARTESIAN_POINT ( 'NONE',  ( -94.31227469707441458, 76.84410589528943092, -1.900000000000000355 ) ) ;
#975 = DIRECTION ( 'NONE',  ( -0.000000000000000000, 0.000000000000000000, 1.000000000000000000 ) ) ;
#976 = AXIS2_PLACEMENT_3D ( 'NONE', #6673, #7533, #3078 ) ;
#977 = CARTESIAN_POINT ( 'NONE',  ( -53.66227900109224436, 2.898797041049639311, 6.400000000000025224 ) ) ;
#978 = CARTESIAN_POINT ( 'NONE',  ( 19.17282056699622572, 47.03805115881801413, -3.875176449575709725 ) ) ;
#979 = ORIENTED_EDGE ( 'NONE', *, *, #12006, .F. ) ;
#980 = ORIENTED_EDGE ( 'NONE', *, *, #2194, .T. ) ;
#981 = ORIENTED_EDGE ( 'NONE', *, *, #9629, .T. ) ;
#982 = CARTESIAN_POINT ( 'NONE',  ( -119.3515237230869843, 30.51555428520757118, -3.339211667515419979 ) ) ;
#983 = EDGE_CURVE ( 'NONE', #8878, #11139, #10287, .T. ) ;
#984 = CARTESIAN_POINT ( 'NONE',  ( -119.3515230049078610, 57.62265796776650006, -5.460792313280946608 ) ) ;
#985 = CARTESIAN_POINT ( 'NONE',  ( 19.24360793108496281, 16.41427269254953458, -5.846449543846347296 ) ) ;
#986 = CARTESIAN_POINT ( 'NONE',  ( -31.43142950036545358, 81.84411100000002648, 0.5999999999999998668 ) ) ;
#987 = CARTESIAN_POINT ( 'NONE',  ( -20.45633748227370674, -2.688128839169019901, -3.339211667305264086 ) ) ;
#988 = CARTESIAN_POINT ( 'NONE',  ( -34.00262168677546981, 82.02094179430768861, -3.804406303003389223 ) ) ;
#989 = CARTESIAN_POINT ( 'NONE',  ( -121.3122720203380140, 71.13595499523700028, 6.400000000000025224 ) ) ;
#990 = EDGE_LOOP ( 'NONE', ( #2801, #6738, #6820, #9939 ) ) ;
#991 = CARTESIAN_POINT ( 'NONE',  ( -22.36227900000000091, 77.84411099999999806, 4.400000000000000355 ) ) ;
#992 = LINE ( 'NONE', #11198, #4440 ) ;
#993 = VERTEX_POINT ( 'NONE', #8503 ) ;
#994 = AXIS2_PLACEMENT_3D ( 'NONE', #7211, #1661, #11890 ) ;
#995 = ORIENTED_EDGE ( 'NONE', *, *, #6334, .F. ) ;
#996 = ORIENTED_EDGE ( 'NONE', *, *, #10333, .F. ) ;
#997 = EDGE_CURVE ( 'NONE', #7505, #8878, #9045, .T. ) ;
#998 = DIRECTION ( 'NONE',  ( 0.2588190399164180810, 0.9659258276786802933, -0.000000000000000000 ) ) ;
#999 = DIRECTION ( 'NONE',  ( 0.000000000000000000, 0.000000000000000000, 1.000000000000000000 ) ) ;
#1000 = EDGE_CURVE ( 'NONE', #10760, #8527, #7588, .T. ) ;
#1001 = CARTESIAN_POINT ( 'NONE',  ( 19.17282655130632563, 48.98547018668786279, -2.400000000000005240 ) ) ;
#1002 = DIRECTION ( 'NONE',  ( -0.000000000000000000, -0.000000000000000000, -1.000000000000000000 ) ) ;
#1003 = DIRECTION ( 'NONE',  ( 0.7071067811865802133, 0.000000000000000000, 0.7071067811865149322 ) ) ;
#1004 = CARTESIAN_POINT ( 'NONE',  ( -100.1230708671832446, 14.33828712079580470, -2.272870761041802190 ) ) ;
#1005 = VECTOR ( 'NONE', #4295, 999.9999999999998863 ) ;
#1006 = DIRECTION ( 'NONE',  ( -0.7071067811865148212, 0.000000000000000000, -0.7071067811865802133 ) ) ;
#1007 = EDGE_LOOP ( 'NONE', ( #2786, #2775, #6540, #10389 ) ) ;
#1008 = CARTESIAN_POINT ( 'NONE',  ( 14.89654736256547451, 80.72197648121036195, 3.399999999999994138 ) ) ;
#1009 = CARTESIAN_POINT ( 'NONE',  ( 19.16656566632112302, 18.04625851918304136, -2.613211992824872265 ) ) ;
#1010 = EDGE_LOOP ( 'NONE', ( #2553, #8863, #508, #10849 ) ) ;
#1011 = EDGE_CURVE ( 'NONE', #7082, #643, #6111, .T. ) ;
#1012 = ORIENTED_EDGE ( 'NONE', *, *, #7436, .T. ) ;
#1013 = AXIS2_PLACEMENT_3D ( 'NONE', #5288, #11853, #11431 ) ;
#1014 = DIRECTION ( 'NONE',  ( 0.000000000000000000, 0.000000000000000000, 1.000000000000000000 ) ) ;
#1015 = FACE_OUTER_BOUND ( 'NONE', #4515, .T. ) ;
#1016 = DIRECTION ( 'NONE',  ( 0.9999999999999839018, -1.798198651385040398E-07, 0.000000000000000000 ) ) ;
#1017 = CARTESIAN_POINT ( 'NONE',  ( 0.000000000000000000, 73.14410401970062026, 7.399999999999998579 ) ) ;
#1018 = CARTESIAN_POINT ( 'NONE',  ( -31.83956492877111799, 81.84927683073857452, -5.617791192023609881 ) ) ;
#1019 = CARTESIAN_POINT ( 'NONE',  ( 1.437235167192210561, 84.94723229186000424, 4.451571176777700423 ) ) ;
#1020 = DIRECTION ( 'NONE',  ( 1.000000000000000000, 6.554723151292405432E-17, 0.000000000000000000 ) ) ;
#1021 = VERTEX_POINT ( 'NONE', #2948 ) ;
#1022 = AXIS2_PLACEMENT_3D ( 'NONE', #8334, #12029, #946 ) ;
#1023 = DIRECTION ( 'NONE',  ( -0.6830127028748472773, 0.1830126982250940282, 0.7071067811865235919 ) ) ;
#1024 = VERTEX_POINT ( 'NONE', #4547 ) ;
#1025 = EDGE_CURVE ( 'NONE', #5018, #3052, #7461, .T. ) ;
#1026 = EDGE_CURVE ( 'NONE', #11563, #5155, #4367, .T. ) ;
#1027 = CYLINDRICAL_SURFACE ( 'NONE', #3619, 0.9999999999999986677 ) ;
#1028 = CARTESIAN_POINT ( 'NONE',  ( -30.59025596088959276, 7.216534519061156061, 4.400000000000000355 ) ) ;
#1029 = CONICAL_SURFACE ( 'NONE', #2977, 0.2999999999999669598, 0.7853981633974945753 ) ;
#1030 = CARTESIAN_POINT ( 'NONE',  ( -0.000000000000000000, 81.84411100000002648, -1.900000000000000355 ) ) ;
#1031 = CARTESIAN_POINT ( 'NONE',  ( -90.21227469707440605, 76.84410589528943092, -1.499999999999999556 ) ) ;
#1032 = LINE ( 'NONE', #6233, #2554 ) ;
#1033 = DIRECTION ( 'NONE',  ( 0.000000000000000000, -1.000000000000000000, 0.000000000000000000 ) ) ;
#1034 = AXIS2_PLACEMENT_3D ( 'NONE', #6925, #6743, #10484 ) ;
#1035 = EDGE_CURVE ( 'NONE', #8577, #8287, #5920, .T. ) ;
#1036 = CARTESIAN_POINT ( 'NONE',  ( 18.16772100000000378, 50.98547018669192710, -4.400000000000000355 ) ) ;
#1037 = ORIENTED_EDGE ( 'NONE', *, *, #2966, .T. ) ;
#1038 = CIRCLE ( 'NONE', #10021, 1.000000000000000888 ) ;
#1039 = ORIENTED_EDGE ( 'NONE', *, *, #10946, .T. ) ;
#1040 = VERTEX_POINT ( 'NONE', #11646 ) ;
#1041 = DIRECTION ( 'NONE',  ( -0.000000000000000000, 0.000000000000000000, 1.000000000000000000 ) ) ;
#1042 = CARTESIAN_POINT ( 'NONE',  ( -1.583999485612814758E-16, 1.244117980299770165, -1.900000000000000355 ) ) ;
#1043 = VECTOR ( 'NONE', #2212, 1000.000000000000000 ) ;
#1044 = DIRECTION ( 'NONE',  ( -0.02449038290372379523, -0.9997000655922899659, 0.000000000000000000 ) ) ;
#1045 = CARTESIAN_POINT ( 'NONE',  ( -20.46457117769875822, -2.718857409966865646, -4.481602674758513594 ) ) ;
#1046 = CARTESIAN_POINT ( 'NONE',  ( -34.49221783284409071, 81.88336270323512167, -2.953553223573229580 ) ) ;
#1047 = LINE ( 'NONE', #6417, #6196 ) ;
#1048 = VERTEX_POINT ( 'NONE', #8685 ) ;
#1049 = EDGE_CURVE ( 'NONE', #341, #11249, #331, .T. ) ;
#1050 = LINE ( 'NONE', #5866, #11823 ) ;
#1051 = CARTESIAN_POINT ( 'NONE',  ( -6.995627292624884679E-07, -1.755901525349087278, -1.900000000000000355 ) ) ;
#1052 = ORIENTED_EDGE ( 'NONE', *, *, #3077, .T. ) ;
#1053 = AXIS2_PLACEMENT_3D ( 'NONE', #6129, #9870, #766 ) ;
#1054 = ORIENTED_EDGE ( 'NONE', *, *, #10088, .F. ) ;
#1055 = EDGE_LOOP ( 'NONE', ( #9587, #52, #4717, #2928 ) ) ;
#1056 = DIRECTION ( 'NONE',  ( -1.000000000000000000, 6.584418764838352724E-17, 0.000000000000000000 ) ) ;
#1057 = CARTESIAN_POINT ( 'NONE',  ( -119.3122720196896722, 31.06910750985031910, -1.900000000000000355 ) ) ;
#1058 = LINE ( 'NONE', #10225, #8063 ) ;
#1059 = CARTESIAN_POINT ( 'NONE',  ( 8.422096595950051778, -4.862499794919266982, 7.099999999999989875 ) ) ;
#1060 = CARTESIAN_POINT ( 'NONE',  ( -49.66227899999999096, 19.69411099999999593, 7.099999999999989875 ) ) ;
#1061 = CARTESIAN_POINT ( 'NONE',  ( -100.4494682978926647, 14.20129396573688751, -4.485088767559852307 ) ) ;
#1062 = AXIS2_PLACEMENT_3D ( 'NONE', #3816, #9262, #1985 ) ;
#1063 = VECTOR ( 'NONE', #70, 1000.000000000000000 ) ;
#1064 = DIRECTION ( 'NONE',  ( -0.000000000000000000, -0.000000000000000000, 1.000000000000000000 ) ) ;
#1065 = VERTEX_POINT ( 'NONE', #5817 ) ;
#1066 = CARTESIAN_POINT ( 'NONE',  ( 14.98051437962011789, 80.65674021451509645, 3.389306644625994291 ) ) ;
#1067 = EDGE_CURVE ( 'NONE', #10509, #10105, #3924, .T. ) ;
#1068 = EDGE_CURVE ( 'NONE', #11943, #11387, #6964, .T. ) ;
#1069 = CARTESIAN_POINT ( 'NONE',  ( -4.612278999999991136, 19.99411100000003572, 7.399999999999998579 ) ) ;
#1070 = ORIENTED_EDGE ( 'NONE', *, *, #1289, .F. ) ;
#1071 = VERTEX_POINT ( 'NONE', #4041 ) ;
#1072 = AXIS2_PLACEMENT_3D ( 'NONE', #5891, #6018, #7904 ) ;
#1073 = VECTOR ( 'NONE', #8556, 1000.000000000000114 ) ;
#1074 = DIRECTION ( 'NONE',  ( 1.000000000000000000, 0.000000000000000000, 0.000000000000000000 ) ) ;
#1075 = DIRECTION ( 'NONE',  ( 1.492741799624945840E-62, 0.000000000000000000, -1.000000000000000000 ) ) ;
#1076 = CARTESIAN_POINT ( 'NONE',  ( -49.66227902055459964, 2.244117980299764170, 7.099999999999989875 ) ) ;
#1077 = CARTESIAN_POINT ( 'NONE',  ( -22.02266691956166866, -2.319463384969793651, -6.335974577247832862 ) ) ;
#1078 = CARTESIAN_POINT ( 'NONE',  ( -31.43154127683014210, 81.84926519520715260, -4.266452649545344755 ) ) ;
#1079 = CARTESIAN_POINT ( 'NONE',  ( -69.43142950036545358, 81.84411100000002648, -4.400000000000000355 ) ) ;
#1080 = CARTESIAN_POINT ( 'NONE',  ( 0.4024621433321264319, 85.16133179178429202, 3.905627114868790439 ) ) ;
#1081 = FACE_OUTER_BOUND ( 'NONE', #6762, .T. ) ;
#1082 = VECTOR ( 'NONE', #8468, 1000.000000000000000 ) ;
#1083 = VERTEX_POINT ( 'NONE', #7888 ) ;
#1084 = EDGE_CURVE ( 'NONE', #11005, #8278, #9666, .T. ) ;
#1085 = DIRECTION ( 'NONE',  ( -0.7071067811865230368, 0.000000000000000000, 0.7071067811865721087 ) ) ;
#1086 = EDGE_LOOP ( 'NONE', ( #6243, #8969, #10370, #5450 ) ) ;
#1087 = CARTESIAN_POINT ( 'NONE',  ( -31.21227899999999167, 19.69411099999999948, 7.099999999999989875 ) ) ;
#1088 = LINE ( 'NONE', #3039, #11619 ) ;
#1089 = CIRCLE ( 'NONE', #313, 2.899999999999891998 ) ;
#1090 = CARTESIAN_POINT ( 'NONE',  ( -7.662260430057335370, 81.84410925728559505, -2.400000000000000355 ) ) ;
#1091 = DIRECTION ( 'NONE',  ( -2.264040540203754199E-16, 1.000000000000000000, -0.000000000000000000 ) ) ;
#1092 = DIRECTION ( 'NONE',  ( 0.2588190399164183031, 0.9659258276786801822, 0.000000000000000000 ) ) ;
#1093 = CYLINDRICAL_SURFACE ( 'NONE', #5641, 1.899999999999999467 ) ;
#1094 = EDGE_CURVE ( 'NONE', #9375, #2012, #1120, .T. ) ;
#1095 = ADVANCED_FACE ( 'NONE', ( #10586 ), #4168, .F. ) ;
#1096 = CARTESIAN_POINT ( 'NONE',  ( 19.24360793108456846, 48.41427269254759125, -5.846449543848276420 ) ) ;
#1097 = DIRECTION ( 'NONE',  ( -0.5000000000000002220, -0.8660254037844384856, 0.000000000000000000 ) ) ;
#1098 = ORIENTED_EDGE ( 'NONE', *, *, #6170, .T. ) ;
#1099 = VECTOR ( 'NONE', #8222, 1000.000000000000000 ) ;
#1100 = DIRECTION ( 'NONE',  ( 0.000000000000000000, -1.000000000000000000, 0.000000000000000000 ) ) ;
#1101 = CARTESIAN_POINT ( 'NONE',  ( -80.50782314279000218, 73.14186833868100734, 5.399999999999998579 ) ) ;
#1102 = ORIENTED_EDGE ( 'NONE', *, *, #11154, .F. ) ;
#1103 = ORIENTED_EDGE ( 'NONE', *, *, #10677, .F. ) ;
#1104 = PLANE ( 'NONE',  #3571 ) ;
#1105 = CARTESIAN_POINT ( 'NONE',  ( -119.2767997265604834, 60.17521305394346598, -6.439980624619756178 ) ) ;
#1106 = AXIS2_PLACEMENT_3D ( 'NONE', #7710, #7462, #9426 ) ;
#1107 = ADVANCED_FACE ( 'NONE', ( #10653 ), #3129, .T. ) ;
#1108 = EDGE_CURVE ( 'NONE', #8391, #6451, #8566, .T. ) ;
#1109 = CARTESIAN_POINT ( 'NONE',  ( -20.43781707393161540, -2.619009734278218815, -6.439980624293355049 ) ) ;
#1110 = CARTESIAN_POINT ( 'NONE',  ( -34.00262168677546981, 81.87365269574777926, -6.186789390830439217 ) ) ;
#1111 = PLANE ( 'NONE',  #3295 ) ;
#1112 = AXIS2_PLACEMENT_3D ( 'NONE', #7662, #11221, #4680 ) ;
#1113 = DIRECTION ( 'NONE',  ( 0.000000000000000000, -1.982541115402065307E-15, -1.000000000000000000 ) ) ;
#1114 = CARTESIAN_POINT ( 'NONE',  ( -11.02841460033911680, 1.461745291721248785, 4.400000000000000355 ) ) ;
#1115 = VERTEX_POINT ( 'NONE', #9731 ) ;
#1116 = ORIENTED_EDGE ( 'NONE', *, *, #4211, .F. ) ;
#1117 = DIRECTION ( 'NONE',  ( -1.000000000000000000, 0.000000000000000000, 0.000000000000000000 ) ) ;
#1118 = CARTESIAN_POINT ( 'NONE',  ( -68.04424108330115928, 81.92589924883137087, -4.995599230578825711 ) ) ;
#1119 = DIRECTION ( 'NONE',  ( 1.000000000000000000, 0.000000000000000000, 0.000000000000000000 ) ) ;
#1120 = LINE ( 'NONE', #4959, #2016 ) ;
#1121 = DIRECTION ( 'NONE',  ( -1.798198670589261751E-07, -0.9999999999999839018, -0.000000000000000000 ) ) ;
#1122 = EDGE_CURVE ( 'NONE', #4505, #10604, #11520, .T. ) ;
#1123 = CARTESIAN_POINT ( 'NONE',  ( -41.71228598029825463, 81.14098492032248089, 5.399999999999998579 ) ) ;
#1124 = CARTESIAN_POINT ( 'NONE',  ( -100.7758657286020707, 14.25570146044830722, -4.995599231573638832 ) ) ;
#1125 = AXIS2_PLACEMENT_3D ( 'NONE', #3817, #2841, #3758 ) ;
#1126 = PLANE ( 'NONE',  #7822 ) ;
#1127 = ORIENTED_EDGE ( 'NONE', *, *, #8219, .T. ) ;
#1128 = LINE ( 'NONE', #5824, #4724 ) ;
#1129 = DIRECTION ( 'NONE',  ( -0.000000000000000000, -0.000000000000000000, -1.000000000000000000 ) ) ;
#1130 = VERTEX_POINT ( 'NONE', #3069 ) ;
#1131 = ORIENTED_EDGE ( 'NONE', *, *, #4828, .F. ) ;
#1132 = VERTEX_POINT ( 'NONE', #3980 ) ;
#1133 = CARTESIAN_POINT ( 'NONE',  ( -11.03025798317839445, 1.975448838409208596, 7.399999999999998579 ) ) ;
#1134 = DIRECTION ( 'NONE',  ( 1.000000000000000000, 0.000000000000000000, 0.000000000000000000 ) ) ;
#1135 = FACE_OUTER_BOUND ( 'NONE', #11884, .T. ) ;
#1136 = LINE ( 'NONE', #2842, #2405 ) ;
#1137 = CARTESIAN_POINT ( 'NONE',  ( -21.66833444935213748, -2.414391710639671285, -6.198030238138668047 ) ) ;
#1138 = CARTESIAN_POINT ( 'NONE',  ( -32.91347101636426231, 81.84922040096036255, -2.463771160163768403 ) ) ;
#1139 = EDGE_CURVE ( 'NONE', #6978, #4476, #6843, .T. ) ;
#1140 = CARTESIAN_POINT ( 'NONE',  ( -3.312279000000035278, 76.84411099999999806, 7.399999999999998579 ) ) ;
#1141 = CARTESIAN_POINT ( 'NONE',  ( 0.09070709145233193937, 85.22479505316488257, 3.393841606536028621 ) ) ;
#1142 = DIRECTION ( 'NONE',  ( -0.000000000000000000, -0.000000000000000000, -1.000000000000000000 ) ) ;
#1143 = AXIS2_PLACEMENT_3D ( 'NONE', #1101, #10385, #1349 ) ;
#1144 = ORIENTED_EDGE ( 'NONE', *, *, #270, .F. ) ;
#1145 = LINE ( 'NONE', #6506, #6212 ) ;
#1146 = VERTEX_POINT ( 'NONE', #8810 ) ;
#1147 = DIRECTION ( 'NONE',  ( 0.2588190399164182476, 0.9659258276786801822, 0.000000000000000000 ) ) ;
#1148 = AXIS2_PLACEMENT_3D ( 'NONE', #8902, #2367, #7122 ) ;
#1149 = AXIS2_PLACEMENT_3D ( 'NONE', #11511, #5809, #10575 ) ;
#1150 = DIRECTION ( 'NONE',  ( 0.000000000000000000, 1.000000000000000000, 0.000000000000000000 ) ) ;
#1151 = CARTESIAN_POINT ( 'NONE',  ( -119.9122790047357370, 13.69411797798554709, 6.400000000000025224 ) ) ;
#1152 = ADVANCED_FACE ( 'NONE', ( #5999 ), #208, .T. ) ;
#1153 = ADVANCED_FACE ( 'NONE', ( #11584 ), #6782, .T. ) ;
#1154 = CARTESIAN_POINT ( 'NONE',  ( -61.76227926797228918, 23.29411322294805586, 5.399999999999998579 ) ) ;
#1155 = DIRECTION ( 'NONE',  ( 0.000000000000000000, 0.000000000000000000, 1.000000000000000000 ) ) ;
#1156 = CARTESIAN_POINT ( 'NONE',  ( 19.19726246050405649, 48.41427269254759125, -6.186789391988859244 ) ) ;
#1157 = DIRECTION ( 'NONE',  ( -0.8660254062730191604, 0.4999999956896519770, 0.000000000000000000 ) ) ;
#1158 = ORIENTED_EDGE ( 'NONE', *, *, #11994, .T. ) ;
#1159 = DIRECTION ( 'NONE',  ( 1.000000000000000000, 0.000000000000000000, 0.000000000000000000 ) ) ;
#1160 = ORIENTED_EDGE ( 'NONE', *, *, #11626, .T. ) ;
#1161 = ADVANCED_FACE ( 'NONE', ( #1370 ), #10028, .F. ) ;
#1162 = ORIENTED_EDGE ( 'NONE', *, *, #10787, .F. ) ;
#1163 = CARTESIAN_POINT ( 'NONE',  ( -119.2999154726142592, 31.19623674881176001, -4.318403959654536273 ) ) ;
#1164 = CARTESIAN_POINT ( 'NONE',  ( -119.3506886325692165, 58.47350827951456154, -2.686416806089064302 ) ) ;
#1165 = AXIS2_PLACEMENT_3D ( 'NONE', #1241, #7769, #9554 ) ;
#1166 = CARTESIAN_POINT ( 'NONE',  ( 19.28885004190055596, 17.55666237311303490, -5.506109695705925233 ) ) ;
#1167 = CARTESIAN_POINT ( 'NONE',  ( -21.99288072281964190, -2.505208730048478660, -3.828807813543364968 ) ) ;
#1168 = CARTESIAN_POINT ( 'NONE',  ( -35.14501269426892804, 81.84855807182346155, -5.506109694575008540 ) ) ;
#1169 = DIRECTION ( 'NONE',  ( -0.2588190399164175814, -0.9659258276786804043, 0.000000000000000000 ) ) ;
#1170 = CARTESIAN_POINT ( 'NONE',  ( 17.99837156823818418, 11.72904643824258386, 5.399999999999998579 ) ) ;
#1171 = LINE ( 'NONE', #262, #11281 ) ;
#1172 = ORIENTED_EDGE ( 'NONE', *, *, #7448, .F. ) ;
#1173 = EDGE_CURVE ( 'NONE', #10579, #1655, #1179, .T. ) ;
#1174 = VERTEX_POINT ( 'NONE', #5875 ) ;
#1175 = EDGE_CURVE ( 'NONE', #10579, #11924, #3587, .T. ) ;
#1176 = LINE ( 'NONE', #1367, #4544 ) ;
#1177 = CARTESIAN_POINT ( 'NONE',  ( -69.51302554072671569, 81.83175445496456746, -6.527129238957629198 ) ) ;
#1178 = CARTESIAN_POINT ( 'NONE',  ( 1.435755670264670906E-05, 79.84410698035701159, -1.900000000000000355 ) ) ;
#1179 = LINE ( 'NONE', #4899, #471 ) ;
#1180 = LINE ( 'NONE', #4786, #8318 ) ;
#1181 = DIRECTION ( 'NONE',  ( 1.000000000000000000, 0.000000000000000000, 0.000000000000000000 ) ) ;
#1182 = CARTESIAN_POINT ( 'NONE',  ( 12.78459666020953556, 2.693571874106211350, 4.400000000000000355 ) ) ;
#1183 = PLANE ( 'NONE',  #8409 ) ;
#1184 = ORIENTED_EDGE ( 'NONE', *, *, #7177, .F. ) ;
#1185 = DIRECTION ( 'NONE',  ( -0.000000000000000000, 0.000000000000000000, 1.000000000000000000 ) ) ;
#1186 = VECTOR ( 'NONE', #1910, 1000.000000000000000 ) ;
#1187 = ORIENTED_EDGE ( 'NONE', *, *, #2607, .F. ) ;
#1188 = ORIENTED_EDGE ( 'NONE', *, *, #2878, .F. ) ;
#1189 = DIRECTION ( 'NONE',  ( 0.7071067811865298092, 8.659560562354715921E-17, -0.7071067811865651143 ) ) ;
#1190 = DIRECTION ( 'NONE',  ( 0.000000000000000000, 0.000000000000000000, -1.000000000000000000 ) ) ;
#1191 = ORIENTED_EDGE ( 'NONE', *, *, #6459, .F. ) ;
#1192 = EDGE_LOOP ( 'NONE', ( #6848, #3906, #1964, #5674 ) ) ;
#1193 = EDGE_CURVE ( 'NONE', #3739, #400, #10415, .T. ) ;
#1194 = DIRECTION ( 'NONE',  ( -1.000000000000000000, 0.000000000000000000, 0.000000000000000000 ) ) ;
#1195 = LINE ( 'NONE', #6558, #4630 ) ;
#1196 = LINE ( 'NONE', #5102, #463 ) ;
#1197 = DIRECTION ( 'NONE',  ( 1.798198673297554044E-07, 0.9999999999999837907, 0.000000000000000000 ) ) ;
#1198 = CARTESIAN_POINT ( 'NONE',  ( -80.81228598030135402, 16.29411100000000090, 7.399999999999998579 ) ) ;
#1199 = LINE ( 'NONE', #6563, #5354 ) ;
#1200 = LINE ( 'NONE', #10488, #7583 ) ;
#1201 = CARTESIAN_POINT ( 'NONE',  ( 19.17282654621505600, 16.85332553251686605, -2.400000000000275691 ) ) ;
#1202 = EDGE_LOOP ( 'NONE', ( #10694, #4893, #9330, #9344, #18, #8653, #4795, #9017, #731, #11468, #5629, #12028, #8641 ) ) ;
#1203 = CARTESIAN_POINT ( 'NONE',  ( -14.28726043005733715, 81.84410925728559505, 4.400000000000000355 ) ) ;
#1204 = ORIENTED_EDGE ( 'NONE', *, *, #5285, .T. ) ;
#1205 = AXIS2_PLACEMENT_3D ( 'NONE', #4110, #6119, #6970 ) ;
#1206 = EDGE_CURVE ( 'NONE', #670, #4315, #2517, .T. ) ;
#1207 = CARTESIAN_POINT ( 'NONE',  ( 19.16772100000000734, 48.98547018669192710, -4.400000000000000355 ) ) ;
#1208 = CARTESIAN_POINT ( 'NONE',  ( 0.000000000000000000, 20.69411099999999948, 4.400000000000000355 ) ) ;
#1209 = DIRECTION ( 'NONE',  ( 1.492741799624945840E-62, 0.000000000000000000, -1.000000000000000000 ) ) ;
#1210 = DIRECTION ( 'NONE',  ( 0.000000000000000000, 0.000000000000000000, 1.000000000000000000 ) ) ;
#1211 = CYLINDRICAL_SURFACE ( 'NONE', #5939, 1.625000000000001332 ) ;
#1212 = DIRECTION ( 'NONE',  ( 1.000000000000000000, 0.000000000000000000, 0.000000000000000000 ) ) ;
#1213 = AXIS2_PLACEMENT_3D ( 'NONE', #10863, #3457, #4141 ) ;
#1214 = CARTESIAN_POINT ( 'NONE',  ( 19.20972665447149552, 47.59828176962523827, -3.293894456394887094 ) ) ;
#1215 = DIRECTION ( 'NONE',  ( -0.7071067811865802133, 0.000000000000000000, 0.7071067811865149322 ) ) ;
#1216 = ORIENTED_EDGE ( 'NONE', *, *, #7024, .F. ) ;
#1217 = EDGE_CURVE ( 'NONE', #4779, #5035, #1659, .T. ) ;
#1218 = ADVANCED_FACE ( 'NONE', ( #5265 ), #10774, .F. ) ;
#1219 = DIRECTION ( 'NONE',  ( -0.02449038290409118884, -0.9997000655922809731, 0.000000000000000000 ) ) ;
#1220 = AXIS2_PLACEMENT_3D ( 'NONE', #1433, #8756, #11836 ) ;
#1221 = DIRECTION ( 'NONE',  ( -1.000000000000000000, 0.000000000000000000, 0.000000000000000000 ) ) ;
#1222 = CARTESIAN_POINT ( 'NONE',  ( 20.16772100000000378, 12.48788592914254103, 5.399999999999998579 ) ) ;
#1223 = CARTESIAN_POINT ( 'NONE',  ( -119.4050957359493736, 59.15418935909964659, -5.787188417060550094 ) ) ;
#1224 = EDGE_CURVE ( 'NONE', #993, #6585, #6693, .T. ) ;
#1225 = AXIS2_PLACEMENT_3D ( 'NONE', #5127, #8048, #1527 ) ;
#1226 = CARTESIAN_POINT ( 'NONE',  ( -23.09587226232746104, -2.019213142144486550, -6.439980624617080984 ) ) ;
#1227 = CARTESIAN_POINT ( 'NONE',  ( -33.51302554070682760, 82.03599223825240472, -4.995599230561261983 ) ) ;
#1228 = CARTESIAN_POINT ( 'NONE',  ( -80.32716507108405324, 1.967833251091644087, 4.400000000000000355 ) ) ;
#1229 = DIRECTION ( 'NONE',  ( 0.000000000000000000, -1.000000000000000000, 0.000000000000000000 ) ) ;
#1230 = CARTESIAN_POINT ( 'NONE',  ( -79.51673485720000656, 22.99635366131899872, -1.900000000000000355 ) ) ;
#1231 = ORIENTED_EDGE ( 'NONE', *, *, #2417, .F. ) ;
#1232 = ORIENTED_EDGE ( 'NONE', *, *, #11294, .T. ) ;
#1233 = CARTESIAN_POINT ( 'NONE',  ( 0.000000000000000000, 22.99411100000003216, 7.399999999999998579 ) ) ;
#1234 = VECTOR ( 'NONE', #11222, 1000.000000000000114 ) ;
#1235 = CARTESIAN_POINT ( 'NONE',  ( -68.04424108330115928, 81.93693471624848712, -4.314918150687090836 ) ) ;
#1236 = FACE_OUTER_BOUND ( 'NONE', #1377, .T. ) ;
#1237 = DIRECTION ( 'NONE',  ( -1.798198670589261751E-07, -0.9999999999999839018, 0.000000000000000000 ) ) ;
#1238 = VECTOR ( 'NONE', #797, 1000.000000000000000 ) ;
#1239 = CARTESIAN_POINT ( 'NONE',  ( -97.83358360373776463, 14.28893118382223548, -5.999467284029433856 ) ) ;
#1240 = LINE ( 'NONE', #10657, #2933 ) ;
#1241 = CARTESIAN_POINT ( 'NONE',  ( 3.193571330174634237, -11.91857111360542376, 7.099999999999989875 ) ) ;
#1242 = ADVANCED_FACE ( 'NONE', ( #10956 ), #1425, .T. ) ;
#1243 = EDGE_CURVE ( 'NONE', #5881, #5647, #5317, .T. ) ;
#1244 = DIRECTION ( 'NONE',  ( 1.000000000000000000, 0.000000000000000000, 0.000000000000000000 ) ) ;
#1245 = ORIENTED_EDGE ( 'NONE', *, *, #3049, .T. ) ;
#1246 = CARTESIAN_POINT ( 'NONE',  ( 16.46996554466863216, 76.14634522601235744, -1.900000000000000355 ) ) ;
#1247 = VECTOR ( 'NONE', #5024, 999.9999999999998863 ) ;
#1248 = CARTESIAN_POINT ( 'NONE',  ( -1.557786344851923830E-14, 15.29411798029987679, -1.900000000000000355 ) ) ;
#1249 = ORIENTED_EDGE ( 'NONE', *, *, #6556, .T. ) ;
#1250 = ORIENTED_EDGE ( 'NONE', *, *, #3785, .F. ) ;
#1251 = CARTESIAN_POINT ( 'NONE',  ( -33.43142950036545358, 81.84921655131648777, -2.399999999999996803 ) ) ;
#1252 = ORIENTED_EDGE ( 'NONE', *, *, #8408, .F. ) ;
#1253 = ORIENTED_EDGE ( 'NONE', *, *, #8912, .T. ) ;
#1254 = ORIENTED_EDGE ( 'NONE', *, *, #3712, .F. ) ;
#1255 = DIRECTION ( 'NONE',  ( 0.000000000000000000, 0.000000000000000000, -1.000000000000000000 ) ) ;
#1256 = CARTESIAN_POINT ( 'NONE',  ( 15.07633416322378928, 80.58197183938403896, 3.362901005375264596 ) ) ;
#1257 = CARTESIAN_POINT ( 'NONE',  ( 12.41857130266412312, 4.059597251194531076, 7.099999999999989875 ) ) ;
#1258 = DIRECTION ( 'NONE',  ( 0.000000000000000000, 0.000000000000000000, 1.000000000000000000 ) ) ;
#1259 = CARTESIAN_POINT ( 'NONE',  ( -31.53417134045940173, 81.84921367726693120, -3.753818665945003907 ) ) ;
#1260 = DIRECTION ( 'NONE',  ( 0.000000000000000000, -0.000000000000000000, -1.000000000000000000 ) ) ;
#1261 = DIRECTION ( 'NONE',  ( 1.000000000000000000, 0.000000000000000000, 0.000000000000000000 ) ) ;
#1262 = EDGE_CURVE ( 'NONE', #9919, #5507, #5144, .T. ) ;
#1263 = LINE ( 'NONE', #2909, #805 ) ;
#1264 = VERTEX_POINT ( 'NONE', #8992 ) ;
#1265 = AXIS2_PLACEMENT_3D ( 'NONE', #7313, #4389, #8293 ) ;
#1266 = CARTESIAN_POINT ( 'NONE',  ( 19.16772100000002865, 26.58547018669192852, 2.299999999999991829 ) ) ;
#1267 = ORIENTED_EDGE ( 'NONE', *, *, #3650, .F. ) ;
#1268 = VECTOR ( 'NONE', #9356, 999.9999999999998863 ) ;
#1269 = DIRECTION ( 'NONE',  ( -0.000000000000000000, 0.000000000000000000, 1.000000000000000000 ) ) ;
#1270 = CARTESIAN_POINT ( 'NONE',  ( 19.16772100000000734, 48.98547018669192710, -2.400000000000005240 ) ) ;
#1271 = CARTESIAN_POINT ( 'NONE',  ( -60.16227158493175153, 85.84411100000001227, -1.900000000000000355 ) ) ;
#1272 = CARTESIAN_POINT ( 'NONE',  ( -53.66227900109224436, -0.3558820217042209522, 6.400000000000025224 ) ) ;
#1273 = LINE ( 'NONE', #5178, #1366 ) ;
#1274 = AXIS2_PLACEMENT_3D ( 'NONE', #2108, #3024, #1194 ) ;
#1275 = AXIS2_PLACEMENT_3D ( 'NONE', #7757, #3247, #5136 ) ;
#1276 = EDGE_CURVE ( 'NONE', #11670, #4552, #6114, .T. ) ;
#1277 = DIRECTION ( 'NONE',  ( 0.5000000044812192845, 0.8660254011972055022, 0.000000000000000000 ) ) ;
#1278 = PLANE ( 'NONE',  #11526 ) ;
#1279 = CARTESIAN_POINT ( 'NONE',  ( -24.45559143809330394, -1.667544910826674442, -4.400000000004067324 ) ) ;
#1280 = ORIENTED_EDGE ( 'NONE', *, *, #1384, .F. ) ;
#1281 = ORIENTED_EDGE ( 'NONE', *, *, #1982, .F. ) ;
#1282 = DIRECTION ( 'NONE',  ( 1.000000000000000000, 0.000000000000000000, 0.000000000000000000 ) ) ;
#1283 = AXIS2_PLACEMENT_3D ( 'NONE', #7665, #11410, #44 ) ;
#1284 = LINE ( 'NONE', #9773, #4986 ) ;
#1285 = ORIENTED_EDGE ( 'NONE', *, *, #4677, .F. ) ;
#1286 = DIRECTION ( 'NONE',  ( 1.000000000000000000, 0.000000000000000000, 0.000000000000000000 ) ) ;
#1287 = CARTESIAN_POINT ( 'NONE',  ( -119.3601021151684876, 58.98401874329225336, -6.113584520840152692 ) ) ;
#1288 = CARTESIAN_POINT ( 'NONE',  ( -119.3173775709962570, 61.06910750985028358, -4.400000000004058442 ) ) ;
#1289 = EDGE_CURVE ( 'NONE', #6138, #2464, #2454, .T. ) ;
#1290 = AXIS2_PLACEMENT_3D ( 'NONE', #6089, #11742, #2365 ) ;
#1291 = CARTESIAN_POINT ( 'NONE',  ( -23.12986103955773132, -2.146060987761951200, -5.460792313318748370 ) ) ;
#1292 = LINE ( 'NONE', #10705, #9804 ) ;
#1293 = DIRECTION ( 'NONE',  ( -0.9999999999999837907, 1.798198670589261751E-07, 0.000000000000000000 ) ) ;
#1294 = LINE ( 'NONE', #7014, #5170 ) ;
#1295 = LINE ( 'NONE', #4034, #5605 ) ;
#1296 = ORIENTED_EDGE ( 'NONE', *, *, #4878, .T. ) ;
#1297 = ORIENTED_EDGE ( 'NONE', *, *, #8815, .T. ) ;
#1298 = VERTEX_POINT ( 'NONE', #4406 ) ;
#1299 = VECTOR ( 'NONE', #5223, 1000.000000000000000 ) ;
#1300 = DIRECTION ( 'NONE',  ( -1.000000000000000000, 0.000000000000000000, -1.492741799624945840E-62 ) ) ;
#1301 = CARTESIAN_POINT ( 'NONE',  ( -68.86023200622652496, 82.02094127488265940, -3.804406303035026582 ) ) ;
#1302 = CARTESIAN_POINT ( 'NONE',  ( -4.862499827847914347, -8.422096850433289816, 7.099999999999989875 ) ) ;
#1303 = DIRECTION ( 'NONE',  ( -1.000000000000000000, 0.000000000000000000, 0.000000000000000000 ) ) ;
#1304 = DIRECTION ( 'NONE',  ( -0.9999999999999836797, 1.798198627038045005E-07, 0.000000000000000000 ) ) ;
#1305 = ADVANCED_FACE ( 'NONE', ( #5204 ), #9109, .T. ) ;
#1306 = EDGE_CURVE ( 'NONE', #1450, #11355, #7946, .T. ) ;
#1307 = DIRECTION ( 'NONE',  ( -1.018552587902411439E-15, 1.000000000000000000, 0.000000000000000000 ) ) ;
#1308 = CARTESIAN_POINT ( 'NONE',  ( -67.92595595184283752, 81.84929235454193019, -3.076917025046246756 ) ) ;
#1309 = FACE_OUTER_BOUND ( 'NONE', #4628, .T. ) ;
#1310 =( NAMED_UNIT ( * ) PLANE_ANGLE_UNIT ( ) SI_UNIT ( $, .RADIAN. ) );
#1311 = B_SPLINE_CURVE_WITH_KNOTS ( 'NONE', 3,
 ( #7379, #3721, #11125, #799, #10085, #2863, #5551, #7439, #2742, #2799, #7322, #978, #10324, #11004, #5673, #9400, #8478, #11069, #6520, #2686, #6404, #10264, #4701, #9221, #858, #4584, #6763, #8544, #8667, #11370 ),
 .UNSPECIFIED., .F., .F.,
 ( 4, 2, 2, 2, 2, 2, 2, 2, 2, 2, 2, 2, 2, 2, 4 ),
 ( 0.000000000000000000, 0.0003908071656751621885, 0.0007816143313503243770, 0.001172421497025486620, 0.001563228662700648754, 0.002344842994050973239, 0.003126457325401297508, 0.003517264491076459859, 0.003908071656751621777, 0.004298878822426783694, 0.004689685988101946479, 0.005080493153777108396, 0.005471300319452270314, 0.005862107485127433099, 0.006252914650802595016 ),
 .UNSPECIFIED. ) ;
#1312 = VECTOR ( 'NONE', #8688, 1000.000000000000000 ) ;
#1313 = ORIENTED_EDGE ( 'NONE', *, *, #6523, .F. ) ;
#1314 = CARTESIAN_POINT ( 'NONE',  ( -80.81228598030135402, 16.29411100000000090, -1.900000000000000577 ) ) ;
#1315 = ORIENTED_EDGE ( 'NONE', *, *, #8786, .T. ) ;
#1316 = ORIENTED_EDGE ( 'NONE', *, *, #1884, .F. ) ;
#1317 = LINE ( 'NONE', #8881, #4456 ) ;
#1318 = VERTEX_POINT ( 'NONE', #8869 ) ;
#1319 = EDGE_CURVE ( 'NONE', #9314, #10612, #8003, .T. ) ;
#1320 = CARTESIAN_POINT ( 'NONE',  ( 15.46773311198623801, 79.84410419895390021, 2.799999999999989164 ) ) ;
#1321 = CARTESIAN_POINT ( 'NONE',  ( 15.34066502918897612, 80.37377256958269811, 3.169766577961143028 ) ) ;
#1322 = CARTESIAN_POINT ( 'NONE',  ( -4.059597051803662815, 12.41857164801922586, 4.400000000000000355 ) ) ;
#1323 = VECTOR ( 'NONE', #6902, 1000.000000000000227 ) ;
#1324 = FACE_OUTER_BOUND ( 'NONE', #5096, .T. ) ;
#1325 = DIRECTION ( 'NONE',  ( -0.000000000000000000, -0.000000000000000000, 1.000000000000000000 ) ) ;
#1326 = CARTESIAN_POINT ( 'NONE',  ( 18.16772100000000378, 26.58547018669192852, 1.699999999999992184 ) ) ;
#1327 = CARTESIAN_POINT ( 'NONE',  ( 19.17282056699626125, 15.03805115881800880, -3.875176449575721271 ) ) ;
#1328 = ORIENTED_EDGE ( 'NONE', *, *, #5748, .F. ) ;
#1329 = VERTEX_POINT ( 'NONE', #6173 ) ;
#1330 = VECTOR ( 'NONE', #202, 1000.000000000000000 ) ;
#1331 = LINE ( 'NONE', #5048, #9743 ) ;
#1332 = ORIENTED_EDGE ( 'NONE', *, *, #7902, .F. ) ;
#1333 = ADVANCED_FACE ( 'NONE', ( #632 ), #11769, .T. ) ;
#1334 = EDGE_CURVE ( 'NONE', #668, #1810, #1647, .T. ) ;
#1335 = DIRECTION ( 'NONE',  ( -0.000000000000000000, -0.000000000000000000, -1.000000000000000000 ) ) ;
#1336 = LINE ( 'NONE', #9820, #325 ) ;
#1337 = FACE_OUTER_BOUND ( 'NONE', #11998, .T. ) ;
#1338 = DIRECTION ( 'NONE',  ( -1.000000000000000000, 0.000000000000000000, 0.000000000000000000 ) ) ;
#1339 = CARTESIAN_POINT ( 'NONE',  ( -97.67509411766214100, 14.21232935540644959, -3.804406304015837570 ) ) ;
#1340 = VECTOR ( 'NONE', #127, 1000.000000000000000 ) ;
#1341 = CARTESIAN_POINT ( 'NONE',  ( 19.17541124596091251, 47.59828176962523827, -2.953553224610078409 ) ) ;
#1342 = CARTESIAN_POINT ( 'NONE',  ( 19.07803052847571479, 15.27188566585233787, -6.527129240127193199 ) ) ;
#1343 = CARTESIAN_POINT ( 'NONE',  ( -119.3122720196896722, 31.06910750985031910, -4.400000000000000355 ) ) ;
#1344 = VERTEX_POINT ( 'NONE', #7267 ) ;
#1345 = ORIENTED_EDGE ( 'NONE', *, *, #2854, .T. ) ;
#1346 = VECTOR ( 'NONE', #4472, 1000.000000000000000 ) ;
#1347 = CIRCLE ( 'NONE', #2313, 213.9018163591636323 ) ;
#1348 = CARTESIAN_POINT ( 'NONE',  ( 5.548071889116356736, -14.87273028169757083, 5.399999999999998579 ) ) ;
#1349 = DIRECTION ( 'NONE',  ( -1.000000000000000000, 0.000000000000000000, 0.000000000000000000 ) ) ;
#1350 = EDGE_CURVE ( 'NONE', #2648, #10102, #3555, .T. ) ;
#1351 = DIRECTION ( 'NONE',  ( 0.000000000000000000, 0.000000000000000000, -1.000000000000000000 ) ) ;
#1352 = CARTESIAN_POINT ( 'NONE',  ( -119.3601023566233010, 59.15418935909964659, -2.686416806089064302 ) ) ;
#1353 = FACE_OUTER_BOUND ( 'NONE', #5857, .T. ) ;
#1354 = VECTOR ( 'NONE', #4860, 1000.000000000000000 ) ;
#1355 = AXIS2_PLACEMENT_3D ( 'NONE', #10757, #9776, #3176 ) ;
#1356 = CARTESIAN_POINT ( 'NONE',  ( -23.09587222827578046, -2.019213013207395768, -2.360019375524811114 ) ) ;
#1357 = CARTESIAN_POINT ( 'NONE',  ( -35.47141012498134671, 81.80863842933368346, -3.293894455345293792 ) ) ;
#1358 = CARTESIAN_POINT ( 'NONE',  ( -79.81230579313090345, 9.303372419931343461E-05, -1.900000000000000355 ) ) ;
#1359 = CARTESIAN_POINT ( 'NONE',  ( 20.16772100000000378, 0.000000000000000000, -1.900000000000000355 ) ) ;
#1360 = CARTESIAN_POINT ( 'NONE',  ( -70.65140895874661453, 81.84928495424885853, -2.809833865155734411 ) ) ;
#1361 = EDGE_LOOP ( 'NONE', ( #5390, #9343, #6418, #7035 ) ) ;
#1362 = ORIENTED_EDGE ( 'NONE', *, *, #3260, .F. ) ;
#1363 = EDGE_CURVE ( 'NONE', #5016, #9055, #6062, .T. ) ;
#1364 = DIRECTION ( 'NONE',  ( 1.000000000000000000, 0.000000000000000000, 0.000000000000000000 ) ) ;
#1365 = VERTEX_POINT ( 'NONE', #133 ) ;
#1366 = VECTOR ( 'NONE', #6039, 1000.000000000000000 ) ;
#1367 = CARTESIAN_POINT ( 'NONE',  ( -11.03025798317839445, 1.975448838409208152, 7.399999999999998579 ) ) ;
#1368 = CARTESIAN_POINT ( 'NONE',  ( -68.37063718708466808, 81.92303879450692250, -5.506109694586541536 ) ) ;
#1369 = CARTESIAN_POINT ( 'NONE',  ( -41.11227899999998670, 24.29411099999999379, 7.100000000000059153 ) ) ;
#1370 = FACE_OUTER_BOUND ( 'NONE', #10038, .T. ) ;
#1371 = CARTESIAN_POINT ( 'NONE',  ( -75.81228330292589135, 19.29411698796796415, 4.400000000000000355 ) ) ;
#1372 = B_SPLINE_SURFACE_WITH_KNOTS ( 'NONE', 5, 5, ( 
 ( #1109, #4830, #7513, #9293, #1958, #1045, #8492, #8553, #987, #5562, #9352, #6712 ),
 ( #925, #6771, #6652, #2993, #11255, #10272, #196, #2810, #2083, #15, #4652, #6532 ),
 ( #6593, #3853, #7693, #5682, #7574, #9410, #11321, #10332, #3730, #8369, #10456, #4770 ),
 ( #137, #9478, #1834, #4887, #2935, #1895, #5620, #4710, #10395, #2872, #3913, #9538 ),
 ( #2018, #5744, #7634, #11381, #8427, #74, #5806, #1167, #8614, #255, #11444, #3970 ),
 ( #3057, #4029, #380, #5987, #3359, #10573, #7934, #4279, #3303, #3243, #6831, #8918 ),
 ( #11570, #5863, #10640, #2142, #4946, #9718, #7752, #5010, #5134, #7012, #2200, #7993 ),
 ( #1226, #4093, #5922, #1291, #11694, #8673, #4154, #10761, #7873, #318, #6050, #1356 ),
 ( #1414, #11509, #9650, #11758, #10703, #439, #9779, #8856, #7816, #9591, #2261, #5072 ),
 ( #500, #8736, #3118, #3178, #2380, #9837, #6890, #10517, #6953, #6103, #8799, #11632 ),
 ( #2322, #1474, #4219, #5193, #559, #2503, #11878, #9098, #855, #10945, #739, #7197 ),
 ( #8299, #2442, #5427, #6276, #8238, #10082, #1648, #1590, #12053, #10019, #9218, #4455 ) ),
 .UNSPECIFIED., .F., .F., .F.,
 ( 6, 3, 3, 6 ),
 ( 6, 3, 3, 6 ),
 ( -2.127129239961158547, -0.4254299993246026812, 0.4254230801043128452, 2.127129238962144342 ),
 ( -2.039980624604859738, -0.4080001057674063070, 0.4079934709841994689, 2.039980624487410577 ),
 .UNSPECIFIED. ) ;
#1373 = CYLINDRICAL_SURFACE ( 'NONE', #9371, 1.000000000000000888 ) ;
#1374 = LINE ( 'NONE', #6907, #7196 ) ;
#1375 = LINE ( 'NONE', #335, #10963 ) ;
#1376 = FILL_AREA_STYLE_COLOUR ( '', #7472 ) ;
#1377 = EDGE_LOOP ( 'NONE', ( #9861, #2494, #1976, #4479, #3625 ) ) ;
#1378 = CARTESIAN_POINT ( 'NONE',  ( -31.39144887574173737, 81.72838449471058198, -6.527129238958155000 ) ) ;
#1379 = ORIENTED_EDGE ( 'NONE', *, *, #6512, .F. ) ;
#1380 = ORIENTED_EDGE ( 'NONE', *, *, #11731, .F. ) ;
#1381 = ORIENTED_EDGE ( 'NONE', *, *, #4025, .T. ) ;
#1382 = FACE_OUTER_BOUND ( 'NONE', #7205, .T. ) ;
#1383 = EDGE_LOOP ( 'NONE', ( #7933, #773, #8046, #2468 ) ) ;
#1384 = EDGE_CURVE ( 'NONE', #5948, #10298, #8310, .T. ) ;
#1385 = ADVANCED_FACE ( 'NONE', ( #3784 ), #12001, .F. ) ;
#1386 = FACE_OUTER_BOUND ( 'NONE', #6394, .T. ) ;
#1387 = CARTESIAN_POINT ( 'NONE',  ( -22.36227894605404387, 78.14411100154153189, 7.399999999999998579 ) ) ;
#1388 = FACE_OUTER_BOUND ( 'NONE', #3741, .T. ) ;
#1389 = DIRECTION ( 'NONE',  ( 1.000000000000000000, 0.000000000000000000, 0.000000000000000000 ) ) ;
#1390 = DIRECTION ( 'NONE',  ( 0.000000000000000000, 0.000000000000000000, 1.000000000000000000 ) ) ;
#1391 = VECTOR ( 'NONE', #8442, 1000.000000000000000 ) ;
#1392 = CARTESIAN_POINT ( 'NONE',  ( -61.16227900000001938, 81.15268391958792904, 5.399999999999998579 ) ) ;
#1393 = ORIENTED_EDGE ( 'NONE', *, *, #7967, .F. ) ;
#1394 = ADVANCED_FACE ( 'NONE', ( #10209 ), #8271, .T. ) ;
#1395 = ORIENTED_EDGE ( 'NONE', *, *, #10558, .T. ) ;
#1396 = ORIENTED_EDGE ( 'NONE', *, *, #7370, .F. ) ;
#1397 = AXIS2_PLACEMENT_3D ( 'NONE', #2608, #11111, #4686 ) ;
#1398 = FACE_OUTER_BOUND ( 'NONE', #11609, .T. ) ;
#1399 = DIRECTION ( 'NONE',  ( 1.000000000000000000, 0.000000000000000000, 0.000000000000000000 ) ) ;
#1400 = DIRECTION ( 'NONE',  ( -0.000000000000000000, 0.000000000000000000, 1.000000000000000000 ) ) ;
#1401 = CARTESIAN_POINT ( 'NONE',  ( -41.41452166131000467, 81.13965514279601621, 5.399999999999998579 ) ) ;
#1402 = CARTESIAN_POINT ( 'NONE',  ( -97.02230191010953320, 14.40984448901170900, -2.272870761041802190 ) ) ;
#1403 = CARTESIAN_POINT ( 'NONE',  ( 19.37782425660013175, 48.90386751168765045, -4.485088767641717489 ) ) ;
#1404 = EDGE_CURVE ( 'NONE', #7992, #3622, #477, .T. ) ;
#1405 = VECTOR ( 'NONE', #8952, 1000.000000000000000 ) ;
#1406 = EDGE_CURVE ( 'NONE', #4928, #3446, #11251, .T. ) ;
#1407 = VERTEX_POINT ( 'NONE', #11187 ) ;
#1408 = ORIENTED_EDGE ( 'NONE', *, *, #9926, .F. ) ;
#1409 = EDGE_LOOP ( 'NONE', ( #9149, #4895, #3907, #4313 ) ) ;
#1410 = CONICAL_SURFACE ( 'NONE', #10778, 2.025000000000040767, 0.7853981633974764787 ) ;
#1411 = CARTESIAN_POINT ( 'NONE',  ( -119.3199625860469411, 60.51555428555817429, -3.012814236801783618 ) ) ;
#1412 = PLANE ( 'NONE',  #1355 ) ;
#1413 = ADVANCED_FACE ( 'NONE', ( #4708 ), #1574, .F. ) ;
#1414 = CARTESIAN_POINT ( 'NONE',  ( -23.58165337650053317, -1.859706627929755829, -6.439980624676238108 ) ) ;
#1415 = CARTESIAN_POINT ( 'NONE',  ( -35.47141012498134671, 81.83698050079675568, -4.995599230561261983 ) ) ;
#1416 = AXIS2_PLACEMENT_3D ( 'NONE', #4356, #3441, #6913 ) ;
#1417 = CARTESIAN_POINT ( 'NONE',  ( -80.51367833427879361, 72.84410401970065152, 4.400000000000000355 ) ) ;
#1418 = CARTESIAN_POINT ( 'NONE',  ( -7.262260430057343896, 81.84410925728559505, -2.400000000000000355 ) ) ;
#1419 = ORIENTED_EDGE ( 'NONE', *, *, #10131, .F. ) ;
#1420 = VERTEX_POINT ( 'NONE', #6219 ) ;
#1421 = ORIENTED_EDGE ( 'NONE', *, *, #9760, .T. ) ;
#1422 = CARTESIAN_POINT ( 'NONE',  ( -119.4334010615653057, 27.96299781398013096, -3.828807813584978792 ) ) ;
#1423 = CARTESIAN_POINT ( 'NONE',  ( -70.00262168680170305, 81.91999820777479613, -5.846449542710238312 ) ) ;
#1424 = CARTESIAN_POINT ( 'NONE',  ( -14.28726043005733715, 81.84410925728559505, -1.499999999999983125 ) ) ;
#1425 = PLANE ( 'NONE',  #1821 ) ;
#1426 = FACE_OUTER_BOUND ( 'NONE', #1361, .T. ) ;
#1427 = DIRECTION ( 'NONE',  ( 1.000000000000000000, 0.000000000000000000, 0.000000000000000000 ) ) ;
#1428 = CARTESIAN_POINT ( 'NONE',  ( -67.84147760013237871, 81.84927732296418412, -3.179686035549367684 ) ) ;
#1429 = EDGE_CURVE ( 'NONE', #9562, #9968, #7009, .T. ) ;
#1430 = CARTESIAN_POINT ( 'NONE',  ( -49.66227899999999096, 20.69411099999999948, 4.400000000000000355 ) ) ;
#1431 = CARTESIAN_POINT ( 'NONE',  ( -41.11227899999998670, 23.29411099999999379, 4.400000000000000355 ) ) ;
#1432 = EDGE_LOOP ( 'NONE', ( #10680, #11496, #11278 ) ) ;
#1433 = CARTESIAN_POINT ( 'NONE',  ( -69.43142950036545358, 81.84411100000002648, -4.400000000000000355 ) ) ;
#1434 = ORIENTED_EDGE ( 'NONE', *, *, #5805, .T. ) ;
#1435 = EDGE_LOOP ( 'NONE', ( #8395, #37, #8277, #10135 ) ) ;
#1436 = DIRECTION ( 'NONE',  ( 1.000000000000000000, 0.000000000000000000, 0.000000000000000000 ) ) ;
#1437 = ORIENTED_EDGE ( 'NONE', *, *, #9575, .T. ) ;
#1438 = PLANE ( 'NONE',  #9141 ) ;
#1439 = ORIENTED_EDGE ( 'NONE', *, *, #2457, .T. ) ;
#1440 = ORIENTED_EDGE ( 'NONE', *, *, #4211, .T. ) ;
#1441 = CARTESIAN_POINT ( 'NONE',  ( -71.43142950036546779, 81.84411100000002648, -4.400000000000000355 ) ) ;
#1442 = CARTESIAN_POINT ( 'NONE',  ( -119.3122720196896722, 29.06910750985032621, -4.400000000000000355 ) ) ;
#1443 = CARTESIAN_POINT ( 'NONE',  ( -42.41227899999999806, 27.99411100000000019, 7.100000000000059153 ) ) ;
#1444 = CARTESIAN_POINT ( 'NONE',  ( 0.8677331119864811759, 79.84410682432395845, 2.799999999999989164 ) ) ;
#1445 = VECTOR ( 'NONE', #2030, 1000.000000000000000 ) ;
#1446 = EDGE_CURVE ( 'NONE', #6824, #7568, #9034, .T. ) ;
#1447 = CARTESIAN_POINT ( 'NONE',  ( 19.17283870847360205, 16.09850270686292006, -2.602647052220020463 ) ) ;
#1448 = EDGE_CURVE ( 'NONE', #1799, #11703, #10424, .T. ) ;
#1449 = VERTEX_POINT ( 'NONE', #1586 ) ;
#1450 = VERTEX_POINT ( 'NONE', #11813 ) ;
#1451 = ORIENTED_EDGE ( 'NONE', *, *, #1306, .T. ) ;
#1452 = VECTOR ( 'NONE', #1880, 1000.000000000000114 ) ;
#1453 = PLANE ( 'NONE',  #6316 ) ;
#1454 = LINE ( 'NONE', #6995, #2637 ) ;
#1455 = CYLINDRICAL_SURFACE ( 'NONE', #4014, 1.000000000000000888 ) ;
#1456 = CARTESIAN_POINT ( 'NONE',  ( -67.61227900000001512, 80.84411100000002648, 5.399999999999998579 ) ) ;
#1457 = CARTESIAN_POINT ( 'NONE',  ( -69.43142950036545358, 81.84411100000002648, 0.5999999999999998668 ) ) ;
#1458 = DIRECTION ( 'NONE',  ( -1.000000000000000000, 0.000000000000000000, -0.000000000000000000 ) ) ;
#1459 = EDGE_CURVE ( 'NONE', #11514, #6084, #3356, .T. ) ;
#1460 = CARTESIAN_POINT ( 'NONE',  ( 19.19726260502407911, 48.41427269254759835, -2.613211992825268837 ) ) ;
#1461 = AXIS2_PLACEMENT_3D ( 'NONE', #7475, #4737, #8582 ) ;
#1462 = AXIS2_PLACEMENT_3D ( 'NONE', #7453, #6536, #3857 ) ;
#1463 = ORIENTED_EDGE ( 'NONE', *, *, #7814, .T. ) ;
#1464 = ORIENTED_EDGE ( 'NONE', *, *, #132, .T. ) ;
#1465 = DIRECTION ( 'NONE',  ( -0.000000000000000000, -0.000000000000000000, -1.000000000000000000 ) ) ;
#1466 = DIRECTION ( 'NONE',  ( 0.9659258276786804043, -0.2588190399164175814, 0.000000000000000000 ) ) ;
#1467 = CIRCLE ( 'NONE', #7694, 1.000000000000000888 ) ;
#1468 = EDGE_CURVE ( 'NONE', #10120, #3598, #3240, .T. ) ;
#1469 = CARTESIAN_POINT ( 'NONE',  ( -74.18728330292589135, 19.29411698796796415, 4.400000000000000355 ) ) ;
#1470 = CIRCLE ( 'NONE', #6142, 1.000000000000000888 ) ;
#1471 = CARTESIAN_POINT ( 'NONE',  ( -119.3502728691679238, 60.85589551717273338, -4.481602675009021652 ) ) ;
#1472 = CARTESIAN_POINT ( 'NONE',  ( -41.71227819873822540, 84.84411115030172823, 4.400000000000000355 ) ) ;
#1473 = ORIENTED_EDGE ( 'NONE', *, *, #291, .T. ) ;
#1474 = CARTESIAN_POINT ( 'NONE',  ( -24.23383330990878903, -1.663720190385813424, -6.113584520988185389 ) ) ;
#1475 = VECTOR ( 'NONE', #4801, 1000.000000000000000 ) ;
#1476 = CARTESIAN_POINT ( 'NONE',  ( -35.14501269426892804, 81.78812710273163589, -2.613211991801165812 ) ) ;
#1477 = AXIS2_PLACEMENT_3D ( 'NONE', #3112, #10567, #2195 ) ;
#1478 = CARTESIAN_POINT ( 'NONE',  ( -60.16227201969416427, 84.84411130060338735, 4.400000000000000355 ) ) ;
#1479 = CARTESIAN_POINT ( 'NONE',  ( 11.01773485016858345, 89.51034654400793045, 0.09999999999999982514 ) ) ;
#1480 = ORIENTED_EDGE ( 'NONE', *, *, #2201, .T. ) ;
#1481 = ORIENTED_EDGE ( 'NONE', *, *, #291, .F. ) ;
#1482 = ORIENTED_EDGE ( 'NONE', *, *, #1764, .T. ) ;
#1483 = ADVANCED_FACE ( 'NONE', ( #3418 ), #8112, .T. ) ;
#1484 = CARTESIAN_POINT ( 'NONE',  ( -119.3881589507442982, 27.62265796582223487, -4.971197494147454599 ) ) ;
#1485 = EDGE_CURVE ( 'NONE', #2508, #9134, #9638, .T. ) ;
#1486 = CARTESIAN_POINT ( 'NONE',  ( -71.47141012502669355, 81.75750140350609740, -6.186789390833933311 ) ) ;
#1487 = CARTESIAN_POINT ( 'NONE',  ( -22.36227900000003643, 78.14411099999999522, 7.399999999999998579 ) ) ;
#1488 = DIRECTION ( 'NONE',  ( -0.7071067811865674457, 0.000000000000000000, -0.7071067811865275887 ) ) ;
#1489 = AXIS2_PLACEMENT_3D ( 'NONE', #5727, #11552, #1210 ) ;
#1490 = DIRECTION ( 'NONE',  ( 0.2588190399164174704, 0.9659258276786804043, 0.000000000000000000 ) ) ;
#1491 = CARTESIAN_POINT ( 'NONE',  ( -99.06228253471061862, 15.29411798029987679, -4.400000000000000355 ) ) ;
#1492 = CARTESIAN_POINT ( 'NONE',  ( -69.16719983353328871, 81.84921656169724713, -6.400000000000555467 ) ) ;
#1493 = CARTESIAN_POINT ( 'NONE',  ( -4.034919286622253629E-15, 20.29411100000000445, 4.400000000000000355 ) ) ;
#1494 = DIRECTION ( 'NONE',  ( 1.000000000000000000, 0.000000000000000000, 0.000000000000000000 ) ) ;
#1495 = EDGE_LOOP ( 'NONE', ( #2899, #1162, #1231, #1980 ) ) ;
#1496 = VECTOR ( 'NONE', #3882, 1000.000000000000114 ) ;
#1497 = EDGE_LOOP ( 'NONE', ( #4257, #6731, #3520, #1921 ) ) ;
#1498 = EDGE_LOOP ( 'NONE', ( #8905, #9949, #3738, #10597, #10446, #1813, #3507, #10149, #11008, #10613, #9180, #10296, #3570 ) ) ;
#1499 = EDGE_LOOP ( 'NONE', ( #3755, #6911, #4714, #1801 ) ) ;
#1500 = EDGE_CURVE ( 'NONE', #9562, #370, #2231, .T. ) ;
#1501 = LINE ( 'NONE', #9122, #3609 ) ;
#1502 = DIRECTION ( 'NONE',  ( 0.000000000000000000, 0.000000000000000000, 1.000000000000000000 ) ) ;
#1503 = CARTESIAN_POINT ( 'NONE',  ( 13.55859082457480724, -1.465830875177938308, 4.400000000000000355 ) ) ;
#1504 = CARTESIAN_POINT ( 'NONE',  ( 18.16772100000000378, 18.98547018669192710, -1.900000000000000355 ) ) ;
#1505 = CARTESIAN_POINT ( 'NONE',  ( 4.319404351731027880, -12.56857111943102367, 7.399999999999998579 ) ) ;
#1506 = AXIS2_PLACEMENT_3D ( 'NONE', #1059, #2095, #7589 ) ;
#1507 = DIRECTION ( 'NONE',  ( -0.000000000000000000, -0.000000000000000000, -1.000000000000000000 ) ) ;
#1508 = VERTEX_POINT ( 'NONE', #11176 ) ;
#1509 = VERTEX_POINT ( 'NONE', #10259 ) ;
#1510 = ORIENTED_EDGE ( 'NONE', *, *, #549, .F. ) ;
#1511 = CIRCLE ( 'NONE', #1112, 1.000000000000000888 ) ;
#1512 = ADVANCED_FACE ( 'NONE', ( #10197 ), #1818, .T. ) ;
#1513 = DIRECTION ( 'NONE',  ( 0.000000000000000000, -1.000000000000000000, -1.694065894508601171E-16 ) ) ;
#1514 = CARTESIAN_POINT ( 'NONE',  ( -75.81228330292589135, 19.29411698796796415, -1.900000000000000355 ) ) ;
#1515 = CARTESIAN_POINT ( 'NONE',  ( -42.60274304593206551, -125.2924481354811519, 4.464667994119376537 ) ) ;
#1516 = FACE_OUTER_BOUND ( 'NONE', #8137, .T. ) ;
#1517 = LINE ( 'NONE', #8841, #10322 ) ;
#1518 = CARTESIAN_POINT ( 'NONE',  ( 19.35960215963063646, 48.90386751168765045, -4.995599231674704654 ) ) ;
#1519 = AXIS2_PLACEMENT_3D ( 'NONE', #4601, #8319, #7396 ) ;
#1520 = ORIENTED_EDGE ( 'NONE', *, *, #9073, .F. ) ;
#1521 = EDGE_LOOP ( 'NONE', ( #8110, #9803, #10831, #10086 ) ) ;
#1522 = CARTESIAN_POINT ( 'NONE',  ( -101.0622825347106328, 15.29411798029987679, -4.399999999999999467 ) ) ;
#1523 = DIRECTION ( 'NONE',  ( -0.000000000000000000, -0.000000000000000000, -1.000000000000000000 ) ) ;
#1524 = EDGE_CURVE ( 'NONE', #2386, #5625, #5544, .T. ) ;
#1525 = EDGE_CURVE ( 'NONE', #11017, #4343, #5668, .T. ) ;
#1526 = VECTOR ( 'NONE', #7986, 1000.000000000000000 ) ;
#1527 = DIRECTION ( 'NONE',  ( 1.000000000000000000, 0.000000000000000000, 0.000000000000000000 ) ) ;
#1528 = CARTESIAN_POINT ( 'NONE',  ( -119.2521435765416271, 60.51555428555816718, -6.439980624619755289 ) ) ;
#1529 = CARTESIAN_POINT ( 'NONE',  ( 5.317732752346668867, 77.84410602412557978, -1.800000000000000933 ) ) ;
#1530 = ORIENTED_EDGE ( 'NONE', *, *, #5889, .T. ) ;
#1531 = PLANE ( 'NONE',  #11965 ) ;
#1532 = ADVANCED_FACE ( 'NONE', ( #4635 ), #9278, .F. ) ;
#1533 = CARTESIAN_POINT ( 'NONE',  ( -9.060685030232763282, 14.34880972322573633, 7.399999999999998579 ) ) ;
#1534 = DIRECTION ( 'NONE',  ( 0.000000000000000000, 1.000000000000000000, 0.000000000000000000 ) ) ;
#1535 = LINE ( 'NONE', #10707, #161 ) ;
#1536 = ORIENTED_EDGE ( 'NONE', *, *, #8487, .T. ) ;
#1537 = VERTEX_POINT ( 'NONE', #10079 ) ;
#1538 = LINE ( 'NONE', #10710, #4210 ) ;
#1539 = ORIENTED_EDGE ( 'NONE', *, *, #7492, .T. ) ;
#1540 = CARTESIAN_POINT ( 'NONE',  ( -119.2930729810649098, 26.94197826950643559, -3.828807813584977904 ) ) ;
#1541 = CARTESIAN_POINT ( 'NONE',  ( -71.47141012502669355, 81.84482412342617863, -4.485088766571109886 ) ) ;
#1542 = AXIS2_PLACEMENT_3D ( 'NONE', #1326, #7108, #4250 ) ;
#1543 = DIRECTION ( 'NONE',  ( 1.000000000000000000, 0.000000000000000000, 0.000000000000000000 ) ) ;
#1544 = VECTOR ( 'NONE', #3935, 999.9999999999998863 ) ;
#1545 = LINE ( 'NONE', #8994, #10473 ) ;
#1546 = FACE_OUTER_BOUND ( 'NONE', #723, .T. ) ;
#1547 = CARTESIAN_POINT ( 'NONE',  ( 0.2955378950677253758, 22.59077866104583165, -1.900000000000000355 ) ) ;
#1548 = DIRECTION ( 'NONE',  ( 0.000000000000000000, -0.000000000000000000, -1.000000000000000000 ) ) ;
#1549 = ORIENTED_EDGE ( 'NONE', *, *, #9046, .T. ) ;
#1550 = ADVANCED_FACE ( 'NONE', ( #4450 ), #6700, .T. ) ;
#1551 = LINE ( 'NONE', #6180, #6665 ) ;
#1552 = VERTEX_POINT ( 'NONE', #10139 ) ;
#1553 = EDGE_CURVE ( 'NONE', #7568, #2508, #11989, .T. ) ;
#1554 = CONICAL_SURFACE ( 'NONE', #389, 0.3999999999999837019, 0.7853981633974570498 ) ;
#1555 = CARTESIAN_POINT ( 'NONE',  ( -33.95078827295908752, 81.84922030004790372, -2.464195851704104268 ) ) ;
#1556 = ORIENTED_EDGE ( 'NONE', *, *, #9131, .T. ) ;
#1557 = VERTEX_POINT ( 'NONE', #852 ) ;
#1558 = LINE ( 'NONE', #9005, #3995 ) ;
#1559 = CARTESIAN_POINT ( 'NONE',  ( 16.60426962408142515, 81.18944040359380665, 3.547923675071216643 ) ) ;
#1560 = CARTESIAN_POINT ( 'NONE',  ( 19.17282655129768543, 48.98547018669192710, -6.399999999999994138 ) ) ;
#1561 = CYLINDRICAL_SURFACE ( 'NONE', #10081, 0.3000000000000016542 ) ;
#1562 = CARTESIAN_POINT ( 'NONE',  ( 0.8677339247127777710, 84.36377592481393606, 2.839283129310578691 ) ) ;
#1563 = VECTOR ( 'NONE', #2225, 999.9999999999998863 ) ;
#1564 = CARTESIAN_POINT ( 'NONE',  ( 18.16772100000000378, 25.98547018669193065, 1.699999999999992184 ) ) ;
#1565 = VERTEX_POINT ( 'NONE', #8174 ) ;
#1566 = CARTESIAN_POINT ( 'NONE',  ( -23.70005134930988433, -1.870053669036295219, -2.808135428405182488 ) ) ;
#1567 = EDGE_LOOP ( 'NONE', ( #627, #1482, #7297, #947, #1769, #4115, #4326, #10889, #8027 ) ) ;
#1568 = EDGE_CURVE ( 'NONE', #4987, #8908, #6455, .T. ) ;
#1569 = ORIENTED_EDGE ( 'NONE', *, *, #7151, .T. ) ;
#1570 = CARTESIAN_POINT ( 'NONE',  ( -52.66227900109225857, -0.3558820217042209522, 7.399999999999998579 ) ) ;
#1571 = CARTESIAN_POINT ( 'NONE',  ( 19.17287224900318776, 18.97233524378694014, -4.663354080950810499 ) ) ;
#1572 = CARTESIAN_POINT ( 'NONE',  ( -118.3122720196896722, 71.84411113364974710, 7.100000000000059153 ) ) ;
#1573 = DIRECTION ( 'NONE',  ( 0.000000000000000000, 1.000000000000000000, 0.000000000000000000 ) ) ;
#1574 = B_SPLINE_SURFACE_WITH_KNOTS ( 'NONE', 5, 5, ( 
 ( #807, #12062, #11010, #7387, #8365, #10329, #2869, #11130, #2631, #6348, #7327, #2748 ),
 ( #1831, #7444, #10093, #5437, #9346, #5557, #7509, #3615, #6588, #4645, #2807, #1953 ),
 ( #9169, #11077, #5680, #984, #10268, #9289, #9407, #1891, #8424, #8248, #4527, #5615 ),
 ( #12003, #2692, #10152, #1773, #5499, #9228, #865, #8671, #6648, #5918, #8734, #11317 ),
 ( #10638, #376, #4089, #317, #10392, #7570, #8795, #7692, #5007, #5862, #1164, #9648 ),
 ( #4885, #1287, #9534, #8612, #7812, #11504, #6829, #5742, #5069, #435, #10571, #2932 ),
 ( #253, #3175, #1223, #11568, #6768, #4829, #2079, #2198, #6887, #3910, #1352, #3114 ),
 ( #3967, #7632, #2015, #4028, #193, #2258, #7750, #11441, #10454, #5983, #9716, #9471 ),
 ( #1105, #8549, #9590, #11376, #2991, #6710, #5803, #3055, #10511, #2139, #4944, #498 ),
 ( #1528, #4151, #8049, #2501, #7194, #7071, #7930, #3299, #616, #1411, #6100, #9831 ),
 ( #9957, #9775, #6950, #7870, #2318, #1471, #5128, #10701, #5249, #6048, #5190, #5364 ),
 ( #11630, #8852, #11691, #8914, #6160, #10014, #7989, #9896, #4275, #8977, #556, #4215 ) ),
 .UNSPECIFIED., .F., .F., .F.,
 ( 6, 3, 3, 6 ),
 ( 6, 3, 3, 6 ),
 ( -2.127129238018599544, -0.4254299981666282982, 0.4254230808699581701, 2.127129238943133327 ),
 ( -2.039980624677136145, -0.4080001057791271535, 0.4079934710026718037, 2.039980624566269718 ),
 .UNSPECIFIED. ) ;
#1575 = DIRECTION ( 'NONE',  ( -1.000000000000000000, 0.000000000000000000, 0.000000000000000000 ) ) ;
#1576 = CARTESIAN_POINT ( 'NONE',  ( 19.26054507360982626, 50.37265594990724082, -4.314918151749314923 ) ) ;
#1577 = ADVANCED_FACE ( 'NONE', ( #3771 ), #1, .F. ) ;
#1578 = ORIENTED_EDGE ( 'NONE', *, *, #5119, .F. ) ;
#1579 = LINE ( 'NONE', #8105, #6025 ) ;
#1580 = ORIENTED_EDGE ( 'NONE', *, *, #5913, .F. ) ;
#1581 = VECTOR ( 'NONE', #5321, 1000.000000000000000 ) ;
#1582 = VERTEX_POINT ( 'NONE', #10996 ) ;
#1583 = CARTESIAN_POINT ( 'NONE',  ( -3.312279000000035278, 76.84411099999999806, 7.399999999999998579 ) ) ;
#1584 = ORIENTED_EDGE ( 'NONE', *, *, #4241, .F. ) ;
#1585 = DIRECTION ( 'NONE',  ( 1.000000000000000000, -4.348360449815890354E-15, 0.000000000000000000 ) ) ;
#1586 = CARTESIAN_POINT ( 'NONE',  ( -118.3122720196896722, 61.06910750985031910, -1.900000000000000355 ) ) ;
#1587 = CARTESIAN_POINT ( 'NONE',  ( 0.000000000000000000, 80.84410401969522297, 4.400000000000000355 ) ) ;
#1588 = AXIS2_PLACEMENT_3D ( 'NONE', #2279, #4172, #9856 ) ;
#1589 = EDGE_LOOP ( 'NONE', ( #850, #8396, #1316, #3478 ) ) ;
#1590 = CARTESIAN_POINT ( 'NONE',  ( -24.57209837709413591, -1.611165065146767272, -3.828807813857491471 ) ) ;
#1591 = ADVANCED_FACE ( 'NONE', ( #9155 ), #7881, .F. ) ;
#1592 = EDGE_CURVE ( 'NONE', #8482, #5191, #8297, .T. ) ;
#1593 = LINE ( 'NONE', #5310, #5527 ) ;
#1594 = DIRECTION ( 'NONE',  ( 0.9659258276786802933, -0.2588190399164183031, 0.000000000000000000 ) ) ;
#1595 = ORIENTED_EDGE ( 'NONE', *, *, #3688, .F. ) ;
#1596 = VECTOR ( 'NONE', #5522, 1000.000000000000000 ) ;
#1597 = ORIENTED_EDGE ( 'NONE', *, *, #5849, .F. ) ;
#1598 = VERTEX_POINT ( 'NONE', #974 ) ;
#1599 = CARTESIAN_POINT ( 'NONE',  ( -119.2844537829258798, 27.28231811766432813, -5.787188417063728885 ) ) ;
#1600 = CARTESIAN_POINT ( 'NONE',  ( -70.81861526359334391, 81.81629314035642153, -2.613211991846879023 ) ) ;
#1601 = DIRECTION ( 'NONE',  ( -0.9999999999999206191, 3.984065844030486389E-07, 0.000000000000000000 ) ) ;
#1602 = EDGE_CURVE ( 'NONE', #4675, #7082, #11120, .T. ) ;
#1603 = CARTESIAN_POINT ( 'NONE',  ( -53.66227900109224436, -0.3558820217042209522, -1.900000000000000355 ) ) ;
#1604 = CARTESIAN_POINT ( 'NONE',  ( -11.02841460033911503, 1.461745291721247897, 4.400000000000000355 ) ) ;
#1605 = VECTOR ( 'NONE', #10999, 1000.000000000000000 ) ;
#1606 = DIRECTION ( 'NONE',  ( 0.000000000000000000, 1.000000000000000000, 0.000000000000000000 ) ) ;
#1607 = ORIENTED_EDGE ( 'NONE', *, *, #5652, .F. ) ;
#1608 = CARTESIAN_POINT ( 'NONE',  ( -31.71784497952104331, 81.88252733584218390, -4.995599230561261983 ) ) ;
#1609 = ORIENTED_EDGE ( 'NONE', *, *, #8203, .F. ) ;
#1610 = CARTESIAN_POINT ( 'NONE',  ( -34.93931915047816972, 81.84929215901399857, -3.079508384496182138 ) ) ;
#1611 = ORIENTED_EDGE ( 'NONE', *, *, #5622, .T. ) ;
#1612 = ORIENTED_EDGE ( 'NONE', *, *, #11379, .T. ) ;
#1613 = CIRCLE ( 'NONE', #7447, 0.3000000000000016542 ) ;
#1614 = CARTESIAN_POINT ( 'NONE',  ( -79.21367833427878224, 79.84411100000001227, 7.399999999999998579 ) ) ;
#1615 = CARTESIAN_POINT ( 'NONE',  ( 15.93472544258380275, 81.38025722174960208, 4.248863196783771556 ) ) ;
#1616 = PLANE ( 'NONE',  #4554 ) ;
#1617 = ADVANCED_FACE ( 'NONE', ( #5484 ), #3540, .F. ) ;
#1618 = CARTESIAN_POINT ( 'NONE',  ( -119.3173775761295872, 57.06910750985034753, -4.530531412097464461 ) ) ;
#1619 = EDGE_CURVE ( 'NONE', #8545, #4690, #2735, .T. ) ;
#1620 = PLANE ( 'NONE',  #6442 ) ;
#1621 = CARTESIAN_POINT ( 'NONE',  ( -98.98067985970040183, 14.10223682228959774, -4.995599231573638832 ) ) ;
#1622 = CARTESIAN_POINT ( 'NONE',  ( -100.6528411558520446, 14.28895187531357180, -5.619471969012038493 ) ) ;
#1623 = VERTEX_POINT ( 'NONE', #2858 ) ;
#1624 = DIRECTION ( 'NONE',  ( 1.000000000000000000, 0.000000000000000000, 0.000000000000000000 ) ) ;
#1625 = ORIENTED_EDGE ( 'NONE', *, *, #11768, .F. ) ;
#1626 = ORIENTED_EDGE ( 'NONE', *, *, #8767, .T. ) ;
#1627 = LINE ( 'NONE', #7359, #8668 ) ;
#1628 = EDGE_CURVE ( 'NONE', #3446, #6824, #5423, .T. ) ;
#1629 = CARTESIAN_POINT ( 'NONE',  ( -24.45559143809330394, -1.667544910826674442, -4.400000000004067324 ) ) ;
#1630 = AXIS2_PLACEMENT_3D ( 'NONE', #3147, #3941, #4000 ) ;
#1631 = LINE ( 'NONE', #5532, #11659 ) ;
#1632 = EDGE_CURVE ( 'NONE', #8633, #11023, #10317, .T. ) ;
#1633 = CARTESIAN_POINT ( 'NONE',  ( -80.32716507108405324, 1.967833251091644087, 5.399999999999998579 ) ) ;
#1634 = CARTESIAN_POINT ( 'NONE',  ( 1.399791696852885856E-05, 77.84410698035702580, -1.900000000000000355 ) ) ;
#1635 = EDGE_LOOP ( 'NONE', ( #8927, #7426, #5139, #2118 ) ) ;
#1636 = ORIENTED_EDGE ( 'NONE', *, *, #6840, .T. ) ;
#1637 = CARTESIAN_POINT ( 'NONE',  ( -23.66227900000000517, 80.84410401969522297, 4.400000000000000355 ) ) ;
#1638 = VERTEX_POINT ( 'NONE', #10559 ) ;
#1639 = AXIS2_PLACEMENT_3D ( 'NONE', #9246, #4608, #5574 ) ;
#1640 = CARTESIAN_POINT ( 'NONE',  ( -116.6041235506083495, 13.29411797798553607, 7.399999999999998579 ) ) ;
#1641 = ORIENTED_EDGE ( 'NONE', *, *, #3545, .T. ) ;
#1642 = CARTESIAN_POINT ( 'NONE',  ( -63.05759268073793322, 2.898797320354307594, 7.399999999999998579 ) ) ;
#1643 = ADVANCED_FACE ( 'NONE', ( #10440 ), #11553, .F. ) ;
#1644 = CARTESIAN_POINT ( 'NONE',  ( -61.46005585450888020, 81.14411100000000943, 5.399999999999998579 ) ) ;
#1645 = DIRECTION ( 'NONE',  ( 1.000000000000000000, 0.000000000000000000, 0.000000000000000000 ) ) ;
#1646 = VECTOR ( 'NONE', #7250, 1000.000000000000114 ) ;
#1647 = CIRCLE ( 'NONE', #6508, 1.624999999999999778 ) ;
#1648 = CARTESIAN_POINT ( 'NONE',  ( -24.57386932991651207, -1.617774351413209022, -4.318403959908670764 ) ) ;
#1649 = LINE ( 'NONE', #857, #8652 ) ;
#1650 = FACE_OUTER_BOUND ( 'NONE', #7111, .T. ) ;
#1651 = CARTESIAN_POINT ( 'NONE',  ( 5.317733111986403749, 79.84410602412556557, -1.800000000000000933 ) ) ;
#1652 = AXIS2_PLACEMENT_3D ( 'NONE', #10541, #1255, #8705 ) ;
#1653 = ORIENTED_EDGE ( 'NONE', *, *, #6580, .T. ) ;
#1654 = ORIENTED_EDGE ( 'NONE', *, *, #8364, .F. ) ;
#1655 = VERTEX_POINT ( 'NONE', #2185 ) ;
#1656 = CARTESIAN_POINT ( 'NONE',  ( -119.2461928819048183, 26.94197826950643915, -5.787188417063727996 ) ) ;
#1657 = ADVANCED_FACE ( 'NONE', ( #10498 ), #7094, .T. ) ;
#1658 = CARTESIAN_POINT ( 'NONE',  ( -70.81861526359334391, 81.85180156628676684, -2.953553223614921563 ) ) ;
#1659 = LINE ( 'NONE', #2392, #2221 ) ;
#1660 = CARTESIAN_POINT ( 'NONE',  ( 19.26054465089525536, 15.59828176963251067, -4.485088767640433183 ) ) ;
#1661 = DIRECTION ( 'NONE',  ( -0.000000000000000000, 0.000000000000000000, 1.000000000000000000 ) ) ;
#1662 = CARTESIAN_POINT ( 'NONE',  ( 5.317732932166535420, 78.84410602412569347, 0.09999999999999853451 ) ) ;
#1663 = AXIS2_PLACEMENT_3D ( 'NONE', #4814, #3896, #8533 ) ;
#1664 = CIRCLE ( 'NONE', #3417, 1.624999999999999778 ) ;
#1665 = DIRECTION ( 'NONE',  ( 1.000000000000000000, 0.000000000000000000, 0.000000000000000000 ) ) ;
#1666 = ORIENTED_EDGE ( 'NONE', *, *, #4789, .F. ) ;
#1667 = CARTESIAN_POINT ( 'NONE',  ( -31.71784497952104331, 81.78812684829124180, -6.186789390830439217 ) ) ;
#1668 = ORIENTED_EDGE ( 'NONE', *, *, #9699, .T. ) ;
#1669 = CARTESIAN_POINT ( 'NONE',  ( -35.32962953971070874, 81.84921369976827066, -3.756568364489933032 ) ) ;
#1670 = ORIENTED_EDGE ( 'NONE', *, *, #7222, .T. ) ;
#1671 = VERTEX_POINT ( 'NONE', #9520 ) ;
#1672 = AXIS2_PLACEMENT_3D ( 'NONE', #9108, #5379, #4016 ) ;
#1673 = VECTOR ( 'NONE', #8045, 1000.000000000000000 ) ;
#1674 = EDGE_CURVE ( 'NONE', #6007, #2988, #8720, .T. ) ;
#1675 = LINE ( 'NONE', #3388, #9653 ) ;
#1676 = EDGE_CURVE ( 'NONE', #10099, #8592, #289, .T. ) ;
#1677 = CARTESIAN_POINT ( 'NONE',  ( -26.88201655090441378, 19.12402100968364849, 7.099999999999989875 ) ) ;
#1678 = CARTESIAN_POINT ( 'NONE',  ( -119.3174232951549811, 58.80687549374575696, -6.387042317534276314 ) ) ;
#1679 = DIRECTION ( 'NONE',  ( 1.000000000000000000, 0.000000000000000000, 0.000000000000000000 ) ) ;
#1680 = CARTESIAN_POINT ( 'NONE',  ( -119.3174513222429596, 30.29849942623902592, -5.998969439721459018 ) ) ;
#1681 = ORIENTED_EDGE ( 'NONE', *, *, #2496, .F. ) ;
#1682 = DIRECTION ( 'NONE',  ( -0.7071067811865426878, 0.000000000000000000, 0.7071067811865524577 ) ) ;
#1683 = CARTESIAN_POINT ( 'NONE',  ( 19.13990314044226793, 18.37265594989637307, -2.613211992824872265 ) ) ;
#1684 = ORIENTED_EDGE ( 'NONE', *, *, #6434, .F. ) ;
#1685 = ADVANCED_FACE ( 'NONE', ( #11488 ), #4816, .T. ) ;
#1686 = ORIENTED_EDGE ( 'NONE', *, *, #1699, .T. ) ;
#1687 = CARTESIAN_POINT ( 'NONE',  ( -119.3174232686928917, 58.80575342889945034, -2.413134942904923808 ) ) ;
#1688 = VECTOR ( 'NONE', #2546, 1000.000000000000000 ) ;
#1689 = CARTESIAN_POINT ( 'NONE',  ( -79.21227201969415432, 79.84411100000001227, 5.399999999999998579 ) ) ;
#1690 = DIRECTION ( 'NONE',  ( -0.000000000000000000, -0.000000000000000000, 1.000000000000000000 ) ) ;
#1691 = DIRECTION ( 'NONE',  ( -0.9659258276786802933, 0.2588190399164184141, 0.000000000000000000 ) ) ;
#1692 = CARTESIAN_POINT ( 'NONE',  ( 20.16772100000000378, 12.48788592914254103, -1.900000000000000355 ) ) ;
#1693 = CARTESIAN_POINT ( 'NONE',  ( 19.10759234828461928, 51.02545081133818883, -5.846449543848276420 ) ) ;
#1694 = EDGE_LOOP ( 'NONE', ( #1232, #1510, #10708, #3283 ) ) ;
#1695 = EDGE_LOOP ( 'NONE', ( #474, #10157, #5304, #7158 ) ) ;
#1696 = CIRCLE ( 'NONE', #11675, 0.5999999999999992006 ) ;
#1697 = CARTESIAN_POINT ( 'NONE',  ( 18.16772100000000378, 16.98547018669192710, -4.400000000000000355 ) ) ;
#1698 = ORIENTED_EDGE ( 'NONE', *, *, #2116, .T. ) ;
#1699 = EDGE_CURVE ( 'NONE', #10952, #3337, #6815, .T. ) ;
#1700 = EDGE_CURVE ( 'NONE', #12042, #4847, #5345, .T. ) ;
#1701 = LINE ( 'NONE', #1522, #113 ) ;
#1702 = LINE ( 'NONE', #789, #7315 ) ;
#1703 = ORIENTED_EDGE ( 'NONE', *, *, #11907, .T. ) ;
#1704 = DIRECTION ( 'NONE',  ( 1.000000000000000000, 0.000000000000000000, 0.000000000000000000 ) ) ;
#1705 = LINE ( 'NONE', #2, #9160 ) ;
#1706 = VECTOR ( 'NONE', #7404, 999.9999999999998863 ) ;
#1707 = DIRECTION ( 'NONE',  ( -1.798198670589261751E-07, -0.9999999999999837907, -0.000000000000000000 ) ) ;
#1708 = CARTESIAN_POINT ( 'NONE',  ( -22.36227900000000091, 78.14411099999999522, 7.100000000000059153 ) ) ;
#1709 = EDGE_CURVE ( 'NONE', #8590, #9528, #2980, .T. ) ;
#1710 = DIRECTION ( 'NONE',  ( 1.000000000000000000, 1.954618001100627820E-16, 0.000000000000000000 ) ) ;
#1711 = CARTESIAN_POINT ( 'NONE',  ( 19.16772100000002865, 25.98547018669193065, 1.699999999999992184 ) ) ;
#1712 = ORIENTED_EDGE ( 'NONE', *, *, #6391, .F. ) ;
#1713 = ORIENTED_EDGE ( 'NONE', *, *, #11366, .T. ) ;
#1714 = ORIENTED_EDGE ( 'NONE', *, *, #11492, .T. ) ;
#1715 = CARTESIAN_POINT ( 'NONE',  ( -119.2844537569274053, 30.85589551700965316, -5.787188417063728885 ) ) ;
#1716 = DIRECTION ( 'NONE',  ( 1.000000000000000000, 0.000000000000000000, 0.000000000000000000 ) ) ;
#1717 = CARTESIAN_POINT ( 'NONE',  ( 19.11173692925522261, 15.27188566585233787, -2.613211992824872265 ) ) ;
#1718 = CARTESIAN_POINT ( 'NONE',  ( -1.616485816258070065E-21, 61.06910750985031910, -1.900000000000000355 ) ) ;
#1719 = CARTESIAN_POINT ( 'NONE',  ( -63.11245935347301383, 1.546112027757557517, 5.399999999999998579 ) ) ;
#1720 = CIRCLE ( 'NONE', #2887, 0.2977672882860799008 ) ;
#1721 = CARTESIAN_POINT ( 'NONE',  ( -4.059597051803661927, 12.41857164801922586, 7.399999999999998579 ) ) ;
#1722 = ORIENTED_EDGE ( 'NONE', *, *, #3996, .T. ) ;
#1723 = CARTESIAN_POINT ( 'NONE',  ( -31.39144887574173737, 81.83698076703268498, -3.804406303003389223 ) ) ;
#1724 = FACE_OUTER_BOUND ( 'NONE', #6343, .T. ) ;
#1725 = ORIENTED_EDGE ( 'NONE', *, *, #6073, .T. ) ;
#1726 = EDGE_CURVE ( 'NONE', #818, #4569, #3898, .T. ) ;
#1727 = CARTESIAN_POINT ( 'NONE',  ( -35.02198812150691509, 81.84927710533969503, -3.180528030988016397 ) ) ;
#1728 = ORIENTED_EDGE ( 'NONE', *, *, #5622, .F. ) ;
#1729 = ORIENTED_EDGE ( 'NONE', *, *, #1068, .F. ) ;
#1730 = VECTOR ( 'NONE', #7774, 1000.000000000000000 ) ;
#1731 = VECTOR ( 'NONE', #4654, 1000.000000000000000 ) ;
#1732 = ORIENTED_EDGE ( 'NONE', *, *, #5297, .F. ) ;
#1733 = LINE ( 'NONE', #7961, #5552 ) ;
#1734 = CARTESIAN_POINT ( 'NONE',  ( 16.31983243624896218, 81.27079066595121049, 3.949845823690418367 ) ) ;
#1735 = CARTESIAN_POINT ( 'NONE',  ( 14.86773327385486709, 80.74427527402703220, 3.399999999999993250 ) ) ;
#1736 = CARTESIAN_POINT ( 'NONE',  ( -119.3174262346587255, 59.33071080026742550, -6.399907423757584368 ) ) ;
#1737 = DIRECTION ( 'NONE',  ( 0.7071067811865524577, -2.453269466693447530E-15, 0.7071067811865426878 ) ) ;
#1738 = CARTESIAN_POINT ( 'NONE',  ( -50.66227908726787632, 1.506092409993246675E-06, 4.400000000000000355 ) ) ;
#1739 = CIRCLE ( 'NONE', #10136, 0.3000000000000016542 ) ;
#1740 = ORIENTED_EDGE ( 'NONE', *, *, #10924, .T. ) ;
#1741 = FACE_OUTER_BOUND ( 'NONE', #11136, .T. ) ;
#1742 = EDGE_CURVE ( 'NONE', #7775, #10342, #6317, .T. ) ;
#1743 = EDGE_CURVE ( 'NONE', #6166, #7384, #10379, .T. ) ;
#1744 = CARTESIAN_POINT ( 'NONE',  ( 19.17541122256178454, 18.37265594989637307, -5.846449543846347296 ) ) ;
#1745 = ORIENTED_EDGE ( 'NONE', *, *, #2013, .F. ) ;
#1746 = ORIENTED_EDGE ( 'NONE', *, *, #7902, .T. ) ;
#1747 = CARTESIAN_POINT ( 'NONE',  ( -119.3174262149659199, 58.93556015939510218, -2.400111776464699975 ) ) ;
#1748 = AXIS2_PLACEMENT_3D ( 'NONE', #1031, #1941, #1212 ) ;
#1749 = CARTESIAN_POINT ( 'NONE',  ( -24.39398672644615473, -1.684055777920641539, -4.917716884980428915 ) ) ;
#1750 = CARTESIAN_POINT ( 'NONE',  ( 4.956570240762231552E-07, 1.244098474650670916, 5.399999999999998579 ) ) ;
#1751 = CARTESIAN_POINT ( 'NONE',  ( -118.3122790000000180, 16.29411100000000090, 7.100000000000059153 ) ) ;
#1752 = ADVANCED_FACE ( 'NONE', ( #2004 ), #1211, .F. ) ;
#1753 = CARTESIAN_POINT ( 'NONE',  ( -80.21367833427878224, 0.000000000000000000, 7.100000000000059153 ) ) ;
#1754 = ORIENTED_EDGE ( 'NONE', *, *, #418, .F. ) ;
#1755 = ORIENTED_EDGE ( 'NONE', *, *, #11855, .F. ) ;
#1756 = DIRECTION ( 'NONE',  ( 1.000000000000000000, 0.000000000000000000, 0.000000000000000000 ) ) ;
#1757 = ORIENTED_EDGE ( 'NONE', *, *, #5869, .T. ) ;
#1758 = LINE ( 'NONE', #610, #10841 ) ;
#1759 = CARTESIAN_POINT ( 'NONE',  ( -61.16246856241581042, 0.0001428680500498684261, -1.900000000000000355 ) ) ;
#1760 = ORIENTED_EDGE ( 'NONE', *, *, #7330, .F. ) ;
#1761 = DIRECTION ( 'NONE',  ( -0.000000000000000000, -0.000000000000000000, -1.000000000000000000 ) ) ;
#1762 = CARTESIAN_POINT ( 'NONE',  ( 19.16772100000001444, 77.67724262499595511, 7.399999999999998579 ) ) ;
#1763 = EDGE_CURVE ( 'NONE', #340, #4702, #121, .T. ) ;
#1764 = EDGE_CURVE ( 'NONE', #10612, #8987, #6755, .T. ) ;
#1765 = CARTESIAN_POINT ( 'NONE',  ( -119.9122790047357370, 13.69411797798554709, 7.399999999999998579 ) ) ;
#1766 = CARTESIAN_POINT ( 'NONE',  ( -22.66228598029826813, 78.14098492032248089, -1.900000000000000355 ) ) ;
#1767 = LINE ( 'NONE', #3666, #10310 ) ;
#1768 = ORIENTED_EDGE ( 'NONE', *, *, #3751, .F. ) ;
#1769 = ORIENTED_EDGE ( 'NONE', *, *, #6965, .T. ) ;
#1770 = DIRECTION ( 'NONE',  ( 1.000000000000000000, 0.000000000000000000, 0.000000000000000000 ) ) ;
#1771 = VERTEX_POINT ( 'NONE', #6635 ) ;
#1772 = CARTESIAN_POINT ( 'NONE',  ( -119.3502728692294568, 30.85589551700965316, -4.481602675011056469 ) ) ;
#1773 = CARTESIAN_POINT ( 'NONE',  ( -119.3911998142442030, 57.96299781573682708, -5.460792313280947496 ) ) ;
#1774 = CARTESIAN_POINT ( 'NONE',  ( 19.15536441507068233, 16.90386751168637858, -6.527129240127193199 ) ) ;
#1775 = EDGE_CURVE ( 'NONE', #6550, #416, #6697, .T. ) ;
#1776 = CARTESIAN_POINT ( 'NONE',  ( 1.529610338821600024, 84.31407129262092326, 3.754889331373121308 ) ) ;
#1777 = DIRECTION ( 'NONE',  ( -1.000000000000000000, -2.646977960169688560E-23, 0.000000000000000000 ) ) ;
#1778 = EDGE_LOOP ( 'NONE', ( #11837, #6043, #9747, #5079 ) ) ;
#1779 = CARTESIAN_POINT ( 'NONE',  ( -32.04424108330033505, 81.77803154352267256, -2.272870760029102044 ) ) ;
#1780 = CARTESIAN_POINT ( 'NONE',  ( -80.21236427084005527, 9.350011589216772518E-05, -1.900000000000000355 ) ) ;
#1781 = VECTOR ( 'NONE', #1606, 1000.000000000000000 ) ;
#1782 = VERTEX_POINT ( 'NONE', #8537 ) ;
#1783 = CARTESIAN_POINT ( 'NONE',  ( -22.66227900000000517, 78.14411099999999522, 4.400000000000000355 ) ) ;
#1784 = VERTEX_POINT ( 'NONE', #1154 ) ;
#1785 = VERTEX_POINT ( 'NONE', #8599 ) ;
#1786 = CARTESIAN_POINT ( 'NONE',  ( -49.66227899999999096, 19.69411099999999593, 7.399999999999998579 ) ) ;
#1787 = CARTESIAN_POINT ( 'NONE',  ( -67.39144887573405640, 81.80863870684730443, -3.293894455382963660 ) ) ;
#1788 = CARTESIAN_POINT ( 'NONE',  ( 16.69880442410372368, 81.16230825748189659, 3.317798474440813994 ) ) ;
#1789 = LINE ( 'NONE', #9424, #9241 ) ;
#1790 = AXIS2_PLACEMENT_3D ( 'NONE', #7391, #2521, #6235 ) ;
#1791 = DIRECTION ( 'NONE',  ( 0.000000000000000000, 0.000000000000000000, -1.000000000000000000 ) ) ;
#1792 = EDGE_CURVE ( 'NONE', #11670, #35, #3957, .T. ) ;
#1793 = LINE ( 'NONE', #886, #1954 ) ;
#1794 = CARTESIAN_POINT ( 'NONE',  ( -100.4494682978926647, 14.36019693169343725, -6.527129239970771657 ) ) ;
#1795 = CARTESIAN_POINT ( 'NONE',  ( -100.0656255693078833, 14.28897812193321215, -6.135016129666416518 ) ) ;
#1796 = VERTEX_POINT ( 'NONE', #8782 ) ;
#1797 = DIRECTION ( 'NONE',  ( 0.000000000000000000, 0.000000000000000000, -1.000000000000000000 ) ) ;
#1798 = LINE ( 'NONE', #3642, #948 ) ;
#1799 = VERTEX_POINT ( 'NONE', #5057 ) ;
#1800 = VECTOR ( 'NONE', #6104, 1000.000000000000114 ) ;
#1801 = ORIENTED_EDGE ( 'NONE', *, *, #927, .F. ) ;
#1802 = PLANE ( 'NONE',  #5343 ) ;
#1803 = CARTESIAN_POINT ( 'NONE',  ( -121.3122811893313866, 1.563642109909617922E-05, 5.399999999999998579 ) ) ;
#1804 = DIRECTION ( 'NONE',  ( -0.000000000000000000, -0.000000000000000000, -1.000000000000000000 ) ) ;
#1805 = EDGE_CURVE ( 'NONE', #1130, #816, #4578, .T. ) ;
#1806 = ADVANCED_FACE ( 'NONE', ( #1337 ), #10805, .T. ) ;
#1807 = CARTESIAN_POINT ( 'NONE',  ( 1.105193852948190170, 84.22945196484019448, 3.278492819569104988 ) ) ;
#1808 = CIRCLE ( 'NONE', #1225, 1.000000000000007772 ) ;
#1809 = CARTESIAN_POINT ( 'NONE',  ( -69.43142950036545358, 81.84411100000002648, -4.400000000000000355 ) ) ;
#1810 = VERTEX_POINT ( 'NONE', #5295 ) ;
#1811 = ORIENTED_EDGE ( 'NONE', *, *, #10660, .F. ) ;
#1812 = DIRECTION ( 'NONE',  ( -1.000000000000000000, 0.000000000000000000, 0.000000000000000000 ) ) ;
#1813 = ORIENTED_EDGE ( 'NONE', *, *, #2291, .T. ) ;
#1814 = AXIS2_PLACEMENT_3D ( 'NONE', #1642, #7540, #7603 ) ;
#1815 = CARTESIAN_POINT ( 'NONE',  ( -50.66227899999999806, 19.69411099999999593, 7.099999999999989875 ) ) ;
#1816 = AXIS2_PLACEMENT_3D ( 'NONE', #1708, #622, #10145 ) ;
#1817 = ADVANCED_FACE ( 'NONE', ( #6204 ), #8840, .T. ) ;
#1818 = PLANE ( 'NONE',  #9442 ) ;
#1819 = DIRECTION ( 'NONE',  ( 1.000000000000000000, -0.000000000000000000, 0.000000000000000000 ) ) ;
#1820 = ORIENTED_EDGE ( 'NONE', *, *, #7272, .F. ) ;
#1821 = AXIS2_PLACEMENT_3D ( 'NONE', #6288, #690, #3498 ) ;
#1822 = LINE ( 'NONE', #4760, #9795 ) ;
#1823 = LINE ( 'NONE', #9163, #11043 ) ;
#1824 = DIRECTION ( 'NONE',  ( -0.000000000000000000, 0.000000000000000000, 1.000000000000000000 ) ) ;
#1825 = ORIENTED_EDGE ( 'NONE', *, *, #7370, .T. ) ;
#1826 = EDGE_CURVE ( 'NONE', #8778, #3325, #8901, .T. ) ;
#1827 = ORIENTED_EDGE ( 'NONE', *, *, #11294, .F. ) ;
#1828 = ORIENTED_EDGE ( 'NONE', *, *, #2592, .T. ) ;
#1829 = CARTESIAN_POINT ( 'NONE',  ( -119.3506887678813513, 29.66470120570227920, -6.113584520843606818 ) ) ;
#1830 = AXIS2_PLACEMENT_3D ( 'NONE', #9578, #4993, #7738 ) ;
#1831 = CARTESIAN_POINT ( 'NONE',  ( -119.2256623088134404, 57.28231811979603805, -6.439980624619755289 ) ) ;
#1832 = CARTESIAN_POINT ( 'NONE',  ( 19.24950924874915614, 15.59828176963251067, -4.995599231673178764 ) ) ;
#1833 = CARTESIAN_POINT ( 'NONE',  ( 1.591486814714142994, 84.60795348451857478, 4.109778662746249367 ) ) ;
#1834 = CARTESIAN_POINT ( 'NONE',  ( -21.46487017403798703, -2.507107500457306237, -5.787188416883455311 ) ) ;
#1835 = CIRCLE ( 'NONE', #10430, 0.3000000000000016542 ) ;
#1836 = CARTESIAN_POINT ( 'NONE',  ( -31.39144887574173737, 81.84482416615161071, -4.314918150661483764 ) ) ;
#1837 = AXIS2_PLACEMENT_3D ( 'NONE', #4951, #2996, #8678 ) ;
#1838 = CARTESIAN_POINT ( 'NONE',  ( 3.239070619147446539, 12.08837637957416966, 4.400000000000000355 ) ) ;
#1839 = ORIENTED_EDGE ( 'NONE', *, *, #3509, .T. ) ;
#1840 = CARTESIAN_POINT ( 'NONE',  ( -59.47085191958733930, 85.84411100000001227, 5.399999999999998579 ) ) ;
#1841 = ORIENTED_EDGE ( 'NONE', *, *, #11579, .T. ) ;
#1842 = ADVANCED_FACE ( 'NONE', ( #9022 ), #4194, .F. ) ;
#1843 = ORIENTED_EDGE ( 'NONE', *, *, #11711, .T. ) ;
#1844 = ADVANCED_FACE ( 'NONE', ( #4136 ), #3224, .T. ) ;
#1845 = EDGE_LOOP ( 'NONE', ( #7561, #3202, #889, #2117 ) ) ;
#1846 = ORIENTED_EDGE ( 'NONE', *, *, #8417, .F. ) ;
#1847 = CARTESIAN_POINT ( 'NONE',  ( -67.71784497951759363, 81.88252733584131704, -4.995599230578825711 ) ) ;
#1848 = CARTESIAN_POINT ( 'NONE',  ( -79.81228598030135402, 16.99723707967754649, 5.399999999999998579 ) ) ;
#1849 = DIRECTION ( 'NONE',  ( -0.000000000000000000, -0.000000000000000000, -1.000000000000000000 ) ) ;
#1850 = VECTOR ( 'NONE', #10258, 1000.000000000000227 ) ;
#1851 = AXIS2_PLACEMENT_3D ( 'NONE', #7876, #7078, #3305 ) ;
#1852 = CARTESIAN_POINT ( 'NONE',  ( -119.3173952746335402, 58.55035396702642458, -6.335974577247829309 ) ) ;
#1853 = FACE_OUTER_BOUND ( 'NONE', #8042, .T. ) ;
#1854 = CARTESIAN_POINT ( 'NONE',  ( -100.7758657286020849, 14.25570104804897298, -3.804406304015837570 ) ) ;
#1855 = CARTESIAN_POINT ( 'NONE',  ( -99.32537571101785545, 14.28900306895785555, -6.386920535856945413 ) ) ;
#1856 = EDGE_LOOP ( 'NONE', ( #461, #7092 ) ) ;
#1857 = CARTESIAN_POINT ( 'NONE',  ( -117.3122720196896722, 71.84411113364974710, 5.399999999999998579 ) ) ;
#1858 = CARTESIAN_POINT ( 'NONE',  ( 19.24950967368189580, 18.37265594989637307, -4.995599231673178764 ) ) ;
#1859 = VECTOR ( 'NONE', #11613, 1000.000000000000000 ) ;
#1860 = VERTEX_POINT ( 'NONE', #4261 ) ;
#1861 = VECTOR ( 'NONE', #8109, 1000.000000000000000 ) ;
#1862 = ORIENTED_EDGE ( 'NONE', *, *, #8488, .F. ) ;
#1863 = EDGE_CURVE ( 'NONE', #189, #3233, #5740, .T. ) ;
#1864 = DIRECTION ( 'NONE',  ( -1.000000000000000000, 0.000000000000000000, 0.000000000000000000 ) ) ;
#1865 = CARTESIAN_POINT ( 'NONE',  ( -24.45427002420597873, -1.662613326955466819, -1.900000000000000355 ) ) ;
#1866 = LINE ( 'NONE', #2962, #662 ) ;
#1867 = DIRECTION ( 'NONE',  ( 0.000000000000000000, 0.000000000000000000, -1.000000000000000000 ) ) ;
#1868 = CARTESIAN_POINT ( 'NONE',  ( -61.76227900000000659, 24.29411100000000445, 7.399999999999998579 ) ) ;
#1869 = CARTESIAN_POINT ( 'NONE',  ( -80.50782314279000218, 73.14186833868100734, -1.900000000000000355 ) ) ;
#1870 = DIRECTION ( 'NONE',  ( 0.000000000000000000, -1.000000000000000000, 0.000000000000000000 ) ) ;
#1871 = ORIENTED_EDGE ( 'NONE', *, *, #7595, .T. ) ;
#1872 = EDGE_LOOP ( 'NONE', ( #11183, #8483, #844, #9530 ) ) ;
#1873 = CARTESIAN_POINT ( 'NONE',  ( 11.01773293216644589, 78.84410499915246362, -1.799999999999999378 ) ) ;
#1874 = ORIENTED_EDGE ( 'NONE', *, *, #6363, .T. ) ;
#1875 = EDGE_CURVE ( 'NONE', #10120, #1407, #8047, .T. ) ;
#1876 = CARTESIAN_POINT ( 'NONE',  ( -69.43142950036545358, 81.84411100000002648, -2.399999999999998579 ) ) ;
#1877 = CIRCLE ( 'NONE', #8898, 0.3000000000000016542 ) ;
#1878 = FACE_BOUND ( 'NONE', #7171, .T. ) ;
#1879 = PLANE ( 'NONE',  #8674 ) ;
#1880 = DIRECTION ( 'NONE',  ( -1.798198670589261751E-07, -0.9999999999999837907, -0.000000000000000000 ) ) ;
#1881 = CARTESIAN_POINT ( 'NONE',  ( -10.91470738880314784, 1.414646203381845879, 4.400000000000000355 ) ) ;
#1882 = AXIS2_PLACEMENT_3D ( 'NONE', #9187, #8142, #3575 ) ;
#1883 = CARTESIAN_POINT ( 'NONE',  ( -20.59188812737636809, -2.702821070484204835, -4.400000000000003020 ) ) ;
#1884 = EDGE_CURVE ( 'NONE', #1598, #5553, #6132, .T. ) ;
#1885 = EDGE_CURVE ( 'NONE', #668, #10099, #5236, .T. ) ;
#1886 = CARTESIAN_POINT ( 'NONE',  ( -79.51228598030138528, 0.000000000000000000, 7.399999999999998579 ) ) ;
#1887 = EDGE_LOOP ( 'NONE', ( #11371, #2702, #9358, #5330 ) ) ;
#1888 = EDGE_LOOP ( 'NONE', ( #8666, #8695, #8698, #5884 ) ) ;
#1889 = VECTOR ( 'NONE', #4305, 1000.000000000000000 ) ;
#1890 = CARTESIAN_POINT ( 'NONE',  ( -119.3912002834740917, 30.17521305340542170, -5.460792313283851840 ) ) ;
#1891 = CARTESIAN_POINT ( 'NONE',  ( -119.3881592275522792, 57.62265796776650006, -3.828807813583582575 ) ) ;
#1892 = CARTESIAN_POINT ( 'NONE',  ( 19.20697216704976285, 15.92467787341269414, -2.953553224609518857 ) ) ;
#1893 = DIRECTION ( 'NONE',  ( 0.000000000000000000, 0.000000000000000000, -1.000000000000000000 ) ) ;
#1894 = EDGE_CURVE ( 'NONE', #3610, #11560, #6146, .T. ) ;
#1895 = CARTESIAN_POINT ( 'NONE',  ( -21.48841884939897895, -2.594992354530216705, -4.481602674883208515 ) ) ;
#1896 = VECTOR ( 'NONE', #8181, 1000.000000000000000 ) ;
#1897 = CARTESIAN_POINT ( 'NONE',  ( -34.49221783284409071, 81.96830382999505105, -3.804406303003389223 ) ) ;
#1898 = CARTESIAN_POINT ( 'NONE',  ( -80.21367833427878224, 73.14410401970066289, 7.100000000000059153 ) ) ;
#1899 = ORIENTED_EDGE ( 'NONE', *, *, #5146, .F. ) ;
#1900 = CARTESIAN_POINT ( 'NONE',  ( 0.9573146395712728296, -14.47646925864345135, 7.066666884075813115 ) ) ;
#1901 = CARTESIAN_POINT ( 'NONE',  ( -60.46227900000003785, 27.99411099999999664, 7.399999999999998579 ) ) ;
#1902 = ORIENTED_EDGE ( 'NONE', *, *, #5734, .F. ) ;
#1903 = EDGE_LOOP ( 'NONE', ( #785, #1464 ) ) ;
#1904 = ORIENTED_EDGE ( 'NONE', *, *, #2592, .F. ) ;
#1905 = LINE ( 'NONE', #11143, #4585 ) ;
#1906 = DIRECTION ( 'NONE',  ( 1.000000000000000000, 0.000000000000000000, 0.000000000000000000 ) ) ;
#1907 = DIRECTION ( 'NONE',  ( 1.000000000000000000, 0.000000000000000000, 0.000000000000000000 ) ) ;
#1908 = VECTOR ( 'NONE', #11434, 1000.000000000000000 ) ;
#1909 = DIRECTION ( 'NONE',  ( 1.000000000000000000, 0.000000000000000000, 0.000000000000000000 ) ) ;
#1910 = DIRECTION ( 'NONE',  ( 0.000000000000000000, -1.000000000000000000, 0.000000000000000000 ) ) ;
#1911 = CARTESIAN_POINT ( 'NONE',  ( -100.1230708671832446, 14.15722773605777896, -4.485088767559852307 ) ) ;
#1912 = EDGE_CURVE ( 'NONE', #8333, #1509, #4185, .T. ) ;
#1913 = EDGE_CURVE ( 'NONE', #2528, #3144, #7180, .T. ) ;
#1914 = CARTESIAN_POINT ( 'NONE',  ( 0.5558565476444055076, 85.12994011928756777, 4.060361526045744185 ) ) ;
#1915 = EDGE_LOOP ( 'NONE', ( #8075, #9496, #1918, #2620, #2609, #3339 ) ) ;
#1916 = CARTESIAN_POINT ( 'NONE',  ( 15.46773318905265171, 80.27267983485982938, -1.900000000000000355 ) ) ;
#1917 = AXIS2_PLACEMENT_3D ( 'NONE', #6651, #14, #3729 ) ;
#1918 = ORIENTED_EDGE ( 'NONE', *, *, #10530, .T. ) ;
#1919 = DIRECTION ( 'NONE',  ( -0.000000000000000000, 0.000000000000000000, 1.000000000000000000 ) ) ;
#1920 = VECTOR ( 'NONE', #4748, 1000.000000000000000 ) ;
#1921 = ORIENTED_EDGE ( 'NONE', *, *, #5973, .F. ) ;
#1922 = EDGE_LOOP ( 'NONE', ( #1934, #10012 ) ) ;
#1923 = CARTESIAN_POINT ( 'NONE',  ( 16.86772099999999952, 77.67724262499595511, 6.400000000000025224 ) ) ;
#1924 = LINE ( 'NONE', #10361, #9308 ) ;
#1925 = CARTESIAN_POINT ( 'NONE',  ( 2.693571334484981872, -12.78459651987844481, 7.099999999999989875 ) ) ;
#1926 = CARTESIAN_POINT ( 'NONE',  ( -23.03067885621140931, -2.049342882813603772, -6.347419027873927533 ) ) ;
#1927 = CARTESIAN_POINT ( 'NONE',  ( -31.53305664230340000, 81.84921370989212619, -5.042969283921730828 ) ) ;
#1928 = VECTOR ( 'NONE', #107, 1000.000000000000000 ) ;
#1929 = CARTESIAN_POINT ( 'NONE',  ( 0.7779333522100096987, 85.08425910890683497, 4.219183253159921598 ) ) ;
#1930 = AXIS2_PLACEMENT_3D ( 'NONE', #6951, #11814, #11569 ) ;
#1931 = EDGE_CURVE ( 'NONE', #6599, #5813, #9763, .T. ) ;
#1932 = DIRECTION ( 'NONE',  ( -2.646977960169688560E-23, 1.000000000000000000, 0.000000000000000000 ) ) ;
#1933 = ORIENTED_EDGE ( 'NONE', *, *, #7814, .F. ) ;
#1934 = ORIENTED_EDGE ( 'NONE', *, *, #4360, .T. ) ;
#1935 = CARTESIAN_POINT ( 'NONE',  ( -30.59025596088959276, 7.216534519061156061, 7.099999999999989875 ) ) ;
#1936 = VERTEX_POINT ( 'NONE', #5116 ) ;
#1937 = VECTOR ( 'NONE', #11990, 1000.000000000000114 ) ;
#1938 = CARTESIAN_POINT ( 'NONE',  ( 16.86772099999999952, 77.67724262499595511, 7.399999999999998579 ) ) ;
#1939 = DIRECTION ( 'NONE',  ( -0.7071067811865148212, 0.000000000000000000, -0.7071067811865802133 ) ) ;
#1940 = DIRECTION ( 'NONE',  ( 0.000000000000000000, -1.000000000000000000, 0.000000000000000000 ) ) ;
#1941 = DIRECTION ( 'NONE',  ( -0.000000000000000000, -0.000000000000000000, -1.000000000000000000 ) ) ;
#1942 = EDGE_CURVE ( 'NONE', #5535, #10850, #9821, .T. ) ;
#1943 = VERTEX_POINT ( 'NONE', #542 ) ;
#1944 = CARTESIAN_POINT ( 'NONE',  ( -71.21228330292586861, 19.29411698796796415, -2.400000000000000355 ) ) ;
#1945 = VECTOR ( 'NONE', #11950, 1000.000000000000000 ) ;
#1946 = CARTESIAN_POINT ( 'NONE',  ( -21.66601007778048782, -2.415014986875155145, -2.603165046928676229 ) ) ;
#1947 = APPLICATION_CONTEXT ( 'automotive_design' ) ;
#1948 = LINE ( 'NONE', #5432, #4056 ) ;
#1949 = ORIENTED_EDGE ( 'NONE', *, *, #8690, .T. ) ;
#1950 = ORIENTED_EDGE ( 'NONE', *, *, #550, .F. ) ;
#1951 = VERTEX_POINT ( 'NONE', #7978 ) ;
#1952 = DIRECTION ( 'NONE',  ( 0.000000000000000000, 0.000000000000000000, 1.000000000000000000 ) ) ;
#1953 = CARTESIAN_POINT ( 'NONE',  ( -119.2256624232445859, 57.28231811979603805, -2.360019375376344097 ) ) ;
#1954 = VECTOR ( 'NONE', #11034, 1000.000000000000000 ) ;
#1955 = ADVANCED_FACE ( 'NONE', ( #1516 ), #8964, .F. ) ;
#1956 = EDGE_CURVE ( 'NONE', #2372, #7775, #10637, .T. ) ;
#1957 = FACE_OUTER_BOUND ( 'NONE', #11997, .T. ) ;
#1958 = CARTESIAN_POINT ( 'NONE',  ( -20.46280017369382875, -2.712247933129617206, -4.971197493876110762 ) ) ;
#1959 = CARTESIAN_POINT ( 'NONE',  ( -35.14501269426892804, 81.78812691713797278, -6.186789390830439217 ) ) ;
#1960 = CARTESIAN_POINT ( 'NONE',  ( -41.46082705626150045, 80.84551033427891298, 5.399999999999998579 ) ) ;
#1961 = VERTEX_POINT ( 'NONE', #9265 ) ;
#1962 = DIRECTION ( 'NONE',  ( 0.4999999999999998890, 0.8660254037844387076, -0.000000000000000000 ) ) ;
#1963 = LINE ( 'NONE', #2880, #357 ) ;
#1964 = ORIENTED_EDGE ( 'NONE', *, *, #7667, .T. ) ;
#1965 = AXIS2_PLACEMENT_3D ( 'NONE', #1809, #2671, #3590 ) ;
#1966 = ORIENTED_EDGE ( 'NONE', *, *, #6095, .T. ) ;
#1967 = ORIENTED_EDGE ( 'NONE', *, *, #9574, .F. ) ;
#1968 = DIRECTION ( 'NONE',  ( 1.000000000000000000, 2.646977960169688560E-23, 0.000000000000000000 ) ) ;
#1969 = LINE ( 'NONE', #3004, #5597 ) ;
#1970 = CARTESIAN_POINT ( 'NONE',  ( -32.21227899999998812, 19.69411099999999948, 7.099999999999989875 ) ) ;
#1971 = PLANE ( 'NONE',  #5009 ) ;
#1972 = DIRECTION ( 'NONE',  ( 0.000000000000000000, 0.000000000000000000, 1.000000000000000000 ) ) ;
#1973 = CARTESIAN_POINT ( 'NONE',  ( -101.1022631593114767, 14.40984448815317087, -6.527129239970771657 ) ) ;
#1974 = VECTOR ( 'NONE', #2639, 1000.000000000000000 ) ;
#1975 = CARTESIAN_POINT ( 'NONE',  ( -0.01826890309753550351, 85.24686519399682538, 3.022681513532508912 ) ) ;
#1976 = ORIENTED_EDGE ( 'NONE', *, *, #9835, .F. ) ;
#1977 = CARTESIAN_POINT ( 'NONE',  ( -119.3174120573693813, 30.80367080298323401, -3.395746165561266849 ) ) ;
#1978 = ORIENTED_EDGE ( 'NONE', *, *, #7179, .T. ) ;
#1979 = CARTESIAN_POINT ( 'NONE',  ( 16.46459492032245819, 77.84410401969823567, 5.399999999999998579 ) ) ;
#1980 = ORIENTED_EDGE ( 'NONE', *, *, #4937, .F. ) ;
#1981 = ORIENTED_EDGE ( 'NONE', *, *, #11116, .F. ) ;
#1982 = EDGE_CURVE ( 'NONE', #6449, #10782, #900, .T. ) ;
#1983 = VECTOR ( 'NONE', #6551, 1000.000000000000114 ) ;
#1984 = ADVANCED_FACE ( 'NONE', ( #7481 ), #10243, .F. ) ;
#1985 = DIRECTION ( 'NONE',  ( -1.000000000000000000, 0.000000000000000000, 0.000000000000000000 ) ) ;
#1986 = CARTESIAN_POINT ( 'NONE',  ( 16.05859082457480724, 2.864296143744261336, -2.400000000000000355 ) ) ;
#1987 = LINE ( 'NONE', #9380, #9037 ) ;
#1988 = CARTESIAN_POINT ( 'NONE',  ( -20.59188812870729635, -2.702821075451204536, -4.530531412097463573 ) ) ;
#1989 = CARTESIAN_POINT ( 'NONE',  ( -31.92595595184286594, 81.84929235454193019, -3.076917025046264076 ) ) ;
#1990 = CARTESIAN_POINT ( 'NONE',  ( 0.8245136054186382735, 85.07464924585671895, 4.246644565443775221 ) ) ;
#1991 = LINE ( 'NONE', #10550, #4506 ) ;
#1992 = ORIENTED_EDGE ( 'NONE', *, *, #7756, .F. ) ;
#1993 = CONICAL_SURFACE ( 'NONE', #10587, 1.300000000000030242, 0.7853981633974848053 ) ;
#1994 = ORIENTED_EDGE ( 'NONE', *, *, #10407, .F. ) ;
#1995 = CARTESIAN_POINT ( 'NONE',  ( -41.71227899999998812, 84.84410170196750300, 5.399999999999998579 ) ) ;
#1996 = VERTEX_POINT ( 'NONE', #1140 ) ;
#1997 = CARTESIAN_POINT ( 'NONE',  ( -53.66227900109224436, 2.898797041049639311, -1.900000000000000355 ) ) ;
#1998 = EDGE_CURVE ( 'NONE', #2715, #4775, #8587, .T. ) ;
#1999 = ADVANCED_FACE ( 'NONE', ( #3944 ), #3822, .T. ) ;
#2000 = DIRECTION ( 'NONE',  ( 0.9999999999999839018, -1.798198651385040398E-07, 0.000000000000000000 ) ) ;
#2001 = CARTESIAN_POINT ( 'NONE',  ( 18.16772100000000378, 0.000000000000000000, -1.900000000000000355 ) ) ;
#2002 = AXIS2_PLACEMENT_3D ( 'NONE', #3188, #5019, #1300 ) ;
#2003 = FACE_OUTER_BOUND ( 'NONE', #1694, .T. ) ;
#2004 = FACE_OUTER_BOUND ( 'NONE', #7923, .T. ) ;
#2005 = LINE ( 'NONE', #11489, #5448 ) ;
#2006 = CARTESIAN_POINT ( 'NONE',  ( 19.20613733577816262, 47.27188566584292317, -4.995599231674704654 ) ) ;
#2007 = CARTESIAN_POINT ( 'NONE',  ( -99.06228253471056178, 14.28901242900209922, -6.400000000000002132 ) ) ;
#2008 = VERTEX_POINT ( 'NONE', #5656 ) ;
#2009 = CIRCLE ( 'NONE', #3963, 1.300000000000028466 ) ;
#2010 = CYLINDRICAL_SURFACE ( 'NONE', #6979, 1.000000000000000000 ) ;
#2011 = VERTEX_POINT ( 'NONE', #7544 ) ;
#2012 = VERTEX_POINT ( 'NONE', #11477 ) ;
#2013 = EDGE_CURVE ( 'NONE', #4343, #9469, #10830, .T. ) ;
#2014 = DIRECTION ( 'NONE',  ( -0.6830127028748017581, 0.1830126982250852852, 0.7071067811865699992 ) ) ;
#2015 = CARTESIAN_POINT ( 'NONE',  ( -119.3940607203371087, 59.66470120652152787, -5.787188417060550094 ) ) ;
#2016 = VECTOR ( 'NONE', #10468, 1000.000000000000000 ) ;
#2017 = CARTESIAN_POINT ( 'NONE',  ( 19.08111128906150711, 14.94548956207215262, -6.186789391986769360 ) ) ;
#2018 = CARTESIAN_POINT ( 'NONE',  ( -21.94526814403892701, -2.327516164571337587, -6.439980624476945970 ) ) ;
#2019 = CARTESIAN_POINT ( 'NONE',  ( -34.49221783284409071, 81.84295527411444482, -6.186789390830439217 ) ) ;
#2020 = LINE ( 'NONE', #5865, #10315 ) ;
#2021 = DIRECTION ( 'NONE',  ( -0.000000000000000000, 0.000000000000000000, 1.000000000000000000 ) ) ;
#2022 = CARTESIAN_POINT ( 'NONE',  ( -61.76227900000000659, 24.29411100000000445, 7.100000000000059153 ) ) ;
#2023 = ORIENTED_EDGE ( 'NONE', *, *, #2151, .F. ) ;
#2024 = AXIS2_PLACEMENT_3D ( 'NONE', #1644, #2680, #9335 ) ;
#2025 = ORIENTED_EDGE ( 'NONE', *, *, #9202, .F. ) ;
#2026 = EDGE_CURVE ( 'NONE', #7743, #431, #3011, .T. ) ;
#2027 = DIRECTION ( 'NONE',  ( -0.4809831074316399668, -0.8767298616822648549, 0.000000000000000000 ) ) ;
#2028 = LINE ( 'NONE', #2946, #305 ) ;
#2029 = CARTESIAN_POINT ( 'NONE',  ( -11.03707281764265602, 1.923685030425932752, 7.399999999999998579 ) ) ;
#2030 = DIRECTION ( 'NONE',  ( 0.1988246481473216754, 0.6785784842515237836, -0.7071067811865462405 ) ) ;
#2031 = PLANE ( 'NONE',  #9297 ) ;
#2032 = DIRECTION ( 'NONE',  ( 0.000000000000000000, -1.000000000000000000, 0.000000000000000000 ) ) ;
#2033 = CARTESIAN_POINT ( 'NONE',  ( -101.1022631593114767, 14.29340481401640872, -4.314918151673849067 ) ) ;
#2034 = AXIS2_PLACEMENT_3D ( 'NONE', #7538, #3878, #41 ) ;
#2035 = CARTESIAN_POINT ( 'NONE',  ( -119.3173775709874178, 27.06910750985032266, -4.400000000000001243 ) ) ;
#2036 = ORIENTED_EDGE ( 'NONE', *, *, #7357, .T. ) ;
#2037 = CARTESIAN_POINT ( 'NONE',  ( 15.34607183289755383, 80.36954636805840835, 3.171204248096241685 ) ) ;
#2038 = DIRECTION ( 'NONE',  ( 1.135586136444816684E-06, 0.9999999999993552935, -0.000000000000000000 ) ) ;
#2039 = ORIENTED_EDGE ( 'NONE', *, *, #8660, .T. ) ;
#2040 = ORIENTED_EDGE ( 'NONE', *, *, #1764, .F. ) ;
#2041 = EDGE_CURVE ( 'NONE', #7185, #6978, #3410, .T. ) ;
#2042 = ADVANCED_FACE ( 'NONE', ( #5896 ), #9624, .F. ) ;
#2043 = CIRCLE ( 'NONE', #6325, 1.000000000000000888 ) ;
#2044 = VECTOR ( 'NONE', #8118, 1000.000000000000000 ) ;
#2045 = LINE ( 'NONE', #5772, #11218 ) ;
#2046 = LINE ( 'NONE', #10303, #4236 ) ;
#2047 = DIRECTION ( 'NONE',  ( -1.000000000000000000, 0.000000000000000000, 0.000000000000000000 ) ) ;
#2048 = DIRECTION ( 'NONE',  ( 2.972808245359312093E-08, 0.9999999999999995559, 0.000000000000000000 ) ) ;
#2049 = DIRECTION ( 'NONE',  ( 1.000000000000000000, 0.000000000000000000, 0.000000000000000000 ) ) ;
#2050 = CARTESIAN_POINT ( 'NONE',  ( -0.01831639601864665928, 85.24687480008269347, 2.799999999999980727 ) ) ;
#2051 = DIRECTION ( 'NONE',  ( 0.000000000000000000, -0.7071067811865802133, -0.7071067811865149322 ) ) ;
#2052 = CIRCLE ( 'NONE', #7903, 2.024999999999971045 ) ;
#2053 = ORIENTED_EDGE ( 'NONE', *, *, #9437, .T. ) ;
#2054 = EDGE_CURVE ( 'NONE', #6550, #2011, #1199, .T. ) ;
#2055 = CIRCLE ( 'NONE', #11052, 1.000000000000000888 ) ;
#2056 = ORIENTED_EDGE ( 'NONE', *, *, #2555, .T. ) ;
#2057 = DIRECTION ( 'NONE',  ( 0.000000000000000000, 0.000000000000000000, -1.000000000000000000 ) ) ;
#2058 = VERTEX_POINT ( 'NONE', #3883 ) ;
#2059 = CARTESIAN_POINT ( 'NONE',  ( -4.612278946054616746, 78.14410780973889814, 7.399999999999998579 ) ) ;
#2060 = B_SPLINE_CURVE_WITH_KNOTS ( 'NONE', 3,
 ( #7037, #5215, #6359, #9056, #10905, #8135, #11897, #2466, #4242, #9002, #11839, #3444, #7217, #11778, #524, #4300, #1669, #8199, #7956, #1727, #1610, #3324, #9982, #9862, #6182, #10103, #1555, #6241, #11957, #9119 ),
 .UNSPECIFIED., .F., .F.,
 ( 4, 2, 2, 2, 2, 2, 2, 2, 2, 2, 2, 2, 2, 2, 4 ),
 ( 0.000000000000000000, 0.0003908071656752570562, 0.0007816143313505141124, 0.001172421497025771114, 0.001563228662701028225, 0.002344842994051542229, 0.003126457325402056450, 0.003517264491077313343, 0.003908071656752570670, 0.004298878822427827998, 0.004689685988103084457, 0.005080493153778341785, 0.005471300319453599112, 0.005862107485128855572, 0.006252914650804112899 ),
 .UNSPECIFIED. ) ;
#2061 = VECTOR ( 'NONE', #9698, 1000.000000000000000 ) ;
#2062 = AXIS2_PLACEMENT_3D ( 'NONE', #4691, #11548, #5171 ) ;
#2063 = CARTESIAN_POINT ( 'NONE',  ( -53.30246461491072552, 23.29196037236716776, 4.400000000000000355 ) ) ;
#2064 = CARTESIAN_POINT ( 'NONE',  ( -41.71227819873822540, 84.84411115030172823, 7.100000000000059153 ) ) ;
#2065 = DIRECTION ( 'NONE',  ( 1.000000000000000000, 0.000000000000000000, 0.000000000000000000 ) ) ;
#2066 = DIRECTION ( 'NONE',  ( 1.000000000000000000, 0.000000000000000000, 0.000000000000000000 ) ) ;
#2067 = CARTESIAN_POINT ( 'NONE',  ( 19.16059036596130483, 46.94548956206062940, -4.995599231674704654 ) ) ;
#2068 = EDGE_CURVE ( 'NONE', #1065, #2360, #6517, .T. ) ;
#2069 = ADVANCED_FACE ( 'NONE', ( #5206 ), #573, .F. ) ;
#2070 = CARTESIAN_POINT ( 'NONE',  ( -21.24575938428823108, -2.527695275902463123, -2.894526451477521967 ) ) ;
#2071 = EDGE_LOOP ( 'NONE', ( #3472, #10138, #77, #10960 ) ) ;
#2072 = AXIS2_PLACEMENT_3D ( 'NONE', #9623, #6745, #3150 ) ;
#2073 = DIRECTION ( 'NONE',  ( 1.271518475809349530E-07, 0.7071067811865239250, 0.7071067811865596742 ) ) ;
#2074 = ORIENTED_EDGE ( 'NONE', *, *, #4757, .F. ) ;
#2075 = ORIENTED_EDGE ( 'NONE', *, *, #7575, .F. ) ;
#2076 = CARTESIAN_POINT ( 'NONE',  ( 16.12527212776479857, 81.32624983995334844, 4.140106924281298895 ) ) ;
#2077 = ORIENTED_EDGE ( 'NONE', *, *, #10842, .F. ) ;
#2078 = LINE ( 'NONE', #5982, #4733 ) ;
#2079 = CARTESIAN_POINT ( 'NONE',  ( -119.5223754857267267, 59.15418935909964659, -4.318403959652663104 ) ) ;
#2080 = VECTOR ( 'NONE', #11730, 1000.000000000000114 ) ;
#2081 = B_SPLINE_CURVE_WITH_KNOTS ( 'NONE', 3,
 ( #169, #1201, #4005, #10309, #2476, #1447, #10737, #3336, #7909, #2357, #2234, #1327, #9874, #472, #9810, #4188, #5286, #5043, #6987, #8830, #11669, #596, #414, #9691, #10611, #8774, #3279, #4125, #7848, #7969 ),
 .UNSPECIFIED., .F., .F.,
 ( 4, 2, 2, 2, 2, 2, 2, 2, 2, 2, 2, 2, 2, 2, 4 ),
 ( 7.059813062317230268E-18, 0.0003908071656751693442, 0.0007816143313503316412, 0.001172421497025493992, 0.001563228662700656343, 0.002344842994050973239, 0.003126457325401290569, 0.003517264491076449017, 0.003908071656751608766, 0.004298878822426767214, 0.004689685988101925662, 0.005080493153777091916, 0.005471300319452257303, 0.005862107485127423558, 0.006252914650802588077 ),
 .UNSPECIFIED. ) ;
#2082 = ADVANCED_FACE ( 'NONE', ( #6716 ), #4965, .T. ) ;
#2083 = CARTESIAN_POINT ( 'NONE',  ( -20.79621322286920915, -2.641590176081576757, -3.339211667346658086 ) ) ;
#2084 = CARTESIAN_POINT ( 'NONE',  ( -34.49221783284409071, 81.92303974946213430, -3.293894455345293792 ) ) ;
#2085 = DIRECTION ( 'NONE',  ( 1.000000000000000000, 0.000000000000000000, 0.000000000000000000 ) ) ;
#2086 = VECTOR ( 'NONE', #2823, 1000.000000000000000 ) ;
#2087 = DIRECTION ( 'NONE',  ( -0.000000000000000000, 0.000000000000000000, 1.000000000000000000 ) ) ;
#2088 = CARTESIAN_POINT ( 'NONE',  ( -8.094759202554085320, 14.08999068330931870, 7.099999999999989875 ) ) ;
#2089 = ORIENTED_EDGE ( 'NONE', *, *, #2854, .F. ) ;
#2090 = ORIENTED_EDGE ( 'NONE', *, *, #4746, .F. ) ;
#2091 = CARTESIAN_POINT ( 'NONE',  ( 15.58359082457477740, -1.465830875177938086, -1.900000000000000355 ) ) ;
#2092 = CARTESIAN_POINT ( 'NONE',  ( -68.37063718708466808, 81.79994158748910138, -2.272870760078836039 ) ) ;
#2093 = CARTESIAN_POINT ( 'NONE',  ( 17.79561669601521601, 80.84410378035410361, 5.399999999999998579 ) ) ;
#2094 = CARTESIAN_POINT ( 'NONE',  ( -40.39384526080842619, -0.7558854321753796235, 7.399999999999998579 ) ) ;
#2095 = DIRECTION ( 'NONE',  ( -0.6123724338663232292, 0.3535533937619620426, 0.7071067811865721087 ) ) ;
#2096 = CARTESIAN_POINT ( 'NONE',  ( -42.71227739747914143, 85.84410401969522297, 5.399999999999998579 ) ) ;
#2097 = DIRECTION ( 'NONE',  ( 0.2588190399164174704, 0.9659258276786804043, 0.000000000000000000 ) ) ;
#2098 = CONICAL_SURFACE ( 'NONE', #8921, 2.024999999999985256, 0.7853981633974232990 ) ;
#2099 = EDGE_CURVE ( 'NONE', #8016, #6809, #2816, .T. ) ;
#2100 = LINE ( 'NONE', #11460, #2561 ) ;
#2101 = ORIENTED_EDGE ( 'NONE', *, *, #3877, .F. ) ;
#2102 = CARTESIAN_POINT ( 'NONE',  ( 0.000000000000000000, 72.84411100000001227, 5.399999999999998579 ) ) ;
#2103 = DIRECTION ( 'NONE',  ( 0.000000000000000000, 0.000000000000000000, -1.000000000000000000 ) ) ;
#2104 = CARTESIAN_POINT ( 'NONE',  ( -85.61227469707438331, 76.84410589528943092, -2.400000000000000355 ) ) ;
#2105 = ORIENTED_EDGE ( 'NONE', *, *, #7248, .F. ) ;
#2106 = ORIENTED_EDGE ( 'NONE', *, *, #8186, .F. ) ;
#2107 = AXIS2_PLACEMENT_3D ( 'NONE', #6461, #1824, #9341 ) ;
#2108 = CARTESIAN_POINT ( 'NONE',  ( -95.21227469707440605, 76.84410589528943092, -2.400000000000000355 ) ) ;
#2109 = DIRECTION ( 'NONE',  ( 1.000000000000000000, 0.000000000000000000, 0.000000000000000000 ) ) ;
#2110 = CARTESIAN_POINT ( 'NONE',  ( -40.39384565921501036, -1.755885432175285921, 6.400000000000025224 ) ) ;
#2111 = CARTESIAN_POINT ( 'NONE',  ( -9.060685030232763282, 14.34880972322573633, 7.099999999999989875 ) ) ;
#2112 = CARTESIAN_POINT ( 'NONE',  ( -31.84147760013237516, 81.84927732296416991, -3.179686035549372569 ) ) ;
#2113 = CARTESIAN_POINT ( 'NONE',  ( 1.121784402885723786, 85.01306399466456298, 4.379192348431785398 ) ) ;
#2114 = EDGE_CURVE ( 'NONE', #3700, #6718, #9481, .T. ) ;
#2115 = CARTESIAN_POINT ( 'NONE',  ( 18.16772100000000378, 39.98547018669192710, 1.699999999999993516 ) ) ;
#2116 = EDGE_CURVE ( 'NONE', #3846, #11185, #1050, .T. ) ;
#2117 = ORIENTED_EDGE ( 'NONE', *, *, #11612, .F. ) ;
#2118 = ORIENTED_EDGE ( 'NONE', *, *, #2949, .F. ) ;
#2119 = ORIENTED_EDGE ( 'NONE', *, *, #659, .F. ) ;
#2120 = FACE_BOUND ( 'NONE', #10890, .T. ) ;
#2121 = VECTOR ( 'NONE', #11593, 1000.000000000000114 ) ;
#2122 = AXIS2_PLACEMENT_3D ( 'NONE', #4927, #4192, #11673 ) ;
#2123 = EDGE_CURVE ( 'NONE', #10400, #11924, #2879, .T. ) ;
#2124 = DIRECTION ( 'NONE',  ( 1.000000000000000000, 0.000000000000000000, 0.000000000000000000 ) ) ;
#2125 = DIRECTION ( 'NONE',  ( 0.000000000000000000, 0.000000000000000000, -1.000000000000000000 ) ) ;
#2126 = CARTESIAN_POINT ( 'NONE',  ( -117.3122720196896722, 71.84411113364974710, 7.100000000000059153 ) ) ;
#2127 = LINE ( 'NONE', #7495, #4866 ) ;
#2128 = CARTESIAN_POINT ( 'NONE',  ( 19.29191332001576598, 47.92467787340756047, -3.804406304072100564 ) ) ;
#2129 = CARTESIAN_POINT ( 'NONE',  ( -6.362499814916867003, -11.02017306925234053, -1.900000000000000355 ) ) ;
#2130 = ORIENTED_EDGE ( 'NONE', *, *, #3421, .T. ) ;
#2131 = VECTOR ( 'NONE', #9173, 1000.000000000000114 ) ;
#2132 = CARTESIAN_POINT ( 'NONE',  ( -80.32716507108405324, 1.967833251091644087, -1.900000000000000355 ) ) ;
#2133 = ORIENTED_EDGE ( 'NONE', *, *, #7331, .F. ) ;
#2134 = CARTESIAN_POINT ( 'NONE',  ( 15.10980489131580562, 81.61212336031339021, 4.464667994119376537 ) ) ;
#2135 = EDGE_LOOP ( 'NONE', ( #5494, #11290, #2416, #10040, #6361, #6344 ) ) ;
#2136 = ADVANCED_FACE ( 'NONE', ( #2940 ), #3736, .F. ) ;
#2137 = CARTESIAN_POINT ( 'NONE',  ( -119.1965454608368020, 31.19623674881175646, -6.439980624623484751 ) ) ;
#2138 = EDGE_CURVE ( 'NONE', #2955, #5451, #7299, .T. ) ;
#2139 = CARTESIAN_POINT ( 'NONE',  ( -119.3542778834142410, 60.17521305394346598, -3.012814236801784062 ) ) ;
#2140 = AXIS2_PLACEMENT_3D ( 'NONE', #7980, #7921, #4994 ) ;
#2141 = CARTESIAN_POINT ( 'NONE',  ( 19.28885065058494774, 17.55666237311303490, -3.293894456394166337 ) ) ;
#2142 = CARTESIAN_POINT ( 'NONE',  ( -22.64003080263728052, -2.290455969853157026, -5.460792313259088537 ) ) ;
#2143 = CARTESIAN_POINT ( 'NONE',  ( -34.00262168677546981, 82.03681915544014203, -4.485088766547514538 ) ) ;
#2144 = CARTESIAN_POINT ( 'NONE',  ( -60.76227899999999948, 27.99411099999999664, 7.100000000000059153 ) ) ;
#2145 = LINE ( 'NONE', #10460, #10443 ) ;
#2146 = CARTESIAN_POINT ( 'NONE',  ( -69.94914638534611129, 81.84922035065477530, -6.336221091143836581 ) ) ;
#2147 = EDGE_LOOP ( 'NONE', ( #1713, #54, #9075, #2269 ) ) ;
#2148 = ORIENTED_EDGE ( 'NONE', *, *, #9132, .T. ) ;
#2149 = LINE ( 'NONE', #8563, #5125 ) ;
#2150 = VECTOR ( 'NONE', #8329, 1000.000000000000114 ) ;
#2151 = EDGE_CURVE ( 'NONE', #2643, #4620, #5626, .T. ) ;
#2152 = CARTESIAN_POINT ( 'NONE',  ( -68.86023200622652496, 81.96524021276643168, -3.293894455382963660 ) ) ;
#2153 = CARTESIAN_POINT ( 'NONE',  ( 0.000000000000000000, 20.69411099999999948, 4.400000000000000355 ) ) ;
#2154 = DIRECTION ( 'NONE',  ( 0.000000000000000000, -1.000000000000000000, 0.000000000000000000 ) ) ;
#2155 = CARTESIAN_POINT ( 'NONE',  ( 19.16772100000000734, 46.98547018669192710, -1.900000000000000355 ) ) ;
#2156 = FACE_OUTER_BOUND ( 'NONE', #1202, .T. ) ;
#2157 = CARTESIAN_POINT ( 'NONE',  ( -22.66227900000000517, 79.84410401969522297, 4.400000000000000355 ) ) ;
#2158 = DIRECTION ( 'NONE',  ( 1.000000000000000000, 0.000000000000000000, 0.000000000000000000 ) ) ;
#2159 = ORIENTED_EDGE ( 'NONE', *, *, #2361, .T. ) ;
#2160 = CARTESIAN_POINT ( 'NONE',  ( -75.81228330292589135, 19.29411698796796415, -1.900000000000000577 ) ) ;
#2161 = VECTOR ( 'NONE', #8384, 1000.000000000000114 ) ;
#2162 = CARTESIAN_POINT ( 'NONE',  ( -99.06228253471473977, 14.28901242899364554, -2.399999999999998579 ) ) ;
#2163 = ORIENTED_EDGE ( 'NONE', *, *, #1262, .T. ) ;
#2164 = DIRECTION ( 'NONE',  ( 0.7071067811865674457, 8.659560562355176912E-17, -0.7071067811865275887 ) ) ;
#2165 = CARTESIAN_POINT ( 'NONE',  ( -32.21227899999998812, 20.69411099999999948, 7.099999999999989875 ) ) ;
#2166 = ORIENTED_EDGE ( 'NONE', *, *, #4414, .T. ) ;
#2167 = ORIENTED_EDGE ( 'NONE', *, *, #8005, .F. ) ;
#2168 = ADVANCED_FACE ( 'NONE', ( #4776 ), #3794, .T. ) ;
#2169 = CARTESIAN_POINT ( 'NONE',  ( 18.16772100000000378, 39.38547018669192568, 2.299999999999994049 ) ) ;
#2170 = DIRECTION ( 'NONE',  ( -0.9914448441888145114, 0.1305263227529890879, 0.000000000000000000 ) ) ;
#2171 = DIRECTION ( 'NONE',  ( -1.000000000000000000, 0.000000000000000000, 0.000000000000000000 ) ) ;
#2172 = DIRECTION ( 'NONE',  ( 0.000000000000000000, -0.7071067811865802133, -0.7071067811865149322 ) ) ;
#2173 = VECTOR ( 'NONE', #3374, 1000.000000000000000 ) ;
#2174 = FACE_OUTER_BOUND ( 'NONE', #2419, .T. ) ;
#2175 = CARTESIAN_POINT ( 'NONE',  ( -80.51367833427877940, 73.14410401970064868, 7.100000000000059153 ) ) ;
#2176 = CARTESIAN_POINT ( 'NONE',  ( 0.5168813753937890887, 85.13791909711575556, 4.022003879356942591 ) ) ;
#2177 = CARTESIAN_POINT ( 'NONE',  ( -4.553108868023614463E-15, 23.29411100000000090, 4.400000000000000355 ) ) ;
#2178 = ORIENTED_EDGE ( 'NONE', *, *, #4992, .T. ) ;
#2179 = LINE ( 'NONE', #9136, #10918 ) ;
#2180 = ORIENTED_EDGE ( 'NONE', *, *, #8765, .F. ) ;
#2181 = VECTOR ( 'NONE', #10901, 1000.000000000000114 ) ;
#2182 = ADVANCED_FACE ( 'NONE', ( #10520 ), #3602, .F. ) ;
#2183 = CARTESIAN_POINT ( 'NONE',  ( -4.612279000000002682, 77.84411100000001227, 7.100000000000059153 ) ) ;
#2184 = PLANE ( 'NONE',  #4794 ) ;
#2185 = CARTESIAN_POINT ( 'NONE',  ( 12.91509952826744190, 78.84410465796825918, -1.900000000000000355 ) ) ;
#2186 = VECTOR ( 'NONE', #1707, 1000.000000000000114 ) ;
#2187 = CARTESIAN_POINT ( 'NONE',  ( 19.05199444115640972, 46.94548956206062940, -2.272870761040460152 ) ) ;
#2188 = FACE_OUTER_BOUND ( 'NONE', #1888, .T. ) ;
#2189 = EDGE_LOOP ( 'NONE', ( #9004, #5030, #6687, #760 ) ) ;
#2190 = EDGE_CURVE ( 'NONE', #3669, #5644, #4891, .T. ) ;
#2191 = ORIENTED_EDGE ( 'NONE', *, *, #9769, .T. ) ;
#2192 = FACE_OUTER_BOUND ( 'NONE', #10801, .T. ) ;
#2193 = CIRCLE ( 'NONE', #249, 4.999999999999990230 ) ;
#2194 = EDGE_CURVE ( 'NONE', #2955, #4143, #7698, .T. ) ;
#2195 = DIRECTION ( 'NONE',  ( 1.000000000000000000, 0.000000000000000000, 0.000000000000000000 ) ) ;
#2196 = EDGE_CURVE ( 'NONE', #11835, #10783, #2145, .T. ) ;
#2197 = CARTESIAN_POINT ( 'NONE',  ( -119.2930730360012319, 31.19623674881175646, -3.828807813584977904 ) ) ;
#2198 = CARTESIAN_POINT ( 'NONE',  ( -119.5049802607695142, 59.15418935909964659, -3.828807813583583908 ) ) ;
#2199 = CARTESIAN_POINT ( 'NONE',  ( 19.24360820757460289, 17.55666237311303490, -5.846449543846347296 ) ) ;
#2200 = CARTESIAN_POINT ( 'NONE',  ( -22.61698052570830342, -2.204431162233862818, -2.686416806167127191 ) ) ;
#2201 = EDGE_CURVE ( 'NONE', #3473, #3815, #8793, .T. ) ;
#2202 = CARTESIAN_POINT ( 'NONE',  ( -60.46227900000003785, 24.29411100000000445, 7.399999999999998579 ) ) ;
#2203 = DIRECTION ( 'NONE',  ( 0.000000000000000000, 1.000000000000000000, 0.000000000000000000 ) ) ;
#2204 = DIRECTION ( 'NONE',  ( 0.000000000000000000, 0.000000000000000000, 1.000000000000000000 ) ) ;
#2205 = CARTESIAN_POINT ( 'NONE',  ( -71.36740407761320171, 81.84923425402290320, -3.881246457175535181 ) ) ;
#2206 = VERTEX_POINT ( 'NONE', #991 ) ;
#2207 = ORIENTED_EDGE ( 'NONE', *, *, #4165, .T. ) ;
#2208 = DIRECTION ( 'NONE',  ( -1.153406524523392157E-16, 2.332920751157277365E-17, 1.000000000000000000 ) ) ;
#2209 = CIRCLE ( 'NONE', #1814, 10.39531367964568354 ) ;
#2210 = CARTESIAN_POINT ( 'NONE',  ( -68.04424108330115928, 81.85180101821703147, -5.846449542710238312 ) ) ;
#2211 = DIRECTION ( 'NONE',  ( 0.000000000000000000, 0.7071067811865802133, -0.7071067811865149322 ) ) ;
#2212 = DIRECTION ( 'NONE',  ( -0.000000000000000000, -0.000000000000000000, 1.000000000000000000 ) ) ;
#2213 = VECTOR ( 'NONE', #7141, 1000.000000000000000 ) ;
#2214 = CARTESIAN_POINT ( 'NONE',  ( -98.41789101203441703, 14.28901867027345141, -6.297820628218913974 ) ) ;
#2215 = CARTESIAN_POINT ( 'NONE',  ( -80.21227201969415432, 79.84411100000001227, 5.399999999999998579 ) ) ;
#2216 = DIRECTION ( 'NONE',  ( 0.2588190399164183586, 0.9659258276786801822, 0.000000000000000000 ) ) ;
#2217 = LINE ( 'NONE', #3319, #3149 ) ;
#2218 = ORIENTED_EDGE ( 'NONE', *, *, #5110, .F. ) ;
#2219 = EDGE_CURVE ( 'NONE', #12044, #12101, #8432, .T. ) ;
#2220 = CARTESIAN_POINT ( 'NONE',  ( -31.21227899999999167, 19.69411099999999948, 4.400000000000000355 ) ) ;
#2221 = VECTOR ( 'NONE', #7210, 1000.000000000000000 ) ;
#2222 = EDGE_LOOP ( 'NONE', ( #2998, #11374, #5092, #1328 ) ) ;
#2223 = ADVANCED_FACE ( 'NONE', ( #78 ), #11384, .F. ) ;
#2224 = ORIENTED_EDGE ( 'NONE', *, *, #10910, .T. ) ;
#2225 = DIRECTION ( 'NONE',  ( 0.9999999999999839018, -1.798198670589262281E-07, 0.000000000000000000 ) ) ;
#2226 = ORIENTED_EDGE ( 'NONE', *, *, #10185, .T. ) ;
#2227 = CARTESIAN_POINT ( 'NONE',  ( -117.3122790891199116, 15.29411798029975778, -1.900000000000000355 ) ) ;
#2228 = CARTESIAN_POINT ( 'NONE',  ( 15.25960077907709156, 80.43792329204062241, 3.254774544870803865 ) ) ;
#2229 = CYLINDRICAL_SURFACE ( 'NONE', #3580, 1.999999999999994893 ) ;
#2230 = DIRECTION ( 'NONE',  ( 0.000000000000000000, 0.000000000000000000, 1.000000000000000000 ) ) ;
#2231 = CIRCLE ( 'NONE', #2024, 0.2999999999999947153 ) ;
#2232 = DIRECTION ( 'NONE',  ( 0.000000000000000000, 0.000000000000000000, 1.000000000000000000 ) ) ;
#2233 = CARTESIAN_POINT ( 'NONE',  ( -30.10729304705025200, 7.087124999102946354, 4.400000000000000355 ) ) ;
#2234 = CARTESIAN_POINT ( 'NONE',  ( 19.17283345878937695, 15.23749956457821320, -3.393779679477308964 ) ) ;
#2235 = VERTEX_POINT ( 'NONE', #9414 ) ;
#2236 = B_SPLINE_CURVE_WITH_KNOTS ( 'NONE', 3,
 ( #3276, #1562, #5335, #2711, #9249, #9012, #2766, #2654, #11096, #7227, #6247, #8269, #10915, #10169, #8083, #5282, #2535, #9066, #2591, #11967, #3691, #6307, #651, #768, #6369, #11147, #4365, #12023, #9126, #6430, #826, #4486, #4423 ),
 .UNSPECIFIED., .F., .F.,
 ( 4, 2, 2, 2, 2, 2, 2, 2, 2, 2, 2, 2, 2, 1, 2, 2, 4 ),
 ( 0.000000000000000000, 0.1250000000000192069, 0.1875000000000305589, 0.2500000000000419109, 0.3750000000000660028, 0.4375000000000716649, 0.5000000000000772715, 0.5625000000000828226, 0.6250000000000884848, 0.6875000000000940359, 0.7187500000000969225, 0.7500000000000996980, 0.8125000000000853762, 0.8437500000000781597, 0.8593750000000652811, 0.8750000000000525135, 1.000000000000000000 ),
 .UNSPECIFIED. ) ;
#2237 = ORIENTED_EDGE ( 'NONE', *, *, #7968, .F. ) ;
#2238 = EDGE_CURVE ( 'NONE', #9562, #11291, #9074, .T. ) ;
#2239 = B_SPLINE_SURFACE_WITH_KNOTS ( 'NONE', 1, 3, ( 
 ( #7843, #5220, #11602, #6019, #7782, #8947, #2408, #6981, #1256, #9869, #5892, #4975, #11535, #3146, #10606, #2228, #9806, #5953, #9683, #1321, #9749, #4546, #5395, #706, #9185, #10046, #11845, #11963, #2532, #9061, #3632, #11027, #6365, #5279, #4607, #8325 ),
 ( #3448, #765, #4420, #9986, #11092, #2470, #3573, #7161, #12018, #7285, #8139, #1615, #2651, #2708, #5454, #4482, #9006, #1734, #8205, #8266, #6187, #10912, #648, #1559, #11904, #6427, #10166, #3511, #1788, #5515, #10854, #9245, #881, #12078, #9930, #7224 ) ),
 .UNSPECIFIED., .F., .F., .F.,
 ( 2, 2 ),
 ( 4, 2, 2, 2, 2, 2, 2, 2, 2, 2, 2, 2, 2, 2, 2, 2, 2, 4 ),
 ( 0.000000000000000000, 1.000000000000000000 ),
 ( 0.000000000000000000, 0.0003314644961050003521, 0.0004143306201312504130, 0.0004971967441575004740, 0.0006629289922100007042, 0.0008286612402625008261, 0.0009943934883150009479, 0.001160125736367501178, 0.001325857984420001408, 0.001491590232472501422, 0.001657322480525001652, 0.001823054728577501882, 0.001988786976630001896, 0.002071653100656252119, 0.002154519224682502343, 0.002320251472735002356, 0.002485983720787502370, 0.002651715968840002817 ),
 .UNSPECIFIED. ) ;
#2240 = AXIS2_PLACEMENT_3D ( 'NONE', #910, #176, #10437 ) ;
#2241 = ORIENTED_EDGE ( 'NONE', *, *, #11116, .T. ) ;
#2242 = CARTESIAN_POINT ( 'NONE',  ( 19.17282654615667070, 17.11597214209283990, -6.399999999999991473 ) ) ;
#2243 = CARTESIAN_POINT ( 'NONE',  ( 17.94379997115632364, 11.62957402845913180, 5.399999999999998579 ) ) ;
#2244 = DIRECTION ( 'NONE',  ( 1.000000000000000000, 1.484923295436145459E-12, 0.000000000000000000 ) ) ;
#2245 = DIRECTION ( 'NONE',  ( -0.000000000000000000, -0.000000000000000000, -1.000000000000000000 ) ) ;
#2246 = CARTESIAN_POINT ( 'NONE',  ( -97.67509411766214100, 14.20129432309118478, -4.485088767559852307 ) ) ;
#2247 = AXIS2_PLACEMENT_3D ( 'NONE', #12017, #9362, #880 ) ;
#2248 = AXIS2_PLACEMENT_3D ( 'NONE', #11809, #729, #10992 ) ;
#2249 = CARTESIAN_POINT ( 'NONE',  ( 19.20972613436322973, 47.59828176962523827, -5.506109695707693596 ) ) ;
#2250 = CARTESIAN_POINT ( 'NONE',  ( 19.16843410324839425, 14.94548956207215262, -4.485088767640433183 ) ) ;
#2251 = CARTESIAN_POINT ( 'NONE',  ( -23.97804895299560712, -1.795584460012706218, -3.077032720842596714 ) ) ;
#2252 = EDGE_CURVE ( 'NONE', #11805, #2756, #4973, .T. ) ;
#2253 = ORIENTED_EDGE ( 'NONE', *, *, #6390, .F. ) ;
#2254 = ORIENTED_EDGE ( 'NONE', *, *, #1998, .F. ) ;
#2255 = LINE ( 'NONE', #7687, #1908 ) ;
#2256 = AXIS2_PLACEMENT_3D ( 'NONE', #972, #2917, #2857 ) ;
#2257 = CARTESIAN_POINT ( 'NONE',  ( -116.3122720203380709, 71.13595435076683771, 6.400000000000025224 ) ) ;
#2258 = CARTESIAN_POINT ( 'NONE',  ( -119.5041537608234421, 59.66470120652152787, -4.481602675009022541 ) ) ;
#2259 = LINE ( 'NONE', #6888, #9936 ) ;
#2260 = VECTOR ( 'NONE', #4074, 1000.000000000000000 ) ;
#2261 = CARTESIAN_POINT ( 'NONE',  ( -23.59198531489625594, -1.898265946032895224, -2.686416806285875758 ) ) ;
#2262 = EDGE_CURVE ( 'NONE', #8215, #1407, #8739, .T. ) ;
#2263 = EDGE_CURVE ( 'NONE', #8510, #1508, #7118, .T. ) ;
#2264 = DIRECTION ( 'NONE',  ( -1.000000000000000000, 0.000000000000000000, 0.000000000000000000 ) ) ;
#2265 = FACE_OUTER_BOUND ( 'NONE', #9416, .T. ) ;
#2266 = LINE ( 'NONE', #11574, #884 ) ;
#2267 = DIRECTION ( 'NONE',  ( 1.000000000000000000, 0.000000000000000000, 0.000000000000000000 ) ) ;
#2268 = ORIENTED_EDGE ( 'NONE', *, *, #8076, .T. ) ;
#2269 = ORIENTED_EDGE ( 'NONE', *, *, #9614, .F. ) ;
#2270 = CIRCLE ( 'NONE', #3639, 1.000000000000000888 ) ;
#2271 = LINE ( 'NONE', #4956, #254 ) ;
#2272 = CARTESIAN_POINT ( 'NONE',  ( -67.71784497951759363, 81.81915976815739100, -2.953553223614921563 ) ) ;
#2273 = LINE ( 'NONE', #8684, #3061 ) ;
#2274 = DIRECTION ( 'NONE',  ( 0.000000000000000000, -0.000000000000000000, -1.000000000000000000 ) ) ;
#2275 = EDGE_CURVE ( 'NONE', #7457, #2785, #11512, .T. ) ;
#2276 = CARTESIAN_POINT ( 'NONE',  ( -98.05685012384594756, 14.28899140120785027, -6.148416412855866042 ) ) ;
#2277 = CARTESIAN_POINT ( 'NONE',  ( -41.71227899999998812, 84.15268391958798588, 5.399999999999998579 ) ) ;
#2278 = CARTESIAN_POINT ( 'NONE',  ( -68.20273056939227274, 81.84929779613733558, -2.800532715970743158 ) ) ;
#2279 = CARTESIAN_POINT ( 'NONE',  ( -60.16227201969416427, 84.84411130060338735, 5.399999999999998579 ) ) ;
#2280 = AXIS2_PLACEMENT_3D ( 'NONE', #209, #11457, #7650 ) ;
#2281 = ORIENTED_EDGE ( 'NONE', *, *, #10742, .T. ) ;
#2282 = DIRECTION ( 'NONE',  ( 4.081702296416033352E-15, 1.000000000000000000, 0.000000000000000000 ) ) ;
#2283 = ORIENTED_EDGE ( 'NONE', *, *, #724, .T. ) ;
#2284 = EDGE_LOOP ( 'NONE', ( #4009, #11852, #6618, #4810 ) ) ;
#2285 = CARTESIAN_POINT ( 'NONE',  ( -23.36227899999999025, 22.99411100000002861, 7.399999999999998579 ) ) ;
#2286 = ORIENTED_EDGE ( 'NONE', *, *, #4647, .T. ) ;
#2287 = FACE_OUTER_BOUND ( 'NONE', #2571, .T. ) ;
#2288 = CARTESIAN_POINT ( 'NONE',  ( -29.86226813013544046, 8.001570457788170998, 4.400000000000000355 ) ) ;
#2289 = DIRECTION ( 'NONE',  ( -0.000000000000000000, 0.000000000000000000, -1.000000000000000000 ) ) ;
#2290 = AXIS2_PLACEMENT_3D ( 'NONE', #9729, #8748, #7887 ) ;
#2291 = EDGE_CURVE ( 'NONE', #10749, #2644, #2266, .T. ) ;
#2292 = LINE ( 'NONE', #4186, #4415 ) ;
#2293 = EDGE_CURVE ( 'NONE', #7486, #8254, #4222, .T. ) ;
#2294 = DIRECTION ( 'NONE',  ( 1.000000000000000000, 0.000000000000000000, 0.000000000000000000 ) ) ;
#2295 = DIRECTION ( 'NONE',  ( 0.000000000000000000, 0.000000000000000000, -1.000000000000000000 ) ) ;
#2296 = ORIENTED_EDGE ( 'NONE', *, *, #8716, .T. ) ;
#2297 = ORIENTED_EDGE ( 'NONE', *, *, #1956, .T. ) ;
#2298 = VECTOR ( 'NONE', #9923, 1000.000000000000000 ) ;
#2299 = CARTESIAN_POINT ( 'NONE',  ( -60.76227899999999948, 0.000000000000000000, 7.100000000000059153 ) ) ;
#2300 = ORIENTED_EDGE ( 'NONE', *, *, #3634, .T. ) ;
#2301 = CARTESIAN_POINT ( 'NONE',  ( -52.26227900109224578, -0.3558820217042309442, -1.900000000000000355 ) ) ;
#2302 = DIRECTION ( 'NONE',  ( 1.000000000000000000, 0.000000000000000000, 0.000000000000000000 ) ) ;
#2303 = LINE ( 'NONE', #2243, #3434 ) ;
#2304 = EDGE_CURVE ( 'NONE', #1318, #6978, #3181, .T. ) ;
#2305 = DIRECTION ( 'NONE',  ( 0.000000000000000000, -0.000000000000000000, -1.000000000000000000 ) ) ;
#2306 = LINE ( 'NONE', #5058, #11707 ) ;
#2307 = LINE ( 'NONE', #4201, #2329 ) ;
#2308 = AXIS2_PLACEMENT_3D ( 'NONE', #11182, #8242, #6583 ) ;
#2309 = CARTESIAN_POINT ( 'NONE',  ( 19.14852172858270407, 48.41427269254759125, -2.272870761040460152 ) ) ;
#2310 = ORIENTED_EDGE ( 'NONE', *, *, #1525, .F. ) ;
#2311 = VERTEX_POINT ( 'NONE', #8922 ) ;
#2312 = VECTOR ( 'NONE', #1189, 1000.000000000000114 ) ;
#2313 = AXIS2_PLACEMENT_3D ( 'NONE', #10008, #787, #10191 ) ;
#2314 = CARTESIAN_POINT ( 'NONE',  ( 20.16772100000000734, 77.67724262499595511, 6.400000000000025224 ) ) ;
#2315 = ORIENTED_EDGE ( 'NONE', *, *, #10810, .F. ) ;
#2316 = PLANE ( 'NONE',  #8838 ) ;
#2317 = ADVANCED_FACE ( 'NONE', ( #4283 ), #3121, .T. ) ;
#2318 = CARTESIAN_POINT ( 'NONE',  ( -119.3418136246665284, 60.85589551717273338, -4.971197494144982798 ) ) ;
#2319 = CARTESIAN_POINT ( 'NONE',  ( 20.16772100000000378, 3.557538378468103332E-16, 3.299999999999974509 ) ) ;
#2320 = AXIS2_PLACEMENT_3D ( 'NONE', #6134, #2412, #9809 ) ;
#2321 = CIRCLE ( 'NONE', #379, 2.000000000000003109 ) ;
#2322 = CARTESIAN_POINT ( 'NONE',  ( -24.22590687010402277, -1.634138313864484493, -6.439980624754710448 ) ) ;
#2323 = CARTESIAN_POINT ( 'NONE',  ( -35.47141012498134671, 81.83698063367629061, -3.804406303003389223 ) ) ;
#2324 = DIRECTION ( 'NONE',  ( 0.000000000000000000, -1.000000000000000000, 0.000000000000000000 ) ) ;
#2325 = CARTESIAN_POINT ( 'NONE',  ( 0.000000000000000000, 0.000000000000000000, 7.399999999999998579 ) ) ;
#2326 = EDGE_LOOP ( 'NONE', ( #9846, #9969, #4588, #4050 ) ) ;
#2327 = ORIENTED_EDGE ( 'NONE', *, *, #4910, .F. ) ;
#2328 = ORIENTED_EDGE ( 'NONE', *, *, #1139, .T. ) ;
#2329 = VECTOR ( 'NONE', #1458, 1000.000000000000000 ) ;
#2330 = CARTESIAN_POINT ( 'NONE',  ( -119.4891022659796249, 28.47350827803907336, -3.828807813584979236 ) ) ;
#2331 = EDGE_CURVE ( 'NONE', #11795, #12101, #11636, .T. ) ;
#2332 = CARTESIAN_POINT ( 'NONE',  ( -68.04424108330115928, 81.93693465090812822, -4.485088766571109886 ) ) ;
#2333 = CYLINDRICAL_SURFACE ( 'NONE', #9898, 0.2999999999999947153 ) ;
#2334 = EDGE_CURVE ( 'NONE', #11185, #11684, #5925, .T. ) ;
#2335 = DIRECTION ( 'NONE',  ( 0.000000000000000000, -1.000000000000000000, 0.000000000000000000 ) ) ;
#2336 = DIRECTION ( 'NONE',  ( 1.000000000000000000, 0.000000000000000000, 0.000000000000000000 ) ) ;
#2337 = FACE_OUTER_BOUND ( 'NONE', #11201, .T. ) ;
#2338 = LINE ( 'NONE', #9607, #2723 ) ;
#2339 = DIRECTION ( 'NONE',  ( 1.000000000000000000, 1.988221748970553008E-16, 0.000000000000000000 ) ) ;
#2340 =( LENGTH_UNIT ( ) NAMED_UNIT ( * ) SI_UNIT ( .MILLI., .METRE. ) );
#2341 = ORIENTED_EDGE ( 'NONE', *, *, #6523, .T. ) ;
#2342 = CARTESIAN_POINT ( 'NONE',  ( -8.223924282071634967E-22, 31.06910750985031910, -1.900000000000000355 ) ) ;
#2343 = LINE ( 'NONE', #4908, #8551 ) ;
#2344 = ORIENTED_EDGE ( 'NONE', *, *, #1628, .T. ) ;
#2345 = DIRECTION ( 'NONE',  ( -0.000000000000000000, -0.000000000000000000, -1.000000000000000000 ) ) ;
#2346 = ORIENTED_EDGE ( 'NONE', *, *, #1982, .T. ) ;
#2347 = LINE ( 'NONE', #10785, #5044 ) ;
#2348 = ORIENTED_EDGE ( 'NONE', *, *, #4254, .F. ) ;
#2349 = ADVANCED_FACE ( 'NONE', ( #6894 ), #8858, .T. ) ;
#2350 = CARTESIAN_POINT ( 'NONE',  ( -13.08858891146492986, -3.672762158219245343, -1.900000000000000355 ) ) ;
#2351 = CARTESIAN_POINT ( 'NONE',  ( -50.66227902055459964, 2.244118010027846832, 5.399999999999998579 ) ) ;
#2352 = DIRECTION ( 'NONE',  ( 0.000000000000000000, 1.000000000000000000, 0.000000000000000000 ) ) ;
#2353 = CARTESIAN_POINT ( 'NONE',  ( -61.16227201969416427, 84.84411130060338735, 5.399999999999998579 ) ) ;
#2354 = LINE ( 'NONE', #5957, #4269 ) ;
#2355 = B_SPLINE_CURVE_WITH_KNOTS ( 'NONE', 3,
 ( #7844, #6020, #6982, #6859 ),
 .UNSPECIFIED., .F., .F.,
 ( 4, 4 ),
 ( 6.938893903907228378E-18, 0.001414856293800006602 ),
 .UNSPECIFIED. ) ;
#2356 = VECTOR ( 'NONE', #6728, 1000.000000000000000 ) ;
#2357 = CARTESIAN_POINT ( 'NONE',  ( 19.17290030255302113, 15.38650074697047110, -3.170608083611303307 ) ) ;
#2358 = ORIENTED_EDGE ( 'NONE', *, *, #4266, .F. ) ;
#2359 = ORIENTED_EDGE ( 'NONE', *, *, #7691, .F. ) ;
#2360 = VERTEX_POINT ( 'NONE', #10826 ) ;
#2361 = EDGE_CURVE ( 'NONE', #4067, #2658, #1294, .T. ) ;
#2362 = ADVANCED_FACE ( 'NONE', ( #2384 ), #11760, .F. ) ;
#2363 = VECTOR ( 'NONE', #1020, 1000.000000000000000 ) ;
#2364 = CARTESIAN_POINT ( 'NONE',  ( -4.612279000000002682, 76.84411099999999806, 7.100000000000059153 ) ) ;
#2365 = DIRECTION ( 'NONE',  ( -1.165657149518714511E-06, -0.9999999999993206545, 0.000000000000000000 ) ) ;
#2366 = CARTESIAN_POINT ( 'NONE',  ( -23.06227900000008191, 9.413335715488759461E-14, 7.100000000000059153 ) ) ;
#2367 = DIRECTION ( 'NONE',  ( 0.2588190399164175259, 0.9659258276786805153, 0.000000000000000000 ) ) ;
#2368 = CARTESIAN_POINT ( 'NONE',  ( -97.67509411766214100, 14.36019711759639961, -2.272870761041802190 ) ) ;
#2369 = CARTESIAN_POINT ( 'NONE',  ( 19.15536445482413441, 49.06706622704538034, -6.527129240129442955 ) ) ;
#2370 = AXIS2_PLACEMENT_3D ( 'NONE', #7770, #11589, #5149 ) ;
#2371 = EDGE_LOOP ( 'NONE', ( #4749, #1841, #5183, #10216 ) ) ;
#2372 = VERTEX_POINT ( 'NONE', #2446 ) ;
#2373 = EDGE_CURVE ( 'NONE', #4344, #4189, #2826, .T. ) ;
#2374 = ADVANCED_FACE ( 'NONE', ( #9658 ), #4203, .F. ) ;
#2375 = CARTESIAN_POINT ( 'NONE',  ( -48.95915292032525201, 1.244117980299763726, 5.399999999999998579 ) ) ;
#2376 = AXIS2_PLACEMENT_3D ( 'NONE', #4876, #10199, #1097 ) ;
#2377 = CARTESIAN_POINT ( 'NONE',  ( -25.65727168330931462, 19.83112779744591236, 7.099999999999990763 ) ) ;
#2378 = DIRECTION ( 'NONE',  ( 0.000000000000000000, 0.000000000000000000, 1.000000000000000000 ) ) ;
#2379 = ORIENTED_EDGE ( 'NONE', *, *, #2949, .T. ) ;
#2380 = CARTESIAN_POINT ( 'NONE',  ( -23.93921972881140903, -1.879184881250780537, -4.971197494299509856 ) ) ;
#2381 = DIRECTION ( 'NONE',  ( -0.9999999999999206191, 3.984065844030486389E-07, 0.000000000000000000 ) ) ;
#2382 = VECTOR ( 'NONE', #10083, 1000.000000000000000 ) ;
#2383 = ADVANCED_FACE ( 'NONE', ( #7819 ), #7696, .F. ) ;
#2384 = FACE_OUTER_BOUND ( 'NONE', #6014, .T. ) ;
#2385 = CARTESIAN_POINT ( 'NONE',  ( 1.467733111986475825, 79.84410671643203727, 3.399999999999993250 ) ) ;
#2386 = VERTEX_POINT ( 'NONE', #9721 ) ;
#2387 = VERTEX_POINT ( 'NONE', #10706 ) ;
#2388 = ORIENTED_EDGE ( 'NONE', *, *, #10742, .F. ) ;
#2389 = CARTESIAN_POINT ( 'NONE',  ( -119.2999154744839672, 26.94197826950643559, -4.318403959654536273 ) ) ;
#2390 = CARTESIAN_POINT ( 'NONE',  ( -70.81861526359334391, 81.93693502087863578, -4.485088766571109886 ) ) ;
#2391 = DIRECTION ( 'NONE',  ( 1.000000000000000000, 0.000000000000000000, 0.000000000000000000 ) ) ;
#2392 = CARTESIAN_POINT ( 'NONE',  ( -119.3122720196896722, 27.06910750985032976, -4.400000000000000355 ) ) ;
#2393 = AXIS2_PLACEMENT_3D ( 'NONE', #8111, #4391, #6949 ) ;
#2394 = LINE ( 'NONE', #4042, #2667 ) ;
#2395 = CARTESIAN_POINT ( 'NONE',  ( -84.31227469707440036, 76.84410589528943092, -1.900000000000000355 ) ) ;
#2396 = CARTESIAN_POINT ( 'NONE',  ( -118.6122720196896410, 71.84411113364974710, 7.399999999999998579 ) ) ;
#2397 = CARTESIAN_POINT ( 'NONE',  ( 11.45859082457479516, -5.795957894100131291, -2.400000000000000355 ) ) ;
#2398 = VERTEX_POINT ( 'NONE', #5076 ) ;
#2399 = LINE ( 'NONE', #4112, #3172 ) ;
#2400 = VERTEX_POINT ( 'NONE', #8802 ) ;
#2401 = ADVANCED_FACE ( 'NONE', ( #7378 ), #2741, .T. ) ;
#2402 = ORIENTED_EDGE ( 'NONE', *, *, #1674, .F. ) ;
#2403 = ORIENTED_EDGE ( 'NONE', *, *, #6985, .F. ) ;
#2404 = DIRECTION ( 'NONE',  ( -0.000000000000000000, -0.000000000000000000, -1.000000000000000000 ) ) ;
#2405 = VECTOR ( 'NONE', #10304, 1000.000000000000000 ) ;
#2406 = VERTEX_POINT ( 'NONE', #798 ) ;
#2407 = DIRECTION ( 'NONE',  ( -9.214753622992747403E-08, -0.7071067811865372477, 0.7071067811865517916 ) ) ;
#2408 = CARTESIAN_POINT ( 'NONE',  ( 15.03023638374127735, 80.61798632281562504, 3.377656829484403378 ) ) ;
#2409 = CARTESIAN_POINT ( 'NONE',  ( -79.81227900000004638, 22.98553808041251401, -1.900000000000000355 ) ) ;
#2410 = CARTESIAN_POINT ( 'NONE',  ( 19.10164154355474864, 15.59828176963251067, -2.272870761040224785 ) ) ;
#2411 = CARTESIAN_POINT ( 'NONE',  ( -53.46030958397999910, 20.49838296832900397, -1.900000000000000355 ) ) ;
#2412 = DIRECTION ( 'NONE',  ( -0.000000000000000000, -0.000000000000000000, 1.000000000000000000 ) ) ;
#2413 = CONICAL_SURFACE ( 'NONE', #1053, 0.3999999999999837019, 0.7853981633974570498 ) ;
#2414 = LINE ( 'NONE', #6023, #5291 ) ;
#2415 = ORIENTED_EDGE ( 'NONE', *, *, #9759, .F. ) ;
#2416 = ORIENTED_EDGE ( 'NONE', *, *, #658, .F. ) ;
#2417 = EDGE_CURVE ( 'NONE', #4525, #6851, #1823, .T. ) ;
#2418 = EDGE_CURVE ( 'NONE', #144, #7581, #8984, .T. ) ;
#2419 = EDGE_LOOP ( 'NONE', ( #5341, #3231, #3561, #159 ) ) ;
#2420 = AXIS2_PLACEMENT_3D ( 'NONE', #8658, #7556, #3161 ) ;
#2421 = CARTESIAN_POINT ( 'NONE',  ( -3.612278999999986251, -8.178346098526645248E-16, 4.400000000000000355 ) ) ;
#2422 = DIRECTION ( 'NONE',  ( -1.000000000000000000, 0.000000000000000000, 0.000000000000000000 ) ) ;
#2423 = CARTESIAN_POINT ( 'NONE',  ( 18.16772100000000378, 25.98547018669193065, 1.699999999999992184 ) ) ;
#2424 = CARTESIAN_POINT ( 'NONE',  ( 11.91857130266412312, 3.193571847410091813, 4.400000000000000355 ) ) ;
#2425 = CYLINDRICAL_SURFACE ( 'NONE', #11506, 0.2977672882890219919 ) ;
#2426 = CARTESIAN_POINT ( 'NONE',  ( -97.67509411766214100, 14.32193606364748639, -2.613211992813810003 ) ) ;
#2427 = EDGE_CURVE ( 'NONE', #643, #11594, #9965, .T. ) ;
#2428 = CARTESIAN_POINT ( 'NONE',  ( 19.35960274125642044, 48.90386751168765755, -3.804406304072100564 ) ) ;
#2429 = VECTOR ( 'NONE', #6440, 1000.000000000000114 ) ;
#2430 = VECTOR ( 'NONE', #5176, 1000.000000000000000 ) ;
#2431 = ORIENTED_EDGE ( 'NONE', *, *, #4470, .T. ) ;
#2432 = ORIENTED_EDGE ( 'NONE', *, *, #1173, .T. ) ;
#2433 = CARTESIAN_POINT ( 'NONE',  ( 4.992269790801675100, -14.04141564360380556, 7.399999999999998579 ) ) ;
#2434 = LINE ( 'NONE', #9772, #366 ) ;
#2435 = CARTESIAN_POINT ( 'NONE',  ( -1.557786344851923830E-14, 15.29411798029987679, 7.100000000000059153 ) ) ;
#2436 = CIRCLE ( 'NONE', #7892, 214.8027930341397962 ) ;
#2437 = CARTESIAN_POINT ( 'NONE',  ( -22.38302633439542078, 77.84482927968367960, 5.399999999999998579 ) ) ;
#2438 = AXIS2_PLACEMENT_3D ( 'NONE', #11310, #4879, #2926 ) ;
#2439 = DIRECTION ( 'NONE',  ( -1.798198670589261751E-07, -0.9999999999999837907, -0.000000000000000000 ) ) ;
#2440 = EDGE_CURVE ( 'NONE', #6424, #6645, #6524, .T. ) ;
#2441 = ADVANCED_FACE ( 'NONE', ( #10084 ), #7199, .T. ) ;
#2442 = CARTESIAN_POINT ( 'NONE',  ( -24.55385378340291780, -1.543075314196292513, -6.113584521027160434 ) ) ;
#2443 = CIRCLE ( 'NONE', #312, 2.024999999999985256 ) ;
#2444 = DIRECTION ( 'NONE',  ( 0.02449038290372379523, 0.9997000655922899659, 0.000000000000000000 ) ) ;
#2445 = CONICAL_SURFACE ( 'NONE', #11237, 0.3999999999999837019, 0.7853981633974570498 ) ;
#2446 = CARTESIAN_POINT ( 'NONE',  ( -80.21367833427878224, 79.84411100000001227, 5.399999999999998579 ) ) ;
#2447 = CARTESIAN_POINT ( 'NONE',  ( -121.3122790047357284, 13.69411797798555774, -1.900000000000000355 ) ) ;
#2448 = EDGE_LOOP ( 'NONE', ( #6960, #6917, #8273, #8132 ) ) ;
#2449 = ORIENTED_EDGE ( 'NONE', *, *, #4521, .F. ) ;
#2450 = ORIENTED_EDGE ( 'NONE', *, *, #3353, .T. ) ;
#2451 = CARTESIAN_POINT ( 'NONE',  ( -119.5041531793052059, 28.47350827803907336, -4.481602675011057357 ) ) ;
#2452 = CARTESIAN_POINT ( 'NONE',  ( -71.47141012502669355, 81.80863840243814877, -5.506109694586541536 ) ) ;
#2453 = FACE_OUTER_BOUND ( 'NONE', #953, .T. ) ;
#2454 = LINE ( 'NONE', #7025, #9827 ) ;
#2455 = VECTOR ( 'NONE', #1258, 1000.000000000000000 ) ;
#2456 = DIRECTION ( 'NONE',  ( -0.000000000000000000, -0.000000000000000000, -1.000000000000000000 ) ) ;
#2457 = EDGE_CURVE ( 'NONE', #4476, #8347, #2566, .T. ) ;
#2458 = DIRECTION ( 'NONE',  ( 0.000000000000000000, 1.000000000000000000, 0.000000000000000000 ) ) ;
#2459 = CARTESIAN_POINT ( 'NONE',  ( 0.8677331119864810649, 79.84410682432395845, 2.799999999999989164 ) ) ;
#2460 = LINE ( 'NONE', #6177, #815 ) ;
#2461 = ORIENTED_EDGE ( 'NONE', *, *, #1384, .T. ) ;
#2462 = CARTESIAN_POINT ( 'NONE',  ( -116.3122720203380709, 71.13595435076683771, -1.900000000000000355 ) ) ;
#2463 = ORIENTED_EDGE ( 'NONE', *, *, #3538, .F. ) ;
#2464 = VERTEX_POINT ( 'NONE', #10022 ) ;
#2465 = CIRCLE ( 'NONE', #4022, 0.2977672882890324280 ) ;
#2466 = CARTESIAN_POINT ( 'NONE',  ( -34.65070329373304503, 81.84928476493155358, -5.990741301849681122 ) ) ;
#2467 = ORIENTED_EDGE ( 'NONE', *, *, #3438, .F. ) ;
#2468 = ORIENTED_EDGE ( 'NONE', *, *, #10823, .T. ) ;
#2469 = DIRECTION ( 'NONE',  ( 0.9999144385346409036, -0.01308111654079096610, 0.000000000000000000 ) ) ;
#2470 = CARTESIAN_POINT ( 'NONE',  ( 15.53635674817524048, 81.49267153610286130, 4.409790254171174873 ) ) ;
#2471 = CARTESIAN_POINT ( 'NONE',  ( -101.0622825347106328, 15.29411099999999912, -1.900000000000000355 ) ) ;
#2472 = DIRECTION ( 'NONE',  ( -0.000000000000000000, -0.000000000000000000, 1.000000000000000000 ) ) ;
#2473 = ADVANCED_FACE ( 'NONE', ( #1650 ), #5370, .T. ) ;
#2474 = CARTESIAN_POINT ( 'NONE',  ( 2.939168329610159613, -10.97058647013408894, 7.399999999999998579 ) ) ;
#2475 = AXIS2_PLACEMENT_3D ( 'NONE', #11206, #8383, #1909 ) ;
#2476 = CARTESIAN_POINT ( 'NONE',  ( 19.17282026024334840, 16.34072956823373701, -2.502238565025161510 ) ) ;
#2477 = VERTEX_POINT ( 'NONE', #8180 ) ;
#2478 = CARTESIAN_POINT ( 'NONE',  ( -22.64949484998770046, -2.151537419025635334, -2.399889642447593285 ) ) ;
#2479 = VERTEX_POINT ( 'NONE', #11937 ) ;
#2480 = EDGE_LOOP ( 'NONE', ( #2358, #3583, #1172, #10160, #3724, #11824 ) ) ;
#2481 = CARTESIAN_POINT ( 'NONE',  ( 19.16772100000000734, 18.98547018669193065, -0.9000000000000002442 ) ) ;
#2482 = AXIS2_PLACEMENT_3D ( 'NONE', #164, #3083, #5649 ) ;
#2483 = CARTESIAN_POINT ( 'NONE',  ( -119.3173775709962570, 61.06910750985028358, -4.400000000004058442 ) ) ;
#2484 = CARTESIAN_POINT ( 'NONE',  ( -80.81228598030135402, 15.29411099999999912, 7.100000000000059153 ) ) ;
#2485 = CARTESIAN_POINT ( 'NONE',  ( -3.193571648019223552, 11.91857164801922586, 7.399999999999998579 ) ) ;
#2486 = EDGE_CURVE ( 'NONE', #2311, #370, #3547, .T. ) ;
#2487 = EDGE_CURVE ( 'NONE', #3950, #6270, #1470, .T. ) ;
#2488 = DIRECTION ( 'NONE',  ( 1.000000000000000000, 0.000000000000000000, 0.000000000000000000 ) ) ;
#2489 = PLANE ( 'NONE',  #8758 ) ;
#2490 = CARTESIAN_POINT ( 'NONE',  ( 19.37782436364534533, 48.90386751168765755, -4.314918151749314923 ) ) ;
#2491 = AXIS2_PLACEMENT_3D ( 'NONE', #4097, #10461, #11575 ) ;
#2492 = EDGE_LOOP ( 'NONE', ( #3826, #1580, #4117, #3168 ) ) ;
#2493 = FACE_OUTER_BOUND ( 'NONE', #7521, .T. ) ;
#2494 = ORIENTED_EDGE ( 'NONE', *, *, #11550, .T. ) ;
#2495 = CARTESIAN_POINT ( 'NONE',  ( -12.74474674335479207, 12.48788592914254103, 7.399999999999998579 ) ) ;
#2496 = EDGE_CURVE ( 'NONE', #6270, #3551, #6341, .T. ) ;
#2497 = CYLINDRICAL_SURFACE ( 'NONE', #6707, 3.299999999999990496 ) ;
#2498 = ORIENTED_EDGE ( 'NONE', *, *, #4438, .F. ) ;
#2499 = VECTOR ( 'NONE', #6823, 1000.000000000000000 ) ;
#2500 = CARTESIAN_POINT ( 'NONE',  ( -40.95410443796348687, -70.96659471956760967, 7.399999999999998579 ) ) ;
#2501 = CARTESIAN_POINT ( 'NONE',  ( -119.3515231866732478, 60.51555428555816718, -5.460792313280946608 ) ) ;
#2502 = EDGE_LOOP ( 'NONE', ( #387, #7716, #1653, #4938 ) ) ;
#2503 = CARTESIAN_POINT ( 'NONE',  ( -24.25815839697349929, -1.754502652294481990, -4.481602675220542231 ) ) ;
#2504 = VECTOR ( 'NONE', #7717, 999.9999999999998863 ) ;
#2505 = VECTOR ( 'NONE', #8677, 1000.000000000000000 ) ;
#2506 = CARTESIAN_POINT ( 'NONE',  ( -119.9122790047356659, 12.29411840909210518, 6.400000000000025224 ) ) ;
#2507 = CARTESIAN_POINT ( 'NONE',  ( -50.96227908726790901, 1.515010834729325457E-06, 7.399999999999998579 ) ) ;
#2508 = VERTEX_POINT ( 'NONE', #4518 ) ;
#2509 = ADVANCED_FACE ( 'NONE', ( #10146 ), #10506, .F. ) ;
#2510 = ORIENTED_EDGE ( 'NONE', *, *, #9800, .F. ) ;
#2511 = EDGE_CURVE ( 'NONE', #8896, #4390, #5609, .T. ) ;
#2512 = CARTESIAN_POINT ( 'NONE',  ( 16.77033693311701157, 81.14174912437690068, 3.021546086857350044 ) ) ;
#2513 = VERTEX_POINT ( 'NONE', #246 ) ;
#2514 = CARTESIAN_POINT ( 'NONE',  ( -119.3506883554607327, 28.47350827803906981, -6.113584520843606818 ) ) ;
#2515 = CARTESIAN_POINT ( 'NONE',  ( -70.81861526359334391, 81.93693507359746775, -4.314918150687090836 ) ) ;
#2516 = VECTOR ( 'NONE', #8783, 1000.000000000000000 ) ;
#2517 = LINE ( 'NONE', #6232, #7479 ) ;
#2518 = AXIS2_PLACEMENT_3D ( 'NONE', #1935, #2057, #114 ) ;
#2519 = CYLINDRICAL_SURFACE ( 'NONE', #5284, 1.999999999999994893 ) ;
#2520 = CARTESIAN_POINT ( 'NONE',  ( -67.69474588039457785, 81.84924014113808255, -5.400488983343707083 ) ) ;
#2521 = DIRECTION ( 'NONE',  ( 1.492741799624945840E-62, 0.000000000000000000, -1.000000000000000000 ) ) ;
#2522 = B_SPLINE_CURVE_WITH_KNOTS ( 'NONE', 3,
 ( #9818, #2242, #8899, #4259, #3343, #7056, #10802, #601, #9881, #4318, #8032, #3099, #8155, #1571, #7120, #4561, #2603, #11918, #3648, #10927, #2724, #12035, #10982, #11798, #11859, #7360, #10125, #11977, #719, #11106 ),
 .UNSPECIFIED., .F., .F.,
 ( 4, 2, 2, 2, 2, 2, 2, 2, 2, 2, 2, 2, 2, 2, 4 ),
 ( 0.006252914650802588077, 0.006643633624004354615, 0.007034352597206120286, 0.007815790543609653362, 0.008206509516811420768, 0.008597228490013186439, 0.008987947463214953844, 0.009378666436416719515, 0.009769385409618486921, 0.01016010438282025433, 0.01055082335602202173, 0.01094154232922378914, 0.01133226130242555654, 0.01172298027562732395, 0.01250441822203085009 ),
 .UNSPECIFIED. ) ;
#2523 = ORIENTED_EDGE ( 'NONE', *, *, #11654, .T. ) ;
#2524 = CARTESIAN_POINT ( 'NONE',  ( -31.71784497952104331, 81.89194109547148059, -4.485088766547514538 ) ) ;
#2525 = ORIENTED_EDGE ( 'NONE', *, *, #1404, .F. ) ;
#2526 = VECTOR ( 'NONE', #5878, 1000.000000000000000 ) ;
#2527 = CARTESIAN_POINT ( 'NONE',  ( -97.06228253471061862, 14.29411798029987857, -4.400000000000000355 ) ) ;
#2528 = VERTEX_POINT ( 'NONE', #11433 ) ;
#2529 = ORIENTED_EDGE ( 'NONE', *, *, #7756, .T. ) ;
#2530 = EDGE_CURVE ( 'NONE', #9694, #8435, #5363, .T. ) ;
#2531 = CARTESIAN_POINT ( 'NONE',  ( -101.4372790000000322, 15.29411099999999912, 5.399999999999998579 ) ) ;
#2532 = CARTESIAN_POINT ( 'NONE',  ( 15.43805760440571184, 80.29634707406005134, 2.986631259665073479 ) ) ;
#2533 = CARTESIAN_POINT ( 'NONE',  ( 19.17282370948226244, 50.88384304475417252, -3.757030716078956445 ) ) ;
#2534 = CARTESIAN_POINT ( 'NONE',  ( -119.3174262315760643, 58.93936894539631766, -6.400046099764412411 ) ) ;
#2535 = CARTESIAN_POINT ( 'NONE',  ( 1.121929159456332981, 84.21990278957063936, 3.290669352159792282 ) ) ;
#2536 = AXIS2_PLACEMENT_3D ( 'NONE', #9745, #7039, #586 ) ;
#2537 = CARTESIAN_POINT ( 'NONE',  ( -119.3174015465919382, 28.06638751892901240, -6.135379275634039509 ) ) ;
#2538 = ORIENTED_EDGE ( 'NONE', *, *, #6916, .T. ) ;
#2539 = CARTESIAN_POINT ( 'NONE',  ( -63.05759255042163147, 13.29411099999998846, 7.399999999999998579 ) ) ;
#2540 = ORIENTED_EDGE ( 'NONE', *, *, #5023, .T. ) ;
#2541 = ORIENTED_EDGE ( 'NONE', *, *, #8606, .F. ) ;
#2542 = EDGE_CURVE ( 'NONE', #12089, #8435, #4207, .T. ) ;
#2543 = CARTESIAN_POINT ( 'NONE',  ( -40.95410443796348687, -70.96659471956760967, 5.399999999999998579 ) ) ;
#2544 = FACE_OUTER_BOUND ( 'NONE', #9, .T. ) ;
#2545 = CONICAL_SURFACE ( 'NONE', #8595, 0.4000000000000114575, 0.7853981633974548293 ) ;
#2546 = DIRECTION ( 'NONE',  ( -0.000000000000000000, -1.982541115402065307E-15, 1.000000000000000000 ) ) ;
#2547 = CARTESIAN_POINT ( 'NONE',  ( 19.16772100000002865, 25.98547018669193065, 1.699999999999992184 ) ) ;
#2548 = DIRECTION ( 'NONE',  ( 0.9997000655922810841, -0.02449038290409118884, 0.000000000000000000 ) ) ;
#2549 = CARTESIAN_POINT ( 'NONE',  ( 19.36042924109507624, 49.55666237311857003, -4.314918151749314923 ) ) ;
#2550 = ORIENTED_EDGE ( 'NONE', *, *, #6750, .T. ) ;
#2551 = ORIENTED_EDGE ( 'NONE', *, *, #4037, .T. ) ;
#2552 = FACE_OUTER_BOUND ( 'NONE', #11804, .T. ) ;
#2553 = ORIENTED_EDGE ( 'NONE', *, *, #9668, .T. ) ;
#2554 = VECTOR ( 'NONE', #9172, 1000.000000000000000 ) ;
#2555 = EDGE_CURVE ( 'NONE', #8592, #10099, #1664, .T. ) ;
#2556 = CARTESIAN_POINT ( 'NONE',  ( -121.3122720203380140, 71.13595499523700028, -1.900000000000000355 ) ) ;
#2557 = ORIENTED_EDGE ( 'NONE', *, *, #10823, .F. ) ;
#2558 = CARTESIAN_POINT ( 'NONE',  ( -61.16005585450887594, 81.14411100000002364, 4.400000000000000355 ) ) ;
#2559 = DIRECTION ( 'NONE',  ( 0.000000000000000000, -0.000000000000000000, -1.000000000000000000 ) ) ;
#2560 = CYLINDRICAL_SURFACE ( 'NONE', #11318, 0.6000000000000033085 ) ;
#2561 = VECTOR ( 'NONE', #2891, 1000.000000000000000 ) ;
#2562 = CARTESIAN_POINT ( 'NONE',  ( -79.81227900000004638, 22.98553808041251401, 5.399999999999998579 ) ) ;
#2563 = LINE ( 'NONE', #8240, #2213 ) ;
#2564 = EDGE_CURVE ( 'NONE', #5372, #4730, #9270, .T. ) ;
#2565 = ADVANCED_FACE ( 'NONE', ( #7249 ), #3476, .T. ) ;
#2566 = LINE ( 'NONE', #6281, #503 ) ;
#2567 = CARTESIAN_POINT ( 'NONE',  ( 11.01773485016858345, 89.51034654400793045, -1.799999999999999378 ) ) ;
#2568 = EDGE_LOOP ( 'NONE', ( #9693, #8163, #4443, #6896, #11343 ) ) ;
#2569 = VECTOR ( 'NONE', #9639, 1000.000000000000114 ) ;
#2570 = ORIENTED_EDGE ( 'NONE', *, *, #10976, .F. ) ;
#2571 = EDGE_LOOP ( 'NONE', ( #10341, #1285, #9403, #8498 ) ) ;
#2572 = CARTESIAN_POINT ( 'NONE',  ( -119.3051413856477723, 28.47350827803906981, -6.439980624623485639 ) ) ;
#2573 = CARTESIAN_POINT ( 'NONE',  ( -70.49221783287669041, 81.88336223226701804, -5.846449542710238312 ) ) ;
#2574 = DIRECTION ( 'NONE',  ( 4.263949503082960208E-15, 1.000000000000000000, 0.000000000000000000 ) ) ;
#2575 = DIRECTION ( 'NONE',  ( 0.000000000000000000, -1.000000000000000000, 0.000000000000000000 ) ) ;
#2576 = FACE_OUTER_BOUND ( 'NONE', #537, .T. ) ;
#2577 = EDGE_CURVE ( 'NONE', #3325, #790, #1701, .T. ) ;
#2578 = VECTOR ( 'NONE', #4048, 1000.000000000000000 ) ;
#2579 = LINE ( 'NONE', #1721, #4903 ) ;
#2580 = ORIENTED_EDGE ( 'NONE', *, *, #8115, .T. ) ;
#2581 = CARTESIAN_POINT ( 'NONE',  ( -31.71784497952104331, 81.75442031912687924, -2.272870760029102044 ) ) ;
#2582 = ORIENTED_EDGE ( 'NONE', *, *, #8355, .T. ) ;
#2583 = CARTESIAN_POINT ( 'NONE',  ( -41.11227899999998670, 23.29411099999999379, 4.400000000000000355 ) ) ;
#2584 = ORIENTED_EDGE ( 'NONE', *, *, #1743, .T. ) ;
#2585 = ORIENTED_EDGE ( 'NONE', *, *, #11451, .F. ) ;
#2586 = AXIS2_PLACEMENT_3D ( 'NONE', #1786, #11388, #8682 ) ;
#2587 = DIRECTION ( 'NONE',  ( 0.000000000000000000, -1.000000000000000000, 0.000000000000000000 ) ) ;
#2588 = LINE ( 'NONE', #6302, #6957 ) ;
#2589 = CARTESIAN_POINT ( 'NONE',  ( 19.17285014146720457, 50.72215380666334283, -3.399511016657156937 ) ) ;
#2590 = CARTESIAN_POINT ( 'NONE',  ( -119.3173775659053319, 61.06910750985002068, -4.532144654175067622 ) ) ;
#2591 = CARTESIAN_POINT ( 'NONE',  ( 1.168834866809304041, 84.19308036528903472, 3.320612654122361729 ) ) ;
#2592 = EDGE_CURVE ( 'NONE', #1655, #7992, #11347, .T. ) ;
#2593 = ADVANCED_FACE ( 'NONE', ( #4507 ), #12045, .T. ) ;
#2594 = CARTESIAN_POINT ( 'NONE',  ( -119.3173813716362019, 31.00532860099418642, -4.917716884980425363 ) ) ;
#2595 = ORIENTED_EDGE ( 'NONE', *, *, #2123, .F. ) ;
#2596 = CARTESIAN_POINT ( 'NONE',  ( -119.3174011611568517, 30.06959649319315986, -2.663316380028573072 ) ) ;
#2597 = AXIS2_PLACEMENT_3D ( 'NONE', #2257, #5305, #9032 ) ;
#2598 = CARTESIAN_POINT ( 'NONE',  ( 19.21555133693327022, 18.69905338060969058, -4.314918151748109665 ) ) ;
#2599 = LINE ( 'NONE', #8513, #9545 ) ;
#2600 = EDGE_LOOP ( 'NONE', ( #2130, #713 ) ) ;
#2601 = ORIENTED_EDGE ( 'NONE', *, *, #10965, .F. ) ;
#2602 = CARTESIAN_POINT ( 'NONE',  ( -119.3173809845915088, 59.95467213762961478, -2.601944300551365608 ) ) ;
#2603 = CARTESIAN_POINT ( 'NONE',  ( 19.17287233088538656, 18.97268240251870353, -4.139319494815230094 ) ) ;
#2604 = AXIS2_PLACEMENT_3D ( 'NONE', #269, #9550, #393 ) ;
#2605 = LINE ( 'NONE', #10126, #7530 ) ;
#2606 = FACE_OUTER_BOUND ( 'NONE', #12056, .T. ) ;
#2607 = EDGE_CURVE ( 'NONE', #1083, #6538, #7312, .T. ) ;
#2608 = CARTESIAN_POINT ( 'NONE',  ( -42.71227739747914143, 84.84410401969522297, 7.399999999999998579 ) ) ;
#2609 = ORIENTED_EDGE ( 'NONE', *, *, #1826, .T. ) ;
#2610 = VERTEX_POINT ( 'NONE', #5480 ) ;
#2611 = PLANE ( 'NONE',  #6206 ) ;
#2612 = VERTEX_POINT ( 'NONE', #11869 ) ;
#2613 = CARTESIAN_POINT ( 'NONE',  ( -30.39707079535388345, 7.164770711077879994, 7.399999999999998579 ) ) ;
#2614 = ORIENTED_EDGE ( 'NONE', *, *, #11731, .T. ) ;
#2615 = CARTESIAN_POINT ( 'NONE',  ( 19.16772100000001444, 0.000000000000000000, 7.399999999999998579 ) ) ;
#2616 = LINE ( 'NONE', #7434, #6411 ) ;
#2617 = CIRCLE ( 'NONE', #1461, 0.8999999999999945821 ) ;
#2618 = AXIS2_PLACEMENT_3D ( 'NONE', #792, #9215, #11932 ) ;
#2619 = EDGE_CURVE ( 'NONE', #1021, #4605, #1758, .T. ) ;
#2620 = ORIENTED_EDGE ( 'NONE', *, *, #4947, .T. ) ;
#2621 = CARTESIAN_POINT ( 'NONE',  ( -22.06227899999998954, 19.99411100000003216, 7.399999999999998579 ) ) ;
#2622 = CARTESIAN_POINT ( 'NONE',  ( -84.81227469707441458, 76.84410589528943092, -2.400000000000000355 ) ) ;
#2623 = DIRECTION ( 'NONE',  ( -0.000000000000000000, 0.000000000000000000, 1.000000000000000000 ) ) ;
#2624 = DIRECTION ( 'NONE',  ( 0.000000000000000000, 0.000000000000000000, 1.000000000000000000 ) ) ;
#2625 = AXIS2_PLACEMENT_3D ( 'NONE', #5332, #2407, #3510 ) ;
#2626 = ORIENTED_EDGE ( 'NONE', *, *, #9462, .T. ) ;
#2627 = AXIS2_PLACEMENT_3D ( 'NONE', #6775, #2087, #3916 ) ;
#2628 = VERTEX_POINT ( 'NONE', #8041 ) ;
#2629 = ORIENTED_EDGE ( 'NONE', *, *, #4789, .T. ) ;
#2630 = CARTESIAN_POINT ( 'NONE',  ( -119.3199625860948885, 30.51555428520757118, -3.012814236802380030 ) ) ;
#2631 = CARTESIAN_POINT ( 'NONE',  ( -119.2681028776221410, 56.94197827182566840, -3.339211667514502491 ) ) ;
#2632 = CARTESIAN_POINT ( 'NONE',  ( 19.24360823483436178, 16.41427269254953458, -2.953553224609518857 ) ) ;
#2633 = ADVANCED_FACE ( 'NONE', ( #9954 ), #3658, .T. ) ;
#2634 = EDGE_CURVE ( 'NONE', #5372, #12089, #10815, .T. ) ;
#2635 = DIRECTION ( 'NONE',  ( 0.9914448441888144004, -0.1305263227529890602, 0.000000000000000000 ) ) ;
#2636 = LINE ( 'NONE', #2459, #1945 ) ;
#2637 = VECTOR ( 'NONE', #6813, 1000.000000000000000 ) ;
#2638 = AXIS2_PLACEMENT_3D ( 'NONE', #681, #6403, #10201 ) ;
#2639 = DIRECTION ( 'NONE',  ( 0.000000000000000000, 1.000000000000000000, -0.000000000000000000 ) ) ;
#2640 = ORIENTED_EDGE ( 'NONE', *, *, #63, .F. ) ;
#2641 = CARTESIAN_POINT ( 'NONE',  ( -32.04424108330033505, 81.93693465090662187, -4.485088766547514538 ) ) ;
#2642 = PLANE ( 'NONE',  #8159 ) ;
#2643 = VERTEX_POINT ( 'NONE', #4388 ) ;
#2644 = VERTEX_POINT ( 'NONE', #8107 ) ;
#2645 = ORIENTED_EDGE ( 'NONE', *, *, #213, .F. ) ;
#2646 = CONICAL_SURFACE ( 'NONE', #4209, 0.1999999999999710343, 0.7853981633974809196 ) ;
#2647 = EDGE_CURVE ( 'NONE', #9300, #11560, #4785, .T. ) ;
#2648 = VERTEX_POINT ( 'NONE', #1997 ) ;
#2649 = VECTOR ( 'NONE', #8532, 1000.000000000000000 ) ;
#2650 = CARTESIAN_POINT ( 'NONE',  ( -30.77754216137649124, 6.736876751172759192, 7.099999999999989875 ) ) ;
#2651 = CARTESIAN_POINT ( 'NONE',  ( 15.98139347872795035, 81.36703289873655365, 4.221539871174511127 ) ) ;
#2652 = CARTESIAN_POINT ( 'NONE',  ( 19.17283043373350537, 50.78230513976323124, -5.287988171786295766 ) ) ;
#2653 = CARTESIAN_POINT ( 'NONE',  ( -119.3174571723590844, 57.56186552742784812, -5.721230831443195441 ) ) ;
#2654 = CARTESIAN_POINT ( 'NONE',  ( 0.9291115126776928745, 84.32927109641606478, 3.067049556031612223 ) ) ;
#2655 = CARTESIAN_POINT ( 'NONE',  ( -98.49108504056941626, 14.31331719798635405, -2.272870761041802190 ) ) ;
#2656 = CARTESIAN_POINT ( 'NONE',  ( -100.9604825740560017, 14.28901527996241327, -5.043431635510007283 ) ) ;
#2657 = CIRCLE ( 'NONE', #12046, 1.299999999999967848 ) ;
#2658 = VERTEX_POINT ( 'NONE', #4633 ) ;
#2659 = PLANE ( 'NONE',  #9018 ) ;
#2660 = ORIENTED_EDGE ( 'NONE', *, *, #1875, .T. ) ;
#2661 = CARTESIAN_POINT ( 'NONE',  ( 19.16059050075027770, 19.02545081132303295, -4.995599231673178764 ) ) ;
#2662 = EDGE_LOOP ( 'NONE', ( #5689, #6082, #10121, #3096 ) ) ;
#2663 = ORIENTED_EDGE ( 'NONE', *, *, #3038, .F. ) ;
#2664 = EDGE_CURVE ( 'NONE', #4160, #7417, #11234, .T. ) ;
#2665 = ADVANCED_FACE ( 'NONE', ( #116 ), #12105, .T. ) ;
#2666 = CARTESIAN_POINT ( 'NONE',  ( -119.3173985995225763, 57.32069109699453691, -3.394567589135125907 ) ) ;
#2667 = VECTOR ( 'NONE', #1490, 1000.000000000000114 ) ;
#2668 = DIRECTION ( 'NONE',  ( -0.7071067811865445751, 9.114179666716531325E-08, -0.7071067811865445751 ) ) ;
#2669 = CARTESIAN_POINT ( 'NONE',  ( 16.45859082457479872, 2.864296143744261336, -2.400000000000000355 ) ) ;
#2670 = CARTESIAN_POINT ( 'NONE',  ( 0.9001446949456842761, 84.34557343715609079, 2.995531424569214174 ) ) ;
#2671 = DIRECTION ( 'NONE',  ( 0.000000000000000000, 1.000000000000000000, 0.000000000000000000 ) ) ;
#2672 = ORIENTED_EDGE ( 'NONE', *, *, #3604, .T. ) ;
#2673 = ORIENTED_EDGE ( 'NONE', *, *, #6787, .F. ) ;
#2674 = LINE ( 'NONE', #10134, #2705 ) ;
#2675 = VERTEX_POINT ( 'NONE', #10375 ) ;
#2676 = CARTESIAN_POINT ( 'NONE',  ( -7.804981454250450312, 14.01234497133438595, 7.399999999999998579 ) ) ;
#2677 = EDGE_CURVE ( 'NONE', #8821, #4011, #10069, .T. ) ;
#2678 = DIRECTION ( 'NONE',  ( 1.000000000000000000, 0.000000000000000000, 0.000000000000000000 ) ) ;
#2679 = VERTEX_POINT ( 'NONE', #4750 ) ;
#2680 = DIRECTION ( 'NONE',  ( -0.000000000000000000, 0.000000000000000000, 1.000000000000000000 ) ) ;
#2681 = CARTESIAN_POINT ( 'NONE',  ( -95.61227469707439752, 76.84410589528943092, -2.400000000000000355 ) ) ;
#2682 = CIRCLE ( 'NONE', #10887, 1.299999999999967848 ) ;
#2683 = FACE_OUTER_BOUND ( 'NONE', #2852, .T. ) ;
#2684 = LINE ( 'NONE', #9962, #2382 ) ;
#2685 = DIRECTION ( 'NONE',  ( 1.000000000000000000, 0.000000000000000000, 0.000000000000000000 ) ) ;
#2686 = CARTESIAN_POINT ( 'NONE',  ( 19.17288710528726625, 47.39491156555022400, -5.619471969011631707 ) ) ;
#2687 = ORIENTED_EDGE ( 'NONE', *, *, #3713, .T. ) ;
#2688 = EDGE_LOOP ( 'NONE', ( #6867, #4240, #4676, #2802 ) ) ;
#2689 = EDGE_CURVE ( 'NONE', #11312, #7721, #5723, .T. ) ;
#2690 = ORIENTED_EDGE ( 'NONE', *, *, #2041, .T. ) ;
#2691 = CARTESIAN_POINT ( 'NONE',  ( -119.3601023566242247, 29.15418935799907985, -2.686416806089340970 ) ) ;
#2692 = CARTESIAN_POINT ( 'NONE',  ( -119.3167187426477653, 57.96299781573682708, -6.113584520840152692 ) ) ;
#2693 = CARTESIAN_POINT ( 'NONE',  ( 19.14852178112569092, 16.41427269254953458, -6.527129240127193199 ) ) ;
#2694 = LINE ( 'NONE', #10331, #11497 ) ;
#2695 = VECTOR ( 'NONE', #3608, 1000.000000000000000 ) ;
#2696 = CARTESIAN_POINT ( 'NONE',  ( 18.16772100000000378, 12.47682908042298067, 5.399999999999998579 ) ) ;
#2697 = ORIENTED_EDGE ( 'NONE', *, *, #6304, .F. ) ;
#2698 = CARTESIAN_POINT ( 'NONE',  ( -31.39144887574173737, 81.83698036600556236, -4.995599230561261983 ) ) ;
#2699 = ORIENTED_EDGE ( 'NONE', *, *, #7553, .F. ) ;
#2700 = CARTESIAN_POINT ( 'NONE',  ( -63.05759255042164568, 13.29411099999997958, 7.399999999999998579 ) ) ;
#2701 = ORIENTED_EDGE ( 'NONE', *, *, #7304, .F. ) ;
#2702 = ORIENTED_EDGE ( 'NONE', *, *, #6118, .T. ) ;
#2703 = EDGE_CURVE ( 'NONE', #2011, #6538, #2853, .T. ) ;
#2704 = VECTOR ( 'NONE', #3762, 1000.000000000000114 ) ;
#2705 = VECTOR ( 'NONE', #1756, 1000.000000000000000 ) ;
#2706 = LINE ( 'NONE', #8548, #6870 ) ;
#2707 = DIRECTION ( 'NONE',  ( -1.000000000000000000, 0.000000000000000000, 0.000000000000000000 ) ) ;
#2708 = CARTESIAN_POINT ( 'NONE',  ( 16.07283069904792683, 81.34109028326750490, 4.161775407906999291 ) ) ;
#2709 = DIRECTION ( 'NONE',  ( -4.906538933386703367E-15, 0.7071067811865799912, 0.7071067811865150432 ) ) ;
#2710 = LINE ( 'NONE', #7406, #7146 ) ;
#2711 = CARTESIAN_POINT ( 'NONE',  ( 0.8833024073191558800, 84.35501539961278183, 2.937238919847071639 ) ) ;
#2712 = CARTESIAN_POINT ( 'NONE',  ( -99.14387857505511192, 14.10223674054623899, -4.995599231573638832 ) ) ;
#2713 = CARTESIAN_POINT ( 'NONE',  ( -80.21227201969415432, 79.14098492032252352, 5.399999999999998579 ) ) ;
#2714 = VECTOR ( 'NONE', #11874, 1000.000000000000000 ) ;
#2715 = VERTEX_POINT ( 'NONE', #7430 ) ;
#2716 = EDGE_CURVE ( 'NONE', #6208, #2479, #10193, .T. ) ;
#2717 = CARTESIAN_POINT ( 'NONE',  ( -119.3173713292162432, 27.17128688163148809, -3.755608477323551408 ) ) ;
#2718 = CARTESIAN_POINT ( 'NONE',  ( 19.30461131503125216, 18.04625851918304136, -4.314918151748109665 ) ) ;
#2719 = ORIENTED_EDGE ( 'NONE', *, *, #3928, .T. ) ;
#2720 = VERTEX_POINT ( 'NONE', #9516 ) ;
#2721 = ADVANCED_FACE ( 'NONE', ( #5540 ), #1027, .F. ) ;
#2722 = DIRECTION ( 'NONE',  ( -1.000000000000000000, 0.000000000000000000, 0.000000000000000000 ) ) ;
#2723 = VECTOR ( 'NONE', #11651, 1000.000000000000000 ) ;
#2724 = CARTESIAN_POINT ( 'NONE',  ( 19.17285014146717259, 18.72215380666335705, -3.399511016657153384 ) ) ;
#2725 = PLANE ( 'NONE',  #5192 ) ;
#2726 = CARTESIAN_POINT ( 'NONE',  ( 1.074485374968020324, 84.24694550159763651, 3.253592813762750779 ) ) ;
#2727 = CARTESIAN_POINT ( 'NONE',  ( 19.11173710277845927, 50.69905338062270772, -2.613211992825268837 ) ) ;
#2728 = VERTEX_POINT ( 'NONE', #10436 ) ;
#2729 = ADVANCED_FACE ( 'NONE', ( #10314 ), #2445, .T. ) ;
#2730 = ORIENTED_EDGE ( 'NONE', *, *, #2487, .T. ) ;
#2731 = DIRECTION ( 'NONE',  ( 0.9997000655922851919, -0.02449038290391794895, 0.000000000000000000 ) ) ;
#2732 = ORIENTED_EDGE ( 'NONE', *, *, #4470, .F. ) ;
#2733 = DIRECTION ( 'NONE',  ( 0.000000000000000000, 0.000000000000000000, 1.000000000000000000 ) ) ;
#2734 = DIRECTION ( 'NONE',  ( -0.000000000000000000, 0.000000000000000000, 1.000000000000000000 ) ) ;
#2735 = LINE ( 'NONE', #59, #6122 ) ;
#2736 = CARTESIAN_POINT ( 'NONE',  ( -13.08858891146492986, -3.672762158219245343, 7.099999999999989875 ) ) ;
#2737 = EDGE_CURVE ( 'NONE', #6569, #6719, #9390, .T. ) ;
#2738 = AXIS2_PLACEMENT_3D ( 'NONE', #5398, #8208, #5457 ) ;
#2739 = EDGE_CURVE ( 'NONE', #670, #11387, #10758, .T. ) ;
#2740 = CARTESIAN_POINT ( 'NONE',  ( -3.312279000000019291, -7.499133936465594029E-16, 7.399999999999998579 ) ) ;
#2741 = CYLINDRICAL_SURFACE ( 'NONE', #2638, 0.2977672882811255306 ) ;
#2742 = CARTESIAN_POINT ( 'NONE',  ( 19.17290606338706027, 47.66325683697182569, -2.893753407926488830 ) ) ;
#2743 = EDGE_LOOP ( 'NONE', ( #5260, #7625 ) ) ;
#2744 = ORIENTED_EDGE ( 'NONE', *, *, #3650, .T. ) ;
#2745 = ORIENTED_EDGE ( 'NONE', *, *, #2530, .F. ) ;
#2746 = CARTESIAN_POINT ( 'NONE',  ( -119.4334016702882337, 30.17521305340542526, -3.828807813584978792 ) ) ;
#2747 = AXIS2_PLACEMENT_3D ( 'NONE', #6384, #2969, #5842 ) ;
#2748 = CARTESIAN_POINT ( 'NONE',  ( -119.1965454617336775, 56.94197827182565419, -2.360019375376344097 ) ) ;
#2749 = CARTESIAN_POINT ( 'NONE',  ( 19.15536445482440797, 17.06706622704304266, -6.527129240127193199 ) ) ;
#2750 = DIRECTION ( 'NONE',  ( -0.9997000655922900769, 0.02449038290372379870, 0.000000000000000000 ) ) ;
#2751 = EDGE_CURVE ( 'NONE', #8121, #1048, #8687, .T. ) ;
#2752 = DIRECTION ( 'NONE',  ( -1.000000000000000000, 0.000000000000000000, 0.000000000000000000 ) ) ;
#2753 = CARTESIAN_POINT ( 'NONE',  ( -32.37063718707962323, 81.88336198514396358, -5.846449542702723434 ) ) ;
#2754 = CARTESIAN_POINT ( 'NONE',  ( -41.40370608041266109, 80.84411100000004069, 5.399999999999998579 ) ) ;
#2755 = AXIS2_PLACEMENT_3D ( 'NONE', #10156, #1777, #6353 ) ;
#2756 = VERTEX_POINT ( 'NONE', #6631 ) ;
#2757 = PLANE ( 'NONE',  #4637 ) ;
#2758 = ORIENTED_EDGE ( 'NONE', *, *, #528, .T. ) ;
#2759 = ORIENTED_EDGE ( 'NONE', *, *, #1404, .T. ) ;
#2760 = VERTEX_POINT ( 'NONE', #11173 ) ;
#2761 = CARTESIAN_POINT ( 'NONE',  ( -67.71784497951759363, 81.78812684829081547, -6.186789390833933311 ) ) ;
#2762 = CARTESIAN_POINT ( 'NONE',  ( 1.399791696852885856E-05, 77.84410698035702580, 4.400000000000000355 ) ) ;
#2763 = CARTESIAN_POINT ( 'NONE',  ( 19.17281116565750310, 49.51218032161342109, -2.453094714427261014 ) ) ;
#2764 = VECTOR ( 'NONE', #1215, 999.9999999999998863 ) ;
#2765 = DIRECTION ( 'NONE',  ( 1.000000000000000000, 0.000000000000000000, 0.000000000000000000 ) ) ;
#2766 = CARTESIAN_POINT ( 'NONE',  ( 0.9071644212124183593, 84.34162421347328120, 3.014753874402818834 ) ) ;
#2767 = CARTESIAN_POINT ( 'NONE',  ( -100.4494682978926932, 14.25211202246876141, -3.293894456357826073 ) ) ;
#2768 = EDGE_CURVE ( 'NONE', #220, #7743, #6509, .T. ) ;
#2769 = CARTESIAN_POINT ( 'NONE',  ( -43.41540507968174012, 85.84410401969522297, -1.900000000000000355 ) ) ;
#2770 = ORIENTED_EDGE ( 'NONE', *, *, #8162, .F. ) ;
#2771 = CARTESIAN_POINT ( 'NONE',  ( -119.3173809845914235, 29.95467213762959346, -2.601944300551367384 ) ) ;
#2772 = ORIENTED_EDGE ( 'NONE', *, *, #7801, .T. ) ;
#2773 = CIRCLE ( 'NONE', #3949, 1.697767288277064690 ) ;
#2774 = ORIENTED_EDGE ( 'NONE', *, *, #3535, .T. ) ;
#2775 = ORIENTED_EDGE ( 'NONE', *, *, #11406, .T. ) ;
#2776 = FACE_OUTER_BOUND ( 'NONE', #2662, .T. ) ;
#2777 = LINE ( 'NONE', #732, #9421 ) ;
#2778 = CARTESIAN_POINT ( 'NONE',  ( -20.60452434223654095, -2.699444897518690212, -4.663093176307369525 ) ) ;
#2779 = DIRECTION ( 'NONE',  ( 0.9238794774093685991, -0.3826835653928608028, 0.000000000000000000 ) ) ;
#2780 = DIRECTION ( 'NONE',  ( 0.000000000000000000, -0.000000000000000000, -1.000000000000000000 ) ) ;
#2781 = CARTESIAN_POINT ( 'NONE',  ( 1.204575775525833503, 84.17259112376348185, 3.339559800611855866 ) ) ;
#2782 = EDGE_CURVE ( 'NONE', #10563, #9084, #5663, .T. ) ;
#2783 = CARTESIAN_POINT ( 'NONE',  ( 19.14276981831641677, 50.69905338062270772, -2.953553224610078409 ) ) ;
#2784 = ADVANCED_FACE ( 'NONE', ( #5785 ), #8594, .F. ) ;
#2785 = VERTEX_POINT ( 'NONE', #4131 ) ;
#2786 = ORIENTED_EDGE ( 'NONE', *, *, #11876, .F. ) ;
#2787 = DIRECTION ( 'NONE',  ( -0.000000000000000000, 0.000000000000000000, 1.000000000000000000 ) ) ;
#2788 = ORIENTED_EDGE ( 'NONE', *, *, #5243, .F. ) ;
#2789 = CARTESIAN_POINT ( 'NONE',  ( -40.38981255443266605, -0.7558854337820364311, 7.399999999999998579 ) ) ;
#2790 = CIRCLE ( 'NONE', #7074, 2.025000000000040767 ) ;
#2791 = FACE_BOUND ( 'NONE', #12103, .T. ) ;
#2792 = ADVANCED_FACE ( 'NONE', ( #476 ), #8491, .T. ) ;
#2793 = CARTESIAN_POINT ( 'NONE',  ( -71.14501269431004005, 81.75442042143480137, -6.527129238957629198 ) ) ;
#2794 = DIRECTION ( 'NONE',  ( 0.000000000000000000, 0.000000000000000000, -1.000000000000000000 ) ) ;
#2795 = DIRECTION ( 'NONE',  ( 1.000000000000000000, 0.000000000000000000, 0.000000000000000000 ) ) ;
#2796 = VECTOR ( 'NONE', #514, 1000.000000000000000 ) ;
#2797 = DIRECTION ( 'NONE',  ( -0.000000000000000000, -0.7071067811865148212, 0.7071067811865802133 ) ) ;
#2798 = CARTESIAN_POINT ( 'NONE',  ( 2.939168329610159613, -10.97058647013408894, -1.900000000000000355 ) ) ;
#2799 = CARTESIAN_POINT ( 'NONE',  ( 19.17290030255294297, 47.38650074697051195, -3.170608083611305528 ) ) ;
#2800 = ORIENTED_EDGE ( 'NONE', *, *, #372, .T. ) ;
#2801 = ORIENTED_EDGE ( 'NONE', *, *, #9953, .F. ) ;
#2802 = ORIENTED_EDGE ( 'NONE', *, *, #270, .T. ) ;
#2803 = EDGE_CURVE ( 'NONE', #10980, #10343, #4008, .T. ) ;
#2804 = CARTESIAN_POINT ( 'NONE',  ( -119.4452629011671689, 30.17521305340542526, -4.318403959654537161 ) ) ;
#2805 = VECTOR ( 'NONE', #9094, 1000.000000000000000 ) ;
#2806 = ADVANCED_FACE ( 'NONE', ( #8153 ), #5232, .T. ) ;
#2807 = CARTESIAN_POINT ( 'NONE',  ( -119.2562879368951201, 57.28231811979603094, -2.686416806089063414 ) ) ;
#2808 = CARTESIAN_POINT ( 'NONE',  ( 19.20572169210129587, 17.06706622704304266, -6.186789391986769360 ) ) ;
#2809 = CARTESIAN_POINT ( 'NONE',  ( 5.317732932166536308, 78.84410602412569347, -1.800000000000000933 ) ) ;
#2810 = CARTESIAN_POINT ( 'NONE',  ( -20.80415830000134392, -2.671241608427877168, -3.828807813398588777 ) ) ;
#2811 = AXIS2_PLACEMENT_3D ( 'NONE', #2301, #6032, #4560 ) ;
#2812 = CARTESIAN_POINT ( 'NONE',  ( -34.49221783284409071, 81.98100131501927024, -4.314918150661483764 ) ) ;
#2813 = AXIS2_PLACEMENT_3D ( 'NONE', #10745, #3345, #664 ) ;
#2814 = CARTESIAN_POINT ( 'NONE',  ( -2.693571648019225773, 12.78459705180366335, 4.400000000000000355 ) ) ;
#2815 = ORIENTED_EDGE ( 'NONE', *, *, #645, .T. ) ;
#2816 = LINE ( 'NONE', #261, #1268 ) ;
#2817 = CARTESIAN_POINT ( 'NONE',  ( -16.76226043005734212, 81.84410925728559505, -1.900000000000000355 ) ) ;
#2818 = VERTEX_POINT ( 'NONE', #10061 ) ;
#2819 = ORIENTED_EDGE ( 'NONE', *, *, #10580, .F. ) ;
#2820 = CARTESIAN_POINT ( 'NONE',  ( -22.66227900000000517, 79.84188785450702142, 7.100000000000059153 ) ) ;
#2821 = EDGE_CURVE ( 'NONE', #7185, #4476, #10123, .T. ) ;
#2822 = DIRECTION ( 'NONE',  ( 0.000000000000000000, 1.000000000000000000, -0.000000000000000000 ) ) ;
#2823 = DIRECTION ( 'NONE',  ( -0.000000000000000000, -0.000000000000000000, -1.000000000000000000 ) ) ;
#2824 = DIRECTION ( 'NONE',  ( 0.000000000000000000, 0.000000000000000000, 1.000000000000000000 ) ) ;
#2825 = CIRCLE ( 'NONE', #11029, 1.299999999999967848 ) ;
#2826 = CIRCLE ( 'NONE', #4587, 1.000000000000000888 ) ;
#2827 = PLANE ( 'NONE',  #9106 ) ;
#2828 = DIRECTION ( 'NONE',  ( -0.000000000000000000, -0.000000000000000000, 1.000000000000000000 ) ) ;
#2829 = CARTESIAN_POINT ( 'NONE',  ( -99.63347472111917114, 14.17298837162488567, -3.293894456357826073 ) ) ;
#2830 = CYLINDRICAL_SURFACE ( 'NONE', #1588, 1.000000000000000888 ) ;
#2831 = CYLINDRICAL_SURFACE ( 'NONE', #10576, 1.000000000000000888 ) ;
#2832 = ORIENTED_EDGE ( 'NONE', *, *, #4868, .F. ) ;
#2833 = CARTESIAN_POINT ( 'NONE',  ( 19.11173710277949311, 18.69905338060969058, -2.613211992824872265 ) ) ;
#2834 = VECTOR ( 'NONE', #2048, 1000.000000000000114 ) ;
#2835 = EDGE_LOOP ( 'NONE', ( #4385, #8917 ) ) ;
#2836 = AXIS2_PLACEMENT_3D ( 'NONE', #3714, #10252, #4811 ) ;
#2837 = VERTEX_POINT ( 'NONE', #6495 ) ;
#2838 = DIRECTION ( 'NONE',  ( -0.7071067811865802133, -3.271025955591709974E-14, 0.7071067811865149322 ) ) ;
#2839 = EDGE_CURVE ( 'NONE', #4552, #82, #6057, .T. ) ;
#2840 = CARTESIAN_POINT ( 'NONE',  ( -41.71247404278456372, 9.667815756732757850E-05, -1.900000000000000355 ) ) ;
#2841 = DIRECTION ( 'NONE',  ( 0.000000000000000000, 1.000000000000000000, 0.000000000000000000 ) ) ;
#2842 = CARTESIAN_POINT ( 'NONE',  ( -88.58727469707440605, 76.84410589528943092, 5.399999999999998579 ) ) ;
#2843 = CARTESIAN_POINT ( 'NONE',  ( -21.24826239484616863, -2.527024394403353025, -5.907889650112968738 ) ) ;
#2844 = DIRECTION ( 'NONE',  ( -0.000000000000000000, -0.000000000000000000, 1.000000000000000000 ) ) ;
#2845 = DIRECTION ( 'NONE',  ( -0.8660254062730191604, 0.4999999956896518660, 0.000000000000000000 ) ) ;
#2846 = CARTESIAN_POINT ( 'NONE',  ( 1.222199679478427337, 84.16246855890737777, 3.347805952837682675 ) ) ;
#2847 = CIRCLE ( 'NONE', #11851, 1.625000000000001332 ) ;
#2848 = DIRECTION ( 'NONE',  ( 0.9659258276786805153, -0.2588190399164175814, 0.000000000000000000 ) ) ;
#2849 = ORIENTED_EDGE ( 'NONE', *, *, #8798, .F. ) ;
#2850 = ORIENTED_EDGE ( 'NONE', *, *, #3494, .F. ) ;
#2851 = CARTESIAN_POINT ( 'NONE',  ( -42.11227899999997959, 24.29411099999999379, 7.100000000000059153 ) ) ;
#2852 = EDGE_LOOP ( 'NONE', ( #8289, #3053, #6070, #9573, #9613, #188, #6659, #6554, #7688, #4418 ) ) ;
#2853 = LINE ( 'NONE', #55, #9669 ) ;
#2854 = EDGE_CURVE ( 'NONE', #7879, #2011, #9845, .T. ) ;
#2855 = LINE ( 'NONE', #6572, #3408 ) ;
#2856 = EDGE_CURVE ( 'NONE', #7772, #10952, #6150, .T. ) ;
#2857 = DIRECTION ( 'NONE',  ( 0.000000000000000000, 0.000000000000000000, 1.000000000000000000 ) ) ;
#2858 = CARTESIAN_POINT ( 'NONE',  ( 18.16772100000000378, 25.98547018669193065, 1.699999999999992184 ) ) ;
#2859 = FACE_OUTER_BOUND ( 'NONE', #1778, .T. ) ;
#2860 = LINE ( 'NONE', #11830, #2173 ) ;
#2861 = VECTOR ( 'NONE', #8268, 1000.000000000000000 ) ;
#2862 = DIRECTION ( 'NONE',  ( 1.000000000000000000, 3.488783972668708887E-15, 0.000000000000000000 ) ) ;
#2863 = CARTESIAN_POINT ( 'NONE',  ( 19.17283870847365890, 48.09850270686293783, -2.602647052220018242 ) ) ;
#2864 = EDGE_LOOP ( 'NONE', ( #3230, #11262, #8216, #10539 ) ) ;
#2865 = ORIENTED_EDGE ( 'NONE', *, *, #2739, .F. ) ;
#2866 = EDGE_LOOP ( 'NONE', ( #9217, #11054, #1994, #9784 ) ) ;
#2867 = VECTOR ( 'NONE', #466, 1000.000000000000000 ) ;
#2868 = CARTESIAN_POINT ( 'NONE',  ( -119.3111161361529895, 30.85589551700965316, -5.460792313283850952 ) ) ;
#2869 = CARTESIAN_POINT ( 'NONE',  ( -119.2999154748063262, 56.94197827182566130, -4.318403959652661328 ) ) ;
#2870 = CARTESIAN_POINT ( 'NONE',  ( 19.25377307228828627, 17.06706622704304266, -2.953553224609518857 ) ) ;
#2871 = CARTESIAN_POINT ( 'NONE',  ( -26.88201655090441022, 19.12402100968365204, 4.400000000000000355 ) ) ;
#2872 = CARTESIAN_POINT ( 'NONE',  ( -21.46487027720741381, -2.507107884229796024, -3.012814236727451522 ) ) ;
#2873 = AXIS2_PLACEMENT_3D ( 'NONE', #2022, #5811, #9597 ) ;
#2874 = EDGE_CURVE ( 'NONE', #6208, #9299, #1538, .T. ) ;
#2875 = CARTESIAN_POINT ( 'NONE',  ( -33.51302554070682760, 81.88211169229609254, -6.186789390830439217 ) ) ;
#2876 = DIRECTION ( 'NONE',  ( -0.000000000000000000, 0.000000000000000000, 1.000000000000000000 ) ) ;
#2877 = ORIENTED_EDGE ( 'NONE', *, *, #10208, .T. ) ;
#2878 = EDGE_CURVE ( 'NONE', #8806, #5691, #8581, .T. ) ;
#2879 = LINE ( 'NONE', #11447, #3219 ) ;
#2880 = CARTESIAN_POINT ( 'NONE',  ( -97.06228253471061862, 0.000000000000000000, -1.900000000000000355 ) ) ;
#2881 = ORIENTED_EDGE ( 'NONE', *, *, #3278, .F. ) ;
#2882 = EDGE_LOOP ( 'NONE', ( #4431, #5447, #6478, #11735 ) ) ;
#2883 = ORIENTED_EDGE ( 'NONE', *, *, #7330, .T. ) ;
#2884 = CARTESIAN_POINT ( 'NONE',  ( -67.39144887573405640, 81.78398208444187389, -5.846449542710238312 ) ) ;
#2885 = LINE ( 'NONE', #6605, #3274 ) ;
#2886 = CARTESIAN_POINT ( 'NONE',  ( 19.17286103767980165, 49.98972402113064817, -2.665436706867129413 ) ) ;
#2887 = AXIS2_PLACEMENT_3D ( 'NONE', #11500, #5797, #1159 ) ;
#2888 = FACE_OUTER_BOUND ( 'NONE', #11868, .T. ) ;
#2889 = DIRECTION ( 'NONE',  ( 0.000000000000000000, 0.000000000000000000, 1.000000000000000000 ) ) ;
#2890 = CARTESIAN_POINT ( 'NONE',  ( -100.7758657286020707, 14.24628769486326618, -4.485088767559852307 ) ) ;
#2891 = DIRECTION ( 'NONE',  ( -0.7071067811865706654, 0.000000000000000000, -0.7071067811865244801 ) ) ;
#2892 = EDGE_LOOP ( 'NONE', ( #11024, #5628, #8059, #10904 ) ) ;
#2893 = EDGE_CURVE ( 'NONE', #6855, #2058, #3425, .T. ) ;
#2894 = DIRECTION ( 'NONE',  ( 1.000000000000000000, 0.000000000000000000, 0.000000000000000000 ) ) ;
#2895 = EDGE_CURVE ( 'NONE', #1407, #11591, #6518, .T. ) ;
#2896 = VECTOR ( 'NONE', #4179, 1000.000000000000000 ) ;
#2897 = FACE_OUTER_BOUND ( 'NONE', #10552, .T. ) ;
#2898 = CONICAL_SURFACE ( 'NONE', #4851, 1.299999999999967848, 0.7853981633974945753 ) ;
#2899 = ORIENTED_EDGE ( 'NONE', *, *, #7021, .T. ) ;
#2900 = ORIENTED_EDGE ( 'NONE', *, *, #973, .T. ) ;
#2901 = CARTESIAN_POINT ( 'NONE',  ( -118.3122720196896722, 29.06910750985032621, -4.400000000000000355 ) ) ;
#2902 = CARTESIAN_POINT ( 'NONE',  ( -116.6041236157664969, 12.29411797798554851, -1.900000000000000355 ) ) ;
#2903 = DIRECTION ( 'NONE',  ( 1.000000000000000000, 0.000000000000000000, 0.000000000000000000 ) ) ;
#2904 = LINE ( 'NONE', #12094, #6936 ) ;
#2905 = LINE ( 'NONE', #11350, #10867 ) ;
#2906 = VECTOR ( 'NONE', #9023, 1000.000000000000000 ) ;
#2907 = CARTESIAN_POINT ( 'NONE',  ( 1.598791547662000712, 84.91332567785070751, 4.464666563376015418 ) ) ;
#2908 = VECTOR ( 'NONE', #53, 1000.000000000000114 ) ;
#2909 = CARTESIAN_POINT ( 'NONE',  ( -67.43142950036545358, 81.84411100000002648, 0.5999999999999998668 ) ) ;
#2910 = ORIENTED_EDGE ( 'NONE', *, *, #6882, .T. ) ;
#2911 = ADVANCED_FACE ( 'NONE', ( #10266 ), #11436, .F. ) ;
#2912 = ORIENTED_EDGE ( 'NONE', *, *, #39, .F. ) ;
#2913 = DIRECTION ( 'NONE',  ( -0.5000000044812192845, -0.8660254011972055022, 0.000000000000000000 ) ) ;
#2914 = ORIENTED_EDGE ( 'NONE', *, *, #6720, .F. ) ;
#2915 = AXIS2_PLACEMENT_3D ( 'NONE', #7860, #5238, #7000 ) ;
#2916 = DIRECTION ( 'NONE',  ( 1.000000000000000000, 0.000000000000000000, 0.000000000000000000 ) ) ;
#2917 = DIRECTION ( 'NONE',  ( -1.000000000000000000, 0.000000000000000000, 0.000000000000000000 ) ) ;
#2918 = CARTESIAN_POINT ( 'NONE',  ( -79.81228598030135402, 0.000000000000000000, -1.900000000000000355 ) ) ;
#2919 = DIRECTION ( 'NONE',  ( 1.000000000000000000, 0.000000000000000000, 0.000000000000000000 ) ) ;
#2920 = CARTESIAN_POINT ( 'NONE',  ( -8.094759202554085320, 14.08999068330931870, 4.400000000000000355 ) ) ;
#2921 = CARTESIAN_POINT ( 'NONE',  ( 19.21555109546174123, 47.27188566584292317, -4.485088767641717489 ) ) ;
#2922 = VECTOR ( 'NONE', #4618, 1000.000000000000000 ) ;
#2923 = CARTESIAN_POINT ( 'NONE',  ( -69.43142950036545358, 81.84411100000002648, -4.400000000000000355 ) ) ;
#2924 = EDGE_CURVE ( 'NONE', #8196, #8014, #4941, .T. ) ;
#2925 = ORIENTED_EDGE ( 'NONE', *, *, #10787, .T. ) ;
#2926 = DIRECTION ( 'NONE',  ( 1.798198670589261751E-07, 0.9999999999999837907, 0.000000000000000000 ) ) ;
#2927 = LINE ( 'NONE', #6642, #2499 ) ;
#2928 = ORIENTED_EDGE ( 'NONE', *, *, #1067, .F. ) ;
#2929 = ORIENTED_EDGE ( 'NONE', *, *, #6135, .F. ) ;
#2930 = ORIENTED_EDGE ( 'NONE', *, *, #6579, .T. ) ;
#2931 = CARTESIAN_POINT ( 'NONE',  ( -12.66226043005733537, 81.84410925728559505, 4.400000000000000355 ) ) ;
#2932 = CARTESIAN_POINT ( 'NONE',  ( -119.3129851431189223, 58.98401874329225336, -2.360019375376344986 ) ) ;
#2933 = VECTOR ( 'NONE', #4293, 1000.000000000000000 ) ;
#2934 = CARTESIAN_POINT ( 'NONE',  ( 19.05199449475032125, 14.94548956207215262, -6.527129240127193199 ) ) ;
#2935 = CARTESIAN_POINT ( 'NONE',  ( -21.48534885635588765, -2.583534984506544063, -4.971197494000646699 ) ) ;
#2936 = ADVANCED_FACE ( 'NONE', ( #10634 ), #6947, .F. ) ;
#2937 = EDGE_CURVE ( 'NONE', #5155, #11214, #552, .T. ) ;
#2938 = CARTESIAN_POINT ( 'NONE',  ( -34.49221783284409071, 81.88336223227179289, -5.846449542702723434 ) ) ;
#2939 = DIRECTION ( 'NONE',  ( 1.000000000000000000, 7.818472004402511279E-16, 0.000000000000000000 ) ) ;
#2940 = FACE_OUTER_BOUND ( 'NONE', #11793, .T. ) ;
#2941 = DIRECTION ( 'NONE',  ( -1.798198670589261751E-07, -0.9999999999999837907, 0.000000000000000000 ) ) ;
#2942 = ORIENTED_EDGE ( 'NONE', *, *, #6366, .T. ) ;
#2943 = CIRCLE ( 'NONE', #2747, 0.5999999999999996447 ) ;
#2944 = EDGE_LOOP ( 'NONE', ( #2106, #1966, #1950, #8726 ) ) ;
#2945 = DIRECTION ( 'NONE',  ( -0.000000000000000000, -0.7071067811865148212, -0.7071067811865802133 ) ) ;
#2946 = CARTESIAN_POINT ( 'NONE',  ( -79.81228598030135402, 16.29411100000000090, 5.399999999999998579 ) ) ;
#2947 = LINE ( 'NONE', #10224, #919 ) ;
#2948 = CARTESIAN_POINT ( 'NONE',  ( -41.71227819873822540, 81.14188785450703278, 7.100000000000059153 ) ) ;
#2949 = EDGE_CURVE ( 'NONE', #9178, #6181, #4146, .T. ) ;
#2950 = DIRECTION ( 'NONE',  ( 1.000000000000000000, 0.000000000000000000, 0.000000000000000000 ) ) ;
#2951 = CARTESIAN_POINT ( 'NONE',  ( -22.66282511920246634, 0.0001563639767652843984, 5.399999999999998579 ) ) ;
#2952 = CARTESIAN_POINT ( 'NONE',  ( -101.1022631593114767, 14.30124861361572997, -4.995599231573638832 ) ) ;
#2953 = AXIS2_PLACEMENT_3D ( 'NONE', #7168, #9068, #11036 ) ;
#2954 = DIRECTION ( 'NONE',  ( 0.000000000000000000, -0.000000000000000000, -1.000000000000000000 ) ) ;
#2955 = VERTEX_POINT ( 'NONE', #11751 ) ;
#2956 = CARTESIAN_POINT ( 'NONE',  ( 15.08623232539186709, 80.57422143735544751, 3.358817954194865063 ) ) ;
#2957 = DIRECTION ( 'NONE',  ( -0.9999999999993551825, 1.135586136444816472E-06, 0.000000000000000000 ) ) ;
#2958 = VERTEX_POINT ( 'NONE', #5981 ) ;
#2959 = ORIENTED_EDGE ( 'NONE', *, *, #12039, .T. ) ;
#2960 = DIRECTION ( 'NONE',  ( 1.000000000000000000, 2.646977960169688560E-23, -0.000000000000000000 ) ) ;
#2961 = PLANE ( 'NONE',  #10098 ) ;
#2962 = CARTESIAN_POINT ( 'NONE',  ( 6.242186189043171482E-06, 23.29409667233048609, 5.399999999999998579 ) ) ;
#2963 = EDGE_CURVE ( 'NONE', #3889, #11810, #6046, .T. ) ;
#2964 = DIRECTION ( 'NONE',  ( 4.263949503082960208E-15, 1.000000000000000000, 0.000000000000000000 ) ) ;
#2965 = CARTESIAN_POINT ( 'NONE',  ( -27.17179429920804523, 19.20166672165857946, 7.399999999999998579 ) ) ;
#2966 = EDGE_CURVE ( 'NONE', #1264, #7998, #1284, .T. ) ;
#2967 = DIRECTION ( 'NONE',  ( -0.000000000000000000, 0.000000000000000000, 1.000000000000000000 ) ) ;
#2968 = CARTESIAN_POINT ( 'NONE',  ( 0.03958275858335937730, 85.23515627456856691, 3.237761475688535118 ) ) ;
#2969 = DIRECTION ( 'NONE',  ( 1.000000000000000000, 0.000000000000000000, 0.000000000000000000 ) ) ;
#2970 = VERTEX_POINT ( 'NONE', #8849 ) ;
#2971 = CIRCLE ( 'NONE', #1416, 2.000000000000003109 ) ;
#2972 = ORIENTED_EDGE ( 'NONE', *, *, #7788, .T. ) ;
#2973 = CARTESIAN_POINT ( 'NONE',  ( -80.51367833427877940, 73.14410401970064868, 7.100000000000059153 ) ) ;
#2974 = ORIENTED_EDGE ( 'NONE', *, *, #3159, .T. ) ;
#2975 = DIRECTION ( 'NONE',  ( 1.000000000000000000, 0.000000000000000000, 0.000000000000000000 ) ) ;
#2976 = CARTESIAN_POINT ( 'NONE',  ( -79.81228598030135402, 22.99411099999999664, 4.400000000000000355 ) ) ;
#2977 = AXIS2_PLACEMENT_3D ( 'NONE', #3977, #5930, #1117 ) ;
#2978 = CARTESIAN_POINT ( 'NONE',  ( -42.41227899999999806, 27.99411100000003216, 7.399999999999998579 ) ) ;
#2979 = EDGE_CURVE ( 'NONE', #9473, #1021, #613, .T. ) ;
#2980 = LINE ( 'NONE', #11427, #3783 ) ;
#2981 = DIRECTION ( 'NONE',  ( 0.5000000000000002220, 0.8660254037844385966, 0.000000000000000000 ) ) ;
#2982 = CARTESIAN_POINT ( 'NONE',  ( 19.24664879434742559, 47.92467787340755336, -5.506109695707693596 ) ) ;
#2983 = CARTESIAN_POINT ( 'NONE',  ( -20.83490465460447894, -2.637726760006551707, -3.394567589135131680 ) ) ;
#2984 = VERTEX_POINT ( 'NONE', #7068 ) ;
#2985 = CONICAL_SURFACE ( 'NONE', #71, 0.1999999999999710343, 0.7853981633974819188 ) ;
#2986 = DIRECTION ( 'NONE',  ( 1.000000000000000000, 0.000000000000000000, 0.000000000000000000 ) ) ;
#2987 = ORIENTED_EDGE ( 'NONE', *, *, #1406, .F. ) ;
#2988 = VERTEX_POINT ( 'NONE', #10817 ) ;
#2989 = CARTESIAN_POINT ( 'NONE',  ( -79.81228598030135402, 16.99723707967754649, -1.900000000000000355 ) ) ;
#2990 = EDGE_CURVE ( 'NONE', #11560, #4344, #9712, .T. ) ;
#2991 = CARTESIAN_POINT ( 'NONE',  ( -119.4334012325128924, 60.17521305394346598, -4.971197494144983686 ) ) ;
#2992 = VECTOR ( 'NONE', #9048, 1000.000000000000000 ) ;
#2993 = CARTESIAN_POINT ( 'NONE',  ( -20.79621319317322659, -2.641590066218995059, -5.460792313034530387 ) ) ;
#2994 = CARTESIAN_POINT ( 'NONE',  ( -34.00262168677546981, 81.96524004209987879, -5.506109694575008540 ) ) ;
#2995 = DIRECTION ( 'NONE',  ( 0.000000000000000000, 0.000000000000000000, 1.000000000000000000 ) ) ;
#2996 = DIRECTION ( 'NONE',  ( 0.7071067811865148212, 0.000000000000000000, -0.7071067811865802133 ) ) ;
#2997 = CARTESIAN_POINT ( 'NONE',  ( -70.07548013978981771, 81.84921035482362583, -2.501998392118705450 ) ) ;
#2998 = ORIENTED_EDGE ( 'NONE', *, *, #4839, .T. ) ;
#2999 = VECTOR ( 'NONE', #1761, 1000.000000000000000 ) ;
#3000 = VERTEX_POINT ( 'NONE', #7747 ) ;
#3001 = CARTESIAN_POINT ( 'NONE',  ( 19.16772100000000734, 16.98547018669192710, -4.400000000000000355 ) ) ;
#3002 = ADVANCED_FACE ( 'NONE', ( #11502 ), #7006, .F. ) ;
#3003 = CARTESIAN_POINT ( 'NONE',  ( -69.34982682536841025, 82.03599274112069395, -3.804406303035026582 ) ) ;
#3004 = CARTESIAN_POINT ( 'NONE',  ( -48.95412310180311266, -0.7558820217043232814, 7.399999999999998579 ) ) ;
#3005 = EDGE_CURVE ( 'NONE', #11561, #6493, #10754, .T. ) ;
#3006 = DIRECTION ( 'NONE',  ( -0.000000000000000000, -0.000000000000000000, -1.000000000000000000 ) ) ;
#3007 = CARTESIAN_POINT ( 'NONE',  ( -42.41227899999999806, 28.29411100000000090, 7.100000000000059153 ) ) ;
#3008 = CARTESIAN_POINT ( 'NONE',  ( 11.05859082457480369, -5.795957894100131291, -1.900000000000000355 ) ) ;
#3009 = CARTESIAN_POINT ( 'NONE',  ( -100.1230708671832588, 14.15722765963985630, -4.314918151673849067 ) ) ;
#3010 = CIRCLE ( 'NONE', #9841, 0.3999999999999906408 ) ;
#3011 = CIRCLE ( 'NONE', #4773, 1.999999999999996225 ) ;
#3012 = CARTESIAN_POINT ( 'NONE',  ( -119.3173897918378401, 27.27150174516052061, -5.286467621753237367 ) ) ;
#3013 = ORIENTED_EDGE ( 'NONE', *, *, #6827, .T. ) ;
#3014 = CARTESIAN_POINT ( 'NONE',  ( 15.46773318905296968, 80.27268162400937968, 2.878774712070916397 ) ) ;
#3015 = ORIENTED_EDGE ( 'NONE', *, *, #2874, .T. ) ;
#3016 = LINE ( 'NONE', #5886, #7796 ) ;
#3017 = PLANE ( 'NONE',  #8954 ) ;
#3018 = ORIENTED_EDGE ( 'NONE', *, *, #118, .T. ) ;
#3019 = EDGE_CURVE ( 'NONE', #1552, #10105, #7809, .T. ) ;
#3020 = VERTEX_POINT ( 'NONE', #1815 ) ;
#3021 = ORIENTED_EDGE ( 'NONE', *, *, #11564, .F. ) ;
#3022 = VECTOR ( 'NONE', #10671, 1000.000000000000000 ) ;
#3023 = AXIS2_PLACEMENT_3D ( 'NONE', #10398, #2021, #6164 ) ;
#3024 = DIRECTION ( 'NONE',  ( 1.492741799624945840E-62, 0.000000000000000000, -1.000000000000000000 ) ) ;
#3025 = FACE_OUTER_BOUND ( 'NONE', #7143, .T. ) ;
#3026 = DIRECTION ( 'NONE',  ( -1.000000000000000000, -1.922131275320561768E-16, 0.000000000000000000 ) ) ;
#3027 = DIRECTION ( 'NONE',  ( 0.000000000000000000, 0.000000000000000000, -1.000000000000000000 ) ) ;
#3028 = CARTESIAN_POINT ( 'NONE',  ( -31.49554964390458167, 81.84923430024856827, -3.881003556459597270 ) ) ;
#3029 = DIRECTION ( 'NONE',  ( 0.000000000000000000, 1.000000000000000000, -0.000000000000000000 ) ) ;
#3030 = CARTESIAN_POINT ( 'NONE',  ( -0.007257374678095541119, 85.24463886087090714, 3.021090746025760332 ) ) ;
#3031 = PLANE ( 'NONE',  #4698 ) ;
#3032 = ORIENTED_EDGE ( 'NONE', *, *, #9259, .T. ) ;
#3033 = VECTOR ( 'NONE', #493, 999.9999999999998863 ) ;
#3034 = ORIENTED_EDGE ( 'NONE', *, *, #1026, .T. ) ;
#3035 = CARTESIAN_POINT ( 'NONE',  ( -3.312279000000023732, 21.29411100000000090, 7.399999999999998579 ) ) ;
#3036 = EDGE_LOOP ( 'NONE', ( #9175, #10987, #4225, #1012, #10865, #10203, #644 ) ) ;
#3037 = EDGE_CURVE ( 'NONE', #7581, #4180, #9081, .T. ) ;
#3038 = EDGE_CURVE ( 'NONE', #7417, #9299, #10655, .T. ) ;
#3039 = CARTESIAN_POINT ( 'NONE',  ( -33.43142950036545358, 81.84411100000002648, -6.400000000000002132 ) ) ;
#3040 = AXIS2_PLACEMENT_3D ( 'NONE', #7679, #11426, #3042 ) ;
#3041 = CARTESIAN_POINT ( 'NONE',  ( -71.47141012502669355, 81.72838448872160200, -2.272870760078836039 ) ) ;
#3042 = DIRECTION ( 'NONE',  ( 1.000000000000000000, 0.000000000000000000, 0.000000000000000000 ) ) ;
#3043 = DIRECTION ( 'NONE',  ( -1.000000000000000000, 0.000000000000000000, 0.000000000000000000 ) ) ;
#3044 = PLANE ( 'NONE',  #6613 ) ;
#3045 = CARTESIAN_POINT ( 'NONE',  ( 19.24950970070608491, 47.59828176962523827, -3.804406304072100564 ) ) ;
#3046 = CARTESIAN_POINT ( 'NONE',  ( 12.78459670644856594, 2.693571847410092257, 7.099999999999989875 ) ) ;
#3047 = VERTEX_POINT ( 'NONE', #7191 ) ;
#3048 = CIRCLE ( 'NONE', #8711, 1.000000000000000888 ) ;
#3049 = EDGE_CURVE ( 'NONE', #11342, #3218, #9153, .T. ) ;
#3050 = ORIENTED_EDGE ( 'NONE', *, *, #7867, .F. ) ;
#3051 = DIRECTION ( 'NONE',  ( 1.000000000000000000, 0.000000000000000000, 0.000000000000000000 ) ) ;
#3052 = VERTEX_POINT ( 'NONE', #6269 ) ;
#3053 = ORIENTED_EDGE ( 'NONE', *, *, #8836, .T. ) ;
#3054 = CARTESIAN_POINT ( 'NONE',  ( -11.07501078178511378, 2.967540131413831439, 7.099999999999989875 ) ) ;
#3055 = CARTESIAN_POINT ( 'NONE',  ( -119.4334016701483989, 60.17521305394346598, -3.828807813583583020 ) ) ;
#3056 = AXIS2_PLACEMENT_3D ( 'NONE', #11906, #4422, #4725 ) ;
#3057 = CARTESIAN_POINT ( 'NONE',  ( -22.44041349508464123, -2.202962804833767940, -6.439980624537244402 ) ) ;
#3058 = CARTESIAN_POINT ( 'NONE',  ( -34.49221783284409071, 81.79994185781660576, -6.527129238958155000 ) ) ;
#3059 = FACE_OUTER_BOUND ( 'NONE', #8759, .T. ) ;
#3060 = EDGE_CURVE ( 'NONE', #10043, #3473, #849, .T. ) ;
#3061 = VECTOR ( 'NONE', #6963, 1000.000000000000114 ) ;
#3062 = DIRECTION ( 'NONE',  ( 1.000000000000000000, 0.000000000000000000, 0.000000000000000000 ) ) ;
#3063 = CARTESIAN_POINT ( 'NONE',  ( -70.75266033180855629, 81.84929615248140067, -2.892758017577457430 ) ) ;
#3064 = VERTEX_POINT ( 'NONE', #9030 ) ;
#3065 = ORIENTED_EDGE ( 'NONE', *, *, #11030, .F. ) ;
#3066 = PLANE ( 'NONE',  #10003 ) ;
#3067 = CARTESIAN_POINT ( 'NONE',  ( -68.37063718708466808, 81.88336198514322462, -5.846449542710238312 ) ) ;
#3068 = CARTESIAN_POINT ( 'NONE',  ( 19.16772100000002865, 39.98547018669192710, -1.900000000000000355 ) ) ;
#3069 = CARTESIAN_POINT ( 'NONE',  ( -79.81155692752541597, 23.01501315653031909, 4.400000000000000355 ) ) ;
#3070 = DIRECTION ( 'NONE',  ( 1.000000000000000000, 0.000000000000000000, 0.000000000000000000 ) ) ;
#3071 = DIRECTION ( 'NONE',  ( 1.000000000000000000, 0.000000000000000000, 0.000000000000000000 ) ) ;
#3072 = DIRECTION ( 'NONE',  ( -0.9999999999999837907, 1.798198670589261751E-07, 0.000000000000000000 ) ) ;
#3073 = CARTESIAN_POINT ( 'NONE',  ( -11.33707281764268515, 1.923685030425932752, 7.099999999999989875 ) ) ;
#3074 = ORIENTED_EDGE ( 'NONE', *, *, #8029, .F. ) ;
#3075 = CARTESIAN_POINT ( 'NONE',  ( -119.3173621853471076, 31.01601279542304468, -3.873289865078523242 ) ) ;
#3076 = ORIENTED_EDGE ( 'NONE', *, *, #3260, .T. ) ;
#3077 = EDGE_CURVE ( 'NONE', #8166, #3154, #1089, .T. ) ;
#3078 = DIRECTION ( 'NONE',  ( 1.000000000000000000, 0.000000000000000000, 0.000000000000000000 ) ) ;
#3079 = ORIENTED_EDGE ( 'NONE', *, *, #4571, .F. ) ;
#3080 = ORIENTED_EDGE ( 'NONE', *, *, #11877, .T. ) ;
#3081 = CIRCLE ( 'NONE', #9917, 0.5000000000000004441 ) ;
#3082 = DIRECTION ( 'NONE',  ( 0.000000000000000000, 0.000000000000000000, 1.000000000000000000 ) ) ;
#3083 = DIRECTION ( 'NONE',  ( -0.000000000000000000, -0.000000000000000000, -1.000000000000000000 ) ) ;
#3084 = DIRECTION ( 'NONE',  ( -0.3535533905932875531, -0.6123724356958136772, -0.7071067811865240360 ) ) ;
#3085 = LINE ( 'NONE', #9686, #11245 ) ;
#3086 = CARTESIAN_POINT ( 'NONE',  ( -33.17122885908422347, 81.84922580881540455, -2.412650323259844853 ) ) ;
#3087 = CARTESIAN_POINT ( 'NONE',  ( 1.467733111986471384, 79.84410671643203727, 2.799999999999993605 ) ) ;
#3088 = CARTESIAN_POINT ( 'NONE',  ( 1.544657040286792737, 84.92470143255138737, 4.462013598014511473 ) ) ;
#3089 = CARTESIAN_POINT ( 'NONE',  ( 1.150932053860280756E-16, -1.755882021704226581, -1.900000000000000355 ) ) ;
#3090 = AXIS2_PLACEMENT_3D ( 'NONE', #8290, #5477, #6388 ) ;
#3091 = ORIENTED_EDGE ( 'NONE', *, *, #6667, .T. ) ;
#3092 = EDGE_CURVE ( 'NONE', #5451, #726, #1702, .T. ) ;
#3093 = ORIENTED_EDGE ( 'NONE', *, *, #92, .T. ) ;
#3094 = EDGE_CURVE ( 'NONE', #7, #3052, #2055, .T. ) ;
#3095 = CARTESIAN_POINT ( 'NONE',  ( -79.21367833288813642, 80.84411001114112594, 5.399999999999998579 ) ) ;
#3096 = ORIENTED_EDGE ( 'NONE', *, *, #6168, .F. ) ;
#3097 = CONICAL_SURFACE ( 'NONE', #7970, 4.000000000000003553, 0.7853981633974536081 ) ;
#3098 = VECTOR ( 'NONE', #5964, 999.9999999999998863 ) ;
#3099 = CARTESIAN_POINT ( 'NONE',  ( 19.17282367798464904, 18.88272834659785104, -5.046181334055368062 ) ) ;
#3100 = DIRECTION ( 'NONE',  ( -0.000000000000000000, -0.000000000000000000, -1.000000000000000000 ) ) ;
#3101 = DIRECTION ( 'NONE',  ( 2.646977960169688560E-23, -1.000000000000000000, 0.000000000000000000 ) ) ;
#3102 = CARTESIAN_POINT ( 'NONE',  ( -97.34869801388583710, 14.31906930305165204, -2.953553224585818260 ) ) ;
#3103 = ADVANCED_FACE ( 'NONE', ( #10077 ), #10879, .T. ) ;
#3104 = CARTESIAN_POINT ( 'NONE',  ( 19.34455127500749683, 48.41427269254760546, -3.804406304072100564 ) ) ;
#3105 = LINE ( 'NONE', #5462, #1983 ) ;
#3106 = ORIENTED_EDGE ( 'NONE', *, *, #11379, .F. ) ;
#3107 = AXIS2_PLACEMENT_3D ( 'NONE', #10140, #4513, #9279 ) ;
#3108 = EDGE_LOOP ( 'NONE', ( #5715, #4035, #94, #2449 ) ) ;
#3109 = ORIENTED_EDGE ( 'NONE', *, *, #1429, .F. ) ;
#3110 = CARTESIAN_POINT ( 'NONE',  ( -90.21227469707440605, 76.84410589528943092, -1.499999999999999556 ) ) ;
#3111 = ORIENTED_EDGE ( 'NONE', *, *, #372, .F. ) ;
#3112 = CARTESIAN_POINT ( 'NONE',  ( 0.000000000000000000, 0.000000000000000000, 4.400000000000000355 ) ) ;
#3113 = PLANE ( 'NONE',  #65 ) ;
#3114 = CARTESIAN_POINT ( 'NONE',  ( -119.3129851659072642, 59.15418935909964659, -2.360019375376344986 ) ) ;
#3115 = VECTOR ( 'NONE', #2164, 1000.000000000000114 ) ;
#3116 = EDGE_CURVE ( 'NONE', #11465, #2387, #3477, .T. ) ;
#3117 = ADVANCED_FACE ( 'NONE', ( #11929 ), #2497, .T. ) ;
#3118 = CARTESIAN_POINT ( 'NONE',  ( -23.92156904950552487, -1.813311648338710613, -5.787188417182663969 ) ) ;
#3119 = DIRECTION ( 'NONE',  ( 0.000000000000000000, 0.000000000000000000, -1.000000000000000000 ) ) ;
#3120 = LINE ( 'NONE', #6833, #5045 ) ;
#3121 = CYLINDRICAL_SURFACE ( 'NONE', #9855, 2.000000000000001776 ) ;
#3122 = CARTESIAN_POINT ( 'NONE',  ( -69.69351033615757274, 81.84922582274796810, -6.387032088894088133 ) ) ;
#3123 = ORIENTED_EDGE ( 'NONE', *, *, #11117, .F. ) ;
#3124 = EDGE_LOOP ( 'NONE', ( #9301, #9707, #5827, #6422, #800 ) ) ;
#3125 = FACE_OUTER_BOUND ( 'NONE', #7081, .T. ) ;
#3126 = AXIS2_PLACEMENT_3D ( 'NONE', #4667, #7711, #4844 ) ;
#3127 = CARTESIAN_POINT ( 'NONE',  ( -69.51302554072671569, 81.97710129075375107, -5.506109694586541536 ) ) ;
#3128 = FACE_OUTER_BOUND ( 'NONE', #143, .T. ) ;
#3129 = PLANE ( 'NONE',  #6309 ) ;
#3130 = DIRECTION ( 'NONE',  ( 0.000000000000000000, 0.000000000000000000, -1.000000000000000000 ) ) ;
#3131 = EDGE_CURVE ( 'NONE', #2958, #4160, #8099, .T. ) ;
#3132 = DIRECTION ( 'NONE',  ( 0.000000000000000000, 0.000000000000000000, 1.000000000000000000 ) ) ;
#3133 = CARTESIAN_POINT ( 'NONE',  ( 5.548071889116356736, -14.87273028169757083, -1.900000000000000355 ) ) ;
#3134 = CARTESIAN_POINT ( 'NONE',  ( -118.3122720196896722, 31.06910750985031910, -1.900000000000000355 ) ) ;
#3135 =( NAMED_UNIT ( * ) SI_UNIT ( $, .STERADIAN. ) SOLID_ANGLE_UNIT ( ) );
#3136 = VERTEX_POINT ( 'NONE', #6393 ) ;
#3137 = CARTESIAN_POINT ( 'NONE',  ( 15.23013529243656983, 80.46117867468984741, 3.278588117025125204 ) ) ;
#3138 = AXIS2_PLACEMENT_3D ( 'NONE', #10319, #3436, #7152 ) ;
#3139 = ORIENTED_EDGE ( 'NONE', *, *, #6031, .T. ) ;
#3140 = ORIENTED_EDGE ( 'NONE', *, *, #50, .T. ) ;
#3141 = DIRECTION ( 'NONE',  ( -1.000000000000000000, 0.000000000000000000, 0.000000000000000000 ) ) ;
#3142 = ORIENTED_EDGE ( 'NONE', *, *, #1049, .T. ) ;
#3143 = CARTESIAN_POINT ( 'NONE',  ( 1.399791696852885856E-05, 77.84410698035702580, -1.900000000000000355 ) ) ;
#3144 = VERTEX_POINT ( 'NONE', #1640 ) ;
#3145 = CARTESIAN_POINT ( 'NONE',  ( -12.74474674335479207, 12.48788592914254103, -1.900000000000000355 ) ) ;
#3146 = CARTESIAN_POINT ( 'NONE',  ( 15.21338287163790959, 80.47437913830208345, 3.290827749215404108 ) ) ;
#3147 = CARTESIAN_POINT ( 'NONE',  ( 18.16772100000000378, 39.38547018669192568, 1.699999999999993516 ) ) ;
#3148 = CARTESIAN_POINT ( 'NONE',  ( -70.41228330292589987, 19.29411698796796415, -2.400000000000000355 ) ) ;
#3149 = VECTOR ( 'NONE', #5209, 1000.000000000000114 ) ;
#3150 = DIRECTION ( 'NONE',  ( 0.000000000000000000, 0.000000000000000000, -1.000000000000000000 ) ) ;
#3151 = ADVANCED_FACE ( 'NONE', ( #7131 ), #10037, .F. ) ;
#3152 = CARTESIAN_POINT ( 'NONE',  ( -24.36540507968175007, 80.84410401969522297, -1.900000000000000355 ) ) ;
#3153 = LINE ( 'NONE', #2115, #11149 ) ;
#3154 = VERTEX_POINT ( 'NONE', #11870 ) ;
#3155 = ORIENTED_EDGE ( 'NONE', *, *, #6304, .T. ) ;
#3156 = AXIS2_PLACEMENT_3D ( 'NONE', #8980, #9038, #621 ) ;
#3157 = CARTESIAN_POINT ( 'NONE',  ( -79.51228598030135686, 22.99411099999999664, 5.399999999999998579 ) ) ;
#3158 = LINE ( 'NONE', #9457, #9475 ) ;
#3159 = EDGE_CURVE ( 'NONE', #1782, #5675, #4446, .T. ) ;
#3160 = EDGE_CURVE ( 'NONE', #1996, #2958, #11119, .T. ) ;
#3161 = DIRECTION ( 'NONE',  ( 1.000000000000000000, 0.000000000000000000, 0.000000000000000000 ) ) ;
#3162 = CARTESIAN_POINT ( 'NONE',  ( 12.56857130266413769, 4.319404872329887901, 7.399999999999998579 ) ) ;
#3163 = CARTESIAN_POINT ( 'NONE',  ( -97.34869801388583710, 14.28967107021952820, -5.506109695587424468 ) ) ;
#3164 = VECTOR ( 'NONE', #2444, 1000.000000000000227 ) ;
#3165 = CARTESIAN_POINT ( 'NONE',  ( 19.28885021294962598, 48.41427269254760546, -3.293894456394887094 ) ) ;
#3166 = CARTESIAN_POINT ( 'NONE',  ( 19.11173684823148733, 15.27188566585233787, -6.186789391986769360 ) ) ;
#3167 = CARTESIAN_POINT ( 'NONE',  ( -41.41452166131000467, 81.13965514279601621, -1.900000000000000355 ) ) ;
#3168 = ORIENTED_EDGE ( 'NONE', *, *, #10155, .T. ) ;
#3169 = ORIENTED_EDGE ( 'NONE', *, *, #8689, .T. ) ;
#3170 = DIRECTION ( 'NONE',  ( -0.9659258276786804043, 0.2588190399164175259, 0.000000000000000000 ) ) ;
#3171 = EDGE_CURVE ( 'NONE', #1582, #99, #8080, .T. ) ;
#3172 = VECTOR ( 'NONE', #9859, 999.9999999999998863 ) ;
#3173 = EDGE_LOOP ( 'NONE', ( #2105, #10299, #1187, #1755 ) ) ;
#3174 = CARTESIAN_POINT ( 'NONE',  ( 19.16772100000000734, 48.98547018669192710, -6.399999999999995026 ) ) ;
#3175 = CARTESIAN_POINT ( 'NONE',  ( -119.3601021807895535, 59.15418935909964659, -6.113584520840152692 ) ) ;
#3176 = DIRECTION ( 'NONE',  ( -1.000000000000000000, -8.204814290039227012E-15, 0.000000000000000000 ) ) ;
#3177 = VECTOR ( 'NONE', #5739, 1000.000000000000000 ) ;
#3178 = CARTESIAN_POINT ( 'NONE',  ( -23.92973761685134093, -1.843797157163321598, -5.460792313416167332 ) ) ;
#3179 = CARTESIAN_POINT ( 'NONE',  ( -10.72336560610671974, 1.876585942086530734, 7.399999999999998579 ) ) ;
#3180 = CARTESIAN_POINT ( 'NONE',  ( 19.17282655130632563, 48.98547018668786279, -2.400000000000005240 ) ) ;
#3181 = LINE ( 'NONE', #1417, #8092 ) ;
#3182 = DIRECTION ( 'NONE',  ( -0.000000000000000000, 0.000000000000000000, 1.000000000000000000 ) ) ;
#3183 = VERTEX_POINT ( 'NONE', #2613 ) ;
#3184 = EDGE_CURVE ( 'NONE', #9723, #916, #10994, .T. ) ;
#3185 = VERTEX_POINT ( 'NONE', #2556 ) ;
#3186 = EDGE_CURVE ( 'NONE', #35, #5016, #6130, .T. ) ;
#3187 = ORIENTED_EDGE ( 'NONE', *, *, #5543, .T. ) ;
#3188 = CARTESIAN_POINT ( 'NONE',  ( -95.21227469707440605, 76.84410589528943092, -2.400000000000000355 ) ) ;
#3189 = CONICAL_SURFACE ( 'NONE', #11189, 31.91246774335480652, 0.7853981633974552734 ) ;
#3190 = CARTESIAN_POINT ( 'NONE',  ( -68.04424108330115928, 81.81629273715424233, -2.613211991846879023 ) ) ;
#3191 = CARTESIAN_POINT ( 'NONE',  ( -80.51367833427877940, 73.14410401970064868, 4.400000000000000355 ) ) ;
#3192 = CARTESIAN_POINT ( 'NONE',  ( -61.16227201969416427, 84.14098492032249510, 5.399999999999998579 ) ) ;
#3193 = DIRECTION ( 'NONE',  ( 0.000000000000000000, 0.000000000000000000, -1.000000000000000000 ) ) ;
#3194 = CARTESIAN_POINT ( 'NONE',  ( -23.66227900000000517, 79.84410401969522297, 5.399999999999998579 ) ) ;
#3195 = PLANE ( 'NONE',  #8961 ) ;
#3196 = CARTESIAN_POINT ( 'NONE',  ( -118.3122720196896722, 31.06910750985031910, 0.5999999999999998668 ) ) ;
#3197 = ORIENTED_EDGE ( 'NONE', *, *, #3060, .T. ) ;
#3198 = DIRECTION ( 'NONE',  ( 1.000000000000000000, 0.000000000000000000, 0.000000000000000000 ) ) ;
#3199 = AXIS2_PLACEMENT_3D ( 'NONE', #9850, #7087, #3433 ) ;
#3200 = CARTESIAN_POINT ( 'NONE',  ( -24.45559143809330394, -1.667544910826674442, -4.400000000004067324 ) ) ;
#3201 = ORIENTED_EDGE ( 'NONE', *, *, #10961, .F. ) ;
#3202 = ORIENTED_EDGE ( 'NONE', *, *, #5869, .F. ) ;
#3203 = FACE_OUTER_BOUND ( 'NONE', #8604, .T. ) ;
#3204 = ORIENTED_EDGE ( 'NONE', *, *, #1175, .T. ) ;
#3205 = ADVANCED_FACE ( 'NONE', ( #5601 ), #5787, .F. ) ;
#3206 = LINE ( 'NONE', #3998, #494 ) ;
#3207 = LINE ( 'NONE', #2351, #2867 ) ;
#3208 = CARTESIAN_POINT ( 'NONE',  ( -8.060685030232761505, 14.34880972322573633, 7.099999999999989875 ) ) ;
#3209 = AXIS2_PLACEMENT_3D ( 'NONE', #2543, #102, #2722 ) ;
#3210 = CARTESIAN_POINT ( 'NONE',  ( -22.66227900000000517, 79.84410401969522297, -1.900000000000000355 ) ) ;
#3211 = FACE_OUTER_BOUND ( 'NONE', #8477, .T. ) ;
#3212 = DIRECTION ( 'NONE',  ( 0.000000000000000000, 0.000000000000000000, -1.000000000000000000 ) ) ;
#3213 = VERTEX_POINT ( 'NONE', #3832 ) ;
#3214 = EDGE_LOOP ( 'NONE', ( #3270, #2281, #10975, #3643, #1670, #4687 ) ) ;
#3215 = B_SPLINE_SURFACE_WITH_KNOTS ( 'NONE', 5, 5, ( 
 ( #3347, #9765, #6148, #8966, #4138, #6941, #365, #4076, #8903, #425, #11617, #1402 ),
 ( #7800, #3226, #11555, #3163, #5059, #10690, #8036, #6874, #544, #3102, #7060, #11680 ),
 ( #6816, #9702, #10623, #10807, #5118, #2246, #10747, #1339, #8842, #3288, #2426, #2368 ),
 ( #4063, #3515, #9067, #710, #10052, #8951, #8084, #6248, #8023, #9190, #7228, #11035 ),
 ( #10858, #11849, #8209, #6370, #652, #7349, #9127, #11789, #7167, #4366, #3452, #2655 ),
 ( #3393, #10916, #7109, #9991, #1621, #6308, #5399, #5336, #5458, #4487, #11968, #827 ),
 ( #4550, #8270, #12024, #3637, #2712, #10290, #30, #3746, #943, #3870, #3692, #887 ),
 ( #8330, #7464, #7408, #4611, #11272, #12083, #11209, #11397, #2829, #7528, #9492, #10411 ),
 ( #7652, #3927, #6487, #6548, #5519, #1911, #3009, #10170, #10228, #5639, #9250, #1004 ),
 ( #1794, #11148, #8507, #9367, #11334, #1061, #4727, #4668, #2767, #8443, #211, #3807 ),
 ( #5760, #152, #10350, #89, #1124, #2890, #7591, #1854, #5577, #9307, #8385, #6609 ),
 ( #1973, #5700, #9428, #4788, #2952, #6669, #2033, #4845, #8569, #11714, #6786, #4171 ) ),
 .UNSPECIFIED., .F., .F., .F.,
 ( 6, 3, 3, 6 ),
 ( 6, 3, 3, 6 ),
 ( -2.039980624543718868, -0.4080001056623063782, 0.4079934711112036538, 2.039980624658224606 ),
 ( -2.127129239964675733, -0.4254299993257644186, 0.4254230801042546695, 2.127129238964293290 ),
 .UNSPECIFIED. ) ;
#3216 = VECTOR ( 'NONE', #147, 1000.000000000000114 ) ;
#3217 = LINE ( 'NONE', #6934, #3098 ) ;
#3218 = VERTEX_POINT ( 'NONE', #8596 ) ;
#3219 = VECTOR ( 'NONE', #3973, 999.9999999999998863 ) ;
#3220 = EDGE_CURVE ( 'NONE', #1146, #7547, #11821, .T. ) ;
#3221 = FACE_BOUND ( 'NONE', #2600, .T. ) ;
#3222 = DIRECTION ( 'NONE',  ( -0.9999999999999837907, 1.798198651385039339E-07, 0.000000000000000000 ) ) ;
#3223 = CARTESIAN_POINT ( 'NONE',  ( -22.36452166131000041, 78.13965514279601621, 5.399999999999998579 ) ) ;
#3224 = PLANE ( 'NONE',  #101 ) ;
#3225 = CARTESIAN_POINT ( 'NONE',  ( -79.51228598030134265, 23.29411100000000090, 7.100000000000059153 ) ) ;
#3226 = CARTESIAN_POINT ( 'NONE',  ( -97.34869801388583710, 14.35010218439946250, -6.186789391842989261 ) ) ;
#3227 = AXIS2_PLACEMENT_3D ( 'NONE', #5234, #1335, #7917 ) ;
#3228 = VECTOR ( 'NONE', #6392, 999.9999999999998863 ) ;
#3229 = CARTESIAN_POINT ( 'NONE',  ( 19.25377267620212862, 49.06706622704538034, -5.846449543848276420 ) ) ;
#3230 = ORIENTED_EDGE ( 'NONE', *, *, #11581, .T. ) ;
#3231 = ORIENTED_EDGE ( 'NONE', *, *, #6017, .T. ) ;
#3232 = ADVANCED_FACE ( 'NONE', ( #11235 ), #9455, .T. ) ;
#3233 = VERTEX_POINT ( 'NONE', #7677 ) ;
#3234 = EDGE_CURVE ( 'NONE', #6166, #6449, #2855, .T. ) ;
#3235 = DIRECTION ( 'NONE',  ( -1.000000000000000000, 0.000000000000000000, 0.000000000000000000 ) ) ;
#3236 = CIRCLE ( 'NONE', #4604, 1.299999999999967848 ) ;
#3237 = AXIS2_PLACEMENT_3D ( 'NONE', #2481, #7237, #6198 ) ;
#3238 = CARTESIAN_POINT ( 'NONE',  ( -77.83728330292586861, 19.29411698796796415, -1.900000000000000577 ) ) ;
#3239 = DIRECTION ( 'NONE',  ( 0.000000000000000000, 0.000000000000000000, -1.000000000000000000 ) ) ;
#3240 = LINE ( 'NONE', #10819, #5153 ) ;
#3241 = DIRECTION ( 'NONE',  ( 0.000000000000000000, 1.000000000000000000, 0.000000000000000000 ) ) ;
#3242 = VECTOR ( 'NONE', #8781, 1000.000000000000000 ) ;
#3243 = CARTESIAN_POINT ( 'NONE',  ( -22.46425355476682384, -2.291935119055408254, -3.012814236849166605 ) ) ;
#3244 = DIRECTION ( 'NONE',  ( 0.000000000000000000, 0.000000000000000000, -1.000000000000000000 ) ) ;
#3245 = CARTESIAN_POINT ( 'NONE',  ( 15.46773311198623801, 79.84410419895388600, -1.900000000000000355 ) ) ;
#3246 = EDGE_CURVE ( 'NONE', #9405, #11795, #1088, .T. ) ;
#3247 = DIRECTION ( 'NONE',  ( -0.000000000000000000, 0.000000000000000000, 1.000000000000000000 ) ) ;
#3248 = CARTESIAN_POINT ( 'NONE',  ( -69.69452267667284673, 81.84922591140508530, -2.413079464143059738 ) ) ;
#3249 = ORIENTED_EDGE ( 'NONE', *, *, #5913, .T. ) ;
#3250 = ORIENTED_EDGE ( 'NONE', *, *, #4092, .F. ) ;
#3251 = CARTESIAN_POINT ( 'NONE',  ( -52.26227900109224578, -0.3558820217042309442, 6.400000000000025224 ) ) ;
#3252 = VECTOR ( 'NONE', #720, 1000.000000000000000 ) ;
#3253 = CARTESIAN_POINT ( 'NONE',  ( -119.4891017591162097, 28.47350827803907336, -4.971197494147455487 ) ) ;
#3254 = CARTESIAN_POINT ( 'NONE',  ( -69.34982682536841025, 81.88211184936585596, -2.613211991846879023 ) ) ;
#3255 = CARTESIAN_POINT ( 'NONE',  ( -119.3122720196896722, 57.06910750985032621, -1.900000000000000355 ) ) ;
#3256 = DIRECTION ( 'NONE',  ( -0.000000000000000000, -0.000000000000000000, -1.000000000000000000 ) ) ;
#3257 = CARTESIAN_POINT ( 'NONE',  ( -97.55481390588732893, 14.28893686838961763, -3.079173392803328468 ) ) ;
#3258 = DIRECTION ( 'NONE',  ( 1.271518476046315203E-07, 0.7071067811865487940, -0.7071067811865348052 ) ) ;
#3259 = CARTESIAN_POINT ( 'NONE',  ( -69.43142950036546779, 81.84921655131651619, -2.399999999999999911 ) ) ;
#3260 = EDGE_CURVE ( 'NONE', #2235, #6658, #4694, .T. ) ;
#3261 = ADVANCED_FACE ( 'NONE', ( #8353, #12107, #2120, #3895, #4752, #2791, #6510, #10254, #1878, #117, #3221, #478 ), #1453, .F. ) ;
#3262 = CARTESIAN_POINT ( 'NONE',  ( 18.16772100000000378, 48.98547018669192710, -4.400000000000000355 ) ) ;
#3263 = AXIS2_PLACEMENT_3D ( 'NONE', #9932, #11666, #9808 ) ;
#3264 = EDGE_LOOP ( 'NONE', ( #7628, #4252, #11326, #7309, #10797, #4953, #8955, #11085, #10373, #5151 ) ) ;
#3265 = CARTESIAN_POINT ( 'NONE',  ( -61.46005585450888020, 81.14411100000000943, 7.100000000000059153 ) ) ;
#3266 = ORIENTED_EDGE ( 'NONE', *, *, #6812, .T. ) ;
#3267 = CYLINDRICAL_SURFACE ( 'NONE', #4072, 1.399999999999998579 ) ;
#3268 = EDGE_LOOP ( 'NONE', ( #7810, #10668, #6263, #5686, #6328, #8560 ) ) ;
#3269 = CARTESIAN_POINT ( 'NONE',  ( -10.29035290421449922, 1.626585942086530956, 4.400000000000000355 ) ) ;
#3270 = ORIENTED_EDGE ( 'NONE', *, *, #5938, .F. ) ;
#3271 = CARTESIAN_POINT ( 'NONE',  ( -1.794959694563303731, -6.698880921515045550, -1.900000000000000355 ) ) ;
#3272 = DIRECTION ( 'NONE',  ( -1.000000000000000000, 0.000000000000000000, 0.000000000000000000 ) ) ;
#3273 = LINE ( 'NONE', #7724, #8447 ) ;
#3274 = VECTOR ( 'NONE', #10406, 1000.000000000000000 ) ;
#3275 = CARTESIAN_POINT ( 'NONE',  ( -120.3122720203380425, 71.13595486634304166, 7.399999999999998579 ) ) ;
#3276 = CARTESIAN_POINT ( 'NONE',  ( 0.8677339247136525158, 84.36378078824772331, 2.799999999999989164 ) ) ;
#3277 = ADVANCED_FACE ( 'NONE', ( #4988 ), #8894, .T. ) ;
#3278 = EDGE_CURVE ( 'NONE', #7519, #10750, #5966, .T. ) ;
#3279 = CARTESIAN_POINT ( 'NONE',  ( 19.17283030110932529, 16.46611141409814749, -6.335804148295851590 ) ) ;
#3280 = ORIENTED_EDGE ( 'NONE', *, *, #3316, .F. ) ;
#3281 = ORIENTED_EDGE ( 'NONE', *, *, #1726, .F. ) ;
#3282 = AXIS2_PLACEMENT_3D ( 'NONE', #10652, #6113, #8809 ) ;
#3283 = ORIENTED_EDGE ( 'NONE', *, *, #3671, .F. ) ;
#3284 = DIRECTION ( 'NONE',  ( -0.000000000000000000, 0.000000000000000000, 1.000000000000000000 ) ) ;
#3285 = CYLINDRICAL_SURFACE ( 'NONE', #9485, 1.399999999999998579 ) ;
#3286 = CARTESIAN_POINT ( 'NONE',  ( -117.3122790891199116, 15.29411798029975778, 5.399999999999998579 ) ) ;
#3287 = DIRECTION ( 'NONE',  ( -1.000000000000000000, 0.000000000000000000, 0.000000000000000000 ) ) ;
#3288 = CARTESIAN_POINT ( 'NONE',  ( -97.67509411766214100, 14.28642767635912492, -2.953553224585818260 ) ) ;
#3289 = AXIS2_PLACEMENT_3D ( 'NONE', #10752, #9892, #8973 ) ;
#3290 = EDGE_CURVE ( 'NONE', #4480, #7840, #5052, .T. ) ;
#3291 = CARTESIAN_POINT ( 'NONE',  ( 19.07803042142513306, 50.69905338062270772, -6.527129240129442955 ) ) ;
#3292 = ORIENTED_EDGE ( 'NONE', *, *, #2530, .T. ) ;
#3293 = EDGE_LOOP ( 'NONE', ( #5509, #10284, #6614, #5463 ) ) ;
#3294 = AXIS2_PLACEMENT_3D ( 'NONE', #10857, #10735, #592 ) ;
#3295 = AXIS2_PLACEMENT_3D ( 'NONE', #3915, #1169, #10519 ) ;
#3296 = LINE ( 'NONE', #2375, #9526 ) ;
#3297 = CARTESIAN_POINT ( 'NONE',  ( -41.41227819873825666, 81.14188785450701857, 7.399999999999998579 ) ) ;
#3298 = LINE ( 'NONE', #615, #7468 ) ;
#3299 = CARTESIAN_POINT ( 'NONE',  ( -119.3881596708277613, 60.51555428555817429, -3.828807813583582575 ) ) ;
#3300 = EDGE_CURVE ( 'NONE', #2058, #144, #7055, .T. ) ;
#3301 = EDGE_LOOP ( 'NONE', ( #9836, #1549, #219, #4147 ) ) ;
#3302 = AXIS2_PLACEMENT_3D ( 'NONE', #9451, #1085, #4809 ) ;
#3303 = CARTESIAN_POINT ( 'NONE',  ( -22.47565873382462698, -2.334499827773259817, -3.339211667551198470 ) ) ;
#3304 = DIRECTION ( 'NONE',  ( 0.000000000000000000, 0.000000000000000000, 1.000000000000000000 ) ) ;
#3305 = DIRECTION ( 'NONE',  ( 1.000000000000000000, 0.000000000000000000, 0.000000000000000000 ) ) ;
#3306 = FACE_BOUND ( 'NONE', #8198, .T. ) ;
#3307 = ORIENTED_EDGE ( 'NONE', *, *, #6720, .T. ) ;
#3308 = ORIENTED_EDGE ( 'NONE', *, *, #10106, .T. ) ;
#3309 = ORIENTED_EDGE ( 'NONE', *, *, #5358, .T. ) ;
#3310 = CARTESIAN_POINT ( 'NONE',  ( -119.2767994220604351, 27.96299781398013096, -2.360019375376301021 ) ) ;
#3311 = CARTESIAN_POINT ( 'NONE',  ( -71.47141012502669355, 81.72838444198329455, -6.527129238957629198 ) ) ;
#3312 = CARTESIAN_POINT ( 'NONE',  ( -52.26227900109171287, -0.7558807037132307949, 7.399999999999998579 ) ) ;
#3313 = CARTESIAN_POINT ( 'NONE',  ( 4.059596731371840406, -12.41857111808664271, 5.399999999999998579 ) ) ;
#3314 = DIRECTION ( 'NONE',  ( 1.000000000000000000, 0.000000000000000000, 0.000000000000000000 ) ) ;
#3315 = EDGE_CURVE ( 'NONE', #10102, #7627, #7878, .T. ) ;
#3316 = EDGE_CURVE ( 'NONE', #3460, #8086, #6516, .T. ) ;
#3317 = CARTESIAN_POINT ( 'NONE',  ( -1.557786344851923830E-14, 15.29411798029987679, 5.399999999999998579 ) ) ;
#3318 = CARTESIAN_POINT ( 'NONE',  ( -67.43142950036545358, 0.000000000000000000, -1.900000000000000355 ) ) ;
#3319 = CARTESIAN_POINT ( 'NONE',  ( 1.408057658815224963E-05, 72.84408845748393446, 5.399999999999998579 ) ) ;
#3320 = VERTEX_POINT ( 'NONE', #8154 ) ;
#3321 = LINE ( 'NONE', #8071, #10196 ) ;
#3322 = EDGE_LOOP ( 'NONE', ( #7052, #7792, #7113, #859 ) ) ;
#3323 = VERTEX_POINT ( 'NONE', #8960 ) ;
#3324 = CARTESIAN_POINT ( 'NONE',  ( -34.75266033180856340, 81.84929615248141488, -2.892758017577453433 ) ) ;
#3325 = VERTEX_POINT ( 'NONE', #11797 ) ;
#3326 = DIRECTION ( 'NONE',  ( -0.9997000655922851919, 0.02449038290391794895, 0.000000000000000000 ) ) ;
#3327 = ORIENTED_EDGE ( 'NONE', *, *, #3763, .T. ) ;
#3328 = EDGE_CURVE ( 'NONE', #11871, #8422, #5347, .T. ) ;
#3329 = DIRECTION ( 'NONE',  ( -0.000000000000000000, 0.000000000000000000, 1.000000000000000000 ) ) ;
#3330 = CYLINDRICAL_SURFACE ( 'NONE', #8723, 0.2977672882860799008 ) ;
#3331 = CARTESIAN_POINT ( 'NONE',  ( 0.000000000000000000, 0.000000000000000000, 4.400000000000000355 ) ) ;
#3332 = CARTESIAN_POINT ( 'NONE',  ( 19.28884968806851319, 16.41427269254953458, -5.506109695705925233 ) ) ;
#3333 = DIRECTION ( 'NONE',  ( -0.000000000000000000, 0.000000000000000000, 1.000000000000000000 ) ) ;
#3334 = DIRECTION ( 'NONE',  ( 1.000000000000000000, 0.000000000000000000, 0.000000000000000000 ) ) ;
#3335 = AXIS2_PLACEMENT_3D ( 'NONE', #10589, #3258, #9606 ) ;
#3336 = CARTESIAN_POINT ( 'NONE',  ( 19.17289476442480733, 15.76619639332475131, -2.809258698150034039 ) ) ;
#3337 = VERTEX_POINT ( 'NONE', #1570 ) ;
#3338 = ORIENTED_EDGE ( 'NONE', *, *, #1568, .T. ) ;
#3339 = ORIENTED_EDGE ( 'NONE', *, *, #4649, .F. ) ;
#3340 = EDGE_CURVE ( 'NONE', #3551, #9641, #1835, .T. ) ;
#3341 = EDGE_CURVE ( 'NONE', #295, #3000, #1627, .T. ) ;
#3342 = DIRECTION ( 'NONE',  ( 1.000000000000000000, 0.000000000000000000, 0.000000000000000000 ) ) ;
#3343 = CARTESIAN_POINT ( 'NONE',  ( 19.17282030952659611, 17.62986170936837027, -6.297820628218842920 ) ) ;
#3344 = FACE_OUTER_BOUND ( 'NONE', #8291, .T. ) ;
#3345 = DIRECTION ( 'NONE',  ( -0.000000000000000000, -0.000000000000000000, 1.000000000000000000 ) ) ;
#3346 = DIRECTION ( 'NONE',  ( 0.000000000000000000, 0.000000000000000000, 1.000000000000000000 ) ) ;
#3347 = CARTESIAN_POINT ( 'NONE',  ( -97.02230191010953320, 14.40984453567103252, -6.527129239970771657 ) ) ;
#3348 = CARTESIAN_POINT ( 'NONE',  ( 19.12355213289035305, 50.04625851919180946, -2.272870761040460152 ) ) ;
#3349 = VECTOR ( 'NONE', #3502, 1000.000000000000000 ) ;
#3350 = EDGE_LOOP ( 'NONE', ( #2529, #6284, #11055, #5613 ) ) ;
#3351 = ORIENTED_EDGE ( 'NONE', *, *, #1363, .T. ) ;
#3352 = CARTESIAN_POINT ( 'NONE',  ( 19.16772100000002865, 39.38547018669192568, 2.299999999999994049 ) ) ;
#3353 = EDGE_CURVE ( 'NONE', #5946, #7914, #497, .T. ) ;
#3354 = DIRECTION ( 'NONE',  ( 0.000000000000000000, 0.000000000000000000, -1.000000000000000000 ) ) ;
#3355 = AXIS2_PLACEMENT_3D ( 'NONE', #8603, #7375, #1157 ) ;
#3356 = LINE ( 'NONE', #11873, #4954 ) ;
#3357 = DIRECTION ( 'NONE',  ( 1.000000000000000000, 0.000000000000000000, 0.000000000000000000 ) ) ;
#3358 = ORIENTED_EDGE ( 'NONE', *, *, #2190, .F. ) ;
#3359 = CARTESIAN_POINT ( 'NONE',  ( -22.49010532713669619, -2.388415249836723930, -4.971197494123016369 ) ) ;
#3360 = CARTESIAN_POINT ( 'NONE',  ( -48.95412330100640474, -0.7558820217042439005, 7.399999999999998579 ) ) ;
#3361 = VECTOR ( 'NONE', #2282, 1000.000000000000000 ) ;
#3362 = CARTESIAN_POINT ( 'NONE',  ( 7.036517317373078542E-06, 15.29406433057293313, 5.399999999999998579 ) ) ;
#3363 = PLANE ( 'NONE',  #8539 ) ;
#3364 = ORIENTED_EDGE ( 'NONE', *, *, #10937, .T. ) ;
#3365 = ORIENTED_EDGE ( 'NONE', *, *, #8850, .F. ) ;
#3366 = EDGE_CURVE ( 'NONE', #4277, #6975, #837, .T. ) ;
#3367 = EDGE_LOOP ( 'NONE', ( #5017, #6749 ) ) ;
#3368 = CARTESIAN_POINT ( 'NONE',  ( -119.5049796216441109, 28.98401874209802642, -4.971197494147455487 ) ) ;
#3369 = CARTESIAN_POINT ( 'NONE',  ( -70.00262168680170305, 82.03681915543704406, -4.485088766571109886 ) ) ;
#3370 = DIRECTION ( 'NONE',  ( 0.000000000000000000, -1.000000000000000000, 0.000000000000000000 ) ) ;
#3371 = DIRECTION ( 'NONE',  ( -0.000000000000000000, 0.000000000000000000, 1.000000000000000000 ) ) ;
#3372 = CIRCLE ( 'NONE', #11380, 1.625000000000001332 ) ;
#3373 = CARTESIAN_POINT ( 'NONE',  ( -98.80208189342930325, 14.28900317154665878, -6.387349676740157634 ) ) ;
#3374 = DIRECTION ( 'NONE',  ( 0.000000000000000000, 0.000000000000000000, 1.000000000000000000 ) ) ;
#3375 = CARTESIAN_POINT ( 'NONE',  ( -30.91227899999996254, 7.232599173267165504, 7.399999999999998579 ) ) ;
#3376 = LINE ( 'NONE', #7091, #5486 ) ;
#3377 = EDGE_LOOP ( 'NONE', ( #4069, #7282, #2849, #11264 ) ) ;
#3378 = DIRECTION ( 'NONE',  ( -0.000000000000000000, -0.000000000000000000, -1.000000000000000000 ) ) ;
#3379 = ORIENTED_EDGE ( 'NONE', *, *, #9629, .F. ) ;
#3380 = LINE ( 'NONE', #7098, #2298 ) ;
#3381 = ORIENTED_EDGE ( 'NONE', *, *, #960, .T. ) ;
#3382 = LINE ( 'NONE', #7100, #1730 ) ;
#3383 = CIRCLE ( 'NONE', #6298, 0.8999999999999980238 ) ;
#3384 = EDGE_LOOP ( 'NONE', ( #5000, #1379, #7400, #9598, #3358, #8514 ) ) ;
#3385 = EDGE_CURVE ( 'NONE', #8640, #11039, #6200, .T. ) ;
#3386 = ADVANCED_FACE ( 'NONE', ( #3645 ), #11105, .F. ) ;
#3387 = PRESENTATION_LAYER_ASSIGNMENT (  '', '', ( #11393 ) ) ;
#3388 = CARTESIAN_POINT ( 'NONE',  ( -32.21227899999998812, 20.69411099999999948, 7.399999999999998579 ) ) ;
#3389 = DIRECTION ( 'NONE',  ( 1.000000000000000000, 0.000000000000000000, 0.000000000000000000 ) ) ;
#3390 = CARTESIAN_POINT ( 'NONE',  ( -31.51625564741881291, 0.9543332516963919376, 7.399999999999998579 ) ) ;
#3391 = CARTESIAN_POINT ( 'NONE',  ( 19.16772100000000734, 48.98547018669192710, -4.400000000000000355 ) ) ;
#3392 = CARTESIAN_POINT ( 'NONE',  ( -79.21227201969416853, 80.84411100000001227, -1.900000000000000577 ) ) ;
#3393 = CARTESIAN_POINT ( 'NONE',  ( -98.98067985970040183, 14.30647456263461770, -6.527129239970771657 ) ) ;
#3394 = CIRCLE ( 'NONE', #10617, 1.000000000000000888 ) ;
#3395 = CARTESIAN_POINT ( 'NONE',  ( -99.32436337050268094, 14.28900315748933103, -2.412967911105913466 ) ) ;
#3396 = EDGE_LOOP ( 'NONE', ( #4217, #5733, #3456, #5251 ) ) ;
#3397 = ADVANCED_FACE ( 'NONE', ( #5292 ), #10925, .F. ) ;
#3398 = CARTESIAN_POINT ( 'NONE',  ( -118.3122720196896722, 71.84411113364974710, 7.100000000000059153 ) ) ;
#3399 = ORIENTED_EDGE ( 'NONE', *, *, #10187, .F. ) ;
#3400 = ORIENTED_EDGE ( 'NONE', *, *, #783, .T. ) ;
#3401 = AXIS2_PLACEMENT_3D ( 'NONE', #9635, #4075, #8469 ) ;
#3402 = CARTESIAN_POINT ( 'NONE',  ( -119.3173775811758901, 61.06910750985082359, -4.135770333167757329 ) ) ;
#3403 = CARTESIAN_POINT ( 'NONE',  ( -73.78728330292589987, 19.29411698796796415, -1.900000000000000577 ) ) ;
#3404 = DIRECTION ( 'NONE',  ( 0.3826835653928608028, 0.9238794774093685991, -0.000000000000000000 ) ) ;
#3405 = CARTESIAN_POINT ( 'NONE',  ( 16.34356743290191716, 80.84992082488838605, 2.799999999999989164 ) ) ;
#3406 = CARTESIAN_POINT ( 'NONE',  ( 0.000000000000000000, 0.000000000000000000, 5.399999999999998579 ) ) ;
#3407 = CARTESIAN_POINT ( 'NONE',  ( 19.20572184953406847, 48.90386751168765755, -2.613211992825268837 ) ) ;
#3408 = VECTOR ( 'NONE', #5665, 1000.000000000000000 ) ;
#3409 = ADVANCED_FACE ( 'NONE', ( #5530 ), #7298, .F. ) ;
#3410 = CIRCLE ( 'NONE', #8081, 0.2999999999999947153 ) ;
#3411 = ADVANCED_FACE ( 'NONE', ( #2776 ), #9318, .F. ) ;
#3412 = ORIENTED_EDGE ( 'NONE', *, *, #2737, .F. ) ;
#3413 = ORIENTED_EDGE ( 'NONE', *, *, #4759, .F. ) ;
#3414 = DIRECTION ( 'NONE',  ( 0.8660254062730191604, -0.4999999956896520326, 0.000000000000000000 ) ) ;
#3415 = ORIENTED_EDGE ( 'NONE', *, *, #3996, .F. ) ;
#3416 = CARTESIAN_POINT ( 'NONE',  ( -61.16361823733677738, 81.09801610738354327, 5.399999999999998579 ) ) ;
#3417 = AXIS2_PLACEMENT_3D ( 'NONE', #7130, #11058, #8169 ) ;
#3418 = FACE_OUTER_BOUND ( 'NONE', #9599, .T. ) ;
#3419 = DIRECTION ( 'NONE',  ( -0.000000000000000000, 0.000000000000000000, 1.000000000000000000 ) ) ;
#3420 = ORIENTED_EDGE ( 'NONE', *, *, #6692, .T. ) ;
#3421 = EDGE_CURVE ( 'NONE', #2464, #6494, #3781, .T. ) ;
#3422 = CARTESIAN_POINT ( 'NONE',  ( -101.4372790000000322, 15.29411099999999912, -1.900000000000000355 ) ) ;
#3423 = B_SPLINE_SURFACE_WITH_KNOTS ( 'NONE', 5, 5, ( 
 ( #9663, #5080, #1656, #629, #11765, #568, #2389, #1540, #7885, #689, #7147, #9970 ),
 ( #8124, #11886, #1599, #5316, #9910, #11643, #8807, #10027, #8928, #6230, #7083, #6110 ),
 ( #10953, #9847, #10893, #10771, #1484, #9044, #4346, #8062, #6962, #6286, #447, #11826 ),
 ( #8989, #3493, #7943, #11705, #4404, #4164, #5263, #1422, #7207, #3430, #5201, #3310 ),
 ( #2572, #2514, #10833, #10711, #3253, #2451, #6059, #2330, #9788, #7019, #5140, #4288 ),
 ( #8865, #511, #4228, #8000, #3368, #6169, #4644, #8363, #3552, #4706, #10328, #11129 ),
 ( #10, #4526, #9107, #804, #10267, #8423, #4464, #5377, #10207, #6526, #2691, #747 ),
 ( #6409, #1829, #7266, #8187, #10092, #8246, #10151, #7385, #11250, #9226, #3725, #8308 ),
 ( #4590, #11009, #11944, #1890, #12060, #69, #2804, #2746, #5614, #9168, #5556, #3670 ),
 ( #12000, #6466, #7326, #7443, #9345, #9288, #3782, #7507, #982, #2630, #3614, #11075 ),
 ( #6346, #920, #1715, #2868, #11186, #1772, #5496, #6587, #5436, #862, #3966, #3848 ),
 ( #2137, #375, #4088, #6708, #8484, #9588, #1163, #2197, #4943, #131, #10390, #7811 ) ),
 .UNSPECIFIED., .F., .F., .F.,
 ( 6, 3, 3, 6 ),
 ( 6, 3, 3, 6 ),
 ( -2.127129240337771510, -0.4254299995483195040, 0.4254230799569667099, 2.127129238967539138 ),
 ( -2.039980624680871379, -0.4080001057814794940, 0.4079934710011166032, 2.039980624566309686 ),
 .UNSPECIFIED. ) ;
#3424 = DIRECTION ( 'NONE',  ( -0.000000000000000000, -0.000000000000000000, 1.000000000000000000 ) ) ;
#3425 = CIRCLE ( 'NONE', #5963, 1.625000000000001332 ) ;
#3426 = DIRECTION ( 'NONE',  ( 0.000000000000000000, 0.000000000000000000, 1.000000000000000000 ) ) ;
#3427 = ORIENTED_EDGE ( 'NONE', *, *, #1553, .F. ) ;
#3428 = ORIENTED_EDGE ( 'NONE', *, *, #6556, .F. ) ;
#3429 = ORIENTED_EDGE ( 'NONE', *, *, #12106, .F. ) ;
#3430 = CARTESIAN_POINT ( 'NONE',  ( -119.3542775514377041, 27.96299781398013096, -3.012814236802380474 ) ) ;
#3431 = CARTESIAN_POINT ( 'NONE',  ( -71.47141012502669355, 81.78398229476287895, -2.953553223614921563 ) ) ;
#3432 = CARTESIAN_POINT ( 'NONE',  ( 11.01773293216644589, 78.84410499915246362, -1.799999999999999378 ) ) ;
#3433 = DIRECTION ( 'NONE',  ( 1.000000000000000000, 3.488783972668708887E-15, 0.000000000000000000 ) ) ;
#3434 = VECTOR ( 'NONE', #480, 1000.000000000000000 ) ;
#3435 = CARTESIAN_POINT ( 'NONE',  ( -71.43142950036546779, 80.84411100000002648, -4.400000000000000355 ) ) ;
#3436 = DIRECTION ( 'NONE',  ( -0.000000000000000000, 0.000000000000000000, 1.000000000000000000 ) ) ;
#3437 = CARTESIAN_POINT ( 'NONE',  ( -67.63337380091729756, 81.84921996461743277, -5.285564627780151348 ) ) ;
#3438 = EDGE_CURVE ( 'NONE', #8908, #4924, #2617, .T. ) ;
#3439 = DIRECTION ( 'NONE',  ( -0.000000000000000000, 0.000000000000000000, 1.000000000000000000 ) ) ;
#3440 = ORIENTED_EDGE ( 'NONE', *, *, #6570, .T. ) ;
#3441 = DIRECTION ( 'NONE',  ( 0.2588190399164175259, 0.9659258276786805153, 0.000000000000000000 ) ) ;
#3442 = ORIENTED_EDGE ( 'NONE', *, *, #2373, .F. ) ;
#3443 = VECTOR ( 'NONE', #1389, 1000.000000000000000 ) ;
#3444 = CARTESIAN_POINT ( 'NONE',  ( -35.37884852823967208, 81.84921056822830110, -4.924823550423250040 ) ) ;
#3445 = EDGE_LOOP ( 'NONE', ( #1396, #4206, #1626, #9787, #10247 ) ) ;
#3446 = VERTEX_POINT ( 'NONE', #10181 ) ;
#3447 = CARTESIAN_POINT ( 'NONE',  ( -22.06227899999998954, 21.29411100000000090, 4.400000000000000355 ) ) ;
#3448 = CARTESIAN_POINT ( 'NONE',  ( 15.10980489131580562, 81.61212336031339021, 4.464667994119376537 ) ) ;
#3449 = CARTESIAN_POINT ( 'NONE',  ( -61.16367833427879930, 81.09556294374289109, -1.900000000000000355 ) ) ;
#3450 = CARTESIAN_POINT ( 'NONE',  ( -119.3174114757544828, 60.80501629297503996, -5.401851869925793359 ) ) ;
#3451 = LINE ( 'NONE', #3636, #4496 ) ;
#3452 = CARTESIAN_POINT ( 'NONE',  ( -98.49108504056943048, 14.26457632235645789, -2.613211992813810003 ) ) ;
#3453 = CIRCLE ( 'NONE', #2475, 4.000000000000003553 ) ;
#3454 = EDGE_CURVE ( 'NONE', #11291, #370, #2045, .T. ) ;
#3455 = CARTESIAN_POINT ( 'NONE',  ( -100.3835133661537355, 14.28893282762607519, -5.907241982422669402 ) ) ;
#3456 = ORIENTED_EDGE ( 'NONE', *, *, #3660, .F. ) ;
#3457 = DIRECTION ( 'NONE',  ( -0.000000000000000000, -0.000000000000000000, 1.000000000000000000 ) ) ;
#3458 = VERTEX_POINT ( 'NONE', #10302 ) ;
#3459 = CARTESIAN_POINT ( 'NONE',  ( -23.66227900000001227, 80.84188785450702142, 4.400000000000000355 ) ) ;
#3460 = VERTEX_POINT ( 'NONE', #3702 ) ;
#3461 = AXIS2_PLACEMENT_3D ( 'NONE', #4058, #8019, #3389 ) ;
#3462 = CARTESIAN_POINT ( 'NONE',  ( -119.3173746976745662, 58.42292617579494873, -2.502741840094076409 ) ) ;
#3463 = EDGE_CURVE ( 'NONE', #3020, #2406, #10360, .T. ) ;
#3464 = DIRECTION ( 'NONE',  ( 0.7071067811865298092, 8.659560562354715921E-17, -0.7071067811865651143 ) ) ;
#3465 = CARTESIAN_POINT ( 'NONE',  ( -119.3122720196896722, 27.06910750985032976, -4.400000000000000355 ) ) ;
#3466 = DIRECTION ( 'NONE',  ( 0.000000000000000000, 0.000000000000000000, 1.000000000000000000 ) ) ;
#3467 = CARTESIAN_POINT ( 'NONE',  ( -61.16005585450887594, 0.000000000000000000, 4.400000000000000355 ) ) ;
#3468 = EDGE_CURVE ( 'NONE', #4987, #9799, #3010, .T. ) ;
#3469 = CARTESIAN_POINT ( 'NONE',  ( 19.20572169210087310, 49.06706622704538034, -6.186789391988859244 ) ) ;
#3470 = ADVANCED_FACE ( 'NONE', ( #7661 ), #10626, .T. ) ;
#3471 = AXIS2_PLACEMENT_3D ( 'NONE', #10041, #759, #4478 ) ;
#3472 = ORIENTED_EDGE ( 'NONE', *, *, #8546, .F. ) ;
#3473 = VERTEX_POINT ( 'NONE', #3757 ) ;
#3474 = DIRECTION ( 'NONE',  ( -0.9999999999999054090, 4.347624119164473710E-07, 0.000000000000000000 ) ) ;
#3475 = ORIENTED_EDGE ( 'NONE', *, *, #10660, .T. ) ;
#3476 = PLANE ( 'NONE',  #2248 ) ;
#3477 = LINE ( 'NONE', #11987, #1861 ) ;
#3478 = ORIENTED_EDGE ( 'NONE', *, *, #8919, .F. ) ;
#3479 = AXIS2_PLACEMENT_3D ( 'NONE', #7005, #8909, #3235 ) ;
#3480 = EDGE_CURVE ( 'NONE', #7941, #1344, #11282, .T. ) ;
#3481 = CARTESIAN_POINT ( 'NONE',  ( -9.060685030232763282, 14.34880972322573633, 7.399999999999998579 ) ) ;
#3482 = CARTESIAN_POINT ( 'NONE',  ( 18.16772100000000378, 39.38547018669192568, 1.699999999999993516 ) ) ;
#3483 = CARTESIAN_POINT ( 'NONE',  ( -31.21227899999999167, 19.69411099999999948, 4.400000000000000355 ) ) ;
#3484 = AXIS2_PLACEMENT_3D ( 'NONE', #7900, #5097, #11661 ) ;
#3485 = VECTOR ( 'NONE', #10215, 1000.000000000000000 ) ;
#3486 = CARTESIAN_POINT ( 'NONE',  ( 5.548071889116356736, -14.87273028169757083, 6.400000000000025224 ) ) ;
#3487 = DIRECTION ( 'NONE',  ( 1.492741799624945840E-62, 0.000000000000000000, -1.000000000000000000 ) ) ;
#3488 = CARTESIAN_POINT ( 'NONE',  ( -41.41227739749872683, 84.84411115030613360, 7.399999999999998579 ) ) ;
#3489 = ORIENTED_EDGE ( 'NONE', *, *, #8704, .F. ) ;
#3490 = ORIENTED_EDGE ( 'NONE', *, *, #1011, .F. ) ;
#3491 = ORIENTED_EDGE ( 'NONE', *, *, #10378, .T. ) ;
#3492 = ADVANCED_FACE ( 'NONE', ( #3939 ), #1802, .T. ) ;
#3493 = CARTESIAN_POINT ( 'NONE',  ( -119.3167187425094085, 27.96299781398013096, -6.113584520843606818 ) ) ;
#3494 = EDGE_CURVE ( 'NONE', #5035, #3218, #90, .T. ) ;
#3495 = CARTESIAN_POINT ( 'NONE',  ( -70.00262168680170305, 81.82491196154984436, -6.527129238957629198 ) ) ;
#3496 = VECTOR ( 'NONE', #6080, 999.9999999999998863 ) ;
#3497 = DIRECTION ( 'NONE',  ( 3.750753461571469916E-15, -1.000000000000000000, 0.000000000000000000 ) ) ;
#3498 = DIRECTION ( 'NONE',  ( -1.000000000000000000, 0.000000000000000000, -1.492741799624945840E-62 ) ) ;
#3499 = AXIS2_PLACEMENT_3D ( 'NONE', #10479, #342, #4051 ) ;
#3500 = CARTESIAN_POINT ( 'NONE',  ( -81.95516926713661121, 2.007715659309325940, 5.399999999999998579 ) ) ;
#3501 = CARTESIAN_POINT ( 'NONE',  ( -50.66227899999999806, 19.69411099999999593, 4.400000000000000355 ) ) ;
#3502 = DIRECTION ( 'NONE',  ( -1.000000000000000000, -1.018552587902411439E-15, 0.000000000000000000 ) ) ;
#3503 = ORIENTED_EDGE ( 'NONE', *, *, #11808, .F. ) ;
#3504 = CARTESIAN_POINT ( 'NONE',  ( -32.37063718707962323, 81.79994185926980776, -6.527129238958155000 ) ) ;
#3505 = EDGE_LOOP ( 'NONE', ( #11595, #5290, #9296, #675 ) ) ;
#3506 = VECTOR ( 'NONE', #2097, 1000.000000000000114 ) ;
#3507 = ORIENTED_EDGE ( 'NONE', *, *, #7951, .T. ) ;
#3508 = VERTEX_POINT ( 'NONE', #4621 ) ;
#3509 = EDGE_CURVE ( 'NONE', #6585, #7038, #9260, .T. ) ;
#3510 = DIRECTION ( 'NONE',  ( -0.9999999999999914513, 1.303162954756303595E-07, 0.000000000000000000 ) ) ;
#3511 = CARTESIAN_POINT ( 'NONE',  ( 16.68984640297916400, 81.16488118681309061, 3.344299365218796893 ) ) ;
#3512 = DIRECTION ( 'NONE',  ( -0.6123724338663671940, 0.3535533937619864120, -0.7071067811865217045 ) ) ;
#3513 = CARTESIAN_POINT ( 'NONE',  ( -119.3173813716385183, 61.00532860099421839, -4.917716884980436909 ) ) ;
#3514 = CARTESIAN_POINT ( 'NONE',  ( -23.06227899999998598, 22.99411099999999308, 4.400000000000000355 ) ) ;
#3515 = CARTESIAN_POINT ( 'NONE',  ( -98.00149022143841648, 14.29527403813924735, -6.186789391842989261 ) ) ;
#3516 = CONICAL_SURFACE ( 'NONE', #976, 1.300000000000029354, 0.7853981633974825849 ) ;
#3517 = CARTESIAN_POINT ( 'NONE',  ( -100.5701721848233490, 14.28893682139543486, -5.720491615503896732 ) ) ;
#3518 = VERTEX_POINT ( 'NONE', #5648 ) ;
#3519 = CYLINDRICAL_SURFACE ( 'NONE', #646, 1.625000000000001332 ) ;
#3520 = ORIENTED_EDGE ( 'NONE', *, *, #110, .F. ) ;
#3521 = VERTEX_POINT ( 'NONE', #7418 ) ;
#3522 = EDGE_CURVE ( 'NONE', #4924, #8908, #3985, .T. ) ;
#3523 = CARTESIAN_POINT ( 'NONE',  ( -119.3173775709870341, 57.06910750985031910, -4.400000000000001243 ) ) ;
#3524 = CYLINDRICAL_SURFACE ( 'NONE', #11633, 9.395313679645688865 ) ;
#3525 = VECTOR ( 'NONE', #4170, 1000.000000000000000 ) ;
#3526 = CARTESIAN_POINT ( 'NONE',  ( -8.801865990316349198, 15.31473555090441785, 4.400000000000000355 ) ) ;
#3527 = DIRECTION ( 'NONE',  ( 0.000000000000000000, -0.000000000000000000, 1.000000000000000000 ) ) ;
#3528 = CARTESIAN_POINT ( 'NONE',  ( -48.95915292032525201, 1.244117980299763726, -1.900000000000000355 ) ) ;
#3529 = EDGE_LOOP ( 'NONE', ( #4808, #11172, #5315, #7144 ) ) ;
#3530 = ORIENTED_EDGE ( 'NONE', *, *, #6891, .T. ) ;
#3531 = LINE ( 'NONE', #9951, #1920 ) ;
#3532 = ORIENTED_EDGE ( 'NONE', *, *, #10107, .F. ) ;
#3533 = VECTOR ( 'NONE', #1870, 1000.000000000000000 ) ;
#3534 = DIRECTION ( 'NONE',  ( -0.000000000000000000, 0.000000000000000000, 1.000000000000000000 ) ) ;
#3535 = EDGE_CURVE ( 'NONE', #7806, #8482, #12020, .T. ) ;
#3536 = DIRECTION ( 'NONE',  ( 1.000000000000000000, 0.000000000000000000, 0.000000000000000000 ) ) ;
#3537 = ORIENTED_EDGE ( 'NONE', *, *, #9062, .T. ) ;
#3538 = EDGE_CURVE ( 'NONE', #6718, #3682, #5950, .T. ) ;
#3539 = DIRECTION ( 'NONE',  ( 1.492741799624945840E-62, 0.000000000000000000, -1.000000000000000000 ) ) ;
#3540 = CYLINDRICAL_SURFACE ( 'NONE', #11411, 0.9999999999999991118 ) ;
#3541 = DIRECTION ( 'NONE',  ( 0.000000000000000000, 1.000000000000000000, 0.000000000000000000 ) ) ;
#3542 = CIRCLE ( 'NONE', #8611, 0.3000000000000016542 ) ;
#3543 = VERTEX_POINT ( 'NONE', #8453 ) ;
#3544 = LINE ( 'NONE', #9161, #2186 ) ;
#3545 = EDGE_CURVE ( 'NONE', #407, #1449, #5587, .T. ) ;
#3546 = DIRECTION ( 'NONE',  ( 1.000000000000000000, 0.000000000000000000, 0.000000000000000000 ) ) ;
#3547 = LINE ( 'NONE', #7261, #7308 ) ;
#3548 = CARTESIAN_POINT ( 'NONE',  ( -31.21227899999999167, 7.232599173267165504, 7.099999999999989875 ) ) ;
#3549 = ORIENTED_EDGE ( 'NONE', *, *, #39, .T. ) ;
#3550 = ORIENTED_EDGE ( 'NONE', *, *, #6030, .F. ) ;
#3551 = VERTEX_POINT ( 'NONE', #5833 ) ;
#3552 = CARTESIAN_POINT ( 'NONE',  ( -119.4491622695520192, 28.98401874209802642, -3.339211667515420867 ) ) ;
#3553 = CARTESIAN_POINT ( 'NONE',  ( -71.14501269431004005, 81.84855825043001687, -3.293894455382963660 ) ) ;
#3554 = DIRECTION ( 'NONE',  ( 0.000000000000000000, 0.000000000000000000, -1.000000000000000000 ) ) ;
#3555 = LINE ( 'NONE', #11947, #4176 ) ;
#3556 = CARTESIAN_POINT ( 'NONE',  ( 19.35960223811121139, 17.06706622704304266, -4.995599231673178764 ) ) ;
#3557 = DIRECTION ( 'NONE',  ( -0.9999999999999206191, 3.984065845071940926E-07, 0.000000000000000000 ) ) ;
#3558 = LINE ( 'NONE', #1547, #10338 ) ;
#3559 = AXIS2_PLACEMENT_3D ( 'NONE', #1533, #10574, #440 ) ;
#3560 = LINE ( 'NONE', #4354, #234 ) ;
#3561 = ORIENTED_EDGE ( 'NONE', *, *, #3604, .F. ) ;
#3562 = ADVANCED_FACE ( 'NONE', ( #2287 ), #8768, .F. ) ;
#3563 = CARTESIAN_POINT ( 'NONE',  ( -32.86023200621512785, 82.03681860197497144, -4.485088766547514538 ) ) ;
#3564 = DIRECTION ( 'NONE',  ( -1.000000000000000000, 0.000000000000000000, 0.000000000000000000 ) ) ;
#3565 = EDGE_LOOP ( 'NONE', ( #10060, #2344, #2296, #5326 ) ) ;
#3566 = EDGE_CURVE ( 'NONE', #295, #8633, #11471, .T. ) ;
#3567 = CARTESIAN_POINT ( 'NONE',  ( -11.03726043005733359, 81.84410925728559505, 4.400000000000000355 ) ) ;
#3568 = VERTEX_POINT ( 'NONE', #2350 ) ;
#3569 = VERTEX_POINT ( 'NONE', #4182 ) ;
#3570 = ORIENTED_EDGE ( 'NONE', *, *, #6856, .T. ) ;
#3571 = AXIS2_PLACEMENT_3D ( 'NONE', #5802, #3909, #10453 ) ;
#3572 = CARTESIAN_POINT ( 'NONE',  ( -77.43728330292589135, 19.29411698796796415, 4.400000000000000355 ) ) ;
#3573 = CARTESIAN_POINT ( 'NONE',  ( 15.56256019493388543, 81.48530241484887426, 4.402678059379546482 ) ) ;
#3574 = CARTESIAN_POINT ( 'NONE',  ( -31.46495780163771627, 1.044116816916453416, 7.300001163383289082 ) ) ;
#3575 = DIRECTION ( 'NONE',  ( -1.000000000000000000, 0.000000000000000000, 0.000000000000000000 ) ) ;
#3576 = DIRECTION ( 'NONE',  ( 1.000000000000000000, 1.922131275320561768E-16, 0.000000000000000000 ) ) ;
#3577 = CARTESIAN_POINT ( 'NONE',  ( -99.06228253471056178, 14.28901242900209922, -6.400000000000002132 ) ) ;
#3578 = ORIENTED_EDGE ( 'NONE', *, *, #8102, .F. ) ;
#3579 = DIRECTION ( 'NONE',  ( 1.000000000000000000, 0.000000000000000000, 0.000000000000000000 ) ) ;
#3580 = AXIS2_PLACEMENT_3D ( 'NONE', #1442, #6800, #9684 ) ;
#3581 = ADVANCED_FACE ( 'NONE', ( #6075 ), #8642, .F. ) ;
#3582 = CARTESIAN_POINT ( 'NONE',  ( 19.10164172945354721, 18.37265594989637307, -6.527129240127193199 ) ) ;
#3583 = ORIENTED_EDGE ( 'NONE', *, *, #6334, .T. ) ;
#3584 = VERTEX_POINT ( 'NONE', #9564 ) ;
#3585 = CARTESIAN_POINT ( 'NONE',  ( -119.3174463151647728, 60.65750967526649617, -3.177619477097973100 ) ) ;
#3586 = FACE_OUTER_BOUND ( 'NONE', #10784, .T. ) ;
#3587 = CIRCLE ( 'NONE', #6889, 1.899999999999998357 ) ;
#3588 = FACE_OUTER_BOUND ( 'NONE', #9829, .T. ) ;
#3589 = CARTESIAN_POINT ( 'NONE',  ( 0.8717032330274366858, 84.36155422882495714, 2.879688230823663098 ) ) ;
#3590 = DIRECTION ( 'NONE',  ( 0.000000000000000000, 0.000000000000000000, 1.000000000000000000 ) ) ;
#3591 = ORIENTED_EDGE ( 'NONE', *, *, #361, .F. ) ;
#3592 = EDGE_CURVE ( 'NONE', #8089, #6072, #4771, .T. ) ;
#3593 = ORIENTED_EDGE ( 'NONE', *, *, #11424, .F. ) ;
#3594 = CARTESIAN_POINT ( 'NONE',  ( -118.3122720196896722, 0.000000000000000000, 5.399999999999998579 ) ) ;
#3595 = ORIENTED_EDGE ( 'NONE', *, *, #2304, .F. ) ;
#3596 = DIRECTION ( 'NONE',  ( -0.8660254062730191604, 0.4999999956896518660, 0.000000000000000000 ) ) ;
#3597 = DIRECTION ( 'NONE',  ( -1.000000000000000000, 0.000000000000000000, 0.000000000000000000 ) ) ;
#3598 = VERTEX_POINT ( 'NONE', #1320 ) ;
#3599 = CARTESIAN_POINT ( 'NONE',  ( -8.724220278341414669, 15.60451329920804930, 7.399999999999998579 ) ) ;
#3600 = DIRECTION ( 'NONE',  ( -0.3535533875453950592, -0.6123724374554826433, 0.7071067811865523467 ) ) ;
#3601 = AXIS2_PLACEMENT_3D ( 'NONE', #10064, #5408, #4317 ) ;
#3602 = CONICAL_SURFACE ( 'NONE', #8280, 1.300000000000028466, 0.7853981633974825849 ) ;
#3603 = CARTESIAN_POINT ( 'NONE',  ( -10.72336560610671974, 1.876585942086530734, 4.400000000000000355 ) ) ;
#3604 = EDGE_CURVE ( 'NONE', #6314, #10355, #693, .T. ) ;
#3605 = EDGE_CURVE ( 'NONE', #8435, #9374, #6140, .T. ) ;
#3606 = DIRECTION ( 'NONE',  ( 1.000000000000000000, 0.000000000000000000, 0.000000000000000000 ) ) ;
#3607 = DIRECTION ( 'NONE',  ( 0.9659258276786805153, -0.2588190399164175259, 0.000000000000000000 ) ) ;
#3608 = DIRECTION ( 'NONE',  ( 0.7071067811865721087, 0.000000000000000000, 0.7071067811865230368 ) ) ;
#3609 = VECTOR ( 'NONE', #9060, 1000.000000000000000 ) ;
#3610 = VERTEX_POINT ( 'NONE', #2227 ) ;
#3611 = AXIS2_PLACEMENT_3D ( 'NONE', #3362, #6834, #5257 ) ;
#3612 = ORIENTED_EDGE ( 'NONE', *, *, #10810, .T. ) ;
#3613 = ORIENTED_EDGE ( 'NONE', *, *, #50, .F. ) ;
#3614 = CARTESIAN_POINT ( 'NONE',  ( -119.2873208380103591, 30.51555428520757118, -2.686416806089340525 ) ) ;
#3615 = CARTESIAN_POINT ( 'NONE',  ( -119.3418137155406100, 57.28231811979603094, -3.828807813583582131 ) ) ;
#3616 = CARTESIAN_POINT ( 'NONE',  ( 19.12355158756043139, 15.92467787341269414, -2.272870761040224785 ) ) ;
#3617 = CARTESIAN_POINT ( 'NONE',  ( 1.467733862929055055, 84.02018910072324331, 3.399999999999993250 ) ) ;
#3618 = AXIS2_PLACEMENT_3D ( 'NONE', #7976, #3284, #2302 ) ;
#3619 = AXIS2_PLACEMENT_3D ( 'NONE', #3894, #8467, #9275 ) ;
#3620 = LINE ( 'NONE', #5323, #2181 ) ;
#3621 = ADVANCED_FACE ( 'NONE', ( #1386 ), #10605, .T. ) ;
#3622 = VERTEX_POINT ( 'NONE', #11601 ) ;
#3623 = CARTESIAN_POINT ( 'NONE',  ( -32.04424108330033505, 81.85180101821777043, -5.846449542702723434 ) ) ;
#3624 = CARTESIAN_POINT ( 'NONE',  ( 1.892453000393756968, 77.25013512635990764, -1.900000000000000355 ) ) ;
#3625 = ORIENTED_EDGE ( 'NONE', *, *, #256, .F. ) ;
#3626 = DIRECTION ( 'NONE',  ( 1.000000000000000000, 1.988221748970553008E-16, 0.000000000000000000 ) ) ;
#3627 = ORIENTED_EDGE ( 'NONE', *, *, #6237, .T. ) ;
#3628 = ORIENTED_EDGE ( 'NONE', *, *, #360, .F. ) ;
#3629 = AXIS2_PLACEMENT_3D ( 'NONE', #180, #3100, #3897 ) ;
#3630 = CYLINDRICAL_SURFACE ( 'NONE', #841, 1.000000000000000888 ) ;
#3631 = CARTESIAN_POINT ( 'NONE',  ( 3.239070619147446539, 12.08837637957416966, 4.400000000000000355 ) ) ;
#3632 = CARTESIAN_POINT ( 'NONE',  ( 15.45184797041845037, 80.28535347033746916, 2.938584501141793925 ) ) ;
#3633 = FACE_OUTER_BOUND ( 'NONE', #5977, .T. ) ;
#3634 = EDGE_CURVE ( 'NONE', #5675, #1040, #1467, .T. ) ;
#3635 = FACE_OUTER_BOUND ( 'NONE', #7658, .T. ) ;
#3636 = CARTESIAN_POINT ( 'NONE',  ( 12.78459670644856594, 2.693571847410092257, 4.400000000000000355 ) ) ;
#3637 = CARTESIAN_POINT ( 'NONE',  ( -99.14387857505511192, 14.16112768376036257, -5.506109695587424468 ) ) ;
#3638 = CARTESIAN_POINT ( 'NONE',  ( -119.3174457841143834, 30.65984881170031429, -5.619273793367185021 ) ) ;
#3639 = AXIS2_PLACEMENT_3D ( 'NONE', #5162, #6861, #4061 ) ;
#3640 = ORIENTED_EDGE ( 'NONE', *, *, #821, .T. ) ;
#3641 = CARTESIAN_POINT ( 'NONE',  ( -119.3174232686927922, 28.80575342889951074, -2.413134942904995306 ) ) ;
#3642 = CARTESIAN_POINT ( 'NONE',  ( -79.21367833427878224, 80.84411100000001227, 7.100000000000059153 ) ) ;
#3643 = ORIENTED_EDGE ( 'NONE', *, *, #10142, .T. ) ;
#3644 = ORIENTED_EDGE ( 'NONE', *, *, #8885, .T. ) ;
#3645 = FACE_OUTER_BOUND ( 'NONE', #1521, .T. ) ;
#3646 = VECTOR ( 'NONE', #10588, 1000.000000000000000 ) ;
#3647 = EDGE_CURVE ( 'NONE', #3568, #1174, #465, .T. ) ;
#3648 = CARTESIAN_POINT ( 'NONE',  ( 19.17282370948224113, 18.88384304475420095, -3.757030716078945787 ) ) ;
#3649 = LINE ( 'NONE', #4436, #1099 ) ;
#3650 = EDGE_CURVE ( 'NONE', #10952, #7955, #3206, .T. ) ;
#3651 = PLANE ( 'NONE',  #5244 ) ;
#3652 = DIRECTION ( 'NONE',  ( -0.9999999999999914513, 1.303162954756303595E-07, 0.000000000000000000 ) ) ;
#3653 = ORIENTED_EDGE ( 'NONE', *, *, #7066, .F. ) ;
#3654 = ORIENTED_EDGE ( 'NONE', *, *, #9685, .T. ) ;
#3655 = VECTOR ( 'NONE', #7905, 1000.000000000000000 ) ;
#3656 = DIRECTION ( 'NONE',  ( 0.000000000000000000, 0.000000000000000000, -1.000000000000000000 ) ) ;
#3657 = ORIENTED_EDGE ( 'NONE', *, *, #4498, .F. ) ;
#3658 = CYLINDRICAL_SURFACE ( 'NONE', #10059, 1.999999999999994893 ) ;
#3659 = CARTESIAN_POINT ( 'NONE',  ( -23.66227900000000517, 79.84188785450702142, 7.100000000000059153 ) ) ;
#3660 = EDGE_CURVE ( 'NONE', #3047, #5675, #7722, .T. ) ;
#3661 = DIRECTION ( 'NONE',  ( 0.000000000000000000, -0.000000000000000000, 1.000000000000000000 ) ) ;
#3662 = CARTESIAN_POINT ( 'NONE',  ( -0.000000000000000000, 85.84411100000001227, -1.900000000000000355 ) ) ;
#3663 = VECTOR ( 'NONE', #6476, 1000.000000000000000 ) ;
#3664 = CARTESIAN_POINT ( 'NONE',  ( -21.55510668020002285, -2.444752424561581261, -2.664636395700990423 ) ) ;
#3665 = CIRCLE ( 'NONE', #6016, 1.625000000000001332 ) ;
#3666 = CARTESIAN_POINT ( 'NONE',  ( -22.66227900000000517, 79.84410401969522297, -1.900000000000000577 ) ) ;
#3667 = ORIENTED_EDGE ( 'NONE', *, *, #4150, .T. ) ;
#3668 = ORIENTED_EDGE ( 'NONE', *, *, #8408, .T. ) ;
#3669 = VERTEX_POINT ( 'NONE', #1441 ) ;
#3670 = CARTESIAN_POINT ( 'NONE',  ( -119.2767994490819063, 30.17521305340542170, -2.360019375376301021 ) ) ;
#3671 = EDGE_CURVE ( 'NONE', #7955, #4067, #11428, .T. ) ;
#3672 = DIRECTION ( 'NONE',  ( -0.000000000000000000, -0.000000000000000000, -1.000000000000000000 ) ) ;
#3673 = CARTESIAN_POINT ( 'NONE',  ( 11.05859082457480369, -5.795957894100131291, -2.400000000000000355 ) ) ;
#3674 = CARTESIAN_POINT ( 'NONE',  ( 19.37782425660008911, 16.90386751168637858, -4.485088767640433183 ) ) ;
#3675 = CARTESIAN_POINT ( 'NONE',  ( -80.32716507108405324, 1.967833251091644087, 5.399999999999998579 ) ) ;
#3676 = AXIS2_PLACEMENT_3D ( 'NONE', #8227, #4444, #845 ) ;
#3677 = DIRECTION ( 'NONE',  ( -1.000000000000000000, 0.000000000000000000, 0.000000000000000000 ) ) ;
#3678 = CARTESIAN_POINT ( 'NONE',  ( -32.86023200621512785, 81.87365246069975910, -6.186789390830439217 ) ) ;
#3679 = DIRECTION ( 'NONE',  ( -0.000000000000000000, -0.000000000000000000, 1.000000000000000000 ) ) ;
#3680 = ORIENTED_EDGE ( 'NONE', *, *, #4736, .F. ) ;
#3681 = LINE ( 'NONE', #10161, #8732 ) ;
#3682 = VERTEX_POINT ( 'NONE', #5157 ) ;
#3683 = ORIENTED_EDGE ( 'NONE', *, *, #6254, .F. ) ;
#3684 = VECTOR ( 'NONE', #5095, 1000.000000000000000 ) ;
#3685 = DIRECTION ( 'NONE',  ( -0.7071067811865148212, 0.000000000000000000, 0.7071067811865802133 ) ) ;
#3686 = ADVANCED_FACE ( 'NONE', ( #6923 ), #6798, .F. ) ;
#3687 = DIRECTION ( 'NONE',  ( -0.7071067811865426878, -0.7071067811865524577, -0.000000000000000000 ) ) ;
#3688 = EDGE_CURVE ( 'NONE', #3568, #7864, #348, .T. ) ;
#3689 = DIRECTION ( 'NONE',  ( -0.000000000000000000, -0.000000000000000000, 1.000000000000000000 ) ) ;
#3690 = DIRECTION ( 'NONE',  ( 0.000000000000000000, 0.000000000000000000, 1.000000000000000000 ) ) ;
#3691 = CARTESIAN_POINT ( 'NONE',  ( 1.203403935417337811, 84.17325598357655281, 3.338729559880501352 ) ) ;
#3692 = CARTESIAN_POINT ( 'NONE',  ( -99.14387857505512613, 14.25611708460260196, -2.613211992813810003 ) ) ;
#3693 = CARTESIAN_POINT ( 'NONE',  ( -100.8603127728492126, 14.28900899356706589, -5.285581685495622573 ) ) ;
#3694 = VECTOR ( 'NONE', #6636, 1000.000000000000000 ) ;
#3695 = ORIENTED_EDGE ( 'NONE', *, *, #7343, .F. ) ;
#3696 = CARTESIAN_POINT ( 'NONE',  ( -119.3174383420005995, 27.84879354539955898, -2.810048099767068930 ) ) ;
#3697 = CARTESIAN_POINT ( 'NONE',  ( 19.21555129956848162, 18.69905338060969058, -4.485088767640433183 ) ) ;
#3698 = ORIENTED_EDGE ( 'NONE', *, *, #8005, .T. ) ;
#3699 = EDGE_CURVE ( 'NONE', #8215, #1132, #2436, .T. ) ;
#3700 = VERTEX_POINT ( 'NONE', #4245 ) ;
#3701 = ORIENTED_EDGE ( 'NONE', *, *, #11658, .F. ) ;
#3702 = CARTESIAN_POINT ( 'NONE',  ( -10.29035290421449922, 1.626585942086530956, 7.099999999999991651 ) ) ;
#3703 = VECTOR ( 'NONE', #72, 1000.000000000000000 ) ;
#3704 = CARTESIAN_POINT ( 'NONE',  ( -22.27045493981971092, -2.253097795451071139, -6.387042317534280755 ) ) ;
#3705 = DIRECTION ( 'NONE',  ( 1.271518475809344501E-07, 0.7071067811865309194, 0.7071067811865526798 ) ) ;
#3706 = CARTESIAN_POINT ( 'NONE',  ( 0.9819511154556546106, 84.29943859595218214, 3.152705078004972350 ) ) ;
#3707 = FACE_OUTER_BOUND ( 'NONE', #7671, .T. ) ;
#3708 = ORIENTED_EDGE ( 'NONE', *, *, #856, .T. ) ;
#3709 = ORIENTED_EDGE ( 'NONE', *, *, #538, .F. ) ;
#3710 = DIRECTION ( 'NONE',  ( 0.000000000000000000, -0.000000000000000000, -1.000000000000000000 ) ) ;
#3711 = VERTEX_POINT ( 'NONE', #11407 ) ;
#3712 = EDGE_CURVE ( 'NONE', #608, #8757, #9985, .T. ) ;
#3713 = EDGE_CURVE ( 'NONE', #6097, #5944, #1501, .T. ) ;
#3714 = CARTESIAN_POINT ( 'NONE',  ( -117.3122790891199116, 16.29411798029975955, 7.100000000000059153 ) ) ;
#3715 = VECTOR ( 'NONE', #4787, 1000.000000000000000 ) ;
#3716 = DIRECTION ( 'NONE',  ( -0.000000000000000000, 0.000000000000000000, -1.000000000000000000 ) ) ;
#3717 = DIRECTION ( 'NONE',  ( 2.817159982764727705E-07, 0.7071067811864959474, 0.7071067811865430208 ) ) ;
#3718 = VECTOR ( 'NONE', #7270, 1000.000000000000000 ) ;
#3719 = CARTESIAN_POINT ( 'NONE',  ( -119.3122720196896722, 57.06910750985032621, 0.5999999999999998668 ) ) ;
#3720 = ADVANCED_FACE ( 'NONE', ( #4361 ), #4481, .T. ) ;
#3721 = CARTESIAN_POINT ( 'NONE',  ( 19.17282654621509153, 48.85332553251687671, -2.400000000000273470 ) ) ;
#3722 = EDGE_LOOP ( 'NONE', ( #3032, #3991, #9086, #6408, #2207 ) ) ;
#3723 = ORIENTED_EDGE ( 'NONE', *, *, #2703, .F. ) ;
#3724 = ORIENTED_EDGE ( 'NONE', *, *, #5582, .T. ) ;
#3725 = CARTESIAN_POINT ( 'NONE',  ( -119.3506888589857766, 29.66470120570227920, -2.686416806089340970 ) ) ;
#3726 = CONICAL_SURFACE ( 'NONE', #10365, 0.5999999999999996447, 0.7853981633974552734 ) ;
#3727 = DIRECTION ( 'NONE',  ( -0.9999999999999837907, 1.798198658941067684E-07, 1.794541526872623546E-15 ) ) ;
#3728 = CARTESIAN_POINT ( 'NONE',  ( 19.25377262888551755, 16.90386751168637858, -5.846449543846347296 ) ) ;
#3729 = DIRECTION ( 'NONE',  ( 1.000000000000000000, 0.000000000000000000, 0.000000000000000000 ) ) ;
#3730 = CARTESIAN_POINT ( 'NONE',  ( -21.13541436247992067, -2.592533867793390012, -3.339211667387968152 ) ) ;
#3731 = CARTESIAN_POINT ( 'NONE',  ( -32.37063718707962323, 81.92303926362139066, -3.293894455345293792 ) ) ;
#3732 = CARTESIAN_POINT ( 'NONE',  ( -30.91227899999996254, 19.69411099999999948, 7.399999999999998579 ) ) ;
#3733 = VECTOR ( 'NONE', #6472, 1000.000000000000000 ) ;
#3734 = ORIENTED_EDGE ( 'NONE', *, *, #9171, .T. ) ;
#3735 = EDGE_CURVE ( 'NONE', #9375, #5762, #1558, .T. ) ;
#3736 = PLANE ( 'NONE',  #6327 ) ;
#3737 = LINE ( 'NONE', #2700, #10111 ) ;
#3738 = ORIENTED_EDGE ( 'NONE', *, *, #7179, .F. ) ;
#3739 = VERTEX_POINT ( 'NONE', #3572 ) ;
#3740 = EDGE_LOOP ( 'NONE', ( #2315, #9484, #11231, #3307 ) ) ;
#3741 = EDGE_LOOP ( 'NONE', ( #8321, #10933, #10480, #4909, #788, #3491, #8572, #2286, #5796 ) ) ;
#3742 = DIRECTION ( 'NONE',  ( -0.09229604794197944495, -0.7010573724983272248, 0.7071067811865713315 ) ) ;
#3743 = DIRECTION ( 'NONE',  ( 1.000000000000000000, 0.000000000000000000, 0.000000000000000000 ) ) ;
#3744 = FACE_OUTER_BOUND ( 'NONE', #4084, .T. ) ;
#3745 = LINE ( 'NONE', #3983, #8389 ) ;
#3746 = CARTESIAN_POINT ( 'NONE',  ( -99.14387857505514035, 14.10223615894066107, -3.804406304015837570 ) ) ;
#3747 = CARTESIAN_POINT ( 'NONE',  ( -41.71247404278456372, 9.667815756732757850E-05, 5.399999999999998579 ) ) ;
#3748 = ORIENTED_EDGE ( 'NONE', *, *, #5986, .F. ) ;
#3749 = CARTESIAN_POINT ( 'NONE',  ( -119.3174588163133478, 27.46964022582102061, -3.171301069026909225 ) ) ;
#3750 = EDGE_CURVE ( 'NONE', #6899, #1508, #5453, .T. ) ;
#3751 = EDGE_CURVE ( 'NONE', #7548, #9499, #8018, .T. ) ;
#3752 = CARTESIAN_POINT ( 'NONE',  ( 19.13224840237853286, 19.02545081132303295, -5.506109695705925233 ) ) ;
#3753 = ORIENTED_EDGE ( 'NONE', *, *, #791, .T. ) ;
#3754 = CONICAL_SURFACE ( 'NONE', #11372, 0.1999999999999710343, 0.7853981633974851384 ) ;
#3755 = ORIENTED_EDGE ( 'NONE', *, *, #7553, .T. ) ;
#3756 = ORIENTED_EDGE ( 'NONE', *, *, #7791, .F. ) ;
#3757 = CARTESIAN_POINT ( 'NONE',  ( 1.122612580087226863, -14.18700414068861626, 7.399999999999998579 ) ) ;
#3758 = DIRECTION ( 'NONE',  ( 0.000000000000000000, -0.000000000000000000, 1.000000000000000000 ) ) ;
#3759 = LINE ( 'NONE', #3880, #6491 ) ;
#3760 = CYLINDRICAL_SURFACE ( 'NONE', #9875, 1.000000000000000888 ) ;
#3761 = CARTESIAN_POINT ( 'NONE',  ( -60.76227899999999948, 24.29411100000000445, 4.400000000000000355 ) ) ;
#3762 = DIRECTION ( 'NONE',  ( -0.9999999999999837907, 1.798198675732033672E-07, -3.043374519257554057E-16 ) ) ;
#3763 = EDGE_CURVE ( 'NONE', #8347, #8580, #2825, .T. ) ;
#3764 = CIRCLE ( 'NONE', #11181, 0.3999999999999837019 ) ;
#3765 = CARTESIAN_POINT ( 'NONE',  ( 19.13224842938658909, 51.02545081133819593, -3.293894456394887094 ) ) ;
#3766 = ORIENTED_EDGE ( 'NONE', *, *, #8919, .T. ) ;
#3767 = ORIENTED_EDGE ( 'NONE', *, *, #8505, .F. ) ;
#3768 = DIRECTION ( 'NONE',  ( 1.000000000000000000, 0.000000000000000000, 0.000000000000000000 ) ) ;
#3769 = CARTESIAN_POINT ( 'NONE',  ( -22.36227900000000091, 77.84411100154157737, 7.100000000000059153 ) ) ;
#3770 = DIRECTION ( 'NONE',  ( 0.000000000000000000, 0.000000000000000000, 1.000000000000000000 ) ) ;
#3771 = FACE_OUTER_BOUND ( 'NONE', #9105, .T. ) ;
#3772 = LINE ( 'NONE', #4018, #12104 ) ;
#3773 = EDGE_CURVE ( 'NONE', #3518, #3610, #8286, .T. ) ;
#3774 = ADVANCED_FACE ( 'NONE', ( #10853 ), #588, .T. ) ;
#3775 = DIRECTION ( 'NONE',  ( 0.9997000655922851919, -0.02449038290391794895, 0.000000000000000000 ) ) ;
#3776 = VECTOR ( 'NONE', #2709, 1000.000000000000000 ) ;
#3777 = DIRECTION ( 'NONE',  ( 0.000000000000000000, -0.000000000000000000, -1.000000000000000000 ) ) ;
#3778 = DIRECTION ( 'NONE',  ( 0.000000000000000000, 1.000000000000000000, -1.982541115402065702E-15 ) ) ;
#3779 = EDGE_LOOP ( 'NONE', ( #7218, #820, #8777, #8971 ) ) ;
#3780 = ORIENTED_EDGE ( 'NONE', *, *, #6168, .T. ) ;
#3781 = CIRCLE ( 'NONE', #2034, 2.025000000000040767 ) ;
#3782 = CARTESIAN_POINT ( 'NONE',  ( -119.3983240919891387, 30.51555428520757118, -4.318403959654537161 ) ) ;
#3783 = VECTOR ( 'NONE', #181, 1000.000000000000000 ) ;
#3784 = FACE_OUTER_BOUND ( 'NONE', #582, .T. ) ;
#3785 = EDGE_CURVE ( 'NONE', #3047, #6603, #2043, .T. ) ;
#3786 = EDGE_CURVE ( 'NONE', #6603, #3213, #1733, .T. ) ;
#3787 = FACE_OUTER_BOUND ( 'NONE', #6628, .T. ) ;
#3788 = DIRECTION ( 'NONE',  ( -1.000000000000000000, 0.000000000000000000, 0.000000000000000000 ) ) ;
#3789 = VECTOR ( 'NONE', #9393, 1000.000000000000000 ) ;
#3790 = CARTESIAN_POINT ( 'NONE',  ( -33.34982682535063248, 82.03599274111694228, -3.804406303003389223 ) ) ;
#3791 = VECTOR ( 'NONE', #6037, 1000.000000000000000 ) ;
#3792 = PLANE ( 'NONE',  #4066 ) ;
#3793 = VERTEX_POINT ( 'NONE', #5278 ) ;
#3794 = PLANE ( 'NONE',  #2627 ) ;
#3795 = CARTESIAN_POINT ( 'NONE',  ( 20.16772100000000378, 40.98547018669191289, 1.699999999999993516 ) ) ;
#3796 = ORIENTED_EDGE ( 'NONE', *, *, #9100, .T. ) ;
#3797 = ORIENTED_EDGE ( 'NONE', *, *, #11137, .T. ) ;
#3798 = ORIENTED_EDGE ( 'NONE', *, *, #1446, .T. ) ;
#3799 = DIRECTION ( 'NONE',  ( -0.000000000000000000, -0.000000000000000000, 1.000000000000000000 ) ) ;
#3800 = CARTESIAN_POINT ( 'NONE',  ( 0.3474561528303888869, 2.639188816782023661, 7.099999999999989875 ) ) ;
#3801 = CARTESIAN_POINT ( 'NONE',  ( -117.3122720196896722, 71.84411113364974710, 7.399999999999998579 ) ) ;
#3802 = AXIS2_PLACEMENT_3D ( 'NONE', #5952, #7842, #6741 ) ;
#3803 = VECTOR ( 'NONE', #1100, 1000.000000000000000 ) ;
#3804 = DIRECTION ( 'NONE',  ( 0.000000000000000000, -0.000000000000000000, -1.000000000000000000 ) ) ;
#3805 = EDGE_CURVE ( 'NONE', #9182, #7, #11962, .T. ) ;
#3806 = CARTESIAN_POINT ( 'NONE',  ( -6.810036434708691466, -10.76178768431326560, 6.400000000000025224 ) ) ;
#3807 = CARTESIAN_POINT ( 'NONE',  ( -100.4494682978926647, 14.36019725037839834, -2.272870761041802190 ) ) ;
#3808 = CARTESIAN_POINT ( 'NONE',  ( -119.3122720196896722, 31.06910750985031910, -4.400000000000000355 ) ) ;
#3809 = EDGE_LOOP ( 'NONE', ( #5511, #8245, #11662, #10074 ) ) ;
#3810 = CARTESIAN_POINT ( 'NONE',  ( 15.16548729866706502, 80.51206757917771029, 3.320989693963187328 ) ) ;
#3811 = LINE ( 'NONE', #2285, #373 ) ;
#3812 = AXIS2_PLACEMENT_3D ( 'NONE', #4375, #7175, #4435 ) ;
#3813 = EDGE_LOOP ( 'NONE', ( #2148, #9271, #1625, #996 ) ) ;
#3814 = VECTOR ( 'NONE', #8926, 1000.000000000000114 ) ;
#3815 = VERTEX_POINT ( 'NONE', #7160 ) ;
#3816 = CARTESIAN_POINT ( 'NONE',  ( -61.46005585450888020, 81.14411100000000943, 7.100000000000059153 ) ) ;
#3817 = CARTESIAN_POINT ( 'NONE',  ( 0.000000000000000000, 80.84410401969522297, 5.399999999999998579 ) ) ;
#3818 = FACE_OUTER_BOUND ( 'NONE', #11611, .T. ) ;
#3819 = CARTESIAN_POINT ( 'NONE',  ( -90.21227469707440605, 76.84410589528943092, -1.900000000000000355 ) ) ;
#3820 = CARTESIAN_POINT ( 'NONE',  ( -31.63459454729391496, 81.84922043403851433, -3.512011828214133935 ) ) ;
#3821 = ADVANCED_FACE ( 'NONE', ( #764 ), #9184, .T. ) ;
#3822 = PLANE ( 'NONE',  #7690 ) ;
#3823 = CARTESIAN_POINT ( 'NONE',  ( -22.66227900000000517, 79.15268391958781535, 5.399999999999998579 ) ) ;
#3824 = VECTOR ( 'NONE', #2172, 999.9999999999998863 ) ;
#3825 = DIRECTION ( 'NONE',  ( -0.000000000000000000, 0.000000000000000000, 1.000000000000000000 ) ) ;
#3826 = ORIENTED_EDGE ( 'NONE', *, *, #2966, .F. ) ;
#3827 = ORIENTED_EDGE ( 'NONE', *, *, #3005, .T. ) ;
#3828 = DIRECTION ( 'NONE',  ( 1.000000000000000000, 0.000000000000000000, 0.000000000000000000 ) ) ;
#3829 = ORIENTED_EDGE ( 'NONE', *, *, #175, .T. ) ;
#3830 = DIRECTION ( 'NONE',  ( 1.000000000000000000, 0.000000000000000000, 0.000000000000000000 ) ) ;
#3831 = CIRCLE ( 'NONE', #10676, 1.000000000000000888 ) ;
#3832 = CARTESIAN_POINT ( 'NONE',  ( -4.612278999999991136, 20.29411100000000445, 4.400000000000000355 ) ) ;
#3833 = DIRECTION ( 'NONE',  ( 0.000000000000000000, 0.000000000000000000, 1.000000000000000000 ) ) ;
#3834 = ADVANCED_FACE ( 'NONE', ( #9868 ), #5394, .T. ) ;
#3835 = ADVANCED_FACE ( 'NONE', ( #9929 ), #5219, .F. ) ;
#3836 = DIRECTION ( 'NONE',  ( 1.000000000000000000, 0.000000000000000000, 0.000000000000000000 ) ) ;
#3837 = FACE_OUTER_BOUND ( 'NONE', #3779, .T. ) ;
#3838 = CARTESIAN_POINT ( 'NONE',  ( 19.26054471625874598, 47.59828176962523827, -4.314918151749314923 ) ) ;
#3839 = AXIS2_PLACEMENT_3D ( 'NONE', #10775, #3314, #3193 ) ;
#3840 = DIRECTION ( 'NONE',  ( 2.264040540203754199E-16, -1.000000000000000000, 0.000000000000000000 ) ) ;
#3841 = ORIENTED_EDGE ( 'NONE', *, *, #635, .T. ) ;
#3842 = CARTESIAN_POINT ( 'NONE',  ( -4.612278999999991136, 21.29411100000000090, 4.400000000000000355 ) ) ;
#3843 = ORIENTED_EDGE ( 'NONE', *, *, #5255, .F. ) ;
#3844 = EDGE_CURVE ( 'NONE', #7519, #7834, #1675, .T. ) ;
#3845 = ORIENTED_EDGE ( 'NONE', *, *, #7437, .F. ) ;
#3846 = VERTEX_POINT ( 'NONE', #2531 ) ;
#3847 = AXIS2_PLACEMENT_3D ( 'NONE', #3800, #3742, #5694 ) ;
#3848 = CARTESIAN_POINT ( 'NONE',  ( -119.2256624208492894, 30.85589551700965316, -2.360019375376300577 ) ) ;
#3849 = ADVANCED_BREP_SHAPE_REPRESENTATION ( 'CASE_LEFT_TOP', ( #346, #7868 ), #11192 ) ;
#3850 = DIRECTION ( 'NONE',  ( 0.000000000000000000, 0.000000000000000000, 1.000000000000000000 ) ) ;
#3851 = CARTESIAN_POINT ( 'NONE',  ( 19.16656527397204357, 18.04625851918304136, -6.186789391986769360 ) ) ;
#3852 = FACE_OUTER_BOUND ( 'NONE', #6255, .T. ) ;
#3853 = CARTESIAN_POINT ( 'NONE',  ( -21.11879745462307767, -2.530518723420341676, -6.113584520608798201 ) ) ;
#3854 = AXIS2_PLACEMENT_3D ( 'NONE', #1369, #8868, #11455 ) ;
#3855 = CARTESIAN_POINT ( 'NONE',  ( -34.00262168677546981, 81.91999820777887464, -5.846449542702723434 ) ) ;
#3856 = CARTESIAN_POINT ( 'NONE',  ( -7.760685030232733261, 14.34880972322573633, 7.399999999999998579 ) ) ;
#3857 = DIRECTION ( 'NONE',  ( 1.000000000000000000, 0.000000000000000000, 0.000000000000000000 ) ) ;
#3858 = DIRECTION ( 'NONE',  ( 0.9999999999999914513, -1.303162954756303595E-07, 0.000000000000000000 ) ) ;
#3859 = ORIENTED_EDGE ( 'NONE', *, *, #5110, .T. ) ;
#3860 = ADVANCED_FACE ( 'NONE', ( #6186 ), #6244, .F. ) ;
#3861 = ORIENTED_EDGE ( 'NONE', *, *, #5692, .T. ) ;
#3862 = EDGE_CURVE ( 'NONE', #9374, #2610, #1905, .T. ) ;
#3863 = DIRECTION ( 'NONE',  ( -0.7071067811865802133, 0.000000000000000000, 0.7071067811865149322 ) ) ;
#3864 = PLANE ( 'NONE',  #4191 ) ;
#3865 = CARTESIAN_POINT ( 'NONE',  ( -40.95410443796348687, -70.96659471956760967, 6.400000000000025224 ) ) ;
#3866 = DIRECTION ( 'NONE',  ( 0.000000000000000000, -0.000000000000000000, -1.000000000000000000 ) ) ;
#3867 = AXIS2_PLACEMENT_3D ( 'NONE', #247, #11562, #3170 ) ;
#3868 = CARTESIAN_POINT ( 'NONE',  ( 18.16772100000000378, 12.47682908042298067, 4.400000000000000355 ) ) ;
#3869 = CARTESIAN_POINT ( 'NONE',  ( 15.65859082457481755, 2.864296143744261336, -2.400000000000000355 ) ) ;
#3870 = CARTESIAN_POINT ( 'NONE',  ( -99.14387857505514035, 14.20806591510866390, -2.953553224585818260 ) ) ;
#3871 = DIRECTION ( 'NONE',  ( 1.000000000000000000, 0.000000000000000000, 0.000000000000000000 ) ) ;
#3872 = ORIENTED_EDGE ( 'NONE', *, *, #10753, .T. ) ;
#3873 = DIRECTION ( 'NONE',  ( 1.000000000000000000, 0.000000000000000000, 0.000000000000000000 ) ) ;
#3874 = DIRECTION ( 'NONE',  ( 1.000000000000000000, 0.000000000000000000, 0.000000000000000000 ) ) ;
#3875 = VERTEX_POINT ( 'NONE', #8438 ) ;
#3876 = ORIENTED_EDGE ( 'NONE', *, *, #3494, .T. ) ;
#3877 = EDGE_CURVE ( 'NONE', #11941, #11514, #9487, .T. ) ;
#3878 = DIRECTION ( 'NONE',  ( -0.000000000000000000, 0.000000000000000000, 1.000000000000000000 ) ) ;
#3879 = FACE_OUTER_BOUND ( 'NONE', #406, .T. ) ;
#3880 = CARTESIAN_POINT ( 'NONE',  ( -23.06227899999999309, 21.29411100000000090, 7.100000000000059153 ) ) ;
#3881 = CARTESIAN_POINT ( 'NONE',  ( -21.06787642570104424, -2.575362802485154035, -5.721230831443202547 ) ) ;
#3882 = DIRECTION ( 'NONE',  ( -1.798198670589261751E-07, -0.9999999999999837907, 0.000000000000000000 ) ) ;
#3883 = CARTESIAN_POINT ( 'NONE',  ( -91.83727469707440605, 76.84410589528943092, 4.400000000000000355 ) ) ;
#3884 = CARTESIAN_POINT ( 'NONE',  ( 1.428716972362376714, 84.04295893544748708, 3.399043270088236923 ) ) ;
#3885 = AXIS2_PLACEMENT_3D ( 'NONE', #1873, #5783, #10372 ) ;
#3886 = EDGE_LOOP ( 'NONE', ( #5216, #388, #5784, #5911 ) ) ;
#3887 = CARTESIAN_POINT ( 'NONE',  ( 18.16772100000000378, 46.98547018669193420, -4.400000000000000355 ) ) ;
#3888 = ORIENTED_EDGE ( 'NONE', *, *, #1193, .T. ) ;
#3889 = VERTEX_POINT ( 'NONE', #7459 ) ;
#3890 = FACE_OUTER_BOUND ( 'NONE', #8744, .T. ) ;
#3891 = ORIENTED_EDGE ( 'NONE', *, *, #9157, .F. ) ;
#3892 = ADVANCED_FACE ( 'NONE', ( #7586 ), #3864, .F. ) ;
#3893 = VECTOR ( 'NONE', #5852, 1000.000000000000000 ) ;
#3894 = CARTESIAN_POINT ( 'NONE',  ( -4.612278999999991136, 21.29411100000000090, 4.400000000000000355 ) ) ;
#3895 = FACE_BOUND ( 'NONE', #5659, .T. ) ;
#3896 = DIRECTION ( 'NONE',  ( 0.000000000000000000, -0.000000000000000000, -1.000000000000000000 ) ) ;
#3897 = DIRECTION ( 'NONE',  ( -1.000000000000000000, 0.000000000000000000, 0.000000000000000000 ) ) ;
#3898 = LINE ( 'NONE', #1030, #11620 ) ;
#3899 = CARTESIAN_POINT ( 'NONE',  ( -75.81228330292589135, 19.29411698796796415, -1.900000000000000355 ) ) ;
#3900 = CARTESIAN_POINT ( 'NONE',  ( 19.34455073944148396, 48.41427269254759125, -4.995599231674704654 ) ) ;
#3901 = CARTESIAN_POINT ( 'NONE',  ( -42.41227899999999806, 28.29411100000000090, 4.400000000000000355 ) ) ;
#3902 = ORIENTED_EDGE ( 'NONE', *, *, #4092, .T. ) ;
#3903 = EDGE_CURVE ( 'NONE', #10188, #338, #7501, .T. ) ;
#3904 = ADVANCED_FACE ( 'NONE', ( #4781 ), #8501, .F. ) ;
#3905 = DIRECTION ( 'NONE',  ( -0.000000000000000000, 0.000000000000000000, 1.000000000000000000 ) ) ;
#3906 = ORIENTED_EDGE ( 'NONE', *, *, #9884, .T. ) ;
#3907 = ORIENTED_EDGE ( 'NONE', *, *, #3750, .F. ) ;
#3908 = ORIENTED_EDGE ( 'NONE', *, *, #5187, .F. ) ;
#3909 = DIRECTION ( 'NONE',  ( -0.9999999999999916733, 1.288939666242958913E-07, 0.000000000000000000 ) ) ;
#3910 = CARTESIAN_POINT ( 'NONE',  ( -119.4050960933037544, 59.15418935909964659, -3.012814236801784507 ) ) ;
#3911 = VECTOR ( 'NONE', #11396, 1000.000000000000000 ) ;
#3912 = ADVANCED_FACE ( 'NONE', ( #10223 ), #5572, .F. ) ;
#3913 = CARTESIAN_POINT ( 'NONE',  ( -21.45514943266783447, -2.470829197637336883, -2.686416806025625714 ) ) ;
#3914 = CARTESIAN_POINT ( 'NONE',  ( -34.49221783284409071, 81.92303922966455332, -5.506109694575008540 ) ) ;
#3915 = CARTESIAN_POINT ( 'NONE',  ( -1.794959694563303731, -6.698880921515045550, 5.399999999999998579 ) ) ;
#3916 = DIRECTION ( 'NONE',  ( 1.000000000000000000, 0.000000000000000000, 0.000000000000000000 ) ) ;
#3917 = CARTESIAN_POINT ( 'NONE',  ( -70.43328137029160985, 81.84925045668572352, -6.135908783124576438 ) ) ;
#3918 = ORIENTED_EDGE ( 'NONE', *, *, #9883, .F. ) ;
#3919 = VECTOR ( 'NONE', #3212, 1000.000000000000000 ) ;
#3920 = ORIENTED_EDGE ( 'NONE', *, *, #927, .T. ) ;
#3921 = DIRECTION ( 'NONE',  ( 0.000000000000000000, -0.000000000000000000, -1.000000000000000000 ) ) ;
#3922 = CARTESIAN_POINT ( 'NONE',  ( -68.04424108330115928, 81.88611613448983917, -5.506109694586541536 ) ) ;
#3923 = DIRECTION ( 'NONE',  ( 0.9997000655922851919, -0.02449038290391794895, 0.000000000000000000 ) ) ;
#3924 = LINE ( 'NONE', #3192, #10219 ) ;
#3925 = CARTESIAN_POINT ( 'NONE',  ( -31.21227899999999167, 0.000000000000000000, 4.400000000000000355 ) ) ;
#3926 = CARTESIAN_POINT ( 'NONE',  ( -6.446763396892706120E-15, 12.29411797798560890, -1.900000000000000355 ) ) ;
#3927 = CARTESIAN_POINT ( 'NONE',  ( -100.1230708671832446, 14.29527348828442257, -6.186789391842989261 ) ) ;
#3928 = EDGE_CURVE ( 'NONE', #8320, #1318, #84, .T. ) ;
#3929 = AXIS2_PLACEMENT_3D ( 'NONE', #9918, #1548, #11715 ) ;
#3930 = EDGE_CURVE ( 'NONE', #1771, #1943, #8379, .T. ) ;
#3931 = CARTESIAN_POINT ( 'NONE',  ( -119.3122720196896722, 29.06910750985032621, 0.5999999999999998668 ) ) ;
#3932 = ORIENTED_EDGE ( 'NONE', *, *, #6045, .F. ) ;
#3933 = CARTESIAN_POINT ( 'NONE',  ( 15.38891646493527610, 80.33548725900800491, 3.108124564682507085 ) ) ;
#3934 = LINE ( 'NONE', #11277, #7206 ) ;
#3935 = DIRECTION ( 'NONE',  ( 0.7071067811865802133, 0.000000000000000000, 0.7071067811865149322 ) ) ;
#3936 = ORIENTED_EDGE ( 'NONE', *, *, #4960, .T. ) ;
#3937 = ORIENTED_EDGE ( 'NONE', *, *, #3438, .T. ) ;
#3938 = AXIS2_PLACEMENT_3D ( 'NONE', #4516, #5309, #11935 ) ;
#3939 = FACE_OUTER_BOUND ( 'NONE', #4359, .T. ) ;
#3940 = FACE_OUTER_BOUND ( 'NONE', #1498, .T. ) ;
#3941 = DIRECTION ( 'NONE',  ( 1.000000000000000000, -6.584418764838352724E-17, 0.000000000000000000 ) ) ;
#3942 = CARTESIAN_POINT ( 'NONE',  ( -35.43142950036546068, 80.84411100000002648, -4.400000000000000355 ) ) ;
#3943 = CARTESIAN_POINT ( 'NONE',  ( -33.16719983353325318, 81.84921656169719029, -6.400000000000553690 ) ) ;
#3944 = FACE_OUTER_BOUND ( 'NONE', #3505, .T. ) ;
#3945 = LINE ( 'NONE', #3823, #569 ) ;
#3946 = EDGE_CURVE ( 'NONE', #11671, #4189, #2028, .T. ) ;
#3947 = CARTESIAN_POINT ( 'NONE',  ( -43.41540507968174012, 85.84410401969522297, 5.399999999999998579 ) ) ;
#3948 = ORIENTED_EDGE ( 'NONE', *, *, #1243, .T. ) ;
#3949 = AXIS2_PLACEMENT_3D ( 'NONE', #1246, #7655, #3873 ) ;
#3950 = VERTEX_POINT ( 'NONE', #10285 ) ;
#3951 = CARTESIAN_POINT ( 'NONE',  ( -10.55016052534985604, 1.776585942086546632, 7.399999999999998579 ) ) ;
#3952 = EDGE_LOOP ( 'NONE', ( #1609, #2166, #4301, #2987, #7473 ) ) ;
#3953 = CARTESIAN_POINT ( 'NONE',  ( 11.05859082457480369, -5.795957894100131291, -2.400000000000000355 ) ) ;
#3954 = CARTESIAN_POINT ( 'NONE',  ( -63.05759268073793322, 12.29411100000000268, 6.400000000000025224 ) ) ;
#3955 = COLOUR_RGB ( '',1.000000000000000000, 1.000000000000000000, 1.000000000000000000 ) ;
#3956 = CARTESIAN_POINT ( 'NONE',  ( -12.66226043005733537, 81.84410925728559505, -1.499999999999983125 ) ) ;
#3957 = LINE ( 'NONE', #7681, #685 ) ;
#3958 = CARTESIAN_POINT ( 'NONE',  ( -85.21227469707440605, 76.84410589528943092, -2.400000000000000355 ) ) ;
#3959 = ADVANCED_FACE ( 'NONE', ( #6662 ), #8096, .T. ) ;
#3960 = DIRECTION ( 'NONE',  ( -1.000000000000000000, -2.646977960169688560E-23, 0.000000000000000000 ) ) ;
#3961 = CARTESIAN_POINT ( 'NONE',  ( -0.01831639601858987831, 85.24687480008267926, 2.799999999999980727 ) ) ;
#3962 = ORIENTED_EDGE ( 'NONE', *, *, #1122, .T. ) ;
#3963 = AXIS2_PLACEMENT_3D ( 'NONE', #7070, #5189, #8913 ) ;
#3964 = DIRECTION ( 'NONE',  ( 0.000000000000000000, -0.000000000000000000, -1.000000000000000000 ) ) ;
#3965 = PRODUCT_DEFINITION_FORMATION_WITH_SPECIFIED_SOURCE ( 'ANY', '', #6905, .NOT_KNOWN. ) ;
#3966 = CARTESIAN_POINT ( 'NONE',  ( -119.2562881224672537, 30.85589551700964961, -2.686416806089340525 ) ) ;
#3967 = CARTESIAN_POINT ( 'NONE',  ( -119.3051417867284840, 59.66470120652153497, -6.439980624619756178 ) ) ;
#3968 = EDGE_CURVE ( 'NONE', #4067, #1771, #57, .T. ) ;
#3969 = ADVANCED_FACE ( 'NONE', ( #300 ), #1879, .F. ) ;
#3970 = CARTESIAN_POINT ( 'NONE',  ( -21.94526817938895391, -2.327516294644925932, -2.360019375384676099 ) ) ;
#3971 = CARTESIAN_POINT ( 'NONE',  ( -35.14501269426892804, 81.88252761286925363, -4.995599230561261983 ) ) ;
#3972 = LINE ( 'NONE', #10397, #5818 ) ;
#3973 = DIRECTION ( 'NONE',  ( -1.798198670589261486E-07, -0.9999999999999839018, -0.000000000000000000 ) ) ;
#3974 = DIRECTION ( 'NONE',  ( -4.935859886629209959E-06, 0.7071067811779667700, 0.7071067811779012668 ) ) ;
#3975 = ORIENTED_EDGE ( 'NONE', *, *, #5940, .F. ) ;
#3976 = ORIENTED_EDGE ( 'NONE', *, *, #11395, .T. ) ;
#3977 = CARTESIAN_POINT ( 'NONE',  ( -60.46227900000000233, 27.99411099999999664, 7.100000000000059153 ) ) ;
#3978 = CARTESIAN_POINT ( 'NONE',  ( -68.86023200622652496, 81.87365246069929015, -6.186789390833933311 ) ) ;
#3979 = PLANE ( 'NONE',  #4248 ) ;
#3980 = CARTESIAN_POINT ( 'NONE',  ( 17.79561669601521601, 80.84410378035410361, -1.900000000000000355 ) ) ;
#3981 = CARTESIAN_POINT ( 'NONE',  ( -60.16005585450887594, 84.84411115030172823, 4.400000000000000355 ) ) ;
#3982 = EDGE_CURVE ( 'NONE', #2610, #8333, #7617, .T. ) ;
#3983 = CARTESIAN_POINT ( 'NONE',  ( -22.06227899999998954, 19.99411100000003216, 7.399999999999998579 ) ) ;
#3984 = CARTESIAN_POINT ( 'NONE',  ( -49.66227902055459964, 1.244117980299763726, 7.099999999999989875 ) ) ;
#3985 = CIRCLE ( 'NONE', #10828, 0.8999999999999945821 ) ;
#3986 = VECTOR ( 'NONE', #11861, 1000.000000000000000 ) ;
#3987 = FACE_OUTER_BOUND ( 'NONE', #9952, .T. ) ;
#3988 = EDGE_LOOP ( 'NONE', ( #5199, #2090, #10770, #11217 ) ) ;
#3989 = CARTESIAN_POINT ( 'NONE',  ( 14.96856367260546072, 80.66605507142553222, 3.391478261641299952 ) ) ;
#3990 = LINE ( 'NONE', #6973, #5428 ) ;
#3991 = ORIENTED_EDGE ( 'NONE', *, *, #6541, .T. ) ;
#3992 = DIRECTION ( 'NONE',  ( -1.000000000000000000, 0.000000000000000000, 0.000000000000000000 ) ) ;
#3993 = VERTEX_POINT ( 'NONE', #9334 ) ;
#3994 = ORIENTED_EDGE ( 'NONE', *, *, #63, .T. ) ;
#3995 = VECTOR ( 'NONE', #647, 1000.000000000000114 ) ;
#3996 = EDGE_CURVE ( 'NONE', #99, #1582, #2052, .T. ) ;
#3997 = AXIS2_PLACEMENT_3D ( 'NONE', #5245, #8229, #3596 ) ;
#3998 = CARTESIAN_POINT ( 'NONE',  ( -53.66227900109224436, 2.898797041049639311, 6.400000000000025224 ) ) ;
#3999 = CARTESIAN_POINT ( 'NONE',  ( -3.612279000000003570, 76.84411099999999806, 4.400000000000000355 ) ) ;
#4000 = DIRECTION ( 'NONE',  ( 0.000000000000000000, 1.000000000000000000, 0.000000000000000000 ) ) ;
#4001 = CARTESIAN_POINT ( 'NONE',  ( -3.612279000000003570, 76.84411099999999806, 4.400000000000000355 ) ) ;
#4002 = CARTESIAN_POINT ( 'NONE',  ( -31.69474588039452456, 81.84924014113806834, -5.400488983343719518 ) ) ;
#4003 = CARTESIAN_POINT ( 'NONE',  ( 0.000000000000000000, 23.29411100000000090, 4.400000000000000355 ) ) ;
#4004 = LINE ( 'NONE', #8402, #2704 ) ;
#4005 = CARTESIAN_POINT ( 'NONE',  ( 19.17283582309633871, 16.72338935089996426, -2.412967911105901475 ) ) ;
#4006 = CIRCLE ( 'NONE', #11236, 1.000000000000000888 ) ;
#4007 = EDGE_LOOP ( 'NONE', ( #8731, #1039, #597, #7474, #5690, #386, #4556, #3079 ) ) ;
#4008 = CIRCLE ( 'NONE', #8296, 2.000000000000007994 ) ;
#4009 = ORIENTED_EDGE ( 'NONE', *, *, #9404, .F. ) ;
#4010 = LINE ( 'NONE', #6028, #11911 ) ;
#4011 = VERTEX_POINT ( 'NONE', #2063 ) ;
#4012 = EDGE_CURVE ( 'NONE', #10612, #5762, #4930, .T. ) ;
#4013 = ADVANCED_FACE ( 'NONE', ( #7736 ), #4015, .F. ) ;
#4014 = AXIS2_PLACEMENT_3D ( 'NONE', #8900, #8963, #1399 ) ;
#4015 = PLANE ( 'NONE',  #2256 ) ;
#4016 = DIRECTION ( 'NONE',  ( 1.000000000000000000, 0.000000000000000000, 0.000000000000000000 ) ) ;
#4017 = DIRECTION ( 'NONE',  ( -0.9659258276786804043, 0.2588190399164175259, 0.000000000000000000 ) ) ;
#4018 = CARTESIAN_POINT ( 'NONE',  ( -0.000000000000000000, 15.29411099999999912, -1.900000000000000355 ) ) ;
#4019 = CARTESIAN_POINT ( 'NONE',  ( 19.36042868553999696, 48.41427269254759835, -4.314918151749314923 ) ) ;
#4020 = CARTESIAN_POINT ( 'NONE',  ( -41.41227819873822114, 81.14188785450701857, 7.100000000000059153 ) ) ;
#4021 = ORIENTED_EDGE ( 'NONE', *, *, #2821, .T. ) ;
#4022 = AXIS2_PLACEMENT_3D ( 'NONE', #3223, #6938, #6500 ) ;
#4023 = ORIENTED_EDGE ( 'NONE', *, *, #7492, .F. ) ;
#4024 = DIRECTION ( 'NONE',  ( -1.000000000000000000, 0.000000000000000000, 0.000000000000000000 ) ) ;
#4025 = EDGE_CURVE ( 'NONE', #3521, #10907, #4695, .T. ) ;
#4026 = ORIENTED_EDGE ( 'NONE', *, *, #1863, .T. ) ;
#4027 = DIRECTION ( 'NONE',  ( 1.000000000000000000, 0.000000000000000000, 0.000000000000000000 ) ) ;
#4028 = CARTESIAN_POINT ( 'NONE',  ( -119.4364643396301631, 59.66470120652152787, -5.460792313280947496 ) ) ;
#4029 = CARTESIAN_POINT ( 'NONE',  ( -22.45260826982586266, -2.248474324522151235, -6.113584520771242481 ) ) ;
#4030 = LINE ( 'NONE', #11698, #7061 ) ;
#4031 = CARTESIAN_POINT ( 'NONE',  ( -23.66227900000000517, 79.84188785450702142, 7.399999999999998579 ) ) ;
#4032 = VECTOR ( 'NONE', #8439, 1000.000000000000114 ) ;
#4033 = DIRECTION ( 'NONE',  ( -0.9999999999998941957, 4.600815823238228621E-07, 0.000000000000000000 ) ) ;
#4034 = CARTESIAN_POINT ( 'NONE',  ( -31.21227899999999167, 7.232599173267165504, 4.400000000000000355 ) ) ;
#4035 = ORIENTED_EDGE ( 'NONE', *, *, #5256, .T. ) ;
#4036 = VERTEX_POINT ( 'NONE', #6573 ) ;
#4037 = EDGE_CURVE ( 'NONE', #1943, #2675, #9518, .T. ) ;
#4038 = CARTESIAN_POINT ( 'NONE',  ( -80.21367833427878224, 79.84411100000001227, 7.100000000000059153 ) ) ;
#4039 = CARTESIAN_POINT ( 'NONE',  ( -68.04424108330115928, 81.77803154352601211, -2.272870760078836039 ) ) ;
#4040 = DIRECTION ( 'NONE',  ( 1.000000000000000000, 2.646977960169688560E-23, 0.000000000000000000 ) ) ;
#4041 = CARTESIAN_POINT ( 'NONE',  ( -80.21227201969415432, 79.84411100000001227, -1.900000000000000355 ) ) ;
#4042 = CARTESIAN_POINT ( 'NONE',  ( -24.45427002420597873, -1.662613326955466597, -4.400000000000001243 ) ) ;
#4043 = CARTESIAN_POINT ( 'NONE',  ( -120.3122790047357284, 16.94879706088347859, 7.399999999999998579 ) ) ;
#4044 = CARTESIAN_POINT ( 'NONE',  ( -67.63459454729401443, 81.84922043403857117, -3.512011828214136600 ) ) ;
#4045 = CIRCLE ( 'NONE', #3471, 1.299999999999967848 ) ;
#4046 = PLANE ( 'NONE',  #10180 ) ;
#4047 = ORIENTED_EDGE ( 'NONE', *, *, #576, .F. ) ;
#4048 = DIRECTION ( 'NONE',  ( -1.000000000000000000, 0.000000000000000000, 0.000000000000000000 ) ) ;
#4049 = ORIENTED_EDGE ( 'NONE', *, *, #2839, .T. ) ;
#4050 = ORIENTED_EDGE ( 'NONE', *, *, #10253, .F. ) ;
#4051 = DIRECTION ( 'NONE',  ( 1.000000000000000000, 0.000000000000000000, 0.000000000000000000 ) ) ;
#4052 = ORIENTED_EDGE ( 'NONE', *, *, #2856, .F. ) ;
#4053 = VERTEX_POINT ( 'NONE', #11361 ) ;
#4054 = ADVANCED_FACE ( 'NONE', ( #10316 ), #7493, .F. ) ;
#4055 = EDGE_CURVE ( 'NONE', #6645, #6424, #4396, .T. ) ;
#4056 = VECTOR ( 'NONE', #8360, 999.9999999999998863 ) ;
#4057 = CARTESIAN_POINT ( 'NONE',  ( -42.60274304593206551, -125.2924481354811519, -1.900000000000000355 ) ) ;
#4058 = CARTESIAN_POINT ( 'NONE',  ( -41.41452166131000467, 81.13965514279601621, 5.399999999999998579 ) ) ;
#4059 = CARTESIAN_POINT ( 'NONE',  ( 11.01773275234658023, 77.84410499915232151, 0.09999999999999982514 ) ) ;
#4060 = CARTESIAN_POINT ( 'NONE',  ( -80.51367833427875098, 73.14410401970064868, 7.399999999999998579 ) ) ;
#4061 = DIRECTION ( 'NONE',  ( 1.000000000000000000, 0.000000000000000000, 0.000000000000000000 ) ) ;
#4062 = PLANE ( 'NONE',  #795 ) ;
#4063 = CARTESIAN_POINT ( 'NONE',  ( -98.00149022143841648, 14.33828739450263434, -6.527129239970771657 ) ) ;
#4064 = DIRECTION ( 'NONE',  ( 0.000000000000000000, 0.000000000000000000, 1.000000000000000000 ) ) ;
#4065 = VECTOR ( 'NONE', #6553, 999.9999999999998863 ) ;
#4066 = AXIS2_PLACEMENT_3D ( 'NONE', #12011, #11954, #7451 ) ;
#4067 = VERTEX_POINT ( 'NONE', #3954 ) ;
#4068 = ADVANCED_FACE ( 'NONE', ( #6511 ), #6753, .T. ) ;
#4069 = ORIENTED_EDGE ( 'NONE', *, *, #10407, .T. ) ;
#4070 = VERTEX_POINT ( 'NONE', #5847 ) ;
#4071 = AXIS2_PLACEMENT_3D ( 'NONE', #4262, #7859, #9947 ) ;
#4072 = AXIS2_PLACEMENT_3D ( 'NONE', #9679, #2345, #3141 ) ;
#4073 = LINE ( 'NONE', #4134, #8479 ) ;
#4074 = DIRECTION ( 'NONE',  ( 0.3535533875454098807, 0.6123724374555068461, -0.7071067811865238140 ) ) ;
#4075 = DIRECTION ( 'NONE',  ( 0.7071067811865148212, 2.652183207235980336E-15, 0.7071067811865802133 ) ) ;
#4076 = CARTESIAN_POINT ( 'NONE',  ( -97.02230191010954741, 14.30124834729696737, -3.804406304015837570 ) ) ;
#4077 = CARTESIAN_POINT ( 'NONE',  ( 19.20697216704949284, 47.92467787340756047, -2.953553224610078409 ) ) ;
#4078 = CARTESIAN_POINT ( 'NONE',  ( 19.05199444115752883, 14.94548956207215262, -2.272870761040224785 ) ) ;
#4079 = EDGE_CURVE ( 'NONE', #8578, #6550, #7708, .T. ) ;
#4080 = EDGE_CURVE ( 'NONE', #816, #4297, #179, .T. ) ;
#4081 = CARTESIAN_POINT ( 'NONE',  ( -23.02238638290063832, -2.051589768113369239, -2.463386683956819923 ) ) ;
#4082 = ORIENTED_EDGE ( 'NONE', *, *, #6985, .T. ) ;
#4083 = VECTOR ( 'NONE', #10899, 1000.000000000000000 ) ;
#4084 = EDGE_LOOP ( 'NONE', ( #2660, #8819, #686, #11021 ) ) ;
#4085 = EDGE_LOOP ( 'NONE', ( #10357, #6525, #5089, #3292 ) ) ;
#4086 = CARTESIAN_POINT ( 'NONE',  ( -22.66282511920246634, 0.0001563639767652843984, 5.399999999999998579 ) ) ;
#4087 = DIRECTION ( 'NONE',  ( -0.7071067811865524577, 0.7071067811865426878, 0.000000000000000000 ) ) ;
#4088 = CARTESIAN_POINT ( 'NONE',  ( -119.2461925632365762, 31.19623674881176001, -5.787188417063727996 ) ) ;
#4089 = CARTESIAN_POINT ( 'NONE',  ( -119.3940602685378849, 58.47350827951455443, -5.787188417060550094 ) ) ;
#4090 = AXIS2_PLACEMENT_3D ( 'NONE', #8015, #5947, #10600 ) ;
#4091 = CARTESIAN_POINT ( 'NONE',  ( -71.43142950036546779, 80.84411100000002648, 0.5999999999999998668 ) ) ;
#4092 = EDGE_CURVE ( 'NONE', #189, #688, #6695, .T. ) ;
#4093 = CARTESIAN_POINT ( 'NONE',  ( -23.10766068830422881, -2.063208147567809903, -6.113584520851025772 ) ) ;
#4094 = CARTESIAN_POINT ( 'NONE',  ( -10.91360953072124751, 1.738909134944085721, 7.399999999999998579 ) ) ;
#4095 = LINE ( 'NONE', #2144, #2505 ) ;
#4096 = DIRECTION ( 'NONE',  ( 0.000000000000000000, 0.000000000000000000, 1.000000000000000000 ) ) ;
#4097 = CARTESIAN_POINT ( 'NONE',  ( -25.91609072322573226, 18.86520196976723085, 4.400000000000000355 ) ) ;
#4098 = ORIENTED_EDGE ( 'NONE', *, *, #8327, .F. ) ;
#4099 = ORIENTED_EDGE ( 'NONE', *, *, #6434, .T. ) ;
#4100 = EDGE_LOOP ( 'NONE', ( #1395, #10602 ) ) ;
#4101 = PLANE ( 'NONE',  #7458 ) ;
#4102 = CIRCLE ( 'NONE', #9960, 0.2977672882890219919 ) ;
#4103 = CARTESIAN_POINT ( 'NONE',  ( -68.37063718708466808, 81.88336216690174751, -2.953553223614921563 ) ) ;
#4104 = LINE ( 'NONE', #9849, #6758 ) ;
#4105 = DIRECTION ( 'NONE',  ( 0.000000000000000000, 0.000000000000000000, 1.000000000000000000 ) ) ;
#4106 = CARTESIAN_POINT ( 'NONE',  ( -96.11227469707441173, 76.84410589528943092, -1.900000000000000355 ) ) ;
#4107 = CARTESIAN_POINT ( 'NONE',  ( -42.41227899999999806, 27.99411100000000019, 4.400000000000000355 ) ) ;
#4108 = DIRECTION ( 'NONE',  ( 0.000000000000000000, -1.000000000000000000, 0.000000000000000000 ) ) ;
#4109 = EDGE_CURVE ( 'NONE', #5112, #4390, #9080, .T. ) ;
#4110 = CARTESIAN_POINT ( 'NONE',  ( -75.81228330292589135, 19.29411698796796415, -1.499999999999999556 ) ) ;
#4111 = ORIENTED_EDGE ( 'NONE', *, *, #9759, .T. ) ;
#4112 = CARTESIAN_POINT ( 'NONE',  ( -30.77754216137649124, 6.736876751172759192, 7.099999999999989875 ) ) ;
#4113 = CIRCLE ( 'NONE', #6639, 0.5000000000000004441 ) ;
#4114 = ORIENTED_EDGE ( 'NONE', *, *, #6884, .T. ) ;
#4115 = ORIENTED_EDGE ( 'NONE', *, *, #4980, .T. ) ;
#4116 = ORIENTED_EDGE ( 'NONE', *, *, #62, .T. ) ;
#4117 = ORIENTED_EDGE ( 'NONE', *, *, #9337, .T. ) ;
#4118 = DIRECTION ( 'NONE',  ( 1.000000000000000000, 0.000000000000000000, 0.000000000000000000 ) ) ;
#4119 = LINE ( 'NONE', #5158, #11474 ) ;
#4120 = DIRECTION ( 'NONE',  ( 0.000000000000000000, -0.7071067811865802133, 0.7071067811865149322 ) ) ;
#4121 = CIRCLE ( 'NONE', #6458, 1.300000000000030242 ) ;
#4122 = LINE ( 'NONE', #7845, #2080 ) ;
#4123 = DIRECTION ( 'NONE',  ( -0.000000000000000000, 0.000000000000000000, 1.000000000000000000 ) ) ;
#4124 = ADVANCED_FACE ( 'NONE', ( #8597 ), #237, .F. ) ;
#4125 = CARTESIAN_POINT ( 'NONE',  ( 19.17283591162977174, 16.72237701038456592, -6.386920535856942749 ) ) ;
#4126 = EDGE_CURVE ( 'NONE', #5016, #7424, #479, .T. ) ;
#4127 = EDGE_LOOP ( 'NONE', ( #8480, #10629, #2415, #1313 ) ) ;
#4128 = CARTESIAN_POINT ( 'NONE',  ( 9.180541231745813636E-05, 80.84407635057475261, 4.400000000000000355 ) ) ;
#4129 = ORIENTED_EDGE ( 'NONE', *, *, #9585, .T. ) ;
#4130 = CIRCLE ( 'NONE', #5492, 0.2977672882890219919 ) ;
#4131 = CARTESIAN_POINT ( 'NONE',  ( 20.16772100000000734, 77.67724262499595511, -1.900000000000000355 ) ) ;
#4132 = DIRECTION ( 'NONE',  ( 2.264040540203754199E-16, -1.000000000000000000, 0.000000000000000000 ) ) ;
#4133 = EDGE_CURVE ( 'NONE', #7277, #10343, #7854, .T. ) ;
#4134 = CARTESIAN_POINT ( 'NONE',  ( 5.317732752346667979, 79.84410602412562241, 1.099999999999896838 ) ) ;
#4135 = DIRECTION ( 'NONE',  ( -0.000000000000000000, -0.000000000000000000, -1.000000000000000000 ) ) ;
#4136 = FACE_OUTER_BOUND ( 'NONE', #11749, .T. ) ;
#4137 = DIRECTION ( 'NONE',  ( 0.000000000000000000, 0.000000000000000000, 1.000000000000000000 ) ) ;
#4138 = CARTESIAN_POINT ( 'NONE',  ( -97.02230191010953320, 14.30124848025727324, -4.995599231573638832 ) ) ;
#4139 = VECTOR ( 'NONE', #3378, 1000.000000000000000 ) ;
#4140 = CARTESIAN_POINT ( 'NONE',  ( 19.30461131503021122, 50.04625851919181656, -4.314918151749314923 ) ) ;
#4141 = DIRECTION ( 'NONE',  ( 1.000000000000000000, 0.000000000000000000, 0.000000000000000000 ) ) ;
#4142 = ORIENTED_EDGE ( 'NONE', *, *, #2041, .F. ) ;
#4143 = VERTEX_POINT ( 'NONE', #6035 ) ;
#4144 = LINE ( 'NONE', #7866, #10900 ) ;
#4145 = AXIS2_PLACEMENT_3D ( 'NONE', #9406, #315, #4884 ) ;
#4146 = LINE ( 'NONE', #3238, #7512 ) ;
#4147 = ORIENTED_EDGE ( 'NONE', *, *, #725, .F. ) ;
#4148 = EDGE_CURVE ( 'NONE', #3815, #9694, #1454, .T. ) ;
#4149 = CARTESIAN_POINT ( 'NONE',  ( -67.43142950036545358, 81.84411100000002648, -4.400000000000000355 ) ) ;
#4150 = EDGE_CURVE ( 'NONE', #3622, #1329, #4073, .T. ) ;
#4151 = CARTESIAN_POINT ( 'NONE',  ( -119.2873207879006969, 60.51555428555816718, -6.113584520840152692 ) ) ;
#4152 = CARTESIAN_POINT ( 'NONE',  ( 18.16772100000000378, 26.58547018669192852, 1.699999999999992184 ) ) ;
#4153 = AXIS2_PLACEMENT_3D ( 'NONE', #1076, #4800, #5650 ) ;
#4154 = CARTESIAN_POINT ( 'NONE',  ( -23.14738037188318032, -2.211444026911424832, -4.318403959734936848 ) ) ;
#4155 = CARTESIAN_POINT ( 'NONE',  ( -22.36227900000000091, 77.84411099999999806, 4.400000000000000355 ) ) ;
#4156 = VECTOR ( 'NONE', #11590, 1000.000000000000000 ) ;
#4157 = CARTESIAN_POINT ( 'NONE',  ( -30.71227899999999167, 7.232599173267165504, 4.400000000000000355 ) ) ;
#4158 = CARTESIAN_POINT ( 'NONE',  ( -3.193571648019223552, 11.91857164801922586, 7.399999999999998579 ) ) ;
#4159 = CARTESIAN_POINT ( 'NONE',  ( -18.06226043005732507, 81.84410925728559505, -2.400000000000000355 ) ) ;
#4160 = VERTEX_POINT ( 'NONE', #2183 ) ;
#4161 = ORIENTED_EDGE ( 'NONE', *, *, #1485, .T. ) ;
#4162 = VERTEX_POINT ( 'NONE', #6088 ) ;
#4163 = ADVANCED_FACE ( 'NONE', ( #4990 ), #5367, .F. ) ;
#4164 = CARTESIAN_POINT ( 'NONE',  ( -119.4452622500099324, 27.96299781398013096, -4.481602675011057357 ) ) ;
#4165 = EDGE_CURVE ( 'NONE', #35, #1784, #362, .T. ) ;
#4166 = CARTESIAN_POINT ( 'NONE',  ( -68.86023200622652496, 81.82491172846600591, -2.272870760078836039 ) ) ;
#4167 = CYLINDRICAL_SURFACE ( 'NONE', #9902, 1.000000000000000888 ) ;
#4168 = CYLINDRICAL_SURFACE ( 'NONE', #2604, 1.000000000000000888 ) ;
#4169 = CARTESIAN_POINT ( 'NONE',  ( -97.16390967664831635, 14.28901527097879409, -3.757030716078892496 ) ) ;
#4170 = DIRECTION ( 'NONE',  ( 0.000000000000000000, -1.982541115402065307E-15, -1.000000000000000000 ) ) ;
#4171 = CARTESIAN_POINT ( 'NONE',  ( -101.1022631593114767, 14.40984454173998941, -2.272870761041802190 ) ) ;
#4172 = DIRECTION ( 'NONE',  ( 0.000000000000000000, 0.000000000000000000, 1.000000000000000000 ) ) ;
#4173 = APPLICATION_PROTOCOL_DEFINITION ( 'draft international standard', 'automotive_design', 1998, #1947 ) ;
#4174 = ORIENTED_EDGE ( 'NONE', *, *, #875, .F. ) ;
#4175 = CARTESIAN_POINT ( 'NONE',  ( -121.3122790047357000, 16.94879718977744432, 5.399999999999998579 ) ) ;
#4176 = VECTOR ( 'NONE', #2335, 1000.000000000000000 ) ;
#4177 = ORIENTED_EDGE ( 'NONE', *, *, #3315, .T. ) ;
#4178 = ORIENTED_EDGE ( 'NONE', *, *, #2496, .T. ) ;
#4179 = DIRECTION ( 'NONE',  ( 0.000000000000000000, 0.000000000000000000, 1.000000000000000000 ) ) ;
#4180 = VERTEX_POINT ( 'NONE', #4197 ) ;
#4181 = EDGE_CURVE ( 'NONE', #8278, #7, #10555, .T. ) ;
#4182 = CARTESIAN_POINT ( 'NONE',  ( -116.6091529203252861, 15.29411798029975955, 5.399999999999998579 ) ) ;
#4183 = LINE ( 'NONE', #9620, #10485 ) ;
#4184 = CARTESIAN_POINT ( 'NONE',  ( -97.06228253471061862, 15.29411798029987679, -1.900000000000000577 ) ) ;
#4185 = CIRCLE ( 'NONE', #7497, 1.599999999999986544 ) ;
#4186 = CARTESIAN_POINT ( 'NONE',  ( -119.3122720196896722, 61.06910750985031910, 0.5999999999999998668 ) ) ;
#4187 = DIRECTION ( 'NONE',  ( -2.817159975007645502E-07, -0.7071067811864869546, 0.7071067811865520136 ) ) ;
#4188 = CARTESIAN_POINT ( 'NONE',  ( 19.17284425494675659, 15.04949560944411679, -4.918753542823907310 ) ) ;
#4189 = VERTEX_POINT ( 'NONE', #10686 ) ;
#4190 = EDGE_LOOP ( 'NONE', ( #2626, #7471, #4325, #10875, #7863 ) ) ;
#4191 = AXIS2_PLACEMENT_3D ( 'NONE', #11329, #9422, #1056 ) ;
#4192 = DIRECTION ( 'NONE',  ( 0.000000000000000000, 0.000000000000000000, -1.000000000000000000 ) ) ;
#4193 = ORIENTED_EDGE ( 'NONE', *, *, #6739, .T. ) ;
#4194 = CONICAL_SURFACE ( 'NONE', #2813, 1.300000000000028466, 0.7853981633974825849 ) ;
#4195 = DIRECTION ( 'NONE',  ( 0.000000000000000000, 0.000000000000000000, 1.000000000000000000 ) ) ;
#4196 = EDGE_CURVE ( 'NONE', #6643, #6181, #11041, .T. ) ;
#4197 = CARTESIAN_POINT ( 'NONE',  ( -88.18727469707442879, 76.84410589528943092, -1.900000000000000355 ) ) ;
#4198 = CARTESIAN_POINT ( 'NONE',  ( -1.098269895310605149, -2.651456996571960101, 4.400000000000000355 ) ) ;
#4199 = DIRECTION ( 'NONE',  ( 0.000000000000000000, -0.7071067811865802133, -0.7071067811865149322 ) ) ;
#4200 = CARTESIAN_POINT ( 'NONE',  ( -22.36227900000003643, 79.84188785450702142, 7.399999999999998579 ) ) ;
#4201 = CARTESIAN_POINT ( 'NONE',  ( 0.000000000000000000, 14.29411798029987857, -1.900000000000000355 ) ) ;
#4202 = AXIS2_PLACEMENT_3D ( 'NONE', #6937, #5114, #3222 ) ;
#4203 = CONICAL_SURFACE ( 'NONE', #9655, 1.300000000000028910, 0.7853981633974822518 ) ;
#4204 = CARTESIAN_POINT ( 'NONE',  ( 19.10164204905850482, 50.37265594990723372, -2.272870761040460152 ) ) ;
#4205 = ORIENTED_EDGE ( 'NONE', *, *, #7506, .T. ) ;
#4206 = ORIENTED_EDGE ( 'NONE', *, *, #1448, .T. ) ;
#4207 = LINE ( 'NONE', #1348, #6922 ) ;
#4208 = LINE ( 'NONE', #551, #1526 ) ;
#4209 = AXIS2_PLACEMENT_3D ( 'NONE', #5040, #3554, #8247 ) ;
#4210 = VECTOR ( 'NONE', #8988, 999.9999999999998863 ) ;
#4211 = EDGE_CURVE ( 'NONE', #11417, #4540, #5757, .T. ) ;
#4212 = DIRECTION ( 'NONE',  ( -0.000000000000000000, -0.000000000000000000, -1.000000000000000000 ) ) ;
#4213 = EDGE_CURVE ( 'NONE', #8196, #4461, #5968, .T. ) ;
#4214 =( NAMED_UNIT ( * ) SI_UNIT ( $, .STERADIAN. ) SOLID_ANGLE_UNIT ( ) );
#4215 = CARTESIAN_POINT ( 'NONE',  ( -119.1965455084694270, 61.19623674878744168, -2.360019375376344097 ) ) ;
#4216 = FACE_OUTER_BOUND ( 'NONE', #7629, .T. ) ;
#4217 = ORIENTED_EDGE ( 'NONE', *, *, #5764, .T. ) ;
#4218 = CONICAL_SURFACE ( 'NONE', #6350, 0.3999999999999906408, 0.7853981633974540522 ) ;
#4219 = CARTESIAN_POINT ( 'NONE',  ( -24.24112315734207002, -1.690926271785237356, -5.787188417221583059 ) ) ;
#4220 = ADVANCED_FACE ( 'NONE', ( #1398 ), #12031, .F. ) ;
#4221 = FACE_OUTER_BOUND ( 'NONE', #8940, .T. ) ;
#4222 = LINE ( 'NONE', #7938, #10643 ) ;
#4223 = DIRECTION ( 'NONE',  ( -0.000000000000000000, -0.000000000000000000, -1.000000000000000000 ) ) ;
#4224 = ORIENTED_EDGE ( 'NONE', *, *, #10872, .T. ) ;
#4225 = ORIENTED_EDGE ( 'NONE', *, *, #6083, .F. ) ;
#4226 = ORIENTED_EDGE ( 'NONE', *, *, #594, .T. ) ;
#4227 = CIRCLE ( 'NONE', #12052, 2.798033192550029913 ) ;
#4228 = CARTESIAN_POINT ( 'NONE',  ( -119.4050956705815167, 28.98401874209802287, -5.787188417063730661 ) ) ;
#4229 = CARTESIAN_POINT ( 'NONE',  ( -70.49221783287669041, 81.88336270323752331, -2.953553223614921563 ) ) ;
#4230 = DIRECTION ( 'NONE',  ( -0.000000000000000000, 0.000000000000000000, 1.000000000000000000 ) ) ;
#4231 = DIRECTION ( 'NONE',  ( 1.000000000000000000, 0.000000000000000000, 0.000000000000000000 ) ) ;
#4232 = CARTESIAN_POINT ( 'NONE',  ( -97.16502437480475862, 14.28901530247532037, -5.046181334055590995 ) ) ;
#4233 = CYLINDRICAL_SURFACE ( 'NONE', #7807, 0.3000000000000016542 ) ;
#4234 = CARTESIAN_POINT ( 'NONE',  ( -50.66227900000000517, 2.244118010027846388, -1.900000000000000355 ) ) ;
#4235 = LINE ( 'NONE', #3196, #31 ) ;
#4236 = VECTOR ( 'NONE', #6620, 1000.000000000000000 ) ;
#4237 = ORIENTED_EDGE ( 'NONE', *, *, #1217, .F. ) ;
#4238 = ADVANCED_FACE ( 'NONE', ( #11741 ), #8837, .T. ) ;
#4239 = CARTESIAN_POINT ( 'NONE',  ( 19.16772100000000734, 14.98547018669193420, -4.400000000000000355 ) ) ;
#4240 = ORIENTED_EDGE ( 'NONE', *, *, #4581, .T. ) ;
#4241 = EDGE_CURVE ( 'NONE', #2643, #4053, #10851, .T. ) ;
#4242 = CARTESIAN_POINT ( 'NONE',  ( -34.75364285008606657, 81.84929606358049625, -5.906246592073128632 ) ) ;
#4243 = ORIENTED_EDGE ( 'NONE', *, *, #9088, .T. ) ;
#4244 = ORIENTED_EDGE ( 'NONE', *, *, #9059, .F. ) ;
#4245 = CARTESIAN_POINT ( 'NONE',  ( 18.16772100000000378, 50.98547018669193420, -1.900000000000000577 ) ) ;
#4246 = LINE ( 'NONE', #589, #6178 ) ;
#4247 = CARTESIAN_POINT ( 'NONE',  ( -31.43860993544388194, 1.244111000000004408, 7.099999999999989875 ) ) ;
#4248 = AXIS2_PLACEMENT_3D ( 'NONE', #2153, #7826, #5874 ) ;
#4249 = LINE ( 'NONE', #10856, #8520 ) ;
#4250 = DIRECTION ( 'NONE',  ( 0.000000000000000000, 1.000000000000000000, 0.000000000000000000 ) ) ;
#4251 = CARTESIAN_POINT ( 'NONE',  ( 19.16772100000000734, 46.98547018669193420, -4.400000000000000355 ) ) ;
#4252 = ORIENTED_EDGE ( 'NONE', *, *, #1224, .T. ) ;
#4253 = ORIENTED_EDGE ( 'NONE', *, *, #7401, .T. ) ;
#4254 = EDGE_CURVE ( 'NONE', #4642, #3993, #4006, .T. ) ;
#4255 = AXIS2_PLACEMENT_3D ( 'NONE', #8792, #311, #6703 ) ;
#4256 = DIRECTION ( 'NONE',  ( 0.9999999999993551825, -1.135586136444816472E-06, 0.000000000000000000 ) ) ;
#4257 = ORIENTED_EDGE ( 'NONE', *, *, #8787, .T. ) ;
#4258 = DIRECTION ( 'NONE',  ( 0.000000000000000000, 0.000000000000000000, -1.000000000000000000 ) ) ;
#4259 = CARTESIAN_POINT ( 'NONE',  ( 19.17283039966789104, 17.50342867069343455, -6.336228839836149263 ) ) ;
#4260 = DIRECTION ( 'NONE',  ( 0.000000000000000000, -1.000000000000000000, 0.000000000000000000 ) ) ;
#4261 = CARTESIAN_POINT ( 'NONE',  ( 1.653363290606710390, 84.90183567641621210, 4.464667994119376537 ) ) ;
#4262 = CARTESIAN_POINT ( 'NONE',  ( -85.21227469707440605, 76.84410589528943092, -2.400000000000000355 ) ) ;
#4263 = CARTESIAN_POINT ( 'NONE',  ( -80.51367833427875098, 79.84411100000001227, 7.399999999999998579 ) ) ;
#4264 = CIRCLE ( 'NONE', #4255, 1.625000000000001332 ) ;
#4265 = CARTESIAN_POINT ( 'NONE',  ( 19.34455124630319034, 49.55666237311857003, -4.995599231674704654 ) ) ;
#4266 = EDGE_CURVE ( 'NONE', #9888, #10352, #2522, .T. ) ;
#4267 = EDGE_LOOP ( 'NONE', ( #2403, #1481 ) ) ;
#4268 = ORIENTED_EDGE ( 'NONE', *, *, #2068, .F. ) ;
#4269 = VECTOR ( 'NONE', #11539, 1000.000000000000000 ) ;
#4270 = CIRCLE ( 'NONE', #3090, 1.999999999999994893 ) ;
#4271 = DIRECTION ( 'NONE',  ( -0.000000000000000000, -0.000000000000000000, -1.000000000000000000 ) ) ;
#4272 = DIRECTION ( 'NONE',  ( 0.000000000000000000, 1.000000000000000000, -0.000000000000000000 ) ) ;
#4273 = ORIENTED_EDGE ( 'NONE', *, *, #7706, .F. ) ;
#4274 = FILL_AREA_STYLE ('',( #6218 ) ) ;
#4275 = CARTESIAN_POINT ( 'NONE',  ( -119.2681031526298341, 61.19623674878744168, -3.339211667514502491 ) ) ;
#4276 = DIRECTION ( 'NONE',  ( 0.000000000000000000, 0.000000000000000000, -1.000000000000000000 ) ) ;
#4277 = VERTEX_POINT ( 'NONE', #9200 ) ;
#4278 = VECTOR ( 'NONE', #11794, 1000.000000000000000 ) ;
#4279 = CARTESIAN_POINT ( 'NONE',  ( -22.49010547051240394, -2.388415784402882824, -3.828807813603922305 ) ) ;
#4280 = EDGE_CURVE ( 'NONE', #2756, #4642, #7239, .T. ) ;
#4281 = EDGE_CURVE ( 'NONE', #5271, #7201, #6320, .T. ) ;
#4282 = CARTESIAN_POINT ( 'NONE',  ( -6.478921230385290109, -10.18315678785371681, 7.066666657922995753 ) ) ;
#4283 = FACE_OUTER_BOUND ( 'NONE', #1915, .T. ) ;
#4284 = DIRECTION ( 'NONE',  ( 0.2588190399164182476, 0.9659258276786801822, 0.000000000000000000 ) ) ;
#4285 = ORIENTED_EDGE ( 'NONE', *, *, #9815, .T. ) ;
#4286 = ORIENTED_EDGE ( 'NONE', *, *, #10131, .T. ) ;
#4287 = DIRECTION ( 'NONE',  ( -0.9999999999999640288, 2.679728807195011801E-07, 0.000000000000000000 ) ) ;
#4288 = CARTESIAN_POINT ( 'NONE',  ( -119.3051415204360950, 28.47350827803906981, -2.360019375376301465 ) ) ;
#4289 = CARTESIAN_POINT ( 'NONE',  ( -70.00262168680170305, 82.02094179430841336, -3.804406303035026582 ) ) ;
#4290 = CARTESIAN_POINT ( 'NONE',  ( 13.04440432680775075, 2.543571846065712627, 7.399999999999998579 ) ) ;
#4291 = ADVANCED_FACE ( 'NONE', ( #11047 ), #3524, .F. ) ;
#4292 = CARTESIAN_POINT ( 'NONE',  ( 0.000000000000000000, 50.98547018669193420, -1.900000000000000355 ) ) ;
#4293 = DIRECTION ( 'NONE',  ( 2.972808245359312093E-08, 0.9999999999999995559, 0.000000000000000000 ) ) ;
#4294 = CARTESIAN_POINT ( 'NONE',  ( 11.91857130266412312, 3.193571847410091813, 7.399999999999998579 ) ) ;
#4295 = DIRECTION ( 'NONE',  ( 0.000000000000000000, -0.7071067811865802133, 0.7071067811865149322 ) ) ;
#4296 = DIRECTION ( 'NONE',  ( 0.000000000000000000, 0.000000000000000000, 1.000000000000000000 ) ) ;
#4297 = VERTEX_POINT ( 'NONE', #6441 ) ;
#4298 = DIRECTION ( 'NONE',  ( 0.000000000000000000, -0.000000000000000000, -1.000000000000000000 ) ) ;
#4299 = ORIENTED_EDGE ( 'NONE', *, *, #576, .T. ) ;
#4300 = CARTESIAN_POINT ( 'NONE',  ( -35.36740407761314486, 81.84923425402294583, -3.881246457175530296 ) ) ;
#4301 = ORIENTED_EDGE ( 'NONE', *, *, #7856, .T. ) ;
#4302 = CARTESIAN_POINT ( 'NONE',  ( -60.76227899999999948, 24.29411100000000445, 7.100000000000059153 ) ) ;
#4303 = ORIENTED_EDGE ( 'NONE', *, *, #1446, .F. ) ;
#4304 = CARTESIAN_POINT ( 'NONE',  ( -118.3122790000000322, 0.000000000000000000, 5.399999999999998579 ) ) ;
#4305 = DIRECTION ( 'NONE',  ( -0.2588190399164184141, -0.9659258276786801822, 0.000000000000000000 ) ) ;
#4306 = CARTESIAN_POINT ( 'NONE',  ( -71.43142950036546779, 81.84411100000002648, -1.900000000000000577 ) ) ;
#4307 = EDGE_CURVE ( 'NONE', #7264, #6643, #661, .T. ) ;
#4308 = CARTESIAN_POINT ( 'NONE',  ( -117.3122720196896722, 71.84411113364974710, -1.900000000000000577 ) ) ;
#4309 = ADVANCED_FACE ( 'NONE', ( #3586 ), #6725, .T. ) ;
#4310 = CARTESIAN_POINT ( 'NONE',  ( -60.76227899999999948, 27.99411099999999664, 7.100000000000059153 ) ) ;
#4311 = VECTOR ( 'NONE', #8691, 1000.000000000000000 ) ;
#4312 = CARTESIAN_POINT ( 'NONE',  ( -99.06228253471473977, 14.28901242899364554, -2.399999999999998579 ) ) ;
#4313 = ORIENTED_EDGE ( 'NONE', *, *, #11783, .F. ) ;
#4314 = ORIENTED_EDGE ( 'NONE', *, *, #4992, .F. ) ;
#4315 = VERTEX_POINT ( 'NONE', #10182 ) ;
#4316 = VECTOR ( 'NONE', #5351, 999.9999999999998863 ) ;
#4317 = DIRECTION ( 'NONE',  ( 1.000000000000000000, -8.673617379884027583E-16, 0.000000000000000000 ) ) ;
#4318 = CARTESIAN_POINT ( 'NONE',  ( 19.17285068195852915, 18.72083379099092681, -5.402809242958129587 ) ) ;
#4319 = FACE_OUTER_BOUND ( 'NONE', #5357, .T. ) ;
#4320 = ADVANCED_FACE ( 'NONE', ( #10065 ), #5531, .F. ) ;
#4321 = DIRECTION ( 'NONE',  ( -1.000000000000000000, 0.000000000000000000, 0.000000000000000000 ) ) ;
#4322 = DIRECTION ( 'NONE',  ( -0.000000000000000000, 0.000000000000000000, 1.000000000000000000 ) ) ;
#4323 = CARTESIAN_POINT ( 'NONE',  ( 19.29191342733130554, 50.04625851919180946, -4.995599231674704654 ) ) ;
#4324 = CIRCLE ( 'NONE', #1205, 1.625000000000001332 ) ;
#4325 = ORIENTED_EDGE ( 'NONE', *, *, #9100, .F. ) ;
#4326 = ORIENTED_EDGE ( 'NONE', *, *, #3647, .T. ) ;
#4327 = CARTESIAN_POINT ( 'NONE',  ( 13.91600846122405066, 79.84410447798479993, -1.900000000000000355 ) ) ;
#4328 = CARTESIAN_POINT ( 'NONE',  ( -30.61636122544018690, 7.018245550223420892, 7.399999999999998579 ) ) ;
#4329 = ORIENTED_EDGE ( 'NONE', *, *, #10476, .F. ) ;
#4330 = DIRECTION ( 'NONE',  ( -0.000000000000000000, -0.000000000000000000, -1.000000000000000000 ) ) ;
#4331 = VERTEX_POINT ( 'NONE', #9139 ) ;
#4332 = CARTESIAN_POINT ( 'NONE',  ( -12.74474674335479207, 12.48788592914254103, 6.400000000000025224 ) ) ;
#4333 = VECTOR ( 'NONE', #714, 1000.000000000000000 ) ;
#4334 = ADVANCED_FACE ( 'NONE', ( #2544 ), #898, .F. ) ;
#4335 = DIRECTION ( 'NONE',  ( -0.9999999999999837907, 1.798198651385039339E-07, 0.000000000000000000 ) ) ;
#4336 = DIRECTION ( 'NONE',  ( 0.000000000000000000, 1.000000000000000000, 0.000000000000000000 ) ) ;
#4337 = ORIENTED_EDGE ( 'NONE', *, *, #806, .T. ) ;
#4338 = CARTESIAN_POINT ( 'NONE',  ( -80.21227201969415432, 79.14098492032252352, -1.900000000000000355 ) ) ;
#4339 = CARTESIAN_POINT ( 'NONE',  ( -9.060685030232763282, 14.34880972322573633, 4.400000000000000355 ) ) ;
#4340 = VECTOR ( 'NONE', #8939, 1000.000000000000000 ) ;
#4341 = DIRECTION ( 'NONE',  ( -0.7071067811865298092, 0.000000000000000000, -0.7071067811865651143 ) ) ;
#4342 = CARTESIAN_POINT ( 'NONE',  ( -60.16005585450886883, 86.14411115030169697, 7.399999999999998579 ) ) ;
#4343 = VERTEX_POINT ( 'NONE', #9077 ) ;
#4344 = VERTEX_POINT ( 'NONE', #2484 ) ;
#4345 = EDGE_LOOP ( 'NONE', ( #2570, #6096, #2584, #6228 ) ) ;
#4346 = CARTESIAN_POINT ( 'NONE',  ( -119.3983236958612366, 27.62265796582223487, -4.318403959654537161 ) ) ;
#4347 = ADVANCED_FACE ( 'NONE', ( #9019 ), #9944, .T. ) ;
#4348 = CARTESIAN_POINT ( 'NONE',  ( -71.47141012502669355, 81.80863842933084129, -3.293894455382963660 ) ) ;
#4349 = DIRECTION ( 'NONE',  ( 0.9999999999999839018, -1.798198651385040398E-07, 0.000000000000000000 ) ) ;
#4350 = CIRCLE ( 'NONE', #4931, 213.8027930341398246 ) ;
#4351 = FACE_OUTER_BOUND ( 'NONE', #7036, .T. ) ;
#4352 = DIRECTION ( 'NONE',  ( 1.000000000000000000, 0.000000000000000000, 0.000000000000000000 ) ) ;
#4353 = CARTESIAN_POINT ( 'NONE',  ( -31.43142950036545358, 81.84411100000002648, -1.900000000000000577 ) ) ;
#4354 = CARTESIAN_POINT ( 'NONE',  ( -118.3122811893314434, 1.524973922286212459E-05, 5.399999999999998579 ) ) ;
#4355 = ORIENTED_EDGE ( 'NONE', *, *, #997, .F. ) ;
#4356 = CARTESIAN_POINT ( 'NONE',  ( -22.26359932893219451, -1.214325579109621911, -4.400000000000001243 ) ) ;
#4357 = ORIENTED_EDGE ( 'NONE', *, *, #11625, .T. ) ;
#4358 = AXIS2_PLACEMENT_3D ( 'NONE', #956, #3539, #10240 ) ;
#4359 = EDGE_LOOP ( 'NONE', ( #4299, #6674, #522, #5831 ) ) ;
#4360 = EDGE_CURVE ( 'NONE', #9104, #1557, #9657, .T. ) ;
#4361 = FACE_OUTER_BOUND ( 'NONE', #11482, .T. ) ;
#4362 = EDGE_CURVE ( 'NONE', #8287, #4476, #6498, .T. ) ;
#4363 = CARTESIAN_POINT ( 'NONE',  ( 19.17287233088540432, 50.97268240251872840, -4.139319494815233647 ) ) ;
#4364 = CARTESIAN_POINT ( 'NONE',  ( -119.3174457841149945, 60.65984881170030718, -5.619273793367182357 ) ) ;
#4365 = CARTESIAN_POINT ( 'NONE',  ( 1.316437157251774792, 84.10812918265953897, 3.380768940471557737 ) ) ;
#4366 = CARTESIAN_POINT ( 'NONE',  ( -98.49108504056944469, 14.21823067551529540, -2.953553224585818260 ) ) ;
#4367 = CIRCLE ( 'NONE', #8655, 0.2977672882811116528 ) ;
#4368 = DIRECTION ( 'NONE',  ( 0.000000000000000000, 1.000000000000000000, 0.000000000000000000 ) ) ;
#4369 = VERTEX_POINT ( 'NONE', #9505 ) ;
#4370 = CARTESIAN_POINT ( 'NONE',  ( -41.71227899999998812, 84.84410170196750300, -1.900000000000000355 ) ) ;
#4371 = ORIENTED_EDGE ( 'NONE', *, *, #5256, .F. ) ;
#4372 = EDGE_CURVE ( 'NONE', #4180, #7581, #2443, .T. ) ;
#4373 = AXIS2_PLACEMENT_3D ( 'NONE', #4592, #11, #3727 ) ;
#4374 = CARTESIAN_POINT ( 'NONE',  ( -119.3173953211781679, 58.55011106630930584, -2.464120143539206609 ) ) ;
#4375 = CARTESIAN_POINT ( 'NONE',  ( 16.05859082457480724, 2.864296143744261336, -2.400000000000000355 ) ) ;
#4376 = DIRECTION ( 'NONE',  ( -1.000000000000000000, -1.922131275320561768E-16, 0.000000000000000000 ) ) ;
#4377 = DIRECTION ( 'NONE',  ( 1.000000000000000000, 0.000000000000000000, 0.000000000000000000 ) ) ;
#4378 = CARTESIAN_POINT ( 'NONE',  ( -118.0689104308284669, 75.81721716060668825, -1.900000000000000355 ) ) ;
#4379 = CARTESIAN_POINT ( 'NONE',  ( 19.28885065058469905, 49.55666237311857003, -3.293894456394887094 ) ) ;
#4380 = AXIS2_PLACEMENT_3D ( 'NONE', #9438, #7601, #11160 ) ;
#4381 = ORIENTED_EDGE ( 'NONE', *, *, #1334, .F. ) ;
#4382 = VECTOR ( 'NONE', #4017, 1000.000000000000114 ) ;
#4383 = VERTEX_POINT ( 'NONE', #9441 ) ;
#4384 = DIRECTION ( 'NONE',  ( 0.000000000000000000, -0.000000000000000000, -1.000000000000000000 ) ) ;
#4385 = ORIENTED_EDGE ( 'NONE', *, *, #8188, .T. ) ;
#4386 = ADVANCED_FACE ( 'NONE', ( #11348 ), #4740, .F. ) ;
#4387 = ADVANCED_FACE ( 'NONE', ( #10241 ), #224, .F. ) ;
#4388 = CARTESIAN_POINT ( 'NONE',  ( -79.51228598029949524, 23.29411797946848495, 5.399999999999998579 ) ) ;
#4389 = DIRECTION ( 'NONE',  ( 0.000000000000000000, 0.000000000000000000, 1.000000000000000000 ) ) ;
#4390 = VERTEX_POINT ( 'NONE', #10305 ) ;
#4391 = DIRECTION ( 'NONE',  ( -0.000000000000000000, 0.000000000000000000, 1.000000000000000000 ) ) ;
#4392 = CARTESIAN_POINT ( 'NONE',  ( 5.317732932166536308, 78.84410602412569347, -1.800000000000000933 ) ) ;
#4393 = DIRECTION ( 'NONE',  ( 1.000000000000000000, -6.584418764838352724E-17, -0.000000000000000000 ) ) ;
#4394 = ORIENTED_EDGE ( 'NONE', *, *, #8115, .F. ) ;
#4395 = FACE_OUTER_BOUND ( 'NONE', #3384, .T. ) ;
#4396 = CIRCLE ( 'NONE', #5961, 0.3999999999999915290 ) ;
#4397 = DIRECTION ( 'NONE',  ( 1.000000000000000000, 2.646977960169688560E-23, 0.000000000000000000 ) ) ;
#4398 = VECTOR ( 'NONE', #9454, 999.9999999999998863 ) ;
#4399 = EDGE_CURVE ( 'NONE', #5491, #1024, #5590, .T. ) ;
#4400 = FACE_OUTER_BOUND ( 'NONE', #125, .T. ) ;
#4401 = VERTEX_POINT ( 'NONE', #3942 ) ;
#4402 = ORIENTED_EDGE ( 'NONE', *, *, #3713, .F. ) ;
#4403 = ORIENTED_EDGE ( 'NONE', *, *, #5850, .F. ) ;
#4404 = CARTESIAN_POINT ( 'NONE',  ( -119.4334007077321900, 27.96299781398013096, -4.971197494147454599 ) ) ;
#4405 = CARTESIAN_POINT ( 'NONE',  ( -71.14501269431004005, 81.81915966241996330, -5.846449542710238312 ) ) ;
#4406 = CARTESIAN_POINT ( 'NONE',  ( -42.71227739747914143, 85.84410401969522297, 7.100000000000059153 ) ) ;
#4407 = CIRCLE ( 'NONE', #1489, 2.000000000000001776 ) ;
#4408 = CARTESIAN_POINT ( 'NONE',  ( -22.66282511920246634, 0.0001563639767652843984, -1.900000000000000355 ) ) ;
#4409 = CARTESIAN_POINT ( 'NONE',  ( 8.422096595950051778, -4.862499794919266982, 5.399999999999998579 ) ) ;
#4410 = CARTESIAN_POINT ( 'NONE',  ( -12.66226043005733537, 81.84410925728559505, -1.900000000000000577 ) ) ;
#4411 = ORIENTED_EDGE ( 'NONE', *, *, #9760, .F. ) ;
#4412 = CARTESIAN_POINT ( 'NONE',  ( -31.71784497952104331, 81.84855772292615939, -5.506109694575008540 ) ) ;
#4413 = ORIENTED_EDGE ( 'NONE', *, *, #8129, .F. ) ;
#4414 = EDGE_CURVE ( 'NONE', #6538, #684, #11842, .T. ) ;
#4415 = VECTOR ( 'NONE', #1325, 1000.000000000000000 ) ;
#4416 = DIRECTION ( 'NONE',  ( 0.000000000000000000, 0.000000000000000000, -1.000000000000000000 ) ) ;
#4417 = EDGE_LOOP ( 'NONE', ( #5466, #457, #1933 ) ) ;
#4418 = ORIENTED_EDGE ( 'NONE', *, *, #2275, .T. ) ;
#4419 = DIRECTION ( 'NONE',  ( 0.000000000000000000, -0.000000000000000000, -1.000000000000000000 ) ) ;
#4420 = CARTESIAN_POINT ( 'NONE',  ( 15.32517682095215505, 81.55195717449632298, 4.454263211743993978 ) ) ;
#4421 = DIRECTION ( 'NONE',  ( -0.9659258276786804043, 0.2588190399164175814, 0.000000000000000000 ) ) ;
#4422 = DIRECTION ( 'NONE',  ( 0.000000000000000000, -1.000000000000000000, 0.000000000000000000 ) ) ;
#4423 = CARTESIAN_POINT ( 'NONE',  ( 1.467733862929055055, 84.02018910072324331, 3.399999999999993250 ) ) ;
#4424 = AXIS2_PLACEMENT_3D ( 'NONE', #3981, #3804, #2950 ) ;
#4425 = CARTESIAN_POINT ( 'NONE',  ( -119.3174232951572264, 28.80687549374574630, -6.387042317534274538 ) ) ;
#4426 = ORIENTED_EDGE ( 'NONE', *, *, #738, .T. ) ;
#4427 = FACE_OUTER_BOUND ( 'NONE', #6379, .T. ) ;
#4428 = EDGE_CURVE ( 'NONE', #3337, #6086, #9667, .T. ) ;
#4429 = ADVANCED_FACE ( 'NONE', ( #7542 ), #3760, .F. ) ;
#4430 = ORIENTED_EDGE ( 'NONE', *, *, #11856, .F. ) ;
#4431 = ORIENTED_EDGE ( 'NONE', *, *, #7791, .T. ) ;
#4432 = DIRECTION ( 'NONE',  ( 0.000000000000000000, 1.000000000000000000, -0.000000000000000000 ) ) ;
#4433 = AXIS2_PLACEMENT_3D ( 'NONE', #7602, #10483, #11345 ) ;
#4434 = CARTESIAN_POINT ( 'NONE',  ( -119.3173868281621992, 57.08175783311020268, -4.139799358718688538 ) ) ;
#4435 = DIRECTION ( 'NONE',  ( 1.000000000000000000, 0.000000000000000000, 0.000000000000000000 ) ) ;
#4436 = CARTESIAN_POINT ( 'NONE',  ( -79.51228598030138528, 0.000000000000000000, 7.399999999999998579 ) ) ;
#4437 = CARTESIAN_POINT ( 'NONE',  ( 0.8677424185567538251, 84.36377582904748351, 2.840056645726628748 ) ) ;
#4438 = EDGE_CURVE ( 'NONE', #818, #2644, #2904, .T. ) ;
#4439 = CARTESIAN_POINT ( 'NONE',  ( -116.6208519195873805, 72.84411100000001227, -1.900000000000000355 ) ) ;
#4440 = VECTOR ( 'NONE', #3858, 1000.000000000000114 ) ;
#4441 = ORIENTED_EDGE ( 'NONE', *, *, #595, .F. ) ;
#4442 = PRODUCT_DEFINITION_CONTEXT ( 'detailed design', #7562, 'design' ) ;
#4443 = ORIENTED_EDGE ( 'NONE', *, *, #1894, .F. ) ;
#4444 = DIRECTION ( 'NONE',  ( 1.000000000000000000, 0.000000000000000000, 0.000000000000000000 ) ) ;
#4445 = ORIENTED_EDGE ( 'NONE', *, *, #9157, .T. ) ;
#4446 = LINE ( 'NONE', #6454, #1646 ) ;
#4447 = ORIENTED_EDGE ( 'NONE', *, *, #10718, .T. ) ;
#4448 = AXIS2_PLACEMENT_3D ( 'NONE', #5124, #7928, #11624 ) ;
#4449 = CARTESIAN_POINT ( 'NONE',  ( -85.21227469707440605, 76.84410589528943092, -1.900000000000000355 ) ) ;
#4450 = FACE_OUTER_BOUND ( 'NONE', #696, .T. ) ;
#4451 = DIRECTION ( 'NONE',  ( 0.000000000000000000, -1.000000000000000000, 0.000000000000000000 ) ) ;
#4452 = ADVANCED_FACE ( 'NONE', ( #6744 ), #12038, .F. ) ;
#4453 = ADVANCED_FACE ( 'NONE', ( #7725 ), #5894, .F. ) ;
#4454 = ORIENTED_EDGE ( 'NONE', *, *, #4719, .F. ) ;
#4455 = CARTESIAN_POINT ( 'NONE',  ( -24.54711521517689121, -1.517926632994405223, -2.360019375701557287 ) ) ;
#4456 = VECTOR ( 'NONE', #7839, 1000.000000000000000 ) ;
#4457 = AXIS2_PLACEMENT_3D ( 'NONE', #1697, #9027, #3656 ) ;
#4458 = CARTESIAN_POINT ( 'NONE',  ( -90.21227469707440605, 76.84410589528943092, 4.400000000000000355 ) ) ;
#4459 = DIRECTION ( 'NONE',  ( 1.000000000000000000, 0.000000000000000000, 0.000000000000000000 ) ) ;
#4460 = CARTESIAN_POINT ( 'NONE',  ( 19.16772100000000734, 50.98547018669193420, -0.9000000000000002442 ) ) ;
#4461 = VERTEX_POINT ( 'NONE', #9622 ) ;
#4462 = VERTEX_POINT ( 'NONE', #351 ) ;
#4463 = ORIENTED_EDGE ( 'NONE', *, *, #1553, .T. ) ;
#4464 = CARTESIAN_POINT ( 'NONE',  ( -119.5223754857540825, 29.15418935799908695, -4.318403959654538049 ) ) ;
#4465 = CARTESIAN_POINT ( 'NONE',  ( -70.00262168680170305, 82.03681924107584678, -4.314918150687090836 ) ) ;
#4466 = VECTOR ( 'NONE', #4137, 1000.000000000000000 ) ;
#4467 = DIRECTION ( 'NONE',  ( 1.000000000000000000, 0.000000000000000000, 0.000000000000000000 ) ) ;
#4468 = CIRCLE ( 'NONE', #3885, 1.900000000000000133 ) ;
#4469 = CARTESIAN_POINT ( 'NONE',  ( 19.16656511646198524, 15.92467787341269414, -2.613211992824872265 ) ) ;
#4470 = EDGE_CURVE ( 'NONE', #2479, #4160, #288, .T. ) ;
#4471 = FACE_OUTER_BOUND ( 'NONE', #9031, .T. ) ;
#4472 = DIRECTION ( 'NONE',  ( 0.000000000000000000, 0.000000000000000000, -1.000000000000000000 ) ) ;
#4473 = CARTESIAN_POINT ( 'NONE',  ( -3.612278999999990692, 21.29411100000000090, 7.100000000000059153 ) ) ;
#4474 = ORIENTED_EDGE ( 'NONE', *, *, #8559, .T. ) ;
#4475 = CARTESIAN_POINT ( 'NONE',  ( -31.39144887574173737, 81.80863870684703443, -3.293894455345293792 ) ) ;
#4476 = VERTEX_POINT ( 'NONE', #4060 ) ;
#4477 = VECTOR ( 'NONE', #7831, 1000.000000000000000 ) ;
#4478 = DIRECTION ( 'NONE',  ( 1.000000000000000000, 0.000000000000000000, 0.000000000000000000 ) ) ;
#4479 = ORIENTED_EDGE ( 'NONE', *, *, #6827, .F. ) ;
#4480 = VERTEX_POINT ( 'NONE', #4001 ) ;
#4481 = PLANE ( 'NONE',  #2625 ) ;
#4482 = CARTESIAN_POINT ( 'NONE',  ( 16.20159994388173530, 81.30448086638470784, 4.061747715644359324 ) ) ;
#4483 = DIRECTION ( 'NONE',  ( 1.000000000000000000, 0.000000000000000000, 0.000000000000000000 ) ) ;
#4484 = CARTESIAN_POINT ( 'NONE',  ( -119.3174531788710340, 57.74861589434678422, -5.907889650112956303 ) ) ;
#4485 = EDGE_CURVE ( 'NONE', #431, #2386, #6860, .T. ) ;
#4486 = CARTESIAN_POINT ( 'NONE',  ( 1.419825848190452655, 84.04817482840226717, 3.399999999999992806 ) ) ;
#4487 = CARTESIAN_POINT ( 'NONE',  ( -98.98067985970040183, 14.20806596242570308, -2.953553224585818260 ) ) ;
#4488 = CARTESIAN_POINT ( 'NONE',  ( -119.3174570830766896, 30.57535410192384617, -5.722213349720139064 ) ) ;
#4489 = ORIENTED_EDGE ( 'NONE', *, *, #5921, .T. ) ;
#4490 = CARTESIAN_POINT ( 'NONE',  ( -80.50915292031825743, 72.84410401970066573, 5.399999999999998579 ) ) ;
#4491 = CARTESIAN_POINT ( 'NONE',  ( 19.05199444201858228, 19.02545081132303295, -6.527129240127193199 ) ) ;
#4492 = ORIENTED_EDGE ( 'NONE', *, *, #2782, .F. ) ;
#4493 = EDGE_LOOP ( 'NONE', ( #1949, #160, #2788, #5752 ) ) ;
#4494 = CARTESIAN_POINT ( 'NONE',  ( -119.3174262501386949, 59.19928569181801237, -2.399889642447602167 ) ) ;
#4495 = DIRECTION ( 'NONE',  ( 0.9999999999999916733, -1.288939664294365441E-07, 0.000000000000000000 ) ) ;
#4496 = VECTOR ( 'NONE', #9990, 1000.000000000000000 ) ;
#4497 = LINE ( 'NONE', #7361, #5978 ) ;
#4498 = EDGE_CURVE ( 'NONE', #4070, #4160, #8645, .T. ) ;
#4499 = EDGE_CURVE ( 'NONE', #1130, #4053, #4978, .T. ) ;
#4500 = FACE_OUTER_BOUND ( 'NONE', #2147, .T. ) ;
#4501 = FACE_OUTER_BOUND ( 'NONE', #6898, .T. ) ;
#4502 = ORIENTED_EDGE ( 'NONE', *, *, #4281, .T. ) ;
#4503 = ORIENTED_EDGE ( 'NONE', *, *, #9547, .T. ) ;
#4504 = DIRECTION ( 'NONE',  ( 1.000000000000000000, 2.646977960169688560E-23, 0.000000000000000000 ) ) ;
#4505 = VERTEX_POINT ( 'NONE', #3148 ) ;
#4506 = VECTOR ( 'NONE', #2051, 999.9999999999998863 ) ;
#4507 = FACE_OUTER_BOUND ( 'NONE', #8882, .T. ) ;
#4508 = EDGE_CURVE ( 'NONE', #5993, #933, #3085, .T. ) ;
#4509 = DIRECTION ( 'NONE',  ( 2.646977960169688560E-23, -1.000000000000000000, 0.000000000000000000 ) ) ;
#4510 = ORIENTED_EDGE ( 'NONE', *, *, #8102, .T. ) ;
#4511 = ADVANCED_FACE ( 'NONE', ( #1324 ), #2646, .T. ) ;
#4512 = DIRECTION ( 'NONE',  ( -0.9659258276786801822, 0.2588190399164180255, 0.000000000000000000 ) ) ;
#4513 = DIRECTION ( 'NONE',  ( -0.000000000000000000, 0.000000000000000000, 1.000000000000000000 ) ) ;
#4514 = AXIS2_PLACEMENT_3D ( 'NONE', #7230, #10173, #8211 ) ;
#4515 = EDGE_LOOP ( 'NONE', ( #5098, #5910 ) ) ;
#4516 = CARTESIAN_POINT ( 'NONE',  ( 11.91857130266412312, 3.193571847410091813, 4.400000000000000355 ) ) ;
#4517 = DIRECTION ( 'NONE',  ( 0.000000000000000000, 0.000000000000000000, 1.000000000000000000 ) ) ;
#4518 = CARTESIAN_POINT ( 'NONE',  ( -8.724220278341411117, 15.60451329920804930, 7.399999999999998579 ) ) ;
#4519 = DIRECTION ( 'NONE',  ( -0.000000000000000000, 0.000000000000000000, -1.000000000000000000 ) ) ;
#4520 = ORIENTED_EDGE ( 'NONE', *, *, #7436, .F. ) ;
#4521 = EDGE_CURVE ( 'NONE', #8640, #3950, #12002, .T. ) ;
#4522 = VECTOR ( 'NONE', #5672, 1000.000000000000000 ) ;
#4523 = EDGE_LOOP ( 'NONE', ( #5328, #10740, #8764, #10800, #8150, #12055, #230 ) ) ;
#4524 = EDGE_CURVE ( 'NONE', #4574, #5507, #631, .T. ) ;
#4525 = VERTEX_POINT ( 'NONE', #8930 ) ;
#4526 = CARTESIAN_POINT ( 'NONE',  ( -119.3601021807910172, 29.15418935799907985, -6.113584520843606818 ) ) ;
#4527 = CARTESIAN_POINT ( 'NONE',  ( -119.2873206821631982, 57.62265796776650006, -2.686416806089063414 ) ) ;
#4528 = CARTESIAN_POINT ( 'NONE',  ( 19.24664879434809706, 15.92467787341269414, -5.506109695705925233 ) ) ;
#4529 = CARTESIAN_POINT ( 'NONE',  ( -2.543571648019208542, 13.04440467293902195, 7.399999999999998579 ) ) ;
#4530 = LINE ( 'NONE', #3318, #4083 ) ;
#4531 = VECTOR ( 'NONE', #458, 1000.000000000000114 ) ;
#4532 = DIRECTION ( 'NONE',  ( -0.000000000000000000, -0.000000000000000000, -1.000000000000000000 ) ) ;
#4533 = ORIENTED_EDGE ( 'NONE', *, *, #1000, .F. ) ;
#4534 = CARTESIAN_POINT ( 'NONE',  ( -32.37063718707962323, 81.79994158748384336, -2.272870760029102044 ) ) ;
#4535 = DIRECTION ( 'NONE',  ( 0.000000000000000000, 0.000000000000000000, 1.000000000000000000 ) ) ;
#4536 = ORIENTED_EDGE ( 'NONE', *, *, #3092, .T. ) ;
#4537 = LINE ( 'NONE', #6537, #3663 ) ;
#4538 = VERTEX_POINT ( 'NONE', #7086 ) ;
#4539 = ADVANCED_FACE ( 'NONE', ( #2453 ), #10667, .F. ) ;
#4540 = VERTEX_POINT ( 'NONE', #9912 ) ;
#4541 = EDGE_CURVE ( 'NONE', #12033, #1065, #8892, .T. ) ;
#4542 = ORIENTED_EDGE ( 'NONE', *, *, #6840, .F. ) ;
#4543 = FACE_OUTER_BOUND ( 'NONE', #2568, .T. ) ;
#4544 = VECTOR ( 'NONE', #10402, 1000.000000000000000 ) ;
#4545 = CARTESIAN_POINT ( 'NONE',  ( -67.39144887573405640, 81.84482410325225032, -4.485088766571109886 ) ) ;
#4546 = CARTESIAN_POINT ( 'NONE',  ( 15.37495899027633683, 80.34655356540388027, 3.121107594355011283 ) ) ;
#4547 = CARTESIAN_POINT ( 'NONE',  ( -50.66227847799189021, 20.49496587405799275, -1.900000000000000355 ) ) ;
#4548 = FACE_OUTER_BOUND ( 'NONE', #4969, .T. ) ;
#4549 = FACE_OUTER_BOUND ( 'NONE', #7138, .T. ) ;
#4550 = CARTESIAN_POINT ( 'NONE',  ( -99.14387857505511192, 14.30647452802678110, -6.527129239970771657 ) ) ;
#4551 = CARTESIAN_POINT ( 'NONE',  ( -119.3173775659046782, 31.06910750985005620, -4.532144654175068510 ) ) ;
#4552 = VERTEX_POINT ( 'NONE', #7618 ) ;
#4553 = LINE ( 'NONE', #10294, #1596 ) ;
#4554 = AXIS2_PLACEMENT_3D ( 'NONE', #3331, #530, #9987 ) ;
#4555 = DIRECTION ( 'NONE',  ( 1.000000000000000000, 0.000000000000000000, 0.000000000000000000 ) ) ;
#4556 = ORIENTED_EDGE ( 'NONE', *, *, #4582, .T. ) ;
#4557 = VECTOR ( 'NONE', #11993, 1000.000000000000000 ) ;
#4558 = ORIENTED_EDGE ( 'NONE', *, *, #417, .T. ) ;
#4559 = EDGE_CURVE ( 'NONE', #9922, #6599, #3236, .T. ) ;
#4560 = DIRECTION ( 'NONE',  ( 1.000000000000000000, 0.000000000000000000, 0.000000000000000000 ) ) ;
#4561 = CARTESIAN_POINT ( 'NONE',  ( 19.17287523044874931, 18.98558054424430352, -4.269821818032318639 ) ) ;
#4562 = AXIS2_PLACEMENT_3D ( 'NONE', #8931, #570, #2574 ) ;
#4563 = LINE ( 'NONE', #899, #5389 ) ;
#4564 = CARTESIAN_POINT ( 'NONE',  ( -116.3122720203380709, 71.13595435076683771, 7.399999999999998579 ) ) ;
#4565 = DIRECTION ( 'NONE',  ( 1.000000000000000000, 0.000000000000000000, 0.000000000000000000 ) ) ;
#4566 = ORIENTED_EDGE ( 'NONE', *, *, #1173, .F. ) ;
#4567 = ORIENTED_EDGE ( 'NONE', *, *, #11154, .T. ) ;
#4568 = LINE ( 'NONE', #8165, #10505 ) ;
#4569 = VERTEX_POINT ( 'NONE', #4815 ) ;
#4570 = AXIS2_PLACEMENT_3D ( 'NONE', #8413, #2794, #911 ) ;
#4571 = EDGE_CURVE ( 'NONE', #11671, #296, #7798, .T. ) ;
#4572 = DIRECTION ( 'NONE',  ( 1.000000000000000000, 2.646977960169688560E-23, 0.000000000000000000 ) ) ;
#4573 = DIRECTION ( 'NONE',  ( 1.000000000000000000, 0.000000000000000000, 0.000000000000000000 ) ) ;
#4574 = VERTEX_POINT ( 'NONE', #10556 ) ;
#4575 = DIRECTION ( 'NONE',  ( 1.000000000000000000, 0.000000000000000000, 0.000000000000000000 ) ) ;
#4576 = CARTESIAN_POINT ( 'NONE',  ( -17.26226043005734567, 81.84410925728559505, -2.400000000000000355 ) ) ;
#4577 = VECTOR ( 'NONE', #9942, 1000.000000000000000 ) ;
#4578 = CIRCLE ( 'NONE', #11421, 0.2999999999999947153 ) ;
#4579 = LINE ( 'NONE', #2562, #1605 ) ;
#4580 = LINE ( 'NONE', #6339, #8426 ) ;
#4581 = EDGE_CURVE ( 'NONE', #1943, #7531, #11443, .T. ) ;
#4582 = EDGE_CURVE ( 'NONE', #5979, #296, #5906, .T. ) ;
#4583 = CARTESIAN_POINT ( 'NONE',  ( -4.553108868023614463E-15, 23.29411100000000090, 4.400000000000000355 ) ) ;
#4584 = CARTESIAN_POINT ( 'NONE',  ( 19.17282035521447980, 48.34141954726736401, -6.298001607881228203 ) ) ;
#4585 = VECTOR ( 'NONE', #2822, 1000.000000000000000 ) ;
#4586 = EDGE_LOOP ( 'NONE', ( #628, #879, #9239, #8304, #6195 ) ) ;
#4587 = AXIS2_PLACEMENT_3D ( 'NONE', #9903, #6958, #10577 ) ;
#4588 = ORIENTED_EDGE ( 'NONE', *, *, #2821, .F. ) ;
#4589 = ORIENTED_EDGE ( 'NONE', *, *, #905, .F. ) ;
#4590 = CARTESIAN_POINT ( 'NONE',  ( -119.2767997266008138, 30.17521305340542170, -6.439980624623485639 ) ) ;
#4591 = FACE_OUTER_BOUND ( 'NONE', #1497, .T. ) ;
#4592 = CARTESIAN_POINT ( 'NONE',  ( 11.01773311198631333, 79.84410499915232151, -1.799999999999999378 ) ) ;
#4593 = CARTESIAN_POINT ( 'NONE',  ( 19.20572164740395138, 16.90386751168637858, -6.186789391986769360 ) ) ;
#4594 = FACE_OUTER_BOUND ( 'NONE', #10920, .T. ) ;
#4595 = VECTOR ( 'NONE', #10376, 1000.000000000000114 ) ;
#4596 = ADVANCED_FACE ( 'NONE', ( #12061 ), #5789, .T. ) ;
#4597 = CARTESIAN_POINT ( 'NONE',  ( 0.000000000000000000, 72.84410401970065152, 7.100000000000059153 ) ) ;
#4598 = ORIENTED_EDGE ( 'NONE', *, *, #8981, .T. ) ;
#4599 = CARTESIAN_POINT ( 'NONE',  ( -31.71784497952104331, 81.81915943036560179, -5.846449542702723434 ) ) ;
#4600 = DIRECTION ( 'NONE',  ( -9.214753622992747403E-08, -0.7071067811865372477, 0.7071067811865517916 ) ) ;
#4601 = CARTESIAN_POINT ( 'NONE',  ( -4.034919286622253629E-15, 20.29411100000000445, 7.100000000000059153 ) ) ;
#4602 = ORIENTED_EDGE ( 'NONE', *, *, #10122, .F. ) ;
#4603 = ORIENTED_EDGE ( 'NONE', *, *, #10566, .T. ) ;
#4604 = AXIS2_PLACEMENT_3D ( 'NONE', #8598, #10497, #6871 ) ;
#4605 = VERTEX_POINT ( 'NONE', #2064 ) ;
#4606 = CARTESIAN_POINT ( 'NONE',  ( -119.3122720196896722, 59.06910750985032621, 0.5999999999999998668 ) ) ;
#4607 = CARTESIAN_POINT ( 'NONE',  ( 15.46773259810168355, 80.27268029372272906, 2.820203331611082831 ) ) ;
#4608 = DIRECTION ( 'NONE',  ( -0.000000000000000000, -0.000000000000000000, -1.000000000000000000 ) ) ;
#4609 = CYLINDRICAL_SURFACE ( 'NONE', #10684, 0.2999999999999981570 ) ;
#4610 = CARTESIAN_POINT ( 'NONE',  ( -11.03726043005733359, 81.84410925728559505, -1.499999999999983125 ) ) ;
#4611 = CARTESIAN_POINT ( 'NONE',  ( -99.63347472111917114, 14.17298889647874027, -5.506109695587424468 ) ) ;
#4612 = EDGE_CURVE ( 'NONE', #9618, #6138, #2847, .T. ) ;
#4613 = ADVANCED_FACE ( 'NONE', ( #4591 ), #5185, .F. ) ;
#4614 = CARTESIAN_POINT ( 'NONE',  ( -119.3173868427858935, 31.05613959874440155, -4.662080835791950761 ) ) ;
#4615 = VECTOR ( 'NONE', #3705, 1000.000000000000114 ) ;
#4616 = ORIENTED_EDGE ( 'NONE', *, *, #7951, .F. ) ;
#4617 = DIRECTION ( 'NONE',  ( 0.000000000000000000, 1.000000000000000000, 0.000000000000000000 ) ) ;
#4618 = DIRECTION ( 'NONE',  ( 1.000000000000000000, -6.584418764838352724E-17, -0.000000000000000000 ) ) ;
#4619 = ORIENTED_EDGE ( 'NONE', *, *, #11353, .T. ) ;
#4620 = VERTEX_POINT ( 'NONE', #7386 ) ;
#4621 = CARTESIAN_POINT ( 'NONE',  ( -22.38302633439542078, 77.84482927968367960, 4.400000000000000355 ) ) ;
#4622 = AXIS2_PLACEMENT_3D ( 'NONE', #11032, #7287, #7226 ) ;
#4623 = DIRECTION ( 'NONE',  ( 1.000000000000000000, 0.000000000000000000, 0.000000000000000000 ) ) ;
#4624 = CARTESIAN_POINT ( 'NONE',  ( -25.91609072322573226, 18.86520196976723085, 7.399999999999998579 ) ) ;
#4625 = DIRECTION ( 'NONE',  ( -0.000000000000000000, 0.000000000000000000, 1.000000000000000000 ) ) ;
#4626 = ADVANCED_FACE ( 'NONE', ( #2003 ), #6156, .F. ) ;
#4627 = DIRECTION ( 'NONE',  ( -1.000000000000000000, -1.018552587902411439E-15, 0.000000000000000000 ) ) ;
#4628 = EDGE_LOOP ( 'NONE', ( #8621, #1729, #80, #812 ) ) ;
#4629 = ORIENTED_EDGE ( 'NONE', *, *, #2099, .T. ) ;
#4630 = VECTOR ( 'NONE', #10421, 1000.000000000000000 ) ;
#4631 = DIRECTION ( 'NONE',  ( -1.000000000000000000, 0.000000000000000000, 0.000000000000000000 ) ) ;
#4632 = EDGE_LOOP ( 'NONE', ( #9744, #112, #10006, #7942 ) ) ;
#4633 = CARTESIAN_POINT ( 'NONE',  ( -63.05759268073793322, 12.29411100000000268, -1.900000000000000355 ) ) ;
#4634 = CARTESIAN_POINT ( 'NONE',  ( -121.3122790047357853, 5.172694317801044824E-13, -1.900000000000000355 ) ) ;
#4635 = FACE_OUTER_BOUND ( 'NONE', #10090, .T. ) ;
#4636 = CARTESIAN_POINT ( 'NONE',  ( 2.417733111986549499, 79.84410654560316800, -1.800000000000000933 ) ) ;
#4637 = AXIS2_PLACEMENT_3D ( 'NONE', #5568, #7454, #2941 ) ;
#4638 = ADVANCED_FACE ( 'NONE', ( #5848 ), #2184, .F. ) ;
#4639 = DIRECTION ( 'NONE',  ( 0.000000000000000000, 0.000000000000000000, -1.000000000000000000 ) ) ;
#4640 = AXIS2_PLACEMENT_3D ( 'NONE', #1886, #9284, #5610 ) ;
#4641 = DIRECTION ( 'NONE',  ( 0.000000000000000000, 1.982541115402065702E-15, 1.000000000000000000 ) ) ;
#4642 = VERTEX_POINT ( 'NONE', #1271 ) ;
#4643 = ORIENTED_EDGE ( 'NONE', *, *, #4813, .F. ) ;
#4644 = CARTESIAN_POINT ( 'NONE',  ( -119.5223753787953598, 28.98401874209802642, -4.318403959654538049 ) ) ;
#4645 = CARTESIAN_POINT ( 'NONE',  ( -119.2844538275080737, 57.28231811979603094, -3.012814236801783174 ) ) ;
#4646 = CARTESIAN_POINT ( 'NONE',  ( 19.25377267620261534, 17.06706622704304266, -5.846449543846347296 ) ) ;
#4647 = EDGE_CURVE ( 'NONE', #4401, #11795, #4407, .T. ) ;
#4648 = AXIS2_PLACEMENT_3D ( 'NONE', #7598, #7657, #11341 ) ;
#4649 = EDGE_CURVE ( 'NONE', #7721, #3325, #11647, .T. ) ;
#4650 = LINE ( 'NONE', #8425, #6810 ) ;
#4651 = VECTOR ( 'NONE', #11114, 1000.000000000000000 ) ;
#4652 = CARTESIAN_POINT ( 'NONE',  ( -20.78202260024407977, -2.588630050091329959, -2.686416805943644626 ) ) ;
#4653 = CARTESIAN_POINT ( 'NONE',  ( -32.04424108330033505, 81.92589970062354610, -3.804406303003389223 ) ) ;
#4654 = DIRECTION ( 'NONE',  ( 4.263949503082960208E-15, 1.000000000000000000, 0.000000000000000000 ) ) ;
#4655 = EDGE_LOOP ( 'NONE', ( #11970, #7997, #10765, #2697 ) ) ;
#4656 = CARTESIAN_POINT ( 'NONE',  ( 19.16772100000000734, 16.98547018669192710, -6.399999999999995026 ) ) ;
#4657 = EDGE_LOOP ( 'NONE', ( #7192, #510, #9327, #4177 ) ) ;
#4658 = ORIENTED_EDGE ( 'NONE', *, *, #417, .F. ) ;
#4659 = AXIS2_PLACEMENT_3D ( 'NONE', #11667, #6927, #3334 ) ;
#4660 = CIRCLE ( 'NONE', #11507, 1.899999999999999467 ) ;
#4661 = EDGE_CURVE ( 'NONE', #2715, #599, #363, .T. ) ;
#4662 = ORIENTED_EDGE ( 'NONE', *, *, #7096, .F. ) ;
#4663 = DIRECTION ( 'NONE',  ( -0.9999999999999914513, 1.303162954756303595E-07, 0.000000000000000000 ) ) ;
#4664 = FACE_OUTER_BOUND ( 'NONE', #1409, .T. ) ;
#4665 = LINE ( 'NONE', #10408, #9632 ) ;
#4666 = FACE_OUTER_BOUND ( 'NONE', #11432, .T. ) ;
#4667 = CARTESIAN_POINT ( 'NONE',  ( 18.16772100000000378, 16.98547018669192710, -4.400000000000000355 ) ) ;
#4668 = CARTESIAN_POINT ( 'NONE',  ( -100.4494682978926932, 14.21232893047023182, -3.804406304015837570 ) ) ;
#4669 = CARTESIAN_POINT ( 'NONE',  ( -119.3174531788736346, 27.74861589434680198, -5.907889650112963409 ) ) ;
#4670 = AXIS2_PLACEMENT_3D ( 'NONE', #3899, #975, #2066 ) ;
#4671 = ORIENTED_EDGE ( 'NONE', *, *, #7776, .T. ) ;
#4672 = CARTESIAN_POINT ( 'NONE',  ( -119.3174262149657210, 28.93556015939507020, -2.400111776464701308 ) ) ;
#4673 = ORIENTED_EDGE ( 'NONE', *, *, #6805, .F. ) ;
#4674 = CARTESIAN_POINT ( 'NONE',  ( 19.20697270338961715, 18.04625851918304136, -2.953553224609518857 ) ) ;
#4675 = VERTEX_POINT ( 'NONE', #10377 ) ;
#4676 = ORIENTED_EDGE ( 'NONE', *, *, #5652, .T. ) ;
#4677 = EDGE_CURVE ( 'NONE', #11042, #2958, #3158, .T. ) ;
#4678 = ADVANCED_FACE ( 'NONE', ( #8657 ), #301, .T. ) ;
#4679 = DIRECTION ( 'NONE',  ( 0.000000000000000000, -1.000000000000000000, 0.000000000000000000 ) ) ;
#4680 = DIRECTION ( 'NONE',  ( 1.000000000000000000, 0.000000000000000000, 0.000000000000000000 ) ) ;
#4681 = DIRECTION ( 'NONE',  ( -0.9999999999999640288, 2.679728807195011801E-07, 0.000000000000000000 ) ) ;
#4682 = CIRCLE ( 'NONE', #2536, 2.000000000000001776 ) ;
#4683 = CARTESIAN_POINT ( 'NONE',  ( -20.78738910962481867, -2.650449393252797936, -5.286467621753250690 ) ) ;
#4684 = CARTESIAN_POINT ( 'NONE',  ( -118.3122720196896722, 27.06910750985032976, -4.400000000000000355 ) ) ;
#4685 = CARTESIAN_POINT ( 'NONE',  ( 0.9692723748556856256, 85.04471450914186903, 4.319858394450702299 ) ) ;
#4686 = DIRECTION ( 'NONE',  ( 1.000000000000000000, 0.000000000000000000, 0.000000000000000000 ) ) ;
#4687 = ORIENTED_EDGE ( 'NONE', *, *, #3116, .F. ) ;
#4688 = ORIENTED_EDGE ( 'NONE', *, *, #6151, .T. ) ;
#4689 = DIRECTION ( 'NONE',  ( 1.000000000000000000, 0.000000000000000000, 0.000000000000000000 ) ) ;
#4690 = VERTEX_POINT ( 'NONE', #2978 ) ;
#4691 = CARTESIAN_POINT ( 'NONE',  ( -49.66227902055459964, 2.244117980299764170, 5.399999999999998579 ) ) ;
#4692 = VECTOR ( 'NONE', #1003, 999.9999999999998863 ) ;
#4693 = ADVANCED_FACE ( 'NONE', ( #6696 ), #10620, .T. ) ;
#4694 = LINE ( 'NONE', #4634, #3789 ) ;
#4695 = LINE ( 'NONE', #2001, #9866 ) ;
#4696 = CARTESIAN_POINT ( 'NONE',  ( -2.693571648019224440, 12.78459705180366335, 4.400000000000000355 ) ) ;
#4697 = DIRECTION ( 'NONE',  ( 0.9999999999999837907, -1.798198651385039339E-07, 0.000000000000000000 ) ) ;
#4698 = AXIS2_PLACEMENT_3D ( 'NONE', #8712, #3825, #6748 ) ;
#4699 = CARTESIAN_POINT ( 'NONE',  ( 16.05859082457480724, 2.864296143744261336, -2.400000000000000355 ) ) ;
#4700 = DIRECTION ( 'NONE',  ( -0.000000000000000000, 0.000000000000000000, 1.000000000000000000 ) ) ;
#4701 = CARTESIAN_POINT ( 'NONE',  ( 19.17289495423048251, 47.76549072831053167, -5.990166134844020718 ) ) ;
#4702 = VERTEX_POINT ( 'NONE', #11677 ) ;
#4703 = ORIENTED_EDGE ( 'NONE', *, *, #438, .F. ) ;
#4704 = EDGE_CURVE ( 'NONE', #2988, #4779, #7057, .T. ) ;
#4705 = VERTEX_POINT ( 'NONE', #8033 ) ;
#4706 = CARTESIAN_POINT ( 'NONE',  ( -119.4050960405569413, 28.98401874209802287, -3.012814236802380918 ) ) ;
#4707 = CIRCLE ( 'NONE', #3929, 1.299999999999967848 ) ;
#4708 = FACE_OUTER_BOUND ( 'NONE', #7365, .T. ) ;
#4709 = LINE ( 'NONE', #3675, #5651 ) ;
#4710 = CARTESIAN_POINT ( 'NONE',  ( -21.48534894806353535, -2.583535326244870145, -3.828807813481549971 ) ) ;
#4711 = CARTESIAN_POINT ( 'NONE',  ( -34.81861526355650938, 81.88611653189680339, -5.506109694575008540 ) ) ;
#4712 = DIRECTION ( 'NONE',  ( 0.000000000000000000, -1.000000000000000000, -1.694065894508601171E-16 ) ) ;
#4713 = CIRCLE ( 'NONE', #6087, 1.625000000000001332 ) ;
#4714 = ORIENTED_EDGE ( 'NONE', *, *, #7021, .F. ) ;
#4715 = DIRECTION ( 'NONE',  ( 0.000000000000000000, 0.000000000000000000, 1.000000000000000000 ) ) ;
#4716 = DIRECTION ( 'NONE',  ( -0.000000000000000000, -0.000000000000000000, -1.000000000000000000 ) ) ;
#4717 = ORIENTED_EDGE ( 'NONE', *, *, #3019, .T. ) ;
#4718 = ORIENTED_EDGE ( 'NONE', *, *, #3735, .F. ) ;
#4719 = EDGE_CURVE ( 'NONE', #11249, #8640, #10455, .T. ) ;
#4720 = ORIENTED_EDGE ( 'NONE', *, *, #7077, .T. ) ;
#4721 = CARTESIAN_POINT ( 'NONE',  ( -80.21227201969415432, 0.000000000000000000, 5.399999999999998579 ) ) ;
#4722 = LINE ( 'NONE', #8624, #8529 ) ;
#4723 = CARTESIAN_POINT ( 'NONE',  ( -49.66227902055459964, 1.244117980299763726, 5.399999999999998579 ) ) ;
#4724 = VECTOR ( 'NONE', #2894, 1000.000000000000000 ) ;
#4725 = DIRECTION ( 'NONE',  ( 0.000000000000000000, 0.000000000000000000, -1.000000000000000000 ) ) ;
#4726 = CYLINDRICAL_SURFACE ( 'NONE', #7614, 0.5000000000000004441 ) ;
#4727 = CARTESIAN_POINT ( 'NONE',  ( -100.4494682978926789, 14.20129390037429751, -4.314918151673849067 ) ) ;
#4728 = CARTESIAN_POINT ( 'NONE',  ( 0.1973745926178452348, 85.20315140924874697, 3.646860244549433361 ) ) ;
#4729 = CARTESIAN_POINT ( 'NONE',  ( 15.02426926605177648, 80.62265846041056250, 3.379544369428681971 ) ) ;
#4730 = VERTEX_POINT ( 'NONE', #7977 ) ;
#4731 = CARTESIAN_POINT ( 'NONE',  ( 19.16843412342384667, 19.02545081132303295, -4.485088767640433183 ) ) ;
#4732 = EDGE_LOOP ( 'NONE', ( #4863, #8263, #2701, #9420 ) ) ;
#4733 = VECTOR ( 'NONE', #7929, 1000.000000000000000 ) ;
#4734 = EDGE_LOOP ( 'NONE', ( #7599, #4098, #9842, #5888 ) ) ;
#4735 = ADVANCED_FACE ( 'NONE', ( #11800 ), #1455, .F. ) ;
#4736 = EDGE_CURVE ( 'NONE', #4847, #9300, #8094, .T. ) ;
#4737 = DIRECTION ( 'NONE',  ( -0.000000000000000000, 0.000000000000000000, 1.000000000000000000 ) ) ;
#4738 = DIRECTION ( 'NONE',  ( 0.000000000000000000, -0.000000000000000000, -1.000000000000000000 ) ) ;
#4739 = DIRECTION ( 'NONE',  ( -2.646977960169688560E-23, 1.000000000000000000, 0.000000000000000000 ) ) ;
#4740 = PLANE ( 'NONE',  #7123 ) ;
#4741 = CARTESIAN_POINT ( 'NONE',  ( -32.20273056939226564, 81.84929779613740664, -2.800532715970757369 ) ) ;
#4742 = CARTESIAN_POINT ( 'NONE',  ( 1.069909431692526391, 85.02384220033400197, 4.360930161904597924 ) ) ;
#4743 = VECTOR ( 'NONE', #2027, 1000.000000000000227 ) ;
#4744 = LINE ( 'NONE', #10369, #9191 ) ;
#4745 = ORIENTED_EDGE ( 'NONE', *, *, #4362, .T. ) ;
#4746 = EDGE_CURVE ( 'NONE', #4690, #6406, #10804, .T. ) ;
#4747 = EDGE_LOOP ( 'NONE', ( #7838, #3093, #7080, #869 ) ) ;
#4748 = DIRECTION ( 'NONE',  ( 1.288939666242958913E-07, 0.9999999999999916733, 0.000000000000000000 ) ) ;
#4749 = ORIENTED_EDGE ( 'NONE', *, *, #11153, .F. ) ;
#4750 = CARTESIAN_POINT ( 'NONE',  ( 11.95859082457480049, -5.795957894100131291, -1.900000000000000355 ) ) ;
#4751 = CIRCLE ( 'NONE', #11598, 70.21297688990914310 ) ;
#4752 = FACE_BOUND ( 'NONE', #278, .T. ) ;
#4753 = DIRECTION ( 'NONE',  ( 0.000000000000000000, 0.000000000000000000, 1.000000000000000000 ) ) ;
#4754 = DIRECTION ( 'NONE',  ( -0.000000000000000000, -0.000000000000000000, -1.000000000000000000 ) ) ;
#4755 = PLANE ( 'NONE',  #7984 ) ;
#4756 = CARTESIAN_POINT ( 'NONE',  ( 4.956570240762231552E-07, 1.244098474650670916, -1.900000000000000355 ) ) ;
#4757 = EDGE_CURVE ( 'NONE', #11871, #5230, #2303, .T. ) ;
#4758 = VECTOR ( 'NONE', #10167, 1000.000000000000000 ) ;
#4759 = EDGE_CURVE ( 'NONE', #1623, #1115, #602, .T. ) ;
#4760 = CARTESIAN_POINT ( 'NONE',  ( -80.21367833427878224, 0.000000000000000000, 5.399999999999998579 ) ) ;
#4761 = LINE ( 'NONE', #5, #2695 ) ;
#4762 = ORIENTED_EDGE ( 'NONE', *, *, #5858, .T. ) ;
#4763 = ORIENTED_EDGE ( 'NONE', *, *, #7343, .T. ) ;
#4764 = AXIS2_PLACEMENT_3D ( 'NONE', #11296, #7615, #56 ) ;
#4765 = DIRECTION ( 'NONE',  ( -1.000000000000000000, 0.000000000000000000, 0.000000000000000000 ) ) ;
#4766 = VECTOR ( 'NONE', #3101, 1000.000000000000000 ) ;
#4767 = CARTESIAN_POINT ( 'NONE',  ( -9.060685030232763282, 14.34880972322573633, 7.399999999999998579 ) ) ;
#4768 = PLANE ( 'NONE',  #6589 ) ;
#4769 = ADVANCED_FACE ( 'NONE', ( #4319 ), #11860, .F. ) ;
#4770 = CARTESIAN_POINT ( 'NONE',  ( -21.10969295645731592, -2.496540271298546720, -2.360019375282908172 ) ) ;
#4771 = CIRCLE ( 'NONE', #1274, 0.3999999999999837019 ) ;
#4772 = CARTESIAN_POINT ( 'NONE',  ( -33.34982682535063248, 82.05421436362202314, -4.314918150661483764 ) ) ;
#4773 = AXIS2_PLACEMENT_3D ( 'NONE', #1079, #5839, #11287 ) ;
#4774 = FACE_OUTER_BOUND ( 'NONE', #1495, .T. ) ;
#4775 = VERTEX_POINT ( 'NONE', #6996 ) ;
#4776 = FACE_OUTER_BOUND ( 'NONE', #9844, .T. ) ;
#4777 = DIRECTION ( 'NONE',  ( 1.000000000000000000, 0.000000000000000000, 0.000000000000000000 ) ) ;
#4778 = ORIENTED_EDGE ( 'NONE', *, *, #8831, .T. ) ;
#4779 = VERTEX_POINT ( 'NONE', #3465 ) ;
#4780 = ORIENTED_EDGE ( 'NONE', *, *, #11153, .T. ) ;
#4781 = FACE_OUTER_BOUND ( 'NONE', #3565, .T. ) ;
#4782 = DIRECTION ( 'NONE',  ( -0.000000000000000000, -0.000000000000000000, -1.000000000000000000 ) ) ;
#4783 = LINE ( 'NONE', #12079, #3776 ) ;
#4784 = AXIS2_PLACEMENT_3D ( 'NONE', #3157, #8962, #5055 ) ;
#4785 = CIRCLE ( 'NONE', #2836, 1.000000000000000888 ) ;
#4786 = CARTESIAN_POINT ( 'NONE',  ( 0.000000000000000000, 85.84411100000001227, 5.399999999999998579 ) ) ;
#4787 = DIRECTION ( 'NONE',  ( 0.000000000000000000, 1.000000000000000000, -0.000000000000000000 ) ) ;
#4788 = CARTESIAN_POINT ( 'NONE',  ( -101.1022631593114767, 14.32959085725866721, -5.506109695587424468 ) ) ;
#4789 = EDGE_CURVE ( 'NONE', #8016, #10072, #8108, .T. ) ;
#4790 = CARTESIAN_POINT ( 'NONE',  ( 0.3225317474717322441, 85.17770625460192946, 3.830693559084565436 ) ) ;
#4791 = EDGE_LOOP ( 'NONE', ( #7097, #1874, #918, #460, #7040, #1280 ) ) ;
#4792 = CARTESIAN_POINT ( 'NONE',  ( 14.97351629733966227, 80.66219412190130811, 3.390614697781192621 ) ) ;
#4793 = FACE_OUTER_BOUND ( 'NONE', #9287, .T. ) ;
#4794 = AXIS2_PLACEMENT_3D ( 'NONE', #6814, #9577, #11300 ) ;
#4795 = ORIENTED_EDGE ( 'NONE', *, *, #4649, .T. ) ;
#4796 = AXIS2_PLACEMENT_3D ( 'NONE', #1938, #8352, #2916 ) ;
#4797 = ORIENTED_EDGE ( 'NONE', *, *, #62, .F. ) ;
#4798 = DIRECTION ( 'NONE',  ( -0.000000000000000000, 0.000000000000000000, 1.000000000000000000 ) ) ;
#4799 = DIRECTION ( 'NONE',  ( 0.000000000000000000, 0.000000000000000000, 1.000000000000000000 ) ) ;
#4800 = DIRECTION ( 'NONE',  ( 0.000000000000000000, 0.000000000000000000, 1.000000000000000000 ) ) ;
#4801 = DIRECTION ( 'NONE',  ( 1.000000000000000000, 0.000000000000000000, 0.000000000000000000 ) ) ;
#4802 = CARTESIAN_POINT ( 'NONE',  ( -32.10846222120869697, 81.84929617150640979, -5.905590306639194154 ) ) ;
#4803 = DIRECTION ( 'NONE',  ( 0.2588190399164174704, 0.9659258276786804043, 0.000000000000000000 ) ) ;
#4804 = AXIS2_PLACEMENT_3D ( 'NONE', #6802, #6624, #11476 ) ;
#4805 = ADVANCED_FACE ( 'NONE', ( #3344 ), #11614, .F. ) ;
#4806 = FACE_OUTER_BOUND ( 'NONE', #4267, .T. ) ;
#4807 = EDGE_CURVE ( 'NONE', #7231, #1961, #6145, .T. ) ;
#4808 = ORIENTED_EDGE ( 'NONE', *, *, #9377, .F. ) ;
#4809 = DIRECTION ( 'NONE',  ( 0.000000000000000000, -1.000000000000000000, 0.000000000000000000 ) ) ;
#4810 = ORIENTED_EDGE ( 'NONE', *, *, #330, .F. ) ;
#4811 = DIRECTION ( 'NONE',  ( 1.000000000000000000, 0.000000000000000000, 0.000000000000000000 ) ) ;
#4812 = VECTOR ( 'NONE', #2456, 1000.000000000000000 ) ;
#4813 = EDGE_CURVE ( 'NONE', #11591, #1860, #5382, .T. ) ;
#4814 = CARTESIAN_POINT ( 'NONE',  ( -10.83707281764268515, 1.923685030425932752, 4.400000000000000355 ) ) ;
#4815 = CARTESIAN_POINT ( 'NONE',  ( -67.43142950036545358, 81.84411100000002648, -1.900000000000000577 ) ) ;
#4816 = PLANE ( 'NONE',  #3401 ) ;
#4817 = DIRECTION ( 'NONE',  ( 1.492741799624945840E-62, 0.000000000000000000, -1.000000000000000000 ) ) ;
#4818 = CARTESIAN_POINT ( 'NONE',  ( 19.24950924874821823, 47.59828176962523827, -4.995599231674704654 ) ) ;
#4819 = CONICAL_SURFACE ( 'NONE', #5786, 0.1999999999999710343, 0.7853981633974819188 ) ;
#4820 = FACE_OUTER_BOUND ( 'NONE', #5138, .T. ) ;
#4821 = ORIENTED_EDGE ( 'NONE', *, *, #7425, .F. ) ;
#4822 = CARTESIAN_POINT ( 'NONE',  ( -25.65727168330931462, 19.83112779744591236, 7.099999999999990763 ) ) ;
#4823 = ORIENTED_EDGE ( 'NONE', *, *, #6391, .T. ) ;
#4824 = ORIENTED_EDGE ( 'NONE', *, *, #2803, .T. ) ;
#4825 = VECTOR ( 'NONE', #4898, 1000.000000000000114 ) ;
#4826 = EDGE_CURVE ( 'NONE', #1771, #3144, #1336, .T. ) ;
#4827 = DIRECTION ( 'NONE',  ( -1.288939664294365441E-07, -0.9999999999999916733, 0.000000000000000000 ) ) ;
#4828 = EDGE_CURVE ( 'NONE', #7440, #8482, #3831, .T. ) ;
#4829 = CARTESIAN_POINT ( 'NONE',  ( -119.5223753833100488, 59.15418935909964659, -4.481602675009022541 ) ) ;
#4830 = CARTESIAN_POINT ( 'NONE',  ( -20.44455569522299143, -2.644158611668201875, -6.113584520526684329 ) ) ;
#4831 = CIRCLE ( 'NONE', #5222, 1.000000000000000888 ) ;
#4832 = CARTESIAN_POINT ( 'NONE',  ( -34.00262168677546981, 82.03681924107809209, -4.314918150661483764 ) ) ;
#4833 = CARTESIAN_POINT ( 'NONE',  ( -74.18728330292589135, 19.29411698796796415, -1.499999999999999556 ) ) ;
#4834 = DIRECTION ( 'NONE',  ( 0.000000000000000000, 0.7071067811865148212, -0.7071067811865802133 ) ) ;
#4835 = CARTESIAN_POINT ( 'NONE',  ( -71.22945973850403334, 81.84921998702292001, -3.514418314504467844 ) ) ;
#4836 = EDGE_LOOP ( 'NONE', ( #6027, #3427, #4303, #6819 ) ) ;
#4837 = ORIENTED_EDGE ( 'NONE', *, *, #5200, .F. ) ;
#4838 = FACE_OUTER_BOUND ( 'NONE', #2480, .T. ) ;
#4839 = EDGE_CURVE ( 'NONE', #4730, #1951, #9945, .T. ) ;
#4840 = CARTESIAN_POINT ( 'NONE',  ( -67.71784497951759363, 81.78812692920575955, -2.613211991846879023 ) ) ;
#4841 = CARTESIAN_POINT ( 'NONE',  ( -30.51227900000000659, 80.84411100000002648, 4.400000000000000355 ) ) ;
#4842 = CARTESIAN_POINT ( 'NONE',  ( -80.51367833427879361, 72.84410401970065152, 7.100000000000059153 ) ) ;
#4843 = FACE_OUTER_BOUND ( 'NONE', #9355, .T. ) ;
#4844 = DIRECTION ( 'NONE',  ( 0.000000000000000000, 0.000000000000000000, -1.000000000000000000 ) ) ;
#4845 = CARTESIAN_POINT ( 'NONE',  ( -101.1022631593114767, 14.30124821250794653, -3.804406304015837570 ) ) ;
#4846 = CARTESIAN_POINT ( 'NONE',  ( 2.693571334484981872, -12.78459651987844481, 5.399999999999998579 ) ) ;
#4847 = VERTEX_POINT ( 'NONE', #1572 ) ;
#4848 = CARTESIAN_POINT ( 'NONE',  ( 14.94937431704518183, 80.68100233291478673, 3.394498250868525968 ) ) ;
#4849 = VECTOR ( 'NONE', #962, 1000.000000000000000 ) ;
#4850 = DIRECTION ( 'NONE',  ( 0.000000000000000000, -0.000000000000000000, -1.000000000000000000 ) ) ;
#4851 = AXIS2_PLACEMENT_3D ( 'NONE', #4031, #7638, #382 ) ;
#4852 = ORIENTED_EDGE ( 'NONE', *, *, #8203, .T. ) ;
#4853 = ORIENTED_EDGE ( 'NONE', *, *, #4012, .T. ) ;
#4854 = ADVANCED_FACE ( 'NONE', ( #9020 ), #3285, .T. ) ;
#4855 = CARTESIAN_POINT ( 'NONE',  ( 18.16772100000000378, 48.98547018669192710, -4.400000000000000355 ) ) ;
#4856 = DIRECTION ( 'NONE',  ( -0.9999999999999837907, 1.798198670589262281E-07, 0.000000000000000000 ) ) ;
#4857 = DIRECTION ( 'NONE',  ( -0.000000000000000000, 0.000000000000000000, 1.000000000000000000 ) ) ;
#4858 = CARTESIAN_POINT ( 'NONE',  ( -22.39843454676887902, -2.218808803864213530, -6.400046099764419516 ) ) ;
#4859 = CARTESIAN_POINT ( 'NONE',  ( -31.63337380091726203, 81.84921996461743277, -5.285564627780159341 ) ) ;
#4860 = DIRECTION ( 'NONE',  ( -0.000000000000000000, -0.000000000000000000, -1.000000000000000000 ) ) ;
#4861 = VECTOR ( 'NONE', #1819, 1000.000000000000000 ) ;
#4862 = CARTESIAN_POINT ( 'NONE',  ( -18.56226043005733217, 81.84410925728559505, -1.900000000000000355 ) ) ;
#4863 = ORIENTED_EDGE ( 'NONE', *, *, #658, .T. ) ;
#4864 = CARTESIAN_POINT ( 'NONE',  ( 8.888494782936717797, -4.876320549734168175, 5.399999999999998579 ) ) ;
#4865 = ORIENTED_EDGE ( 'NONE', *, *, #8523, .F. ) ;
#4866 = VECTOR ( 'NONE', #2981, 999.9999999999998863 ) ;
#4867 = CARTESIAN_POINT ( 'NONE',  ( -0.000000000000000000, 85.84410401969522297, -1.900000000000000355 ) ) ;
#4868 = EDGE_CURVE ( 'NONE', #7974, #7069, #2465, .T. ) ;
#4869 = DIRECTION ( 'NONE',  ( -1.798198670589261486E-07, -0.9999999999999839018, -0.000000000000000000 ) ) ;
#4870 = EDGE_CURVE ( 'NONE', #7368, #2513, #9078, .T. ) ;
#4871 = DIRECTION ( 'NONE',  ( 0.000000000000000000, 0.000000000000000000, 1.000000000000000000 ) ) ;
#4872 = DIRECTION ( 'NONE',  ( -0.000000000000000000, -0.000000000000000000, 1.000000000000000000 ) ) ;
#4873 = DIRECTION ( 'NONE',  ( -2.646977960169688560E-23, 1.000000000000000000, -0.000000000000000000 ) ) ;
#4874 = DIRECTION ( 'NONE',  ( -1.000000000000000000, 0.000000000000000000, 0.000000000000000000 ) ) ;
#4875 = CARTESIAN_POINT ( 'NONE',  ( 19.26054465089441692, 47.59828176962523827, -4.485088767641717489 ) ) ;
#4876 = CARTESIAN_POINT ( 'NONE',  ( -8.422097051803664414, 4.862499999999999822, 4.400000000000000355 ) ) ;
#4877 = ORIENTED_EDGE ( 'NONE', *, *, #7465, .F. ) ;
#4878 = EDGE_CURVE ( 'NONE', #10188, #2760, #1631, .T. ) ;
#4879 = DIRECTION ( 'NONE',  ( 0.9999999999999839018, -1.798198670589262016E-07, 0.000000000000000000 ) ) ;
#4880 = CARTESIAN_POINT ( 'NONE',  ( 19.16772100000002865, 25.98547018669193065, 1.699999999999992184 ) ) ;
#4881 = EDGE_CURVE ( 'NONE', #5944, #2970, #3649, .T. ) ;
#4882 = CARTESIAN_POINT ( 'NONE',  ( 15.54023541541209319, 81.49168413620402873, 4.422946952441990653 ) ) ;
#4883 = EDGE_LOOP ( 'NONE', ( #6330, #10026, #3657, #20 ) ) ;
#4884 = DIRECTION ( 'NONE',  ( 0.9659258276786801822, -0.2588190399164180255, 0.000000000000000000 ) ) ;
#4885 = CARTESIAN_POINT ( 'NONE',  ( -119.3129851229406029, 58.98401874329225336, -6.439980624619756178 ) ) ;
#4886 = AXIS2_PLACEMENT_3D ( 'NONE', #6906, #4962, #3071 ) ;
#4887 = CARTESIAN_POINT ( 'NONE',  ( -21.47442646149261591, -2.542772051338906270, -5.460792313117128316 ) ) ;
#4888 = EDGE_CURVE ( 'NONE', #7548, #3598, #5470, .T. ) ;
#4889 = CARTESIAN_POINT ( 'NONE',  ( -34.81861526355650938, 81.88611686367259779, -3.293894455345293792 ) ) ;
#4890 = LINE ( 'NONE', #5989, #9537 ) ;
#4891 = LINE ( 'NONE', #7579, #488 ) ;
#4892 = LINE ( 'NONE', #9722, #7558 ) ;
#4893 = ORIENTED_EDGE ( 'NONE', *, *, #2990, .T. ) ;
#4894 = AXIS2_PLACEMENT_3D ( 'NONE', #6627, #4064, #10489 ) ;
#4895 = ORIENTED_EDGE ( 'NONE', *, *, #10185, .F. ) ;
#4896 = DIRECTION ( 'NONE',  ( 0.000000000000000000, 0.000000000000000000, 1.000000000000000000 ) ) ;
#4897 = CARTESIAN_POINT ( 'NONE',  ( -69.51302554072671569, 82.03599223824916464, -4.995599230578825711 ) ) ;
#4898 = DIRECTION ( 'NONE',  ( -0.9999999999999837907, 1.798198670589261751E-07, 0.000000000000000000 ) ) ;
#4899 = CARTESIAN_POINT ( 'NONE',  ( 12.91510144626957945, 89.51034620282372600, -1.900000000000000355 ) ) ;
#4900 = CARTESIAN_POINT ( 'NONE',  ( -121.3122790047357000, 16.94879718977744432, 6.400000000000025224 ) ) ;
#4901 = LINE ( 'NONE', #9366, #3525 ) ;
#4902 = DIRECTION ( 'NONE',  ( -0.000000000000000000, -0.000000000000000000, -1.000000000000000000 ) ) ;
#4903 = VECTOR ( 'NONE', #8130, 1000.000000000000000 ) ;
#4904 = FACE_OUTER_BOUND ( 'NONE', #5107, .T. ) ;
#4905 = ORIENTED_EDGE ( 'NONE', *, *, #8885, .F. ) ;
#4906 = EDGE_CURVE ( 'NONE', #10130, #3543, #11253, .T. ) ;
#4907 = DIRECTION ( 'NONE',  ( 1.000000000000000000, 0.000000000000000000, 0.000000000000000000 ) ) ;
#4908 = CARTESIAN_POINT ( 'NONE',  ( -49.66227902055459964, 1.244117980299763726, 7.099999999999989875 ) ) ;
#4909 = ORIENTED_EDGE ( 'NONE', *, *, #1459, .F. ) ;
#4910 = EDGE_CURVE ( 'NONE', #7231, #11925, #9201, .T. ) ;
#4911 = ORIENTED_EDGE ( 'NONE', *, *, #3454, .T. ) ;
#4912 = CARTESIAN_POINT ( 'NONE',  ( 13.55859082457480724, -1.465830875177938308, 5.399999999999998579 ) ) ;
#4913 = VERTEX_POINT ( 'NONE', #8342 ) ;
#4914 = ORIENTED_EDGE ( 'NONE', *, *, #4281, .F. ) ;
#4915 = VECTOR ( 'NONE', #9900, 1000.000000000000114 ) ;
#4916 = DIRECTION ( 'NONE',  ( -0.9659258276786804043, 0.2588190399164175259, 0.000000000000000000 ) ) ;
#4917 = PLANE ( 'NONE',  #5794 ) ;
#4918 = LINE ( 'NONE', #8707, #10403 ) ;
#4919 = DIRECTION ( 'NONE',  ( 0.000000000000000000, -1.000000000000000000, 0.000000000000000000 ) ) ;
#4920 = CARTESIAN_POINT ( 'NONE',  ( -32.78703797768913830, 81.84921031013521997, -2.502179371781108497 ) ) ;
#4921 = DIRECTION ( 'NONE',  ( 0.000000000000000000, 0.000000000000000000, 1.000000000000000000 ) ) ;
#4922 = DIRECTION ( 'NONE',  ( -0.000000000000000000, -0.000000000000000000, -1.000000000000000000 ) ) ;
#4923 = CARTESIAN_POINT ( 'NONE',  ( -60.16227158493175153, 85.84411100000001227, 5.399999999999998579 ) ) ;
#4924 = VERTEX_POINT ( 'NONE', #780 ) ;
#4925 = AXIS2_PLACEMENT_3D ( 'NONE', #8920, #9654, #9838 ) ;
#4926 = EDGE_CURVE ( 'NONE', #8121, #7038, #4497, .T. ) ;
#4927 = CARTESIAN_POINT ( 'NONE',  ( -30.71227899999999167, 7.232599173267165504, 7.099999999999989875 ) ) ;
#4928 = VERTEX_POINT ( 'NONE', #3526 ) ;
#4929 = DIRECTION ( 'NONE',  ( 1.000000000000000000, 0.000000000000000000, 0.000000000000000000 ) ) ;
#4930 = LINE ( 'NONE', #6633, #4595 ) ;
#4931 = AXIS2_PLACEMENT_3D ( 'NONE', #9647, #9470, #1286 ) ;
#4932 = DIRECTION ( 'NONE',  ( 0.000000000000000000, 1.000000000000000000, 0.000000000000000000 ) ) ;
#4933 = DIRECTION ( 'NONE',  ( 0.7071067811865422437, 0.000000000000000000, 0.7071067811865529018 ) ) ;
#4934 = DIRECTION ( 'NONE',  ( -1.798198670589261486E-07, -0.9999999999999839018, -0.000000000000000000 ) ) ;
#4935 = CARTESIAN_POINT ( 'NONE',  ( 19.24664926377513652, 47.92467787340756047, -3.293894456394887094 ) ) ;
#4936 = CARTESIAN_POINT ( 'NONE',  ( -22.35370608041266749, 77.84411100000002648, 4.400000000000000355 ) ) ;
#4937 = EDGE_CURVE ( 'NONE', #7834, #4525, #10066, .T. ) ;
#4938 = ORIENTED_EDGE ( 'NONE', *, *, #9418, .T. ) ;
#4939 = AXIS2_PLACEMENT_3D ( 'NONE', #11931, #7252, #6497 ) ;
#4940 = CARTESIAN_POINT ( 'NONE',  ( 9.171201013508521369E-05, 80.84403429840438093, 5.399999999999998579 ) ) ;
#4941 = LINE ( 'NONE', #314, #6931 ) ;
#4942 = ORIENTED_EDGE ( 'NONE', *, *, #960, .F. ) ;
#4943 = CARTESIAN_POINT ( 'NONE',  ( -119.2681031525755913, 31.19623674881175646, -3.339211667515419091 ) ) ;
#4944 = CARTESIAN_POINT ( 'NONE',  ( -119.3167192701610588, 60.17521305394346598, -2.686416806089063858 ) ) ;
#4945 = AXIS2_PLACEMENT_3D ( 'NONE', #9186, #27, #3743 ) ;
#4946 = CARTESIAN_POINT ( 'NONE',  ( -22.65447754176706852, -2.344371935151422282, -4.971197494143035911 ) ) ;
#4947 = EDGE_CURVE ( 'NONE', #7547, #8778, #8114, .T. ) ;
#4948 = ADVANCED_FACE ( 'NONE', ( #3588 ), #2725, .T. ) ;
#4949 = CARTESIAN_POINT ( 'NONE',  ( -34.81861526355650938, 81.85180156628609893, -2.953553223573229580 ) ) ;
#4950 = DIRECTION ( 'NONE',  ( -0.02449038290409118537, -0.9997000655922809731, 0.000000000000000000 ) ) ;
#4951 = CARTESIAN_POINT ( 'NONE',  ( -41.41227819873825666, 0.000000000000000000, 7.399999999999998579 ) ) ;
#4952 = CARTESIAN_POINT ( 'NONE',  ( -10.63726043005729416, 81.84410925728559505, -1.900000000000000355 ) ) ;
#4953 = ORIENTED_EDGE ( 'NONE', *, *, #2895, .T. ) ;
#4954 = VECTOR ( 'NONE', #676, 1000.000000000000000 ) ;
#4955 = ORIENTED_EDGE ( 'NONE', *, *, #3786, .T. ) ;
#4956 = CARTESIAN_POINT ( 'NONE',  ( 0.8677339247136524047, 84.36378078824772331, 2.799999999999989164 ) ) ;
#4957 = CARTESIAN_POINT ( 'NONE',  ( -69.51302554072671569, 81.97710188127030051, -3.293894455382963660 ) ) ;
#4958 = DIRECTION ( 'NONE',  ( 0.000000000000000000, 0.000000000000000000, 1.000000000000000000 ) ) ;
#4959 = CARTESIAN_POINT ( 'NONE',  ( -20.59056671349124912, -2.697889486621138033, 0.6000000000000015321 ) ) ;
#4960 = EDGE_CURVE ( 'NONE', #8789, #10907, #12095, .T. ) ;
#4961 = CARTESIAN_POINT ( 'NONE',  ( -97.26544758163933579, 14.28900854655804764, -5.287988171786464520 ) ) ;
#4962 = DIRECTION ( 'NONE',  ( -0.000000000000000000, 0.000000000000000000, 1.000000000000000000 ) ) ;
#4963 = CARTESIAN_POINT ( 'NONE',  ( -69.30092754496453722, 81.84921654628880106, -2.399999999999999023 ) ) ;
#4964 = VECTOR ( 'NONE', #9999, 999.9999999999998863 ) ;
#4965 = CONICAL_SURFACE ( 'NONE', #8473, 213.9018163591636323, 0.7023137213328599637 ) ;
#4966 = PLANE ( 'NONE',  #11558 ) ;
#4967 = CARTESIAN_POINT ( 'NONE',  ( 15.00433289754879773, 80.63819555454250576, 3.384647650078276726 ) ) ;
#4968 = LINE ( 'NONE', #5825, #11305 ) ;
#4969 = EDGE_LOOP ( 'NONE', ( #2310, #4253, #4780, #263 ) ) ;
#4970 = ORIENTED_EDGE ( 'NONE', *, *, #7610, .F. ) ;
#4971 = ORIENTED_EDGE ( 'NONE', *, *, #3290, .F. ) ;
#4972 = VECTOR ( 'NONE', #3770, 1000.000000000000000 ) ;
#4973 = CIRCLE ( 'NONE', #11833, 1.000000000000000888 ) ;
#4974 = CARTESIAN_POINT ( 'NONE',  ( -63.05759268073793322, 2.898797320354307594, 6.400000000000025224 ) ) ;
#4975 = CARTESIAN_POINT ( 'NONE',  ( 15.16381407926160207, 80.51338177773210703, 3.322216995306140674 ) ) ;
#4976 = DIRECTION ( 'NONE',  ( 0.000000000000000000, 0.000000000000000000, 1.000000000000000000 ) ) ;
#4977 = EDGE_CURVE ( 'NONE', #4620, #82, #4563, .T. ) ;
#4978 = LINE ( 'NONE', #11537, #2455 ) ;
#4979 = DIRECTION ( 'NONE',  ( -0.000000000000000000, -0.000000000000000000, 1.000000000000000000 ) ) ;
#4980 = EDGE_CURVE ( 'NONE', #8134, #3568, #6443, .T. ) ;
#4981 = DIRECTION ( 'NONE',  ( 0.000000000000000000, 0.000000000000000000, -1.000000000000000000 ) ) ;
#4982 = FACE_OUTER_BOUND ( 'NONE', #10024, .T. ) ;
#4983 = DIRECTION ( 'NONE',  ( -0.000000000000000000, -0.000000000000000000, 1.000000000000000000 ) ) ;
#4984 = AXIS2_PLACEMENT_3D ( 'NONE', #2364, #11551, #6144 ) ;
#4985 = ORIENTED_EDGE ( 'NONE', *, *, #8993, .F. ) ;
#4986 = VECTOR ( 'NONE', #8974, 1000.000000000000000 ) ;
#4987 = VERTEX_POINT ( 'NONE', #2669 ) ;
#4988 = FACE_OUTER_BOUND ( 'NONE', #204, .T. ) ;
#4989 = VECTOR ( 'NONE', #3497, 1000.000000000000000 ) ;
#4990 = FACE_OUTER_BOUND ( 'NONE', #11212, .T. ) ;
#4991 = DIRECTION ( 'NONE',  ( 0.000000000000000000, 0.000000000000000000, 1.000000000000000000 ) ) ;
#4992 = EDGE_CURVE ( 'NONE', #5123, #7568, #718, .T. ) ;
#4993 = DIRECTION ( 'NONE',  ( 0.000000000000000000, 0.000000000000000000, 1.000000000000000000 ) ) ;
#4994 = DIRECTION ( 'NONE',  ( 1.000000000000000000, 0.000000000000000000, 0.000000000000000000 ) ) ;
#4995 = CARTESIAN_POINT ( 'NONE',  ( 19.16656511646180050, 47.92467787340756047, -2.613211992825268837 ) ) ;
#4996 = DIRECTION ( 'NONE',  ( 0.8660254037844387076, -0.4999999999999998890, 0.000000000000000000 ) ) ;
#4997 = CARTESIAN_POINT ( 'NONE',  ( -23.14479968496120321, -2.018767552908280472, -2.501627141937709631 ) ) ;
#4998 = EDGE_LOOP ( 'NONE', ( #248, #10522, #10966, #3442 ) ) ;
#4999 = AXIS2_PLACEMENT_3D ( 'NONE', #1443, #468, #9687 ) ;
#5000 = ORIENTED_EDGE ( 'NONE', *, *, #2768, .F. ) ;
#5001 = VERTEX_POINT ( 'NONE', #8156 ) ;
#5002 = DIRECTION ( 'NONE',  ( 1.000000000000000000, 0.000000000000000000, 0.000000000000000000 ) ) ;
#5003 = CARTESIAN_POINT ( 'NONE',  ( 19.16772100000000734, 0.000000000000000000, -1.900000000000000355 ) ) ;
#5004 = ORIENTED_EDGE ( 'NONE', *, *, #2564, .F. ) ;
#5005 = CARTESIAN_POINT ( 'NONE',  ( 19.16772100000000734, 46.98547018669193420, -4.400000000000000355 ) ) ;
#5006 = EDGE_CURVE ( 'NONE', #8574, #1329, #11048, .T. ) ;
#5007 = CARTESIAN_POINT ( 'NONE',  ( -119.4364644471413328, 58.47350827951456864, -3.339211667514504267 ) ) ;
#5008 = DIRECTION ( 'NONE',  ( 0.9999999999999837907, -1.798198651385039339E-07, 0.000000000000000000 ) ) ;
#5009 = AXIS2_PLACEMENT_3D ( 'NONE', #3925, #9551, #150 ) ;
#5010 = CARTESIAN_POINT ( 'NONE',  ( -22.65447768568451892, -2.344372471739394115, -3.828807813623939627 ) ) ;
#5011 = CARTESIAN_POINT ( 'NONE',  ( -35.47141012498134671, 81.84482414622102908, -4.314918150661483764 ) ) ;
#5012 = LINE ( 'NONE', #199, #5239 ) ;
#5013 = VECTOR ( 'NONE', #3923, 1000.000000000000114 ) ;
#5014 = DIRECTION ( 'NONE',  ( 0.000000000000000000, -0.000000000000000000, -1.000000000000000000 ) ) ;
#5015 = CARTESIAN_POINT ( 'NONE',  ( -70.43477253496280355, 81.84925085820721335, -2.664983870333611282 ) ) ;
#5016 = VERTEX_POINT ( 'NONE', #3761 ) ;
#5017 = ORIENTED_EDGE ( 'NONE', *, *, #6512, .T. ) ;
#5018 = VERTEX_POINT ( 'NONE', #11163 ) ;
#5019 = DIRECTION ( 'NONE',  ( 1.492741799624945840E-62, 0.000000000000000000, -1.000000000000000000 ) ) ;
#5020 = EDGE_CURVE ( 'NONE', #1785, #9224, #2605, .T. ) ;
#5021 = CARTESIAN_POINT ( 'NONE',  ( -68.37063718708466808, 81.96830287383551195, -4.995599230578825711 ) ) ;
#5022 = LINE ( 'NONE', #10527, #8331 ) ;
#5023 = EDGE_CURVE ( 'NONE', #11899, #6097, #10464, .T. ) ;
#5024 = DIRECTION ( 'NONE',  ( 0.000000000000000000, 0.7071067811865802133, 0.7071067811865149322 ) ) ;
#5025 = LINE ( 'NONE', #11829, #4812 ) ;
#5026 = FACE_OUTER_BOUND ( 'NONE', #6141, .T. ) ;
#5027 = FACE_OUTER_BOUND ( 'NONE', #68, .T. ) ;
#5028 = AXIS2_PLACEMENT_3D ( 'NONE', #6842, #10585, #10848 ) ;
#5029 = CARTESIAN_POINT ( 'NONE',  ( -3.011561448594455465E-07, -0.7559015253491809805, 7.399999999999998579 ) ) ;
#5030 = ORIENTED_EDGE ( 'NONE', *, *, #4055, .F. ) ;
#5031 = CARTESIAN_POINT ( 'NONE',  ( 3.417732932166567483, 78.84410636578344622, -1.800000000000000933 ) ) ;
#5032 = ORIENTED_EDGE ( 'NONE', *, *, #5781, .F. ) ;
#5033 = ORIENTED_EDGE ( 'NONE', *, *, #11975, .T. ) ;
#5034 = ORIENTED_EDGE ( 'NONE', *, *, #2418, .F. ) ;
#5035 = VERTEX_POINT ( 'NONE', #4684 ) ;
#5036 = VECTOR ( 'NONE', #6342, 1000.000000000000000 ) ;
#5037 = DIRECTION ( 'NONE',  ( 1.000000000000000000, 0.000000000000000000, 0.000000000000000000 ) ) ;
#5038 = DIRECTION ( 'NONE',  ( -0.8660254037844387076, 0.4999999999999998890, 0.000000000000000000 ) ) ;
#5039 = DIRECTION ( 'NONE',  ( 1.000000000000000000, 0.000000000000000000, 0.000000000000000000 ) ) ;
#5040 = CARTESIAN_POINT ( 'NONE',  ( -10.83707281764268515, 1.923685030425932752, 7.399999999999998579 ) ) ;
#5041 = DIRECTION ( 'NONE',  ( -0.5000000000000002220, -0.8660254037844384856, -0.000000000000000000 ) ) ;
#5042 = DIRECTION ( 'NONE',  ( 0.7071067811865802133, 0.000000000000000000, 0.7071067811865149322 ) ) ;
#5043 = CARTESIAN_POINT ( 'NONE',  ( 19.17282998673897509, 15.18743994855328161, -5.285581685495231774 ) ) ;
#5044 = VECTOR ( 'NONE', #9864, 1000.000000000000000 ) ;
#5045 = VECTOR ( 'NONE', #2203, 1000.000000000000000 ) ;
#5046 = ORIENTED_EDGE ( 'NONE', *, *, #5344, .F. ) ;
#5047 = EDGE_LOOP ( 'NONE', ( #4082, #6932, #9072, #1902 ) ) ;
#5048 = CARTESIAN_POINT ( 'NONE',  ( 9.171201013508521369E-05, 80.84403429840438093, -1.900000000000000355 ) ) ;
#5049 = ORIENTED_EDGE ( 'NONE', *, *, #2151, .T. ) ;
#5050 = EDGE_CURVE ( 'NONE', #8896, #9405, #5741, .T. ) ;
#5051 = EDGE_CURVE ( 'NONE', #3543, #1449, #2905, .T. ) ;
#5052 = LINE ( 'NONE', #2421, #7104 ) ;
#5053 = VECTOR ( 'NONE', #7847, 1000.000000000000114 ) ;
#5054 = VECTOR ( 'NONE', #8464, 1000.000000000000000 ) ;
#5055 = DIRECTION ( 'NONE',  ( 1.000000000000000000, 0.000000000000000000, 0.000000000000000000 ) ) ;
#5056 = CARTESIAN_POINT ( 'NONE',  ( 19.16772100000001444, 12.48788592914254103, 7.399999999999998579 ) ) ;
#5057 = CARTESIAN_POINT ( 'NONE',  ( 3.420366336065539858, 78.84410636530991212, -1.900000000000000355 ) ) ;
#5058 = CARTESIAN_POINT ( 'NONE',  ( -61.76227900000000659, 23.29411100000000090, 4.400000000000000355 ) ) ;
#5059 = CARTESIAN_POINT ( 'NONE',  ( -97.34869801388583710, 14.25570155155323171, -4.995599231573638832 ) ) ;
#5060 = CARTESIAN_POINT ( 'NONE',  ( 19.30071180931907904, 48.90386751168765755, -3.293894456394887094 ) ) ;
#5061 = DIRECTION ( 'NONE',  ( -0.000000000000000000, 0.000000000000000000, 1.000000000000000000 ) ) ;
#5062 = ORIENTED_EDGE ( 'NONE', *, *, #8029, .T. ) ;
#5063 = AXIS2_PLACEMENT_3D ( 'NONE', #10080, #9035, #793 ) ;
#5064 = ORIENTED_EDGE ( 'NONE', *, *, #12064, .T. ) ;
#5065 = EDGE_CURVE ( 'NONE', #599, #5647, #11059, .T. ) ;
#5066 = ADVANCED_FACE ( 'NONE', ( #5837 ), #7666, .F. ) ;
#5067 = FACE_OUTER_BOUND ( 'NONE', #4190, .T. ) ;
#5068 = CARTESIAN_POINT ( 'NONE',  ( -118.3122720196896722, 71.84411113364974710, -1.900000000000000355 ) ) ;
#5069 = CARTESIAN_POINT ( 'NONE',  ( -119.4491622695809241, 58.98401874329225336, -3.339211667514504711 ) ) ;
#5070 = VECTOR ( 'NONE', #1893, 1000.000000000000000 ) ;
#5071 = LINE ( 'NONE', #9897, #772 ) ;
#5072 = CARTESIAN_POINT ( 'NONE',  ( -23.58165330513859459, -1.859706359748868332, -2.360019375583975343 ) ) ;
#5073 = DIRECTION ( 'NONE',  ( 1.000000000000000000, 0.000000000000000000, 0.000000000000000000 ) ) ;
#5074 = DIRECTION ( 'NONE',  ( 0.000000000000000000, -0.000000000000000000, -1.000000000000000000 ) ) ;
#5075 = EDGE_CURVE ( 'NONE', #11355, #10760, #6161, .T. ) ;
#5076 = CARTESIAN_POINT ( 'NONE',  ( -119.3122720196896722, 61.06910750985031910, -4.400000000000000355 ) ) ;
#5077 = CARTESIAN_POINT ( 'NONE',  ( -71.41847181789971444, 81.84926227531241238, -4.137767983894817370 ) ) ;
#5078 = ORIENTED_EDGE ( 'NONE', *, *, #803, .F. ) ;
#5079 = ORIENTED_EDGE ( 'NONE', *, *, #2751, .F. ) ;
#5080 = CARTESIAN_POINT ( 'NONE',  ( -119.2225815481557163, 26.94197826950643915, -6.113584520843605929 ) ) ;
#5081 = AXIS2_PLACEMENT_3D ( 'NONE', #3008, #5638, #1181 ) ;
#5082 = CARTESIAN_POINT ( 'NONE',  ( -68.86023200622652496, 81.91999793128852048, -5.846449542710238312 ) ) ;
#5083 = DIRECTION ( 'NONE',  ( 1.000000000000000000, 0.000000000000000000, 0.000000000000000000 ) ) ;
#5084 = DIRECTION ( 'NONE',  ( 0.000000000000000000, -1.000000000000000000, 0.000000000000000000 ) ) ;
#5085 = CARTESIAN_POINT ( 'NONE',  ( -97.12640267824991724, 14.28899467896911268, -4.918996443541115760 ) ) ;
#5086 = DIRECTION ( 'NONE',  ( 0.000000000000000000, -0.000000000000000000, 1.000000000000000000 ) ) ;
#5087 = FACE_OUTER_BOUND ( 'NONE', #7686, .T. ) ;
#5088 = DIRECTION ( 'NONE',  ( 0.9999999999993565147, -1.134431389167281103E-06, 0.000000000000000000 ) ) ;
#5089 = ORIENTED_EDGE ( 'NONE', *, *, #4148, .T. ) ;
#5090 = DIRECTION ( 'NONE',  ( -1.000000000000000000, 0.000000000000000000, 0.000000000000000000 ) ) ;
#5091 = AXIS2_PLACEMENT_3D ( 'NONE', #9445, #1932, #5716 ) ;
#5092 = ORIENTED_EDGE ( 'NONE', *, *, #4926, .F. ) ;
#5093 = EDGE_CURVE ( 'NONE', #2970, #10504, #2657, .T. ) ;
#5094 = EDGE_LOOP ( 'NONE', ( #6437, #2036, #4619, #9196, #8387, #8058, #2540, #2687, #715, #5227, #801, #8847, #6991, #9273, #4745, #1439, #3327, #185, #7398, #10648, #11266, #877, #6139, #11480, #9372, #6425, #8136, #8122, #11073, #7895, #12074, #1297 ) ) ;
#5095 = DIRECTION ( 'NONE',  ( -1.000000000000000000, 0.000000000000000000, 0.000000000000000000 ) ) ;
#5096 = EDGE_LOOP ( 'NONE', ( #7502, #5188, #1345, #6971 ) ) ;
#5097 = DIRECTION ( 'NONE',  ( 0.000000000000000000, 0.000000000000000000, -1.000000000000000000 ) ) ;
#5098 = ORIENTED_EDGE ( 'NONE', *, *, #3468, .T. ) ;
#5099 = EDGE_LOOP ( 'NONE', ( #9206, #10283, #3918, #3123 ) ) ;
#5100 = DIRECTION ( 'NONE',  ( 0.000000000000000000, 0.000000000000000000, 1.000000000000000000 ) ) ;
#5101 = DIRECTION ( 'NONE',  ( -0.000000000000000000, -0.000000000000000000, -1.000000000000000000 ) ) ;
#5102 = CARTESIAN_POINT ( 'NONE',  ( -97.06228253471061862, 15.29411798029987679, -4.400000000000000355 ) ) ;
#5103 = AXIS2_PLACEMENT_3D ( 'NONE', #3262, #519, #8816 ) ;
#5104 = DIRECTION ( 'NONE',  ( 3.750753461571469916E-15, -1.000000000000000000, 0.000000000000000000 ) ) ;
#5105 = CARTESIAN_POINT ( 'NONE',  ( -41.41227819873825666, 81.14188785450701857, 7.399999999999998579 ) ) ;
#5106 = CARTESIAN_POINT ( 'NONE',  ( -118.3122720196896722, 26.81326150036739620, 5.399999999999998579 ) ) ;
#5107 = EDGE_LOOP ( 'NONE', ( #9825, #6464, #2582, #6266, #9361, #5580, #6644 ) ) ;
#5108 = ORIENTED_EDGE ( 'NONE', *, *, #7096, .T. ) ;
#5109 = ADVANCED_FACE ( 'NONE', ( #5712 ), #135, .T. ) ;
#5110 = EDGE_CURVE ( 'NONE', #7974, #1065, #167, .T. ) ;
#5111 = LINE ( 'NONE', #4128, #5631 ) ;
#5112 = VERTEX_POINT ( 'NONE', #5895 ) ;
#5113 = CIRCLE ( 'NONE', #3938, 0.9999999999999991118 ) ;
#5114 = DIRECTION ( 'NONE',  ( 1.798198673297554044E-07, 0.9999999999999837907, 0.000000000000000000 ) ) ;
#5115 = DIRECTION ( 'NONE',  ( 1.000000000000000000, 0.000000000000000000, 0.000000000000000000 ) ) ;
#5116 = CARTESIAN_POINT ( 'NONE',  ( -61.16005585450887594, 84.84411115030172823, 7.100000000000059153 ) ) ;
#5117 = CARTESIAN_POINT ( 'NONE',  ( -77.43728330292589135, 19.29411698796796415, -1.499999999999999556 ) ) ;
#5118 = CARTESIAN_POINT ( 'NONE',  ( -97.67509411766214100, 14.21232965573305052, -4.995599231573638832 ) ) ;
#5119 = EDGE_CURVE ( 'NONE', #1420, #11597, #8522, .T. ) ;
#5120 = CIRCLE ( 'NONE', #4925, 0.9999999999999986677 ) ;
#5121 = CARTESIAN_POINT ( 'NONE',  ( 19.12355185771912858, 50.04625851919180946, -6.527129240129442955 ) ) ;
#5122 = ORIENTED_EDGE ( 'NONE', *, *, #10142, .F. ) ;
#5123 = VERTEX_POINT ( 'NONE', #2965 ) ;
#5124 = CARTESIAN_POINT ( 'NONE',  ( -12.66226043005733537, 81.84410925728559505, 4.400000000000000355 ) ) ;
#5125 = VECTOR ( 'NONE', #6839, 1000.000000000000000 ) ;
#5126 = CARTESIAN_POINT ( 'NONE',  ( -80.21367833427878224, 73.09556294374289109, 5.399999999999998579 ) ) ;
#5127 = CARTESIAN_POINT ( 'NONE',  ( -49.66227899999999096, 19.69411099999999593, 4.400000000000000355 ) ) ;
#5128 = CARTESIAN_POINT ( 'NONE',  ( -119.3502729168048546, 60.85589551717273338, -4.318403959652661328 ) ) ;
#5129 = DIRECTION ( 'NONE',  ( 0.000000000000000000, 0.000000000000000000, 1.000000000000000000 ) ) ;
#5130 = ADVANCED_FACE ( 'NONE', ( #2174 ), #4218, .T. ) ;
#5131 = ADVANCED_FACE ( 'NONE', ( #11412 ), #7916, .F. ) ;
#5132 = ORIENTED_EDGE ( 'NONE', *, *, #5051, .T. ) ;
#5133 = CIRCLE ( 'NONE', #8250, 1.000000000000007772 ) ;
#5134 = CARTESIAN_POINT ( 'NONE',  ( -22.64003094368849744, -2.290456495299106443, -3.339211667571218012 ) ) ;
#5135 = CARTESIAN_POINT ( 'NONE',  ( -35.47141012498134671, 81.84482412343284352, -4.485088766547514538 ) ) ;
#5136 = DIRECTION ( 'NONE',  ( 1.000000000000000000, 0.000000000000000000, 0.000000000000000000 ) ) ;
#5137 = DIRECTION ( 'NONE',  ( -1.000000000000000000, 0.000000000000000000, 0.000000000000000000 ) ) ;
#5138 = EDGE_LOOP ( 'NONE', ( #10054, #9826, #2467, #931 ) ) ;
#5139 = ORIENTED_EDGE ( 'NONE', *, *, #8188, .F. ) ;
#5140 = CARTESIAN_POINT ( 'NONE',  ( -119.3506886324847898, 28.47350827803906981, -2.686416806089340970 ) ) ;
#5141 = VECTOR ( 'NONE', #8625, 1000.000000000000000 ) ;
#5142 = CARTESIAN_POINT ( 'NONE',  ( -70.00262168680170305, 82.02094124643086559, -4.995599230578825711 ) ) ;
#5143 = CARTESIAN_POINT ( 'NONE',  ( 16.50447752050400752, 12.46043432054700340, -1.900000000000000355 ) ) ;
#5144 = LINE ( 'NONE', #5380, #7280 ) ;
#5145 = DIRECTION ( 'NONE',  ( 0.000000000000000000, 1.982541115402065702E-15, -1.000000000000000000 ) ) ;
#5146 = EDGE_CURVE ( 'NONE', #1537, #5186, #1877, .T. ) ;
#5147 = CARTESIAN_POINT ( 'NONE',  ( -23.66227900000000517, 79.84188785450702142, 4.400000000000000355 ) ) ;
#5148 = CARTESIAN_POINT ( 'NONE',  ( -67.43131914281310912, 81.84926523049922764, -4.530178181967998263 ) ) ;
#5149 = DIRECTION ( 'NONE',  ( 1.000000000000000000, 0.000000000000000000, 0.000000000000000000 ) ) ;
#5150 = SURFACE_STYLE_FILL_AREA ( #10592 ) ;
#5151 = ORIENTED_EDGE ( 'NONE', *, *, #11225, .F. ) ;
#5152 = DIRECTION ( 'NONE',  ( -4.081702296416033352E-15, -1.000000000000000000, 0.000000000000000000 ) ) ;
#5153 = VECTOR ( 'NONE', #2439, 1000.000000000000114 ) ;
#5154 = ORIENTED_EDGE ( 'NONE', *, *, #5567, .T. ) ;
#5155 = VERTEX_POINT ( 'NONE', #11604 ) ;
#5156 = ORIENTED_EDGE ( 'NONE', *, *, #3862, .F. ) ;
#5157 = CARTESIAN_POINT ( 'NONE',  ( 18.16772100000000378, 48.98547018669192710, -6.399999999999995026 ) ) ;
#5158 = CARTESIAN_POINT ( 'NONE',  ( 4.862499999999998934, 8.422097051803667966, 4.400000000000000355 ) ) ;
#5159 = CARTESIAN_POINT ( 'NONE',  ( 19.16772100000000734, 16.98547018669192710, -0.9000000000000002442 ) ) ;
#5160 = AXIS2_PLACEMENT_3D ( 'NONE', #971, #4869, #2000 ) ;
#5161 = AXIS2_PLACEMENT_3D ( 'NONE', #8034, #1691, #46 ) ;
#5162 = CARTESIAN_POINT ( 'NONE',  ( -23.66227900000000517, 79.84410401969522297, -1.900000000000000577 ) ) ;
#5163 = ADVANCED_FACE ( 'NONE', ( #7907 ), #1561, .T. ) ;
#5164 = FACE_OUTER_BOUND ( 'NONE', #10880, .T. ) ;
#5165 = DIRECTION ( 'NONE',  ( -1.000000000000000000, 0.000000000000000000, 0.000000000000000000 ) ) ;
#5166 = ORIENTED_EDGE ( 'NONE', *, *, #2634, .F. ) ;
#5167 = VERTEX_POINT ( 'NONE', #1504 ) ;
#5168 = AXIS2_PLACEMENT_3D ( 'NONE', #4974, #5100, #5037 ) ;
#5169 = ORIENTED_EDGE ( 'NONE', *, *, #1243, .F. ) ;
#5170 = VECTOR ( 'NONE', #11638, 1000.000000000000000 ) ;
#5171 = DIRECTION ( 'NONE',  ( -1.000000000000000000, 0.000000000000000000, 0.000000000000000000 ) ) ;
#5172 = CARTESIAN_POINT ( 'NONE',  ( -22.66227900000000517, 79.84188785450702142, 4.400000000000000355 ) ) ;
#5173 = CARTESIAN_POINT ( 'NONE',  ( -60.46227900000000233, 27.99411100000002861, 7.399999999999998579 ) ) ;
#5174 = EDGE_CURVE ( 'NONE', #9528, #407, #3048, .T. ) ;
#5175 = EDGE_CURVE ( 'NONE', #9166, #8500, #7106, .T. ) ;
#5176 = DIRECTION ( 'NONE',  ( -0.000000000000000000, -0.000000000000000000, -1.000000000000000000 ) ) ;
#5177 = CARTESIAN_POINT ( 'NONE',  ( -118.3122790000000180, 16.29411100000000090, 4.400000000000000355 ) ) ;
#5178 = CARTESIAN_POINT ( 'NONE',  ( -61.16246856241581042, 0.0001428680500498684261, 4.400000000000000355 ) ) ;
#5179 = AXIS2_PLACEMENT_3D ( 'NONE', #1028, #4753, #5788 ) ;
#5180 = VECTOR ( 'NONE', #4272, 1000.000000000000000 ) ;
#5181 = CARTESIAN_POINT ( 'NONE',  ( 19.30071129054926971, 49.06706622704538034, -5.506109695707693596 ) ) ;
#5182 = ORIENTED_EDGE ( 'NONE', *, *, #9575, .F. ) ;
#5183 = ORIENTED_EDGE ( 'NONE', *, *, #1468, .T. ) ;
#5184 = FACE_OUTER_BOUND ( 'NONE', #5566, .T. ) ;
#5185 = CONICAL_SURFACE ( 'NONE', #6735, 1.299999999999967848, 0.7853981633974945753 ) ;
#5186 = VERTEX_POINT ( 'NONE', #10674 ) ;
#5187 = EDGE_CURVE ( 'NONE', #310, #5507, #411, .T. ) ;
#5188 = ORIENTED_EDGE ( 'NONE', *, *, #5459, .F. ) ;
#5189 = DIRECTION ( 'NONE',  ( 0.000000000000000000, -0.000000000000000000, -1.000000000000000000 ) ) ;
#5190 = CARTESIAN_POINT ( 'NONE',  ( -119.2562881224917675, 60.85589551717273338, -2.686416806089063414 ) ) ;
#5191 = VERTEX_POINT ( 'NONE', #3210 ) ;
#5192 = AXIS2_PLACEMENT_3D ( 'NONE', #11919, #839, #7302 ) ;
#5193 = CARTESIAN_POINT ( 'NONE',  ( -24.24802388878524440, -1.716680152510329238, -5.460792313454932767 ) ) ;
#5194 = CARTESIAN_POINT ( 'NONE',  ( -35.47141012498134671, 81.75750140115637521, -2.613211991801165812 ) ) ;
#5195 = DIRECTION ( 'NONE',  ( 0.000000000000000000, 1.000000000000000000, -0.000000000000000000 ) ) ;
#5196 = FACE_OUTER_BOUND ( 'NONE', #5571, .T. ) ;
#5197 = ORIENTED_EDGE ( 'NONE', *, *, #4499, .F. ) ;
#5198 = EDGE_CURVE ( 'NONE', #8545, #11039, #10270, .T. ) ;
#5199 = ORIENTED_EDGE ( 'NONE', *, *, #659, .T. ) ;
#5200 = EDGE_CURVE ( 'NONE', #5191, #4162, #2270, .T. ) ;
#5201 = CARTESIAN_POINT ( 'NONE',  ( -119.3167190914014810, 27.96299781398013096, -2.686416806089340525 ) ) ;
#5202 = CARTESIAN_POINT ( 'NONE',  ( -70.81861526359334391, 81.92589997393925216, -3.804406303035026582 ) ) ;
#5203 = PLANE ( 'NONE',  #3282 ) ;
#5204 = FACE_OUTER_BOUND ( 'NONE', #1010, .T. ) ;
#5205 = PLANE ( 'NONE',  #6952 ) ;
#5206 = FACE_OUTER_BOUND ( 'NONE', #3350, .T. ) ;
#5207 = DIRECTION ( 'NONE',  ( 0.000000000000000000, 1.000000000000000000, 0.000000000000000000 ) ) ;
#5208 = CARTESIAN_POINT ( 'NONE',  ( 1.408057658815224963E-05, 72.84408845748393446, -1.900000000000000355 ) ) ;
#5209 = DIRECTION ( 'NONE',  ( 0.9999999999999812372, -1.932974505730857151E-07, 0.000000000000000000 ) ) ;
#5210 = CARTESIAN_POINT ( 'NONE',  ( 0.000000000000000000, 0.000000000000000000, 0.000000000000000000 ) ) ;
#5211 = VECTOR ( 'NONE', #7962, 1000.000000000000000 ) ;
#5212 = ORIENTED_EDGE ( 'NONE', *, *, #9477, .F. ) ;
#5213 = CARTESIAN_POINT ( 'NONE',  ( -61.16227201969416427, 84.84411130060338735, 4.400000000000000355 ) ) ;
#5214 = EDGE_LOOP ( 'NONE', ( #5885, #9907, #7117, #5289 ) ) ;
#5215 = CARTESIAN_POINT ( 'NONE',  ( -33.56357415454066029, 81.84921654608157837, -6.399999999999725020 ) ) ;
#5216 = ORIENTED_EDGE ( 'NONE', *, *, #9376, .T. ) ;
#5217 = ORIENTED_EDGE ( 'NONE', *, *, #4868, .T. ) ;
#5218 = ADVANCED_FACE ( 'NONE', ( #10794 ), #6079, .F. ) ;
#5219 = PLANE ( 'NONE',  #10246 ) ;
#5220 = CARTESIAN_POINT ( 'NONE',  ( 14.90661339669135188, 80.71418652777080638, 3.399992463460796976 ) ) ;
#5221 = CARTESIAN_POINT ( 'NONE',  ( -79.81228598030135402, 22.99411099999999664, 4.400000000000000355 ) ) ;
#5222 = AXIS2_PLACEMENT_3D ( 'NONE', #9783, #8923, #7079 ) ;
#5223 = DIRECTION ( 'NONE',  ( -0.000000000000000000, -1.982541115402065307E-15, 1.000000000000000000 ) ) ;
#5224 = CARTESIAN_POINT ( 'NONE',  ( -117.3122718263922337, 72.84411100000001227, -1.900000000000000355 ) ) ;
#5225 = DIRECTION ( 'NONE',  ( -1.000000000000000000, 0.000000000000000000, 0.000000000000000000 ) ) ;
#5226 = ORIENTED_EDGE ( 'NONE', *, *, #1025, .F. ) ;
#5227 = ORIENTED_EDGE ( 'NONE', *, *, #5093, .T. ) ;
#5228 = CONICAL_SURFACE ( 'NONE', #3479, 2.024999999999971045, 0.7853981633974412846 ) ;
#5229 = CARTESIAN_POINT ( 'NONE',  ( -11.02841460033911680, 1.461745291721248785, 7.099999999999989875 ) ) ;
#5230 = VERTEX_POINT ( 'NONE', #11787 ) ;
#5231 = EDGE_CURVE ( 'NONE', #2398, #7384, #2292, .T. ) ;
#5232 = PLANE ( 'NONE',  #3237 ) ;
#5233 = CARTESIAN_POINT ( 'NONE',  ( -119.3174588163130210, 57.46964022582098863, -3.171301069026907449 ) ) ;
#5234 = CARTESIAN_POINT ( 'NONE',  ( -42.60274304593206551, -125.2924481354811519, 5.399999999999998579 ) ) ;
#5235 = DIRECTION ( 'NONE',  ( 0.000000000000000000, 0.000000000000000000, 1.000000000000000000 ) ) ;
#5236 = LINE ( 'NONE', #8095, #3986 ) ;
#5237 = CARTESIAN_POINT ( 'NONE',  ( 0.000000000000000000, 0.000000000000000000, 4.400000000000000355 ) ) ;
#5238 = DIRECTION ( 'NONE',  ( -1.000000000000000000, 0.000000000000000000, 0.000000000000000000 ) ) ;
#5239 = VECTOR ( 'NONE', #2939, 1000.000000000000000 ) ;
#5240 = CARTESIAN_POINT ( 'NONE',  ( 19.24360820757392077, 49.55666237311857003, -5.846449543848276420 ) ) ;
#5241 = ORIENTED_EDGE ( 'NONE', *, *, #10678, .T. ) ;
#5242 = ORIENTED_EDGE ( 'NONE', *, *, #7537, .T. ) ;
#5243 = EDGE_CURVE ( 'NONE', #3213, #4369, #6021, .T. ) ;
#5244 = AXIS2_PLACEMENT_3D ( 'NONE', #7303, #12097, #11109 ) ;
#5245 = CARTESIAN_POINT ( 'NONE',  ( -4.862499827847914347, -8.422096850433289816, 5.399999999999998579 ) ) ;
#5246 = DIRECTION ( 'NONE',  ( 0.000000000000000000, -1.982541115402065307E-15, -1.000000000000000000 ) ) ;
#5247 = CARTESIAN_POINT ( 'NONE',  ( -31.21227899999999167, 0.000000000000000000, 4.400000000000000355 ) ) ;
#5248 = PRESENTATION_STYLE_ASSIGNMENT (( #10818 ) ) ;
#5249 = CARTESIAN_POINT ( 'NONE',  ( -119.3111166859898162, 60.85589551717273338, -3.339211667514502935 ) ) ;
#5250 = CARTESIAN_POINT ( 'NONE',  ( -10.83707281764268515, 1.923685030425932752, 7.099999999999989875 ) ) ;
#5251 = ORIENTED_EDGE ( 'NONE', *, *, #11743, .F. ) ;
#5252 = CONICAL_SURFACE ( 'NONE', #1165, 1.000000000000000000, 0.7853981633974814747 ) ;
#5253 = CARTESIAN_POINT ( 'NONE',  ( -80.21367833427878224, 79.84411100000001227, 7.100000000000059153 ) ) ;
#5254 = DIRECTION ( 'NONE',  ( 0.7071067811865426878, 0.7071067811865524577, 0.000000000000000000 ) ) ;
#5255 = EDGE_CURVE ( 'NONE', #6809, #3460, #4249, .T. ) ;
#5256 = EDGE_CURVE ( 'NONE', #11039, #1671, #7965, .T. ) ;
#5257 = DIRECTION ( 'NONE',  ( 0.9999999999998941957, -4.600815823238228091E-07, 0.000000000000000000 ) ) ;
#5258 = DIRECTION ( 'NONE',  ( -1.000000000000000000, 0.000000000000000000, 0.000000000000000000 ) ) ;
#5259 = ORIENTED_EDGE ( 'NONE', *, *, #6770, .F. ) ;
#5260 = ORIENTED_EDGE ( 'NONE', *, *, #10616, .T. ) ;
#5261 = ORIENTED_EDGE ( 'NONE', *, *, #3468, .F. ) ;
#5262 = AXIS2_PLACEMENT_3D ( 'NONE', #9498, #4850, #3992 ) ;
#5263 = CARTESIAN_POINT ( 'NONE',  ( -119.4452623102129820, 27.96299781398013096, -4.318403959654537161 ) ) ;
#5264 = CARTESIAN_POINT ( 'NONE',  ( -71.47141012502669355, 81.84482414621466262, -4.314918150687090836 ) ) ;
#5265 = FACE_OUTER_BOUND ( 'NONE', #527, .T. ) ;
#5266 = CARTESIAN_POINT ( 'NONE',  ( 18.16772100000000378, 46.98547018669192710, -0.9000000000000002442 ) ) ;
#5267 = DIRECTION ( 'NONE',  ( 1.000000000000000000, 2.646977960169688560E-23, 0.000000000000000000 ) ) ;
#5268 = CARTESIAN_POINT ( 'NONE',  ( -67.83956492877116773, 81.84927683073858873, -5.617791192023593894 ) ) ;
#5269 = EDGE_CURVE ( 'NONE', #9224, #8086, #4122, .T. ) ;
#5270 = LINE ( 'NONE', #4597, #8415 ) ;
#5271 = VERTEX_POINT ( 'NONE', #3275 ) ;
#5272 = DIRECTION ( 'NONE',  ( -0.000000000000000000, -0.000000000000000000, 1.000000000000000000 ) ) ;
#5273 = ORIENTED_EDGE ( 'NONE', *, *, #8767, .F. ) ;
#5274 = DIRECTION ( 'NONE',  ( 1.000000000000000000, 0.000000000000000000, 0.000000000000000000 ) ) ;
#5275 = ORIENTED_EDGE ( 'NONE', *, *, #11015, .F. ) ;
#5276 = CIRCLE ( 'NONE', #2738, 0.3999999999999906408 ) ;
#5277 = EDGE_LOOP ( 'NONE', ( #4116, #3698, #9956, #587 ) ) ;
#5278 = CARTESIAN_POINT ( 'NONE',  ( -42.71227739747914143, 86.14410401969519171, 7.399999999999998579 ) ) ;
#5279 = CARTESIAN_POINT ( 'NONE',  ( 15.46671548583456968, 80.27349215184953835, 2.840224948496004487 ) ) ;
#5280 = CARTESIAN_POINT ( 'NONE',  ( 15.10980489131580562, 81.61212336031339021, 4.464667994119376537 ) ) ;
#5281 = CYLINDRICAL_SURFACE ( 'NONE', #11065, 1.999999999999994893 ) ;
#5282 = CARTESIAN_POINT ( 'NONE',  ( 1.104149540226463166, 84.23004450811279753, 3.277694491134958810 ) ) ;
#5283 = EDGE_CURVE ( 'NONE', #1024, #6808, #4227, .T. ) ;
#5284 = AXIS2_PLACEMENT_3D ( 'NONE', #5440, #5267, #2458 ) ;
#5285 = EDGE_CURVE ( 'NONE', #8226, #8578, #9871, .T. ) ;
#5286 = CARTESIAN_POINT ( 'NONE',  ( 19.17282370017676740, 15.08727014734649075, -5.043431635509540101 ) ) ;
#5287 = ORIENTED_EDGE ( 'NONE', *, *, #11600, .T. ) ;
#5288 = CARTESIAN_POINT ( 'NONE',  ( -41.11227899999998670, 24.29411099999999379, 7.399999999999998579 ) ) ;
#5289 = ORIENTED_EDGE ( 'NONE', *, *, #1108, .F. ) ;
#5290 = ORIENTED_EDGE ( 'NONE', *, *, #5175, .T. ) ;
#5291 = VECTOR ( 'NONE', #4368, 1000.000000000000000 ) ;
#5292 = FACE_OUTER_BOUND ( 'NONE', #10220, .T. ) ;
#5293 = CARTESIAN_POINT ( 'NONE',  ( -63.05759268073793322, 2.898797320354307594, 5.399999999999998579 ) ) ;
#5294 = DIRECTION ( 'NONE',  ( 1.000000000000000000, 0.000000000000000000, 0.000000000000000000 ) ) ;
#5295 = CARTESIAN_POINT ( 'NONE',  ( 11.93359082457480724, -1.465830875177938308, 4.400000000000000355 ) ) ;
#5296 = PLANE ( 'NONE',  #1148 ) ;
#5297 = EDGE_CURVE ( 'NONE', #3993, #11805, #10734, .T. ) ;
#5298 = CARTESIAN_POINT ( 'NONE',  ( 19.24360865123614062, 49.55666237311857003, -2.953553224610078409 ) ) ;
#5299 = VECTOR ( 'NONE', #10229, 1000.000000000000000 ) ;
#5300 = EDGE_LOOP ( 'NONE', ( #9225, #2744, #11896, #9197 ) ) ;
#5301 = CARTESIAN_POINT ( 'NONE',  ( 9.171201013508521369E-05, 80.84403429840438093, 5.399999999999998579 ) ) ;
#5302 = ORIENTED_EDGE ( 'NONE', *, *, #3038, .T. ) ;
#5303 = DIRECTION ( 'NONE',  ( -0.7071067811865729968, 0.000000000000000000, -0.7071067811865220376 ) ) ;
#5304 = ORIENTED_EDGE ( 'NONE', *, *, #12092, .F. ) ;
#5305 = DIRECTION ( 'NONE',  ( 0.000000000000000000, 0.000000000000000000, -1.000000000000000000 ) ) ;
#5306 = CARTESIAN_POINT ( 'NONE',  ( -61.45915292031825317, 80.84410401970063731, 5.399999999999998579 ) ) ;
#5307 = DIRECTION ( 'NONE',  ( -0.8660254062730191604, 0.4999999956896519770, 0.000000000000000000 ) ) ;
#5308 = ADVANCED_FACE ( 'NONE', ( #8949 ), #5281, .T. ) ;
#5309 = DIRECTION ( 'NONE',  ( 0.000000000000000000, -0.000000000000000000, -1.000000000000000000 ) ) ;
#5310 = CARTESIAN_POINT ( 'NONE',  ( 18.16772100000000378, 0.000000000000000000, -1.900000000000000355 ) ) ;
#5311 = VECTOR ( 'NONE', #5254, 1000.000000000000000 ) ;
#5312 = FACE_BOUND ( 'NONE', #5094, .T. ) ;
#5313 = ORIENTED_EDGE ( 'NONE', *, *, #5858, .F. ) ;
#5314 = ORIENTED_EDGE ( 'NONE', *, *, #5472, .T. ) ;
#5315 = ORIENTED_EDGE ( 'NONE', *, *, #10501, .T. ) ;
#5316 = CARTESIAN_POINT ( 'NONE',  ( -119.3111161798307762, 27.28231811766432813, -5.460792313283850952 ) ) ;
#5317 = LINE ( 'NONE', #3313, #2796 ) ;
#5318 = AXIS2_PLACEMENT_3D ( 'NONE', #6826, #6885, #10569 ) ;
#5319 = EDGE_CURVE ( 'NONE', #7914, #5946, #11295, .T. ) ;
#5320 = ADVANCED_FACE ( 'NONE', ( #8328 ), #5334, .T. ) ;
#5321 = DIRECTION ( 'NONE',  ( 0.000000000000000000, -1.000000000000000000, 0.000000000000000000 ) ) ;
#5322 = FACE_OUTER_BOUND ( 'NONE', #6733, .T. ) ;
#5323 = CARTESIAN_POINT ( 'NONE',  ( -20.59056671349124912, -2.697889486621138033, -4.400000000000000355 ) ) ;
#5324 = ORIENTED_EDGE ( 'NONE', *, *, #2427, .T. ) ;
#5325 = CARTESIAN_POINT ( 'NONE',  ( -31.71784497952104331, 81.81915976815466252, -2.953553223573229580 ) ) ;
#5326 = ORIENTED_EDGE ( 'NONE', *, *, #7202, .F. ) ;
#5327 = DIRECTION ( 'NONE',  ( 1.000000000000000000, 0.000000000000000000, 0.000000000000000000 ) ) ;
#5328 = ORIENTED_EDGE ( 'NONE', *, *, #9062, .F. ) ;
#5329 = CONICAL_SURFACE ( 'NONE', #4153, 1.000000000000000888, 0.7853981633974819188 ) ;
#5330 = ORIENTED_EDGE ( 'NONE', *, *, #200, .T. ) ;
#5331 = ADVANCED_FACE ( 'NONE', ( #4548 ), #9065, .F. ) ;
#5332 = CARTESIAN_POINT ( 'NONE',  ( 1.732438226296531932E-06, 13.29410278256789191, 7.399999999999998579 ) ) ;
#5333 = DIRECTION ( 'NONE',  ( -0.7071067811865802133, 0.000000000000000000, 0.7071067811865149322 ) ) ;
#5334 = CYLINDRICAL_SURFACE ( 'NONE', #1882, 0.2977672882890219919 ) ;
#5335 = CARTESIAN_POINT ( 'NONE',  ( 0.8716046382951255778, 84.36158396972982132, 2.878795593500014682 ) ) ;
#5336 = CARTESIAN_POINT ( 'NONE',  ( -98.98067985970040183, 14.10223623742150600, -3.804406304015837570 ) ) ;
#5337 = VECTOR ( 'NONE', #7162, 1000.000000000000000 ) ;
#5338 = CARTESIAN_POINT ( 'NONE',  ( -99.19281394680800190, 14.28901242397326854, -6.400000000000004796 ) ) ;
#5339 = ORIENTED_EDGE ( 'NONE', *, *, #3421, .F. ) ;
#5340 = CARTESIAN_POINT ( 'NONE',  ( -119.3122720196896722, 61.06910750985031910, -4.400000000000000355 ) ) ;
#5341 = ORIENTED_EDGE ( 'NONE', *, *, #5392, .F. ) ;
#5342 = VERTEX_POINT ( 'NONE', #825 ) ;
#5343 = AXIS2_PLACEMENT_3D ( 'NONE', #897, #5708, #6557 ) ;
#5344 = EDGE_CURVE ( 'NONE', #726, #5493, #11095, .T. ) ;
#5345 = CIRCLE ( 'NONE', #7490, 1.000000000000000888 ) ;
#5346 = ADVANCED_FACE ( 'NONE', ( #3635 ), #4609, .T. ) ;
#5347 = LINE ( 'NONE', #6257, #487 ) ;
#5348 = DIRECTION ( 'NONE',  ( 0.000000000000000000, 0.000000000000000000, 1.000000000000000000 ) ) ;
#5349 = DIRECTION ( 'NONE',  ( 0.7071067811865524577, 0.000000000000000000, -0.7071067811865426878 ) ) ;
#5350 = FACE_OUTER_BOUND ( 'NONE', #2866, .T. ) ;
#5351 = DIRECTION ( 'NONE',  ( 0.9999999999999839018, -1.798198670589262281E-07, 0.000000000000000000 ) ) ;
#5352 = AXIS2_PLACEMENT_3D ( 'NONE', #10731, #11663, #11534 ) ;
#5353 = ORIENTED_EDGE ( 'NONE', *, *, #10255, .F. ) ;
#5354 = VECTOR ( 'NONE', #4921, 1000.000000000000000 ) ;
#5355 = ORIENTED_EDGE ( 'NONE', *, *, #10004, .T. ) ;
#5356 = LINE ( 'NONE', #11927, #763 ) ;
#5357 = EDGE_LOOP ( 'NONE', ( #1569, #2557, #4244, #11113 ) ) ;
#5358 = EDGE_CURVE ( 'NONE', #8151, #2400, #2710, .T. ) ;
#5359 = DIRECTION ( 'NONE',  ( 0.000000000000000000, 0.000000000000000000, 1.000000000000000000 ) ) ;
#5360 = ORIENTED_EDGE ( 'NONE', *, *, #9274, .T. ) ;
#5361 = AXIS2_PLACEMENT_3D ( 'NONE', #4721, #2707, #8265 ) ;
#5362 = LINE ( 'NONE', #11161, #11986 ) ;
#5363 = CIRCLE ( 'NONE', #5951, 4.693943343173976324 ) ;
#5364 = CARTESIAN_POINT ( 'NONE',  ( -119.2256624208938263, 60.85589551717273338, -2.360019375376344097 ) ) ;
#5365 = CARTESIAN_POINT ( 'NONE',  ( -4.319404672939019640, 12.56857164801924043, 7.399999999999998579 ) ) ;
#5366 = CARTESIAN_POINT ( 'NONE',  ( 11.45859082457479516, -5.795957894100131291, -2.400000000000000355 ) ) ;
#5367 = CONICAL_SURFACE ( 'NONE', #4202, 1.899999999999999467, 0.7853981633974582710 ) ;
#5368 = CARTESIAN_POINT ( 'NONE',  ( -31.43142950036545358, 80.84411100000002648, -4.400000000000000355 ) ) ;
#5369 = VECTOR ( 'NONE', #8411, 1000.000000000000000 ) ;
#5370 = CYLINDRICAL_SURFACE ( 'NONE', #496, 0.2999999999999947153 ) ;
#5371 = DIRECTION ( 'NONE',  ( 0.9999999999999839018, -1.798198651385040398E-07, 0.000000000000000000 ) ) ;
#5372 = VERTEX_POINT ( 'NONE', #10168 ) ;
#5373 = ORIENTED_EDGE ( 'NONE', *, *, #4541, .F. ) ;
#5374 = ADVANCED_FACE ( 'NONE', ( #11146 ), #4819, .T. ) ;
#5375 = CARTESIAN_POINT ( 'NONE',  ( 10.65859082457481399, -5.795957894100131291, -2.400000000000000355 ) ) ;
#5376 = VERTEX_POINT ( 'NONE', #10226 ) ;
#5377 = CARTESIAN_POINT ( 'NONE',  ( -119.5049802607875336, 29.15418935799908695, -3.828807813584979680 ) ) ;
#5378 = CARTESIAN_POINT ( 'NONE',  ( -69.51302554072671569, 81.83175445281695204, -2.272870760078836039 ) ) ;
#5379 = DIRECTION ( 'NONE',  ( -0.000000000000000000, 0.000000000000000000, 1.000000000000000000 ) ) ;
#5380 = CARTESIAN_POINT ( 'NONE',  ( -0.000000000000000000, 46.98547018669192710, -1.900000000000000355 ) ) ;
#5381 = CARTESIAN_POINT ( 'NONE',  ( 19.13990273723831592, 15.59828176963251067, -2.613211992824872265 ) ) ;
#5382 = CIRCLE ( 'NONE', #7728, 214.8027930341397962 ) ;
#5383 = CYLINDRICAL_SURFACE ( 'NONE', #6830, 0.5000000000000004441 ) ;
#5384 = CARTESIAN_POINT ( 'NONE',  ( -61.16227201969416427, 0.000000000000000000, 5.399999999999998579 ) ) ;
#5385 = CARTESIAN_POINT ( 'NONE',  ( 20.16772100000000378, 39.38547018669192568, 3.299999999999983835 ) ) ;
#5386 = EDGE_LOOP ( 'NONE', ( #1480, #11529, #5166, #5182 ) ) ;
#5387 = CARTESIAN_POINT ( 'NONE',  ( -32.37063718707962323, 81.96830331991532148, -3.804406303003389223 ) ) ;
#5388 = ORIENTED_EDGE ( 'NONE', *, *, #1700, .F. ) ;
#5389 = VECTOR ( 'NONE', #1804, 1000.000000000000000 ) ;
#5390 = ORIENTED_EDGE ( 'NONE', *, *, #1262, .F. ) ;
#5391 = VERTEX_POINT ( 'NONE', #708 ) ;
#5392 = EDGE_CURVE ( 'NONE', #6566, #9924, #337, .T. ) ;
#5393 = EDGE_CURVE ( 'NONE', #5644, #10474, #9695, .T. ) ;
#5394 = CYLINDRICAL_SURFACE ( 'NONE', #9460, 4.999999999999990230 ) ;
#5395 = CARTESIAN_POINT ( 'NONE',  ( 15.38525058518792221, 80.33837542492568673, 3.104245533905054533 ) ) ;
#5396 = CARTESIAN_POINT ( 'NONE',  ( -31.47813173473463522, 0.9441179802997372583, 7.399999999999998579 ) ) ;
#5397 = CARTESIAN_POINT ( 'NONE',  ( -119.3173747198634373, 58.42567587434079002, -6.298200039345447365 ) ) ;
#5398 = CARTESIAN_POINT ( 'NONE',  ( 11.05859082457480369, -5.795957894100131291, -2.400000000000000355 ) ) ;
#5399 = CARTESIAN_POINT ( 'NONE',  ( -98.98067985970040183, 14.08401461670234056, -4.314918151673849067 ) ) ;
#5400 = VECTOR ( 'NONE', #87, 1000.000000000000000 ) ;
#5401 = CARTESIAN_POINT ( 'NONE',  ( 12.91509934844757623, 77.84410465796811707, -1.900000000000000355 ) ) ;
#5402 = ORIENTED_EDGE ( 'NONE', *, *, #3903, .F. ) ;
#5403 = DIRECTION ( 'NONE',  ( -1.000000000000000000, 0.000000000000000000, 0.000000000000000000 ) ) ;
#5404 = CARTESIAN_POINT ( 'NONE',  ( 19.17541156640000111, 18.37265594989637307, -2.953553224609518857 ) ) ;
#5405 = ORIENTED_EDGE ( 'NONE', *, *, #10295, .T. ) ;
#5406 = ORIENTED_EDGE ( 'NONE', *, *, #4719, .T. ) ;
#5407 = ADVANCED_FACE ( 'NONE', ( #4666 ), #10469, .F. ) ;
#5408 = DIRECTION ( 'NONE',  ( 0.000000000000000000, 0.000000000000000000, -1.000000000000000000 ) ) ;
#5409 = CARTESIAN_POINT ( 'NONE',  ( -24.35683493930382326, -1.694000121368781198, -5.044740618458195769 ) ) ;
#5410 = DIRECTION ( 'NONE',  ( 0.9997000655922851919, -0.02449038290391794895, 0.000000000000000000 ) ) ;
#5411 = CARTESIAN_POINT ( 'NONE',  ( 0.000000000000000000, 18.98547018669192710, -1.900000000000000355 ) ) ;
#5412 = CARTESIAN_POINT ( 'NONE',  ( 19.08111140116245608, 51.02545081133819593, -2.613211992825268837 ) ) ;
#5413 = CIRCLE ( 'NONE', #2491, 1.000000000000000888 ) ;
#5414 = EDGE_LOOP ( 'NONE', ( #7274, #9052, #11279, #5034 ) ) ;
#5415 = ADVANCED_FACE ( 'NONE', ( #6727 ), #11270, .F. ) ;
#5416 = ADVANCED_FACE ( 'NONE', ( #2888 ), #6607, .F. ) ;
#5417 = ORIENTED_EDGE ( 'NONE', *, *, #8982, .F. ) ;
#5418 = DIRECTION ( 'NONE',  ( 0.9999999999993565147, -1.134431389167281103E-06, 0.000000000000000000 ) ) ;
#5419 = ORIENTED_EDGE ( 'NONE', *, *, #6740, .F. ) ;
#5420 = CARTESIAN_POINT ( 'NONE',  ( -90.21227469707440605, 76.84410589528943092, -1.900000000000000355 ) ) ;
#5421 = EDGE_LOOP ( 'NONE', ( #11739, #9742, #744, #3489 ) ) ;
#5422 = AXIS2_PLACEMENT_3D ( 'NONE', #7200, #6225, #9840 ) ;
#5423 = LINE ( 'NONE', #6574, #7290 ) ;
#5424 = DIRECTION ( 'NONE',  ( -0.000000000000000000, 0.000000000000000000, 1.000000000000000000 ) ) ;
#5425 = ADVANCED_FACE ( 'NONE', ( #10348 ), #1971, .F. ) ;
#5426 = ADVANCED_FACE ( 'NONE', ( #5698 ), #10529, .T. ) ;
#5427 = CARTESIAN_POINT ( 'NONE',  ( -24.55996481789459907, -1.565882005716553893, -5.787188417260413331 ) ) ;
#5428 = VECTOR ( 'NONE', #11464, 1000.000000000000000 ) ;
#5429 = VECTOR ( 'NONE', #7336, 1000.000000000000000 ) ;
#5430 = DIRECTION ( 'NONE',  ( -0.000000000000000000, 0.000000000000000000, 1.000000000000000000 ) ) ;
#5431 = DIRECTION ( 'NONE',  ( 0.000000000000000000, 1.000000000000000000, 0.000000000000000000 ) ) ;
#5432 = CARTESIAN_POINT ( 'NONE',  ( 12.56857130266413769, 4.319404872329887901, 7.399999999999998579 ) ) ;
#5433 = ORIENTED_EDGE ( 'NONE', *, *, #11877, .F. ) ;
#5434 = EDGE_LOOP ( 'NONE', ( #2191, #7821, #371, #7897 ) ) ;
#5435 = ORIENTED_EDGE ( 'NONE', *, *, #10514, .T. ) ;
#5436 = CARTESIAN_POINT ( 'NONE',  ( -119.3111166860134489, 30.85589551700964961, -3.339211667515419535 ) ) ;
#5437 = CARTESIAN_POINT ( 'NONE',  ( -119.3111161801028572, 57.28231811979603094, -5.460792313280946608 ) ) ;
#5438 = CIRCLE ( 'NONE', #8168, 9.395313679645695970 ) ;
#5439 = CARTESIAN_POINT ( 'NONE',  ( 19.17541101809228010, 15.59828176963251067, -5.846449543846347296 ) ) ;
#5440 = CARTESIAN_POINT ( 'NONE',  ( -119.3122720196896722, 59.06910750985032621, -4.400000000000000355 ) ) ;
#5441 = CARTESIAN_POINT ( 'NONE',  ( -117.3122754467588180, 72.84410747719205403, 5.399999999999998579 ) ) ;
#5442 = EDGE_CURVE ( 'NONE', #10337, #10902, #1180, .T. ) ;
#5443 = CYLINDRICAL_SURFACE ( 'NONE', #5879, 32.91246774335479586 ) ;
#5444 = ORIENTED_EDGE ( 'NONE', *, *, #8941, .F. ) ;
#5445 = CARTESIAN_POINT ( 'NONE',  ( -32.37063718707962323, 81.98100077096174232, -4.314918150661483764 ) ) ;
#5446 = LINE ( 'NONE', #10275, #3485 ) ;
#5447 = ORIENTED_EDGE ( 'NONE', *, *, #9992, .F. ) ;
#5448 = VECTOR ( 'NONE', #5604, 1000.000000000000000 ) ;
#5449 = CARTESIAN_POINT ( 'NONE',  ( -24.45427002420597873, -1.662613326955466819, 0.6000000000000039746 ) ) ;
#5450 = ORIENTED_EDGE ( 'NONE', *, *, #2013, .T. ) ;
#5451 = VERTEX_POINT ( 'NONE', #3868 ) ;
#5452 = ORIENTED_EDGE ( 'NONE', *, *, #10616, .F. ) ;
#5453 = LINE ( 'NONE', #2650, #6521 ) ;
#5454 = CARTESIAN_POINT ( 'NONE',  ( 16.11699079424484182, 81.32854472269094970, 4.129707117395188476 ) ) ;
#5455 = LINE ( 'NONE', #9931, #5337 ) ;
#5456 = CARTESIAN_POINT ( 'NONE',  ( -119.3173813208017293, 57.13330336155448919, -4.919358772593778184 ) ) ;
#5457 = DIRECTION ( 'NONE',  ( -1.000000000000000000, 0.000000000000000000, 0.000000000000000000 ) ) ;
#5458 = CARTESIAN_POINT ( 'NONE',  ( -98.98067985970040183, 14.16112716502000879, -3.293894456357826073 ) ) ;
#5459 = EDGE_CURVE ( 'NONE', #7879, #6071, #11461, .T. ) ;
#5460 = DIRECTION ( 'NONE',  ( -0.000000000000000000, -0.000000000000000000, -1.000000000000000000 ) ) ;
#5461 = EDGE_LOOP ( 'NONE', ( #10162, #5452, #6944, #1245, #2850, #4237 ) ) ;
#5462 = CARTESIAN_POINT ( 'NONE',  ( -20.59056671349124912, -2.697889486621138477, -4.400000000000001243 ) ) ;
#5463 = ORIENTED_EDGE ( 'NONE', *, *, #7177, .T. ) ;
#5464 = CARTESIAN_POINT ( 'NONE',  ( 19.20613783929033502, 18.69905338060969058, -3.804406304071138667 ) ) ;
#5465 = VERTEX_POINT ( 'NONE', #4900 ) ;
#5466 = ORIENTED_EDGE ( 'NONE', *, *, #2979, .T. ) ;
#5467 = CARTESIAN_POINT ( 'NONE',  ( -119.3173900147434949, 60.86610092395383020, -3.512429941371534969 ) ) ;
#5468 = CARTESIAN_POINT ( 'NONE',  ( -24.25985256295736292, -1.720005569245930621, -5.286967479829019823 ) ) ;
#5469 = AXIS2_PLACEMENT_3D ( 'NONE', #11271, #2032, #11458 ) ;
#5470 = LINE ( 'NONE', #10928, #7329 ) ;
#5471 = CARTESIAN_POINT ( 'NONE',  ( 0.9598397785719778863, 84.31193403396225960, 3.120055020268996060 ) ) ;
#5472 = EDGE_CURVE ( 'NONE', #2837, #5271, #3453, .T. ) ;
#5473 = CARTESIAN_POINT ( 'NONE',  ( -30.59025596088959276, 7.216534519061156061, 4.400000000000000355 ) ) ;
#5474 = EDGE_CURVE ( 'NONE', #10490, #2756, #9889, .T. ) ;
#5475 = EDGE_LOOP ( 'NONE', ( #10190, #7759 ) ) ;
#5476 = ORIENTED_EDGE ( 'NONE', *, *, #11856, .T. ) ;
#5477 = DIRECTION ( 'NONE',  ( -1.000000000000000000, -2.646977960169688560E-23, 0.000000000000000000 ) ) ;
#5478 = ORIENTED_EDGE ( 'NONE', *, *, #5973, .T. ) ;
#5479 = AXIS2_PLACEMENT_3D ( 'NONE', #9325, #7423, #3652 ) ;
#5480 = CARTESIAN_POINT ( 'NONE',  ( 20.16772100000000378, 24.98547018669194131, -1.900000000000000355 ) ) ;
#5481 = DIRECTION ( 'NONE',  ( 2.335877759801060922E-06, 0.9999999999972718490, 0.000000000000000000 ) ) ;
#5482 = ORIENTED_EDGE ( 'NONE', *, *, #1448, .F. ) ;
#5483 = EDGE_CURVE ( 'NONE', #1936, #8014, #6666, .T. ) ;
#5484 = FACE_OUTER_BOUND ( 'NONE', #8336, .T. ) ;
#5485 = FACE_OUTER_BOUND ( 'NONE', #4791, .T. ) ;
#5486 = VECTOR ( 'NONE', #10843, 1000.000000000000000 ) ;
#5487 = DIRECTION ( 'NONE',  ( -0.000000000000000000, 0.000000000000000000, -1.000000000000000000 ) ) ;
#5488 = CARTESIAN_POINT ( 'NONE',  ( -31.43142950036545358, 81.84411100000002648, -4.400000000000000355 ) ) ;
#5489 = DIRECTION ( 'NONE',  ( 0.2588190399164174704, 0.9659258276786804043, 0.000000000000000000 ) ) ;
#5490 = LINE ( 'NONE', #11996, #5036 ) ;
#5491 = VERTEX_POINT ( 'NONE', #5637 ) ;
#5492 = AXIS2_PLACEMENT_3D ( 'NONE', #3167, #5061, #1624 ) ;
#5493 = VERTEX_POINT ( 'NONE', #10409 ) ;
#5494 = ORIENTED_EDGE ( 'NONE', *, *, #905, .T. ) ;
#5495 = ADVANCED_FACE ( 'NONE', ( #9365 ), #2031, .T. ) ;
#5496 = CARTESIAN_POINT ( 'NONE',  ( -119.3502729168667571, 30.85589551700964961, -4.318403959654536273 ) ) ;
#5497 = ADVANCED_FACE ( 'NONE', ( #4843 ), #11259, .T. ) ;
#5498 = DIRECTION ( 'NONE',  ( 0.6123724356957734871, -0.3535533905932618515, 0.7071067811865716646 ) ) ;
#5499 = CARTESIAN_POINT ( 'NONE',  ( -119.4334007080052373, 57.96299781573682708, -4.971197494144983686 ) ) ;
#5500 = CARTESIAN_POINT ( 'NONE',  ( 19.20613733577948423, 15.27188566585233787, -4.995599231673178764 ) ) ;
#5501 = CARTESIAN_POINT ( 'NONE',  ( 1.399791696852885856E-05, 77.84410698035702580, 5.399999999999998579 ) ) ;
#5502 = CIRCLE ( 'NONE', #11175, 0.2999999999999947153 ) ;
#5503 = CARTESIAN_POINT ( 'NONE',  ( -41.41227819873822114, 81.14188785450701857, 4.400000000000000355 ) ) ;
#5504 = ORIENTED_EDGE ( 'NONE', *, *, #11240, .F. ) ;
#5505 = CARTESIAN_POINT ( 'NONE',  ( -32.37063718707962323, 81.96830287383531299, -4.995599230561261983 ) ) ;
#5506 = LINE ( 'NONE', #7515, #10716 ) ;
#5507 = VERTEX_POINT ( 'NONE', #2155 ) ;
#5508 = DIRECTION ( 'NONE',  ( -0.9999999999999839018, 1.798198651385038809E-07, 0.000000000000000000 ) ) ;
#5509 = ORIENTED_EDGE ( 'NONE', *, *, #11654, .F. ) ;
#5510 = ORIENTED_EDGE ( 'NONE', *, *, #2703, .T. ) ;
#5511 = ORIENTED_EDGE ( 'NONE', *, *, #4213, .F. ) ;
#5512 = CONICAL_SURFACE ( 'NONE', #10200, 0.3999999999999906408, 0.7853981633974533860 ) ;
#5513 = EDGE_CURVE ( 'NONE', #5186, #8545, #11394, .T. ) ;
#5514 = CARTESIAN_POINT ( 'NONE',  ( -67.71784497951759363, 81.75442052848488572, -6.527129238957629198 ) ) ;
#5515 = CARTESIAN_POINT ( 'NONE',  ( 16.72351994279169674, 81.15520795972722112, 3.238091704815275751 ) ) ;
#5516 = CARTESIAN_POINT ( 'NONE',  ( -23.36227899999999025, 23.29411099999999735, 7.100000000000059153 ) ) ;
#5517 = DIRECTION ( 'NONE',  ( -1.000000000000000000, 0.000000000000000000, 0.000000000000000000 ) ) ;
#5518 = LINE ( 'NONE', #7288, #7220 ) ;
#5519 = CARTESIAN_POINT ( 'NONE',  ( -100.1230708671832446, 14.16992557471682801, -4.995599231573638832 ) ) ;
#5520 = CARTESIAN_POINT ( 'NONE',  ( -119.3173844784794255, 30.07532783037302337, -6.147970622113705375 ) ) ;
#5521 = EDGE_LOOP ( 'NONE', ( #11071, #4413, #2699, #3412 ) ) ;
#5522 = DIRECTION ( 'NONE',  ( -1.165656389384219863E-06, -0.9999999999993206545, 0.000000000000000000 ) ) ;
#5523 = VECTOR ( 'NONE', #5333, 999.9999999999998863 ) ;
#5524 = CARTESIAN_POINT ( 'NONE',  ( -22.06227899999998954, 21.29411100000000090, 7.399999999999998579 ) ) ;
#5525 = DIRECTION ( 'NONE',  ( 0.000000000000000000, -0.7071067811865802133, -0.7071067811865149322 ) ) ;
#5526 = ORIENTED_EDGE ( 'NONE', *, *, #8394, .T. ) ;
#5527 = VECTOR ( 'NONE', #6224, 1000.000000000000000 ) ;
#5528 = ORIENTED_EDGE ( 'NONE', *, *, #3535, .F. ) ;
#5529 = ADVANCED_FACE ( 'NONE', ( #3744 ), #2827, .F. ) ;
#5530 = FACE_OUTER_BOUND ( 'NONE', #5434, .T. ) ;
#5531 = PLANE ( 'NONE',  #8098 ) ;
#5532 = CARTESIAN_POINT ( 'NONE',  ( -22.66282511920246634, 0.0001563639767652843984, 5.399999999999998579 ) ) ;
#5533 = CARTESIAN_POINT ( 'NONE',  ( 0.9494474989312884361, 84.31779974916419462, 3.102941663502484904 ) ) ;
#5534 = PLANE ( 'NONE',  #5479 ) ;
#5535 = VERTEX_POINT ( 'NONE', #7526 ) ;
#5536 = ORIENTED_EDGE ( 'NONE', *, *, #7272, .T. ) ;
#5537 = CARTESIAN_POINT ( 'NONE',  ( -0.000000000000000000, 14.98547018669192887, -1.900000000000000355 ) ) ;
#5538 = ORIENTED_EDGE ( 'NONE', *, *, #92, .F. ) ;
#5539 = AXIS2_PLACEMENT_3D ( 'NONE', #3673, #921, #8485 ) ;
#5540 = FACE_OUTER_BOUND ( 'NONE', #11088, .T. ) ;
#5541 = EDGE_CURVE ( 'NONE', #11312, #9103, #10814, .T. ) ;
#5542 = CARTESIAN_POINT ( 'NONE',  ( -22.36227900000000091, 78.14411099999999522, 7.100000000000059153 ) ) ;
#5543 = EDGE_CURVE ( 'NONE', #400, #3739, #8715, .T. ) ;
#5544 = LINE ( 'NONE', #12049, #5731 ) ;
#5545 = LINE ( 'NONE', #11064, #11721 ) ;
#5546 = AXIS2_PLACEMENT_3D ( 'NONE', #12047, #5359, #10137 ) ;
#5547 = VECTOR ( 'NONE', #1092, 1000.000000000000000 ) ;
#5548 = VERTEX_POINT ( 'NONE', #6063 ) ;
#5549 = LINE ( 'NONE', #977, #11365 ) ;
#5550 = EDGE_CURVE ( 'NONE', #6183, #8391, #9792, .T. ) ;
#5551 = CARTESIAN_POINT ( 'NONE',  ( 19.17286045606258327, 47.98361831676612610, -2.664091216875282608 ) ) ;
#5552 = VECTOR ( 'NONE', #7223, 1000.000000000000000 ) ;
#5553 = VERTEX_POINT ( 'NONE', #4106 ) ;
#5554 = ORIENTED_EDGE ( 'NONE', *, *, #4977, .T. ) ;
#5555 = ORIENTED_EDGE ( 'NONE', *, *, #6135, .T. ) ;
#5556 = CARTESIAN_POINT ( 'NONE',  ( -119.3167192702135395, 30.17521305340542170, -2.686416806089340525 ) ) ;
#5557 = CARTESIAN_POINT ( 'NONE',  ( -119.3502726674069265, 57.28231811979603094, -4.481602675009021652 ) ) ;
#5558 = CARTESIAN_POINT ( 'NONE',  ( 19.17216772283317283, 15.27188566585233787, -5.506109695705925233 ) ) ;
#5559 = PLANE ( 'NONE',  #6203 ) ;
#5560 = VECTOR ( 'NONE', #2668, 1000.000000000000000 ) ;
#5561 = VECTOR ( 'NONE', #3414, 1000.000000000000114 ) ;
#5562 = CARTESIAN_POINT ( 'NONE',  ( -20.45066672394716889, -2.666965280402793681, -3.012814236603930329 ) ) ;
#5563 = ADVANCED_FACE ( 'NONE', ( #1426 ), #11586, .T. ) ;
#5564 = CARTESIAN_POINT ( 'NONE',  ( -33.34982682535063248, 82.03599215977163794, -4.995599230561261983 ) ) ;
#5565 = DIRECTION ( 'NONE',  ( -0.000000000000000000, -0.000000000000000000, -1.000000000000000000 ) ) ;
#5566 = EDGE_LOOP ( 'NONE', ( #11719, #8855, #6373, #3891 ) ) ;
#5567 = EDGE_CURVE ( 'NONE', #10343, #310, #140, .T. ) ;
#5568 = CARTESIAN_POINT ( 'NONE',  ( 0.8677348501687506266, 89.51034836918090321, 2.799999999999989164 ) ) ;
#5569 = ORIENTED_EDGE ( 'NONE', *, *, #4266, .T. ) ;
#5570 = ORIENTED_EDGE ( 'NONE', *, *, #5269, .F. ) ;
#5571 = EDGE_LOOP ( 'NONE', ( #6522, #5510, #4852, #415 ) ) ;
#5572 = PLANE ( 'NONE',  #5361 ) ;
#5573 = LINE ( 'NONE', #2762, #5990 ) ;
#5574 = DIRECTION ( 'NONE',  ( -1.000000000000000000, 0.000000000000000000, 0.000000000000000000 ) ) ;
#5575 = CARTESIAN_POINT ( 'NONE',  ( -17.66226043005733715, 81.84410925728559505, -2.400000000000000355 ) ) ;
#5576 = FACE_OUTER_BOUND ( 'NONE', #8051, .T. ) ;
#5577 = CARTESIAN_POINT ( 'NONE',  ( -100.7758657286020849, 14.28967054254299995, -3.293894456357826073 ) ) ;
#5578 = CARTESIAN_POINT ( 'NONE',  ( -119.3173712799326580, 30.96686894482517616, -5.044740618458197545 ) ) ;
#5579 = AXIS2_PLACEMENT_3D ( 'NONE', #8458, #7605, #9443 ) ;
#5580 = ORIENTED_EDGE ( 'NONE', *, *, #5474, .F. ) ;
#5581 = CARTESIAN_POINT ( 'NONE',  ( -117.3122790891199116, 15.29411798029975778, 7.100000000000059153 ) ) ;
#5582 = EDGE_CURVE ( 'NONE', #7925, #2628, #7338, .T. ) ;
#5583 = CARTESIAN_POINT ( 'NONE',  ( 19.10759234828622866, 19.02545081132303295, -5.846449543846347296 ) ) ;
#5584 = ORIENTED_EDGE ( 'NONE', *, *, #7416, .F. ) ;
#5585 = ORIENTED_EDGE ( 'NONE', *, *, #11766, .T. ) ;
#5586 = EDGE_LOOP ( 'NONE', ( #6389, #6026, #8405, #8697 ) ) ;
#5587 = LINE ( 'NONE', #954, #7116 ) ;
#5588 = LINE ( 'NONE', #9439, #11875 ) ;
#5589 = DIRECTION ( 'NONE',  ( 0.7082873951836987647, -0.7059241926891944852, 0.000000000000000000 ) ) ;
#5590 = LINE ( 'NONE', #8400, #2834 ) ;
#5591 = DIRECTION ( 'NONE',  ( 0.000000000000000000, -0.000000000000000000, -1.000000000000000000 ) ) ;
#5592 = DIRECTION ( 'NONE',  ( -1.000000000000000000, 0.000000000000000000, 0.000000000000000000 ) ) ;
#5593 = DIRECTION ( 'NONE',  ( 1.000000000000000000, 0.000000000000000000, 0.000000000000000000 ) ) ;
#5594 = ORIENTED_EDGE ( 'NONE', *, *, #8060, .T. ) ;
#5595 = EDGE_CURVE ( 'NONE', #9104, #11775, #2394, .T. ) ;
#5596 = ORIENTED_EDGE ( 'NONE', *, *, #3341, .T. ) ;
#5597 = VECTOR ( 'NONE', #6482, 1000.000000000000114 ) ;
#5598 = CARTESIAN_POINT ( 'NONE',  ( -70.81228330292587714, 19.29411698796796415, -1.900000000000000355 ) ) ;
#5599 = ORIENTED_EDGE ( 'NONE', *, *, #2511, .T. ) ;
#5600 = DIRECTION ( 'NONE',  ( 0.000000000000000000, -1.000000000000000000, 0.000000000000000000 ) ) ;
#5601 = FACE_OUTER_BOUND ( 'NONE', #654, .T. ) ;
#5602 = DIRECTION ( 'NONE',  ( -0.000000000000000000, 0.000000000000000000, 1.000000000000000000 ) ) ;
#5603 = CARTESIAN_POINT ( 'NONE',  ( 0.000000000000000000, 73.14410401970062026, 7.399999999999998579 ) ) ;
#5604 = DIRECTION ( 'NONE',  ( -0.000000000000000000, -0.000000000000000000, -1.000000000000000000 ) ) ;
#5605 = VECTOR ( 'NONE', #11639, 1000.000000000000000 ) ;
#5606 = DIRECTION ( 'NONE',  ( 1.000000000000000000, 0.000000000000000000, 0.000000000000000000 ) ) ;
#5607 = ADVANCED_FACE ( 'NONE', ( #11521 ), #5205, .T. ) ;
#5608 = CIRCLE ( 'NONE', #2107, 0.8999999999999980238 ) ;
#5609 = LINE ( 'NONE', #6582, #3803 ) ;
#5610 = DIRECTION ( 'NONE',  ( 0.000000000000000000, -1.000000000000000000, 0.000000000000000000 ) ) ;
#5611 = ORIENTED_EDGE ( 'NONE', *, *, #4181, .T. ) ;
#5612 = ORIENTED_EDGE ( 'NONE', *, *, #10277, .T. ) ;
#5613 = ORIENTED_EDGE ( 'NONE', *, *, #6074, .F. ) ;
#5614 = CARTESIAN_POINT ( 'NONE',  ( -119.3912007693129169, 30.17521305340542170, -3.339211667515419979 ) ) ;
#5615 = CARTESIAN_POINT ( 'NONE',  ( -119.2521433680636846, 57.62265796776650717, -2.360019375376344541 ) ) ;
#5616 = CARTESIAN_POINT ( 'NONE',  ( 19.24664926377545271, 15.92467787341269414, -3.293894456394166337 ) ) ;
#5617 = EDGE_CURVE ( 'NONE', #4574, #3700, #6844, .T. ) ;
#5618 = PLANE ( 'NONE',  #7178 ) ;
#5619 = VECTOR ( 'NONE', #2913, 1000.000000000000000 ) ;
#5620 = CARTESIAN_POINT ( 'NONE',  ( -21.48841886499908682, -2.594992412676421001, -4.318403959532886915 ) ) ;
#5621 = EDGE_CURVE ( 'NONE', #3598, #3136, #1696, .T. ) ;
#5622 = EDGE_CURVE ( 'NONE', #3739, #9178, #5025, .T. ) ;
#5623 = CARTESIAN_POINT ( 'NONE',  ( -33.34982682535063248, 81.83175441820216633, -2.272870760029102044 ) ) ;
#5624 = CARTESIAN_POINT ( 'NONE',  ( -22.36452166131000041, 78.13965514279601621, 5.399999999999998579 ) ) ;
#5625 = VERTEX_POINT ( 'NONE', #6174 ) ;
#5626 = LINE ( 'NONE', #6597, #1073 ) ;
#5627 = CARTESIAN_POINT ( 'NONE',  ( 11.01773293216644589, 78.84410499915246362, -1.799999999999999378 ) ) ;
#5628 = ORIENTED_EDGE ( 'NONE', *, *, #5023, .F. ) ;
#5629 = ORIENTED_EDGE ( 'NONE', *, *, #509, .T. ) ;
#5630 = VECTOR ( 'NONE', #10184, 1000.000000000000114 ) ;
#5631 = VECTOR ( 'NONE', #4256, 1000.000000000000114 ) ;
#5632 = ORIENTED_EDGE ( 'NONE', *, *, #11985, .F. ) ;
#5633 = CARTESIAN_POINT ( 'NONE',  ( -67.39144887573405640, 81.84482416615048805, -4.314918150687090836 ) ) ;
#5634 = CARTESIAN_POINT ( 'NONE',  ( -79.51228598030138528, 22.99411099999999664, 7.399999999999998579 ) ) ;
#5635 = DIRECTION ( 'NONE',  ( 0.7071067811865717756, 0.000000000000000000, 0.7071067811865232589 ) ) ;
#5636 = EDGE_CURVE ( 'NONE', #10401, #9919, #7150, .T. ) ;
#5637 = CARTESIAN_POINT ( 'NONE',  ( -50.66227900000000517, 2.935538080412094519, -1.900000000000000355 ) ) ;
#5638 = DIRECTION ( 'NONE',  ( -0.000000000000000000, 0.000000000000000000, 1.000000000000000000 ) ) ;
#5639 = CARTESIAN_POINT ( 'NONE',  ( -100.1230708671832588, 14.25486642152007910, -2.953553224585818260 ) ) ;
#5640 = CARTESIAN_POINT ( 'NONE',  ( 0.02647484971133999901, 85.23782826004060098, 3.241513812597954569 ) ) ;
#5641 = AXIS2_PLACEMENT_3D ( 'NONE', #7557, #4934, #4697 ) ;
#5642 = EDGE_LOOP ( 'NONE', ( #1131, #7314, #4837, #5660 ) ) ;
#5643 = DIRECTION ( 'NONE',  ( -1.000000000000000000, 0.000000000000000000, 0.000000000000000000 ) ) ;
#5644 = VERTEX_POINT ( 'NONE', #3435 ) ;
#5645 = CARTESIAN_POINT ( 'NONE',  ( 19.13990280763142238, 18.37265594989637307, -6.186789391986769360 ) ) ;
#5646 = ORIENTED_EDGE ( 'NONE', *, *, #6954, .T. ) ;
#5647 = VERTEX_POINT ( 'NONE', #8066 ) ;
#5648 = CARTESIAN_POINT ( 'NONE',  ( -118.3122790000000322, 16.29411810919372172, -1.900000000000000355 ) ) ;
#5649 = DIRECTION ( 'NONE',  ( -1.000000000000000000, 0.000000000000000000, 0.000000000000000000 ) ) ;
#5650 = DIRECTION ( 'NONE',  ( 1.000000000000000000, 0.000000000000000000, 0.000000000000000000 ) ) ;
#5651 = VECTOR ( 'NONE', #8489, 1000.000000000000114 ) ;
#5652 = EDGE_CURVE ( 'NONE', #7531, #6658, #1545, .T. ) ;
#5653 = CARTESIAN_POINT ( 'NONE',  ( -21.34583598426059581, -2.500864045538070624, -5.990558621141742535 ) ) ;
#5654 = CARTESIAN_POINT ( 'NONE',  ( -31.92396087154242323, 81.84929211180103437, -5.720826607197065705 ) ) ;
#5655 = ADVANCED_FACE ( 'NONE', ( #4351 ), #9504, .T. ) ;
#5656 = CARTESIAN_POINT ( 'NONE',  ( -31.43860993544388194, 1.244111000000004408, 7.099999999999989875 ) ) ;
#5657 = LINE ( 'NONE', #5840, #1928 ) ;
#5658 = DIRECTION ( 'NONE',  ( 1.000000000000000000, -6.584418764838352724E-17, -0.000000000000000000 ) ) ;
#5659 = EDGE_LOOP ( 'NONE', ( #10481, #5994 ) ) ;
#5660 = ORIENTED_EDGE ( 'NONE', *, *, #1592, .F. ) ;
#5661 = DIRECTION ( 'NONE',  ( -1.000000000000000000, 0.000000000000000000, 0.000000000000000000 ) ) ;
#5662 = EDGE_LOOP ( 'NONE', ( #6041, #10967, #4567, #9797 ) ) ;
#5663 = LINE ( 'NONE', #4867, #7321 ) ;
#5664 = AXIS2_PLACEMENT_3D ( 'NONE', #2474, #6191, #2294 ) ;
#5665 = DIRECTION ( 'NONE',  ( 1.000000000000000000, 2.646977960169688560E-23, 0.000000000000000000 ) ) ;
#5666 = CARTESIAN_POINT ( 'NONE',  ( 9.171201013508521369E-05, 80.84403429840438093, 5.399999999999998579 ) ) ;
#5667 = ADVANCED_FACE ( 'NONE', ( #1135 ), #2961, .T. ) ;
#5668 = LINE ( 'NONE', #7316, #1452 ) ;
#5669 = CARTESIAN_POINT ( 'NONE',  ( 20.16772100000000378, 24.98547018669194131, 1.699999999999992184 ) ) ;
#5670 = LINE ( 'NONE', #10957, #3718 ) ;
#5671 = VECTOR ( 'NONE', #1277, 1000.000000000000000 ) ;
#5672 = DIRECTION ( 'NONE',  ( 0.000000000000000000, 0.000000000000000000, -1.000000000000000000 ) ) ;
#5673 = CARTESIAN_POINT ( 'NONE',  ( 19.17287227546734485, 46.99842786915768045, -4.662232016104574051 ) ) ;
#5674 = ORIENTED_EDGE ( 'NONE', *, *, #2114, .F. ) ;
#5675 = VERTEX_POINT ( 'NONE', #8454 ) ;
#5676 = ORIENTED_EDGE ( 'NONE', *, *, #7437, .T. ) ;
#5677 = FACE_OUTER_BOUND ( 'NONE', #8924, .T. ) ;
#5678 = CIRCLE ( 'NONE', #428, 0.3000000000000016542 ) ;
#5679 = ADVANCED_FACE ( 'NONE', ( #3025 ), #7155, .F. ) ;
#5680 = CARTESIAN_POINT ( 'NONE',  ( -119.3199620379711945, 57.62265796776650006, -5.787188417060549206 ) ) ;
#5681 = FACE_OUTER_BOUND ( 'NONE', #7334, .T. ) ;
#5682 = CARTESIAN_POINT ( 'NONE',  ( -21.13541429827796847, -2.592533629152801833, -5.460792313075840454 ) ) ;
#5683 = CARTESIAN_POINT ( 'NONE',  ( -33.51302554070682760, 81.83175445281001714, -2.272870760029102044 ) ) ;
#5684 = DIRECTION ( 'NONE',  ( 0.000000000000000000, 0.000000000000000000, -1.000000000000000000 ) ) ;
#5685 = AXIS2_PLACEMENT_3D ( 'NONE', #10144, #6222, #5487 ) ;
#5686 = ORIENTED_EDGE ( 'NONE', *, *, #4647, .F. ) ;
#5687 = DIRECTION ( 'NONE',  ( -0.8660254037844387076, 0.4999999999999998890, 0.000000000000000000 ) ) ;
#5688 = DIRECTION ( 'NONE',  ( 0.9999999999999206191, -3.984065844030485859E-07, 0.000000000000000000 ) ) ;
#5689 = ORIENTED_EDGE ( 'NONE', *, *, #2194, .F. ) ;
#5690 = ORIENTED_EDGE ( 'NONE', *, *, #11103, .F. ) ;
#5691 = VERTEX_POINT ( 'NONE', #9502 ) ;
#5692 = EDGE_CURVE ( 'NONE', #8393, #5948, #1511, .T. ) ;
#5693 = DIRECTION ( 'NONE',  ( 0.9997000655922851919, -0.02449038290391794895, 0.000000000000000000 ) ) ;
#5694 = DIRECTION ( 'NONE',  ( 0.9914448441888145114, -0.1305263227529890879, 0.000000000000000000 ) ) ;
#5695 = ADVANCED_FACE ( 'NONE', ( #3879 ), #5709, .T. ) ;
#5696 = CARTESIAN_POINT ( 'NONE',  ( 19.17282656148652009, 49.24969985352417723, -2.399999999999467448 ) ) ;
#5697 = CIRCLE ( 'NONE', #9024, 1.000000000000000888 ) ;
#5698 = FACE_OUTER_BOUND ( 'NONE', #38, .T. ) ;
#5699 = DIRECTION ( 'NONE',  ( 1.000000000000000000, 0.000000000000000000, 0.000000000000000000 ) ) ;
#5700 = CARTESIAN_POINT ( 'NONE',  ( -101.1022631593114767, 14.38072769202486434, -6.186789391842989261 ) ) ;
#5701 = CARTESIAN_POINT ( 'NONE',  ( 1.220690351806148932, 84.99256978328219247, 4.422445789777467162 ) ) ;
#5702 = CARTESIAN_POINT ( 'NONE',  ( 15.08940481543752732, 80.57173741050191040, 3.357573708994400441 ) ) ;
#5703 = DIRECTION ( 'NONE',  ( -1.000000000000000000, 0.000000000000000000, 0.000000000000000000 ) ) ;
#5704 = ORIENTED_EDGE ( 'NONE', *, *, #1276, .T. ) ;
#5705 = EDGE_CURVE ( 'NONE', #4480, #2958, #11283, .T. ) ;
#5706 = VECTOR ( 'NONE', #3863, 999.9999999999998863 ) ;
#5707 = ORIENTED_EDGE ( 'NONE', *, *, #11921, .F. ) ;
#5708 = DIRECTION ( 'NONE',  ( -1.382123643207484577E-16, 0.7071067811865148212, 0.7071067811865802133 ) ) ;
#5709 = PLANE ( 'NONE',  #11682 ) ;
#5710 = LINE ( 'NONE', #9320, #9626 ) ;
#5711 = CARTESIAN_POINT ( 'NONE',  ( -23.97868284811302431, -1.795414496593723097, -5.722213349720136399 ) ) ;
#5712 = FACE_OUTER_BOUND ( 'NONE', #1589, .T. ) ;
#5713 = CARTESIAN_POINT ( 'NONE',  ( 0.1331423508768542208, 85.21618461612445117, 3.494532450611359753 ) ) ;
#5714 = AXIS2_PLACEMENT_3D ( 'NONE', #467, #2352, #5835 ) ;
#5715 = ORIENTED_EDGE ( 'NONE', *, *, #3385, .T. ) ;
#5716 = DIRECTION ( 'NONE',  ( -1.000000000000000000, -2.646977960169688560E-23, 0.000000000000000000 ) ) ;
#5717 = ORIENTED_EDGE ( 'NONE', *, *, #6017, .F. ) ;
#5718 = ORIENTED_EDGE ( 'NONE', *, *, #11062, .F. ) ;
#5719 = LINE ( 'NONE', #3951, #2908 ) ;
#5720 = ORIENTED_EDGE ( 'NONE', *, *, #4080, .T. ) ;
#5721 = ADVANCED_FACE ( 'NONE', ( #11408 ), #42, .F. ) ;
#5722 = ADVANCED_FACE ( 'NONE', ( #5834 ), #6799, .F. ) ;
#5723 = LINE ( 'NONE', #9331, #5369 ) ;
#5724 = AXIS2_PLACEMENT_3D ( 'NONE', #1503, #707, #4483 ) ;
#5725 = DIRECTION ( 'NONE',  ( 0.000000000000000000, -1.000000000000000000, 0.000000000000000000 ) ) ;
#5726 = DIRECTION ( 'NONE',  ( -0.9999999999993565147, 1.134431389167281103E-06, 0.000000000000000000 ) ) ;
#5727 = CARTESIAN_POINT ( 'NONE',  ( -33.43142950036545358, 80.84411100000002648, -4.400000000000000355 ) ) ;
#5728 = DIRECTION ( 'NONE',  ( -0.000000000000000000, -0.000000000000000000, 1.000000000000000000 ) ) ;
#5729 = CARTESIAN_POINT ( 'NONE',  ( -80.21227900000000943, 73.15268391958734640, 5.399999999999998579 ) ) ;
#5730 = CARTESIAN_POINT ( 'NONE',  ( 12.78459666020953378, 2.693571874106210018, 7.099999999999990763 ) ) ;
#5731 = VECTOR ( 'NONE', #11241, 1000.000000000000000 ) ;
#5732 = DIRECTION ( 'NONE',  ( -1.000000000000000000, 0.000000000000000000, -0.000000000000000000 ) ) ;
#5733 = ORIENTED_EDGE ( 'NONE', *, *, #538, .T. ) ;
#5734 = EDGE_CURVE ( 'NONE', #7779, #6138, #1195, .T. ) ;
#5735 = LINE ( 'NONE', #2132, #12080 ) ;
#5736 = ORIENTED_EDGE ( 'NONE', *, *, #509, .F. ) ;
#5737 = VERTEX_POINT ( 'NONE', #2902 ) ;
#5738 = AXIS2_PLACEMENT_3D ( 'NONE', #1923, #9378, #1074 ) ;
#5739 = DIRECTION ( 'NONE',  ( -0.000000000000000000, -0.000000000000000000, -1.000000000000000000 ) ) ;
#5740 = CIRCLE ( 'NONE', #8670, 0.9999999999999991118 ) ;
#5741 = B_SPLINE_CURVE_WITH_KNOTS ( 'NONE', 3,
 ( #8401, #45, #3086, #1138, #4920, #6683, #4741, #1989, #2112, #290, #3820, #1259, #3028, #10306, #1078, #7543, #10366, #8646, #1927, #4859, #4002, #1018, #5654, #4802, #8586, #226, #11286, #7726, #3943, #7480 ),
 .UNSPECIFIED., .F., .F.,
 ( 4, 2, 2, 2, 2, 2, 2, 2, 2, 2, 2, 2, 2, 2, 4 ),
 ( 0.006252914650804112899, 0.006643633624005986990, 0.007034352597207861948, 0.007815790543611591049, 0.008206509516813455599, 0.008597228490015320149, 0.008987947463217184699, 0.009378666436419049249, 0.009769385409620913799, 0.01016010438282278008, 0.01055082335602464463, 0.01094154232922650918, 0.01133226130242837373, 0.01172298027563023828, 0.01250441822203396738 ),
 .UNSPECIFIED. ) ;
#5742 = CARTESIAN_POINT ( 'NONE',  ( -119.5049801751300151, 58.98401874329225336, -3.828807813583583908 ) ) ;
#5743 = LINE ( 'NONE', #7390, #5070 ) ;
#5744 = CARTESIAN_POINT ( 'NONE',  ( -21.95705656708808462, -2.371511159068675045, -6.113584520710891645 ) ) ;
#5745 = CARTESIAN_POINT ( 'NONE',  ( -34.49221783284409071, 81.79994213280780002, -2.272870760029102044 ) ) ;
#5746 = VECTOR ( 'NONE', #504, 1000.000000000000000 ) ;
#5747 = DIRECTION ( 'NONE',  ( 0.7071067811865717756, 0.000000000000000000, 0.7071067811865232589 ) ) ;
#5748 = EDGE_CURVE ( 'NONE', #4730, #8121, #2046, .T. ) ;
#5749 = DIRECTION ( 'NONE',  ( 1.000000000000000000, 0.000000000000000000, 0.000000000000000000 ) ) ;
#5750 = CARTESIAN_POINT ( 'NONE',  ( -69.95078827295908752, 81.84922030004796056, -2.464195851704108708 ) ) ;
#5751 = ORIENTED_EDGE ( 'NONE', *, *, #2263, .F. ) ;
#5752 = ORIENTED_EDGE ( 'NONE', *, *, #3786, .F. ) ;
#5753 = FACE_OUTER_BOUND ( 'NONE', #9802, .T. ) ;
#5754 = CARTESIAN_POINT ( 'NONE',  ( -67.39144887573405640, 81.75750128907598935, -6.186789390833933311 ) ) ;
#5755 = LINE ( 'NONE', #9423, #12059 ) ;
#5756 = CARTESIAN_POINT ( 'NONE',  ( -5.438499566049154632E-15, 28.29411100000000800, 4.400000000000000355 ) ) ;
#5757 = CIRCLE ( 'NONE', #3618, 0.8999999999999954703 ) ;
#5758 = CARTESIAN_POINT ( 'NONE',  ( 0.8677339247136528488, 84.36378078824772331, 5.400000000000003908 ) ) ;
#5759 = LINE ( 'NONE', #9553, #1391 ) ;
#5760 = CARTESIAN_POINT ( 'NONE',  ( -100.7758657286020707, 14.38380835098658928, -6.527129239970771657 ) ) ;
#5761 = CARTESIAN_POINT ( 'NONE',  ( 0.8241613103357682268, 85.07473706581819783, 4.249550492840096894 ) ) ;
#5762 = VERTEX_POINT ( 'NONE', #1865 ) ;
#5763 = CARTESIAN_POINT ( 'NONE',  ( 14.92058604628176610, 80.70337089682541887, 3.397980193632016643 ) ) ;
#5764 = EDGE_CURVE ( 'NONE', #9641, #2477, #1924, .T. ) ;
#5765 = ADVANCED_FACE ( 'NONE', ( #5773 ), #7741, .F. ) ;
#5766 = CARTESIAN_POINT ( 'NONE',  ( 16.95859082457480227, 2.864296143744261336, -1.900000000000000355 ) ) ;
#5767 = VECTOR ( 'NONE', #3672, 1000.000000000000000 ) ;
#5768 = ORIENTED_EDGE ( 'NONE', *, *, #2068, .T. ) ;
#5769 = VECTOR ( 'NONE', #5481, 1000.000000000000114 ) ;
#5770 = ORIENTED_EDGE ( 'NONE', *, *, #1805, .T. ) ;
#5771 = EDGE_LOOP ( 'NONE', ( #8654, #10179, #7911, #10327 ) ) ;
#5772 = CARTESIAN_POINT ( 'NONE',  ( -63.11245935347301383, 1.546112027757557517, 5.399999999999998579 ) ) ;
#5773 = FACE_OUTER_BOUND ( 'NONE', #4734, .T. ) ;
#5774 = FACE_OUTER_BOUND ( 'NONE', #5300, .T. ) ;
#5775 = CARTESIAN_POINT ( 'NONE',  ( -20.65389752908997067, -2.686209583819722191, -4.919358772593790619 ) ) ;
#5776 = CARTESIAN_POINT ( 'NONE',  ( 11.91857130266412312, 3.193571847410091813, 7.099999999999989875 ) ) ;
#5777 = CARTESIAN_POINT ( 'NONE',  ( -33.43142950036961736, 81.84921655128748341, -6.400000000000000355 ) ) ;
#5778 = VECTOR ( 'NONE', #8283, 1000.000000000000114 ) ;
#5779 = DIRECTION ( 'NONE',  ( 1.000000000000000000, 0.000000000000000000, 0.000000000000000000 ) ) ;
#5780 = ORIENTED_EDGE ( 'NONE', *, *, #11907, .F. ) ;
#5781 = EDGE_CURVE ( 'NONE', #7214, #4401, #5588, .T. ) ;
#5782 = VERTEX_POINT ( 'NONE', #9379 ) ;
#5783 = DIRECTION ( 'NONE',  ( 1.798198673297579720E-07, 0.9999999999999840128, 0.000000000000000000 ) ) ;
#5784 = ORIENTED_EDGE ( 'NONE', *, *, #1026, .F. ) ;
#5785 = FACE_OUTER_BOUND ( 'NONE', #7234, .T. ) ;
#5786 = AXIS2_PLACEMENT_3D ( 'NONE', #11847, #1791, #5517 ) ;
#5787 = CYLINDRICAL_SURFACE ( 'NONE', #5160, 1.899999999999998357 ) ;
#5788 = DIRECTION ( 'NONE',  ( 1.000000000000000000, 0.000000000000000000, 0.000000000000000000 ) ) ;
#5789 = CYLINDRICAL_SURFACE ( 'NONE', #515, 2.798033192550029913 ) ;
#5790 = DIRECTION ( 'NONE',  ( -0.000000000000000000, -0.000000000000000000, -1.000000000000000000 ) ) ;
#5791 = DIRECTION ( 'NONE',  ( 1.000000000000000000, 0.000000000000000000, 0.000000000000000000 ) ) ;
#5792 = ADVANCED_FACE ( 'NONE', ( #1015 ), #4917, .T. ) ;
#5793 = CARTESIAN_POINT ( 'NONE',  ( 19.10759255686363289, 46.94548956206062940, -2.953553224610078409 ) ) ;
#5794 = AXIS2_PLACEMENT_3D ( 'NONE', #1986, #1075, #8518 ) ;
#5795 = CARTESIAN_POINT ( 'NONE',  ( -20.59188812604579155, -2.702821065518326460, -4.269498044599096431 ) ) ;
#5796 = ORIENTED_EDGE ( 'NONE', *, *, #2331, .T. ) ;
#5797 = DIRECTION ( 'NONE',  ( -0.000000000000000000, 0.000000000000000000, 1.000000000000000000 ) ) ;
#5798 = ORIENTED_EDGE ( 'NONE', *, *, #1068, .T. ) ;
#5799 = VERTEX_POINT ( 'NONE', #222 ) ;
#5800 = ORIENTED_EDGE ( 'NONE', *, *, #418, .T. ) ;
#5801 = CONICAL_SURFACE ( 'NONE', #6189, 0.3999999999999906408, 0.7853981633974540522 ) ;
#5802 = CARTESIAN_POINT ( 'NONE',  ( -118.3122811893314434, 1.524973922286212459E-05, 5.399999999999998579 ) ) ;
#5803 = CARTESIAN_POINT ( 'NONE',  ( -119.4452629010167612, 60.17521305394346598, -4.318403959652662216 ) ) ;
#5804 = ADVANCED_FACE ( 'NONE', ( #3940 ), #8643, .F. ) ;
#5805 = EDGE_CURVE ( 'NONE', #3875, #5001, #4246, .T. ) ;
#5806 = CARTESIAN_POINT ( 'NONE',  ( -21.99677620601829275, -2.519746871780923048, -4.318403959594801833 ) ) ;
#5807 = CIRCLE ( 'NONE', #4448, 1.625000000000001332 ) ;
#5808 = CARTESIAN_POINT ( 'NONE',  ( -33.34982682535063248, 81.97710180912031319, -3.293894455345293792 ) ) ;
#5809 = DIRECTION ( 'NONE',  ( 0.000000000000000000, 0.000000000000000000, 1.000000000000000000 ) ) ;
#5810 = CARTESIAN_POINT ( 'NONE',  ( 1.122612580087226863, -14.18700414068861626, 7.399999999999998579 ) ) ;
#5811 = DIRECTION ( 'NONE',  ( 0.000000000000000000, 0.000000000000000000, 1.000000000000000000 ) ) ;
#5812 = ORIENTED_EDGE ( 'NONE', *, *, #2564, .T. ) ;
#5813 = VERTEX_POINT ( 'NONE', #10542 ) ;
#5814 = DIRECTION ( 'NONE',  ( 0.000000000000000000, -1.000000000000000000, 0.000000000000000000 ) ) ;
#5815 = CARTESIAN_POINT ( 'NONE',  ( -68.86023200622652496, 82.03681860197673359, -4.485088766571109886 ) ) ;
#5816 = FACE_OUTER_BOUND ( 'NONE', #535, .T. ) ;
#5817 = CARTESIAN_POINT ( 'NONE',  ( -22.66228894959903428, 78.13965514279601621, -1.900000000000000355 ) ) ;
#5818 = VECTOR ( 'NONE', #9480, 999.9999999999998863 ) ;
#5819 = CARTESIAN_POINT ( 'NONE',  ( 1.467734850168741056, 89.51034826128898203, 2.799999999999993605 ) ) ;
#5820 = EDGE_CURVE ( 'NONE', #7486, #8393, #3207, .T. ) ;
#5821 = CARTESIAN_POINT ( 'NONE',  ( -79.81228598030135402, 0.000000000000000000, 4.400000000000000355 ) ) ;
#5822 = CARTESIAN_POINT ( 'NONE',  ( -41.71227899999998812, 0.000000000000000000, -1.900000000000000355 ) ) ;
#5823 = PLANE ( 'NONE',  #11955 ) ;
#5824 = CARTESIAN_POINT ( 'NONE',  ( -42.71227819873823250, 86.14410401969519171, 7.399999999999998579 ) ) ;
#5825 = CARTESIAN_POINT ( 'NONE',  ( -80.81228598030135402, 15.29411798029979508, 7.100000000000059153 ) ) ;
#5826 = VECTOR ( 'NONE', #8965, 1000.000000000000000 ) ;
#5827 = ORIENTED_EDGE ( 'NONE', *, *, #8343, .T. ) ;
#5828 = CYLINDRICAL_SURFACE ( 'NONE', #762, 1.624999999999999778 ) ;
#5829 = VECTOR ( 'NONE', #5418, 1000.000000000000000 ) ;
#5830 = FACE_OUTER_BOUND ( 'NONE', #2071, .T. ) ;
#5831 = ORIENTED_EDGE ( 'NONE', *, *, #4508, .F. ) ;
#5832 = EDGE_LOOP ( 'NONE', ( #6838, #356, #10647, #6015 ) ) ;
#5833 = CARTESIAN_POINT ( 'NONE',  ( -23.36227899999999025, 23.29411099999999735, 4.400000000000000355 ) ) ;
#5834 = FACE_OUTER_BOUND ( 'NONE', #9244, .T. ) ;
#5835 = DIRECTION ( 'NONE',  ( 0.000000000000000000, -0.000000000000000000, 1.000000000000000000 ) ) ;
#5836 = DIRECTION ( 'NONE',  ( -1.000000000000000000, 0.000000000000000000, 0.000000000000000000 ) ) ;
#5837 = FACE_OUTER_BOUND ( 'NONE', #2371, .T. ) ;
#5838 = EDGE_CURVE ( 'NONE', #6208, #7417, #8706, .T. ) ;
#5839 = DIRECTION ( 'NONE',  ( 0.000000000000000000, 1.000000000000000000, 0.000000000000000000 ) ) ;
#5840 = CARTESIAN_POINT ( 'NONE',  ( -80.50915292031825743, 72.84410401970066573, 5.399999999999998579 ) ) ;
#5841 = AXIS2_PLACEMENT_3D ( 'NONE', #2299, #11484, #9757 ) ;
#5842 = DIRECTION ( 'NONE',  ( 0.000000000000000000, 0.000000000000000000, 1.000000000000000000 ) ) ;
#5843 = ORIENTED_EDGE ( 'NONE', *, *, #5231, .T. ) ;
#5844 = ORIENTED_EDGE ( 'NONE', *, *, #6435, .F. ) ;
#5845 = ORIENTED_EDGE ( 'NONE', *, *, #11942, .F. ) ;
#5846 = CIRCLE ( 'NONE', #3107, 1.000000000000000000 ) ;
#5847 = CARTESIAN_POINT ( 'NONE',  ( -4.612279000000576445, 77.84410780973894362, 4.400000000000000355 ) ) ;
#5848 = FACE_OUTER_BOUND ( 'NONE', #3108, .T. ) ;
#5849 = EDGE_CURVE ( 'NONE', #3569, #11684, #6858, .T. ) ;
#5850 = EDGE_CURVE ( 'NONE', #8680, #9561, #10672, .T. ) ;
#5851 = DIRECTION ( 'NONE',  ( -0.9999999999999640288, 2.679728807195011801E-07, -0.000000000000000000 ) ) ;
#5852 = DIRECTION ( 'NONE',  ( 0.2588190399164184141, 0.9659258276786801822, 0.000000000000000000 ) ) ;
#5853 = CARTESIAN_POINT ( 'NONE',  ( 19.07803031912010283, 47.27188566584292317, -2.272870761040460152 ) ) ;
#5854 = CARTESIAN_POINT ( 'NONE',  ( -35.43142950036546068, 81.84411100000002648, 0.5999999999999998668 ) ) ;
#5855 = ORIENTED_EDGE ( 'NONE', *, *, #4826, .F. ) ;
#5856 = FACE_OUTER_BOUND ( 'NONE', #5942, .T. ) ;
#5857 = EDGE_LOOP ( 'NONE', ( #9858, #6123, #8025 ) ) ;
#5858 = EDGE_CURVE ( 'NONE', #189, #7082, #4119, .T. ) ;
#5859 = CARTESIAN_POINT ( 'NONE',  ( -12.66226043005733537, 81.84410925728559505, -1.900000000000000577 ) ) ;
#5860 = VERTEX_POINT ( 'NONE', #7043 ) ;
#5861 = LINE ( 'NONE', #8669, #451 ) ;
#5862 = CARTESIAN_POINT ( 'NONE',  ( -119.3940606934739179, 58.47350827951456864, -3.012814236801784507 ) ) ;
#5863 = CARTESIAN_POINT ( 'NONE',  ( -22.61698047981096948, -2.204430992500452380, -6.113584520791264687 ) ) ;
#5864 = CARTESIAN_POINT ( 'NONE',  ( -33.51302554070683470, 81.88211189699555348, -2.613211991801165812 ) ) ;
#5865 = CARTESIAN_POINT ( 'NONE',  ( -117.7175827487286028, 74.88096459863396603, 7.399999999999998579 ) ) ;
#5866 = CARTESIAN_POINT ( 'NONE',  ( -101.4372790000000322, 15.29411099999999912, 5.399999999999998579 ) ) ;
#5867 = CARTESIAN_POINT ( 'NONE',  ( -69.56357415454063187, 81.84921654608147890, -6.399999999999725908 ) ) ;
#5868 = ORIENTED_EDGE ( 'NONE', *, *, #11178, .T. ) ;
#5869 = EDGE_CURVE ( 'NONE', #1298, #5813, #4183, .T. ) ;
#5870 = EDGE_LOOP ( 'NONE', ( #8703, #2929, #6535, #2254 ) ) ;
#5871 = ADVANCED_FACE ( 'NONE', ( #349 ), #3330, .T. ) ;
#5872 = DIRECTION ( 'NONE',  ( 1.165656389384219863E-06, 0.9999999999993206545, 0.000000000000000000 ) ) ;
#5873 = CARTESIAN_POINT ( 'NONE',  ( -69.51302554072671569, 82.05421446603905622, -4.314918150687090836 ) ) ;
#5874 = DIRECTION ( 'NONE',  ( 0.000000000000000000, 0.000000000000000000, 1.000000000000000000 ) ) ;
#5875 = CARTESIAN_POINT ( 'NONE',  ( -20.33174767357483148, -1.731963658942457407, -1.899999999999999689 ) ) ;
#5876 = CARTESIAN_POINT ( 'NONE',  ( -98.79805286787861007, 14.28901241858398841, -2.399999999999447464 ) ) ;
#5877 = LINE ( 'NONE', #6845, #11140 ) ;
#5878 = DIRECTION ( 'NONE',  ( 0.000000000000000000, 0.000000000000000000, -1.000000000000000000 ) ) ;
#5879 = AXIS2_PLACEMENT_3D ( 'NONE', #9174, #4532, #12007 ) ;
#5880 = CARTESIAN_POINT ( 'NONE',  ( -119.3173869313193336, 27.08218697399338026, -4.663093176307363308 ) ) ;
#5881 = VERTEX_POINT ( 'NONE', #8825 ) ;
#5882 = CARTESIAN_POINT ( 'NONE',  ( 15.15717671404868128, 80.51859869293603822, 3.325658058357189084 ) ) ;
#5883 = LINE ( 'NONE', #10595, #11910 ) ;
#5884 = ORIENTED_EDGE ( 'NONE', *, *, #3290, .T. ) ;
#5885 = ORIENTED_EDGE ( 'NONE', *, *, #5550, .F. ) ;
#5886 = CARTESIAN_POINT ( 'NONE',  ( -94.81227469707442879, 76.84410589528943092, -2.400000000000000355 ) ) ;
#5887 = ORIENTED_EDGE ( 'NONE', *, *, #9884, .F. ) ;
#5888 = ORIENTED_EDGE ( 'NONE', *, *, #4372, .F. ) ;
#5889 = EDGE_CURVE ( 'NONE', #7073, #2610, #11785, .T. ) ;
#5890 = AXIS2_PLACEMENT_3D ( 'NONE', #4020, #7742, #11494 ) ;
#5891 = CARTESIAN_POINT ( 'NONE',  ( -90.21227469707440605, 76.84410589528943092, 5.399999999999998579 ) ) ;
#5892 = CARTESIAN_POINT ( 'NONE',  ( 15.12954779402185501, 80.54028543821463870, 3.340210752094785462 ) ) ;
#5893 = CARTESIAN_POINT ( 'NONE',  ( -30.71227899999999167, 7.232599173267165504, 7.399999999999998579 ) ) ;
#5894 = CYLINDRICAL_SURFACE ( 'NONE', #6338, 1.000000000000006883 ) ;
#5895 = CARTESIAN_POINT ( 'NONE',  ( -35.43142950036546068, 81.84411100000002648, -4.400000000000000355 ) ) ;
#5896 = FACE_OUTER_BOUND ( 'NONE', #2864, .T. ) ;
#5897 = LINE ( 'NONE', #11478, #1354 ) ;
#5898 = DIRECTION ( 'NONE',  ( 1.000000000000000000, 1.954618001100627820E-16, 0.000000000000000000 ) ) ;
#5899 = ORIENTED_EDGE ( 'NONE', *, *, #3522, .F. ) ;
#5900 = VECTOR ( 'NONE', #5152, 1000.000000000000000 ) ;
#5901 = ORIENTED_EDGE ( 'NONE', *, *, #8186, .T. ) ;
#5902 = LINE ( 'NONE', #832, #4278 ) ;
#5903 = ORIENTED_EDGE ( 'NONE', *, *, #7411, .T. ) ;
#5904 = EDGE_CURVE ( 'NONE', #7368, #2008, #10791, .T. ) ;
#5905 = CARTESIAN_POINT ( 'NONE',  ( -61.46005585450888020, 81.14411100000012311, 7.399999999999998579 ) ) ;
#5906 = LINE ( 'NONE', #6754, #5767 ) ;
#5907 = CARTESIAN_POINT ( 'NONE',  ( 13.55859082457480724, -1.465830875177938308, -1.500000000000023981 ) ) ;
#5908 = CARTESIAN_POINT ( 'NONE',  ( -22.66228595871534779, 78.14411306992202810, 5.399999999999998579 ) ) ;
#5909 = CARTESIAN_POINT ( 'NONE',  ( -22.39475553769872462, -2.219794574154577482, -2.400111776464692870 ) ) ;
#5910 = ORIENTED_EDGE ( 'NONE', *, *, #6159, .T. ) ;
#5911 = ORIENTED_EDGE ( 'NONE', *, *, #9447, .T. ) ;
#5912 = AXIS2_PLACEMENT_3D ( 'NONE', #11284, #104, #1016 ) ;
#5913 = EDGE_CURVE ( 'NONE', #9767, #1264, #9705, .T. ) ;
#5914 = ADVANCED_FACE ( 'NONE', ( #6076 ), #2239, .T. ) ;
#5915 = DIRECTION ( 'NONE',  ( -0.000000000000000000, -0.000000000000000000, -1.000000000000000000 ) ) ;
#5916 = MECHANICAL_DESIGN_GEOMETRIC_PRESENTATION_REPRESENTATION (  '', ( #11393 ), #9232 ) ;
#5917 = DIRECTION ( 'NONE',  ( 1.000000000000000000, 0.000000000000000000, 0.000000000000000000 ) ) ;
#5918 = CARTESIAN_POINT ( 'NONE',  ( -119.3542775516267511, 57.96299781573683418, -3.012814236801784062 ) ) ;
#5919 = CARTESIAN_POINT ( 'NONE',  ( 19.36042924109543151, 17.55666237311303490, -4.314918151748109665 ) ) ;
#5920 = CIRCLE ( 'NONE', #7084, 1.299999999999967848 ) ;
#5921 = EDGE_CURVE ( 'NONE', #1810, #8592, #2588, .T. ) ;
#5922 = CARTESIAN_POINT ( 'NONE',  ( -23.11888617546745550, -2.105102236695193696, -5.787188417084902170 ) ) ;
#5923 = CARTESIAN_POINT ( 'NONE',  ( -63.11245935347301383, 1.546112027757557517, -1.900000000000000355 ) ) ;
#5924 = LINE ( 'NONE', #3856, #9732 ) ;
#5925 = LINE ( 'NONE', #7995, #6333 ) ;
#5926 = CARTESIAN_POINT ( 'NONE',  ( -71.02198812150689378, 81.84927710533968082, -3.180528030988032384 ) ) ;
#5927 = ORIENTED_EDGE ( 'NONE', *, *, #4148, .F. ) ;
#5928 = VECTOR ( 'NONE', #7433, 1000.000000000000114 ) ;
#5929 = VERTEX_POINT ( 'NONE', #9303 ) ;
#5930 = DIRECTION ( 'NONE',  ( 0.000000000000000000, -0.000000000000000000, -1.000000000000000000 ) ) ;
#5931 = CARTESIAN_POINT ( 'NONE',  ( -68.37063718708466808, 81.79994185927131412, -6.527129238957629198 ) ) ;
#5932 = DIRECTION ( 'NONE',  ( 1.000000000000000000, 0.000000000000000000, 0.000000000000000000 ) ) ;
#5933 = DIRECTION ( 'NONE',  ( 0.000000000000000000, 0.000000000000000000, 1.000000000000000000 ) ) ;
#5934 = CARTESIAN_POINT ( 'NONE',  ( 14.86773311198624725, 79.84410430684582138, 2.799999999999993605 ) ) ;
#5935 = LINE ( 'NONE', #8933, #10751 ) ;
#5936 = FACE_OUTER_BOUND ( 'NONE', #8558, .T. ) ;
#5937 = AXIS2_PLACEMENT_3D ( 'NONE', #10618, #4258, #11740 ) ;
#5938 = EDGE_CURVE ( 'NONE', #3508, #11465, #11330, .T. ) ;
#5939 = AXIS2_PLACEMENT_3D ( 'NONE', #9395, #4754, #3043 ) ;
#5940 = EDGE_CURVE ( 'NONE', #11560, #9692, #26, .T. ) ;
#5941 = DIRECTION ( 'NONE',  ( 1.000000000000000000, 0.000000000000000000, 0.000000000000000000 ) ) ;
#5942 = EDGE_LOOP ( 'NONE', ( #1811, #8986, #5169, #4394 ) ) ;
#5943 = CARTESIAN_POINT ( 'NONE',  ( -3.193571648019223552, 11.91857164801922586, 7.099999999999989875 ) ) ;
#5944 = VERTEX_POINT ( 'NONE', #5634 ) ;
#5945 = ORIENTED_EDGE ( 'NONE', *, *, #3480, .F. ) ;
#5946 = VERTEX_POINT ( 'NONE', #9488 ) ;
#5947 = DIRECTION ( 'NONE',  ( 0.000000000000000000, -0.000000000000000000, -1.000000000000000000 ) ) ;
#5948 = VERTEX_POINT ( 'NONE', #11144 ) ;
#5949 = ORIENTED_EDGE ( 'NONE', *, *, #8535, .T. ) ;
#5950 = CIRCLE ( 'NONE', #11832, 1.999999999999994893 ) ;
#5951 = AXIS2_PLACEMENT_3D ( 'NONE', #2798, #4700, #9644 ) ;
#5952 = CARTESIAN_POINT ( 'NONE',  ( -99.06228253471061862, 14.29411798029987857, -4.400000000000000355 ) ) ;
#5953 = CARTESIAN_POINT ( 'NONE',  ( 15.30203683121348313, 80.40437441655421935, 3.214441496233428897 ) ) ;
#5954 = DIRECTION ( 'NONE',  ( 0.000000000000000000, 0.000000000000000000, 1.000000000000000000 ) ) ;
#5955 = DIRECTION ( 'NONE',  ( 0.000000000000000000, 0.000000000000000000, 1.000000000000000000 ) ) ;
#5956 = CARTESIAN_POINT ( 'NONE',  ( 19.16772100000000734, 46.98547018669192710, -0.9000000000000002442 ) ) ;
#5957 = CARTESIAN_POINT ( 'NONE',  ( 0.000000000000000000, 81.14188785450699015, 7.399999999999998579 ) ) ;
#5958 = EDGE_CURVE ( 'NONE', #7201, #3185, #8565, .T. ) ;
#5959 = ADVANCED_FACE ( 'NONE', ( #4664 ), #85, .T. ) ;
#5960 = CARTESIAN_POINT ( 'NONE',  ( -80.81228598030135402, 15.29411099999999912, -1.900000000000000577 ) ) ;
#5961 = AXIS2_PLACEMENT_3D ( 'NONE', #1090, #1209, #8656 ) ;
#5962 = ORIENTED_EDGE ( 'NONE', *, *, #2196, .T. ) ;
#5963 = AXIS2_PLACEMENT_3D ( 'NONE', #11007, #6407, #1770 ) ;
#5964 = DIRECTION ( 'NONE',  ( -0.6830127028748468332, 0.1830126982250980250, 0.7071067811865230368 ) ) ;
#5965 = ORIENTED_EDGE ( 'NONE', *, *, #8314, .F. ) ;
#5966 = LINE ( 'NONE', #1208, #9646 ) ;
#5967 = AXIS2_PLACEMENT_3D ( 'NONE', #2485, #541, #5294 ) ;
#5968 = LINE ( 'NONE', #5905, #501 ) ;
#5969 = DIRECTION ( 'NONE',  ( 1.000000000000000000, 0.000000000000000000, 0.000000000000000000 ) ) ;
#5970 = CARTESIAN_POINT ( 'NONE',  ( -60.16005585450886883, 86.14411115030169697, 7.399999999999998579 ) ) ;
#5971 = CARTESIAN_POINT ( 'NONE',  ( -10.79990231918527854, 1.691810046604684148, 7.399999999999998579 ) ) ;
#5972 = CARTESIAN_POINT ( 'NONE',  ( -23.06227900000008191, 9.413335715488759461E-14, 4.400000000000000355 ) ) ;
#5973 = EDGE_CURVE ( 'NONE', #3711, #11112, #6567, .T. ) ;
#5974 = CARTESIAN_POINT ( 'NONE',  ( 19.11173692925429890, 47.27188566584293028, -2.613211992825268837 ) ) ;
#5975 = CARTESIAN_POINT ( 'NONE',  ( 19.16059076707685804, 14.94548956207215262, -3.804406304071138667 ) ) ;
#5976 = CARTESIAN_POINT ( 'NONE',  ( -6.762260430057339455, 81.84410925728559505, -1.900000000000000355 ) ) ;
#5977 = EDGE_LOOP ( 'NONE', ( #5033, #10950, #8040, #6462 ) ) ;
#5978 = VECTOR ( 'NONE', #5349, 1000.000000000000000 ) ;
#5979 = VERTEX_POINT ( 'NONE', #1848 ) ;
#5980 = CARTESIAN_POINT ( 'NONE',  ( -4.059597051803661927, 12.41857164801922586, 7.099999999999989875 ) ) ;
#5981 = CARTESIAN_POINT ( 'NONE',  ( -3.612279000000003570, 76.84411099999999806, 7.100000000000059153 ) ) ;
#5982 = CARTESIAN_POINT ( 'NONE',  ( -7.262260430057343896, 81.84410925728559505, -2.400000000000000355 ) ) ;
#5983 = CARTESIAN_POINT ( 'NONE',  ( -119.3940609936543069, 59.66470120652153497, -3.012814236801784507 ) ) ;
#5984 = CARTESIAN_POINT ( 'NONE',  ( -22.66228894959903428, 78.13965514279601621, 5.399999999999998579 ) ) ;
#5985 = VECTOR ( 'NONE', #2232, 1000.000000000000000 ) ;
#5986 = EDGE_CURVE ( 'NONE', #7548, #7992, #7524, .T. ) ;
#5987 = CARTESIAN_POINT ( 'NONE',  ( -22.47565858986100551, -2.334499291458041803, -5.460792313239068108 ) ) ;
#5988 = CARTESIAN_POINT ( 'NONE',  ( -6.313357687605732238, -9.893844754296727828, 7.399999999999998579 ) ) ;
#5989 = CARTESIAN_POINT ( 'NONE',  ( -50.66227902055480570, 2.244111000000002853, 7.099999999999989875 ) ) ;
#5990 = VECTOR ( 'NONE', #11391, 1000.000000000000114 ) ;
#5991 = DIRECTION ( 'NONE',  ( -1.000000000000000000, 0.000000000000000000, 0.000000000000000000 ) ) ;
#5992 = CARTESIAN_POINT ( 'NONE',  ( -11.32003573148202591, 2.053094550384141126, 4.400000000000000355 ) ) ;
#5993 = VERTEX_POINT ( 'NONE', #6544 ) ;
#5994 = ORIENTED_EDGE ( 'NONE', *, *, #6740, .T. ) ;
#5995 = ORIENTED_EDGE ( 'NONE', *, *, #1763, .F. ) ;
#5996 = CARTESIAN_POINT ( 'NONE',  ( -79.81230579313090345, 9.303372419931343461E-05, 5.399999999999998579 ) ) ;
#5997 = CARTESIAN_POINT ( 'NONE',  ( -68.04424108330115928, 81.77803186228651100, -6.527129238957629198 ) ) ;
#5998 = PLANE ( 'NONE',  #8131 ) ;
#5999 = FACE_OUTER_BOUND ( 'NONE', #6297, .T. ) ;
#6000 = CARTESIAN_POINT ( 'NONE',  ( -98.93178057930965963, 14.28901243402979304, -6.399999999999998579 ) ) ;
#6001 = ADVANCED_FACE ( 'NONE', ( #5816 ), #10286, .F. ) ;
#6002 = ADVANCED_FACE ( 'NONE', ( #6723 ), #153, .F. ) ;
#6003 = CARTESIAN_POINT ( 'NONE',  ( -17.26226043005734567, 81.84410925728559505, -2.400000000000000355 ) ) ;
#6004 = CARTESIAN_POINT ( 'NONE',  ( -67.44456444327032330, 81.84926224870815759, -4.136645919049804832 ) ) ;
#6005 = CIRCLE ( 'NONE', #3854, 1.000000000000000888 ) ;
#6006 = LINE ( 'NONE', #7894, #9589 ) ;
#6007 = VERTEX_POINT ( 'NONE', #1057 ) ;
#6008 = CYLINDRICAL_SURFACE ( 'NONE', #1220, 2.000000000000001776 ) ;
#6009 = DIRECTION ( 'NONE',  ( 1.000000000000000000, 1.018552587902411242E-15, 0.000000000000000000 ) ) ;
#6010 = EDGE_LOOP ( 'NONE', ( #3932, #3591, #5433, #11762 ) ) ;
#6011 = ORIENTED_EDGE ( 'NONE', *, *, #7041, .F. ) ;
#6012 = ORIENTED_EDGE ( 'NONE', *, *, #12091, .F. ) ;
#6013 = DIRECTION ( 'NONE',  ( 0.000000000000000000, -1.000000000000000000, 0.000000000000000000 ) ) ;
#6014 = EDGE_LOOP ( 'NONE', ( #1698, #9043, #1597, #5736 ) ) ;
#6015 = ORIENTED_EDGE ( 'NONE', *, *, #507, .F. ) ;
#6016 = AXIS2_PLACEMENT_3D ( 'NONE', #3110, #5915, #5002 ) ;
#6017 = EDGE_CURVE ( 'NONE', #6566, #10355, #11204, .T. ) ;
#6018 = DIRECTION ( 'NONE',  ( -0.000000000000000000, -0.000000000000000000, -1.000000000000000000 ) ) ;
#6019 = CARTESIAN_POINT ( 'NONE',  ( 14.99249688268215586, 80.64741090393420109, 3.386966336652640130 ) ) ;
#6020 = CARTESIAN_POINT ( 'NONE',  ( 2.753041707028580198, 79.51072086587430476, -1.900000000000000355 ) ) ;
#6021 = LINE ( 'NONE', #531, #5985 ) ;
#6022 = CARTESIAN_POINT ( 'NONE',  ( -4.612278999999991136, 21.29411100000000090, 7.100000000000059153 ) ) ;
#6023 = CARTESIAN_POINT ( 'NONE',  ( -99.06228253471061862, 14.29411798029987857, -2.399999999999998579 ) ) ;
#6024 = AXIS2_PLACEMENT_3D ( 'NONE', #5384, #7090, #10839 ) ;
#6025 = VECTOR ( 'NONE', #4504, 1000.000000000000000 ) ;
#6026 = ORIENTED_EDGE ( 'NONE', *, *, #7648, .T. ) ;
#6027 = ORIENTED_EDGE ( 'NONE', *, *, #8536, .F. ) ;
#6028 = CARTESIAN_POINT ( 'NONE',  ( -41.41227739749872683, 84.84411115030613360, 7.399999999999998579 ) ) ;
#6029 = ORIENTED_EDGE ( 'NONE', *, *, #7077, .F. ) ;
#6030 = EDGE_CURVE ( 'NONE', #6585, #1132, #148, .T. ) ;
#6031 = EDGE_CURVE ( 'NONE', #4070, #2818, #5573, .T. ) ;
#6032 = DIRECTION ( 'NONE',  ( -0.000000000000000000, 0.000000000000000000, 1.000000000000000000 ) ) ;
#6033 = AXIS2_PLACEMENT_3D ( 'NONE', #1869, #4625, #840 ) ;
#6034 = AXIS2_PLACEMENT_3D ( 'NONE', #4152, #7010, #3241 ) ;
#6035 = CARTESIAN_POINT ( 'NONE',  ( 17.99837156823818418, 11.72904643824258386, -1.900000000000000355 ) ) ;
#6036 = DIRECTION ( 'NONE',  ( 1.000000000000000000, 0.000000000000000000, 0.000000000000000000 ) ) ;
#6037 = DIRECTION ( 'NONE',  ( -0.000000000000000000, -0.000000000000000000, 1.000000000000000000 ) ) ;
#6038 = CARTESIAN_POINT ( 'NONE',  ( -61.16227201969416427, 0.000000000000000000, -1.900000000000000355 ) ) ;
#6039 = DIRECTION ( 'NONE',  ( 2.335877759801061346E-06, 0.9999999999972718490, 0.000000000000000000 ) ) ;
#6040 = CARTESIAN_POINT ( 'NONE',  ( 19.14852196140303775, 49.55666237311857003, -6.527129240129442955 ) ) ;
#6041 = ORIENTED_EDGE ( 'NONE', *, *, #6459, .T. ) ;
#6042 = VECTOR ( 'NONE', #853, 1000.000000000000114 ) ;
#6043 = ORIENTED_EDGE ( 'NONE', *, *, #3509, .F. ) ;
#6044 = CARTESIAN_POINT ( 'NONE',  ( -79.21227201969415432, 79.84411100000001227, -1.900000000000000577 ) ) ;
#6045 = EDGE_CURVE ( 'NONE', #7457, #6183, #4722, .T. ) ;
#6046 = LINE ( 'NONE', #5247, #5180 ) ;
#6047 = CARTESIAN_POINT ( 'NONE',  ( -4.862499827847914347, -8.422096850433289816, 7.099999999999989875 ) ) ;
#6048 = CARTESIAN_POINT ( 'NONE',  ( -119.2844541601344304, 60.85589551717273338, -3.012814236801783174 ) ) ;
#6049 = CARTESIAN_POINT ( 'NONE',  ( -63.05759268073793322, 2.898797320354307594, -1.900000000000000355 ) ) ;
#6050 = CARTESIAN_POINT ( 'NONE',  ( -23.10766071227228124, -2.063208235460053608, -2.686416806226888720 ) ) ;
#6051 = DIRECTION ( 'NONE',  ( 1.000000000000000000, 0.000000000000000000, 0.000000000000000000 ) ) ;
#6052 = DIRECTION ( 'NONE',  ( 1.000000000000000000, 8.204814290039225434E-15, 0.000000000000000000 ) ) ;
#6053 = PLANE ( 'NONE',  #11081 ) ;
#6054 = ORIENTED_EDGE ( 'NONE', *, *, #8410, .F. ) ;
#6055 = EDGE_LOOP ( 'NONE', ( #777, #3976, #3266, #5032 ) ) ;
#6056 = EDGE_CURVE ( 'NONE', #11141, #1071, #2885, .T. ) ;
#6057 = LINE ( 'NONE', #10769, #9476 ) ;
#6058 = ORIENTED_EDGE ( 'NONE', *, *, #856, .F. ) ;
#6059 = CARTESIAN_POINT ( 'NONE',  ( -119.5041532577858021, 28.47350827803907336, -4.318403959654538049 ) ) ;
#6060 = CARTESIAN_POINT ( 'NONE',  ( -68.37063718708466808, 81.92303926362762923, -3.293894455382963660 ) ) ;
#6061 = LINE ( 'NONE', #1302, #1323 ) ;
#6062 = LINE ( 'NONE', #9791, #1063 ) ;
#6063 = CARTESIAN_POINT ( 'NONE',  ( -10.55016052534985604, 1.776585942086546632, 7.399999999999998579 ) ) ;
#6064 = LINE ( 'NONE', #9853, #10944 ) ;
#6065 = CARTESIAN_POINT ( 'NONE',  ( 0.000000000000000000, 0.000000000000000000, 5.399999999999998579 ) ) ;
#6066 = CARTESIAN_POINT ( 'NONE',  ( -32.21227899999998812, 20.99411100000003216, 7.399999999999998579 ) ) ;
#6067 = ORIENTED_EDGE ( 'NONE', *, *, #11855, .T. ) ;
#6068 = CARTESIAN_POINT ( 'NONE',  ( -23.06227900000008191, 9.413335715488759461E-14, 4.400000000000000355 ) ) ;
#6069 = CIRCLE ( 'NONE', #11349, 2.000000000000006661 ) ;
#6070 = ORIENTED_EDGE ( 'NONE', *, *, #257, .T. ) ;
#6071 = VERTEX_POINT ( 'NONE', #2029 ) ;
#6072 = VERTEX_POINT ( 'NONE', #10345 ) ;
#6073 = EDGE_CURVE ( 'NONE', #6086, #11943, #1969, .T. ) ;
#6074 = EDGE_CURVE ( 'NONE', #6617, #9473, #5755, .T. ) ;
#6075 = FACE_OUTER_BOUND ( 'NONE', #6108, .T. ) ;
#6076 = FACE_OUTER_BOUND ( 'NONE', #642, .T. ) ;
#6077 = LINE ( 'NONE', #7663, #7669 ) ;
#6078 = AXIS2_PLACEMENT_3D ( 'NONE', #154, #1064, #3871 ) ;
#6079 = CYLINDRICAL_SURFACE ( 'NONE', #3263, 1.000000000000000888 ) ;
#6080 = DIRECTION ( 'NONE',  ( -1.798198670589261486E-07, -0.9999999999999839018, -0.000000000000000000 ) ) ;
#6081 = FACE_OUTER_BOUND ( 'NONE', #11386, .T. ) ;
#6082 = ORIENTED_EDGE ( 'NONE', *, *, #2138, .T. ) ;
#6083 = EDGE_CURVE ( 'NONE', #9583, #4461, #2947, .T. ) ;
#6084 = VERTEX_POINT ( 'NONE', #4841 ) ;
#6085 = DIRECTION ( 'NONE',  ( -0.000000000000000000, 0.000000000000000000, 1.000000000000000000 ) ) ;
#6086 = VERTEX_POINT ( 'NONE', #3312 ) ;
#6087 = AXIS2_PLACEMENT_3D ( 'NONE', #10261, #8476, #5606 ) ;
#6088 = CARTESIAN_POINT ( 'NONE',  ( -23.66227900000000517, 80.84410401969522297, -1.900000000000000355 ) ) ;
#6089 = CARTESIAN_POINT ( 'NONE',  ( -80.21236427084005527, 9.350011589216772518E-05, 5.399999999999998579 ) ) ;
#6090 = DIRECTION ( 'NONE',  ( 0.9999999999999914513, -1.303162954756303595E-07, 0.000000000000000000 ) ) ;
#6091 = DIRECTION ( 'NONE',  ( 1.492741799624945840E-62, 0.000000000000000000, -1.000000000000000000 ) ) ;
#6092 = CIRCLE ( 'NONE', #7649, 1.625000000000001332 ) ;
#6093 = CARTESIAN_POINT ( 'NONE',  ( 19.37782435910751033, 49.06706622704538034, -4.485088767641717489 ) ) ;
#6094 = EDGE_CURVE ( 'NONE', #9036, #4779, #4104, .T. ) ;
#6095 = EDGE_CURVE ( 'NONE', #7849, #8531, #5022, .T. ) ;
#6096 = ORIENTED_EDGE ( 'NONE', *, *, #11280, .F. ) ;
#6097 = VERTEX_POINT ( 'NONE', #10714 ) ;
#6098 = LINE ( 'NONE', #611, #10119 ) ;
#6099 = DIRECTION ( 'NONE',  ( 0.000000000000000000, 0.000000000000000000, -1.000000000000000000 ) ) ;
#6100 = CARTESIAN_POINT ( 'NONE',  ( -119.2873208379849217, 60.51555428555817429, -2.686416806089063414 ) ) ;
#6101 = VECTOR ( 'NONE', #4421, 1000.000000000000000 ) ;
#6102 = ADVANCED_FACE ( 'NONE', ( #449 ), #2333, .T. ) ;
#6103 = CARTESIAN_POINT ( 'NONE',  ( -23.92156913275623964, -1.813311957773534822, -3.012814237026658404 ) ) ;
#6104 = DIRECTION ( 'NONE',  ( -0.9999144385346409036, 0.01308111654079096610, -0.000000000000000000 ) ) ;
#6105 = DIRECTION ( 'NONE',  ( 1.000000000000000000, 0.000000000000000000, 0.000000000000000000 ) ) ;
#6106 = DIRECTION ( 'NONE',  ( 1.000000000000000000, 0.000000000000000000, 0.000000000000000000 ) ) ;
#6107 = ORIENTED_EDGE ( 'NONE', *, *, #9462, .F. ) ;
#6108 = EDGE_LOOP ( 'NONE', ( #4441, #6216, #7011, #8061 ) ) ;
#6109 = VERTEX_POINT ( 'NONE', #7945 ) ;
#6110 = CARTESIAN_POINT ( 'NONE',  ( -119.2256624231684725, 27.28231811766432813, -2.360019375376300577 ) ) ;
#6111 = CIRCLE ( 'NONE', #4945, 1.000000000000000000 ) ;
#6112 = CARTESIAN_POINT ( 'NONE',  ( -71.14501269431004005, 81.88252761286196346, -4.995599230578825711 ) ) ;
#6113 = DIRECTION ( 'NONE',  ( -3.043374519257505246E-16, 5.472592014634167434E-23, 1.000000000000000000 ) ) ;
#6114 = LINE ( 'NONE', #7149, #2992 ) ;
#6115 = CARTESIAN_POINT ( 'NONE',  ( -99.06228253471056178, 14.28901242900209922, -6.400000000000002132 ) ) ;
#6116 = DIRECTION ( 'NONE',  ( 1.000000000000000000, 0.000000000000000000, 0.000000000000000000 ) ) ;
#6117 = CARTESIAN_POINT ( 'NONE',  ( -68.54385944173752421, 81.84922899476092084, -6.196993414103797448 ) ) ;
#6118 = EDGE_CURVE ( 'NONE', #5465, #7201, #2273, .T. ) ;
#6119 = DIRECTION ( 'NONE',  ( -0.000000000000000000, -0.000000000000000000, -1.000000000000000000 ) ) ;
#6120 = ORIENTED_EDGE ( 'NONE', *, *, #8449, .F. ) ;
#6121 = DIRECTION ( 'NONE',  ( -0.000000000000000000, -0.000000000000000000, 1.000000000000000000 ) ) ;
#6122 = VECTOR ( 'NONE', #7494, 999.9999999999998863 ) ;
#6123 = ORIENTED_EDGE ( 'NONE', *, *, #5938, .T. ) ;
#6124 = ORIENTED_EDGE ( 'NONE', *, *, #287, .F. ) ;
#6125 = CARTESIAN_POINT ( 'NONE',  ( -119.3173775709874178, 27.06910750985032266, -4.400000000000001243 ) ) ;
#6126 = ORIENTED_EDGE ( 'NONE', *, *, #1632, .F. ) ;
#6127 = DIRECTION ( 'NONE',  ( -0.000000000000000000, 0.000000000000000000, 1.000000000000000000 ) ) ;
#6128 = CARTESIAN_POINT ( 'NONE',  ( -31.43860993544388194, 1.244111000000004408, 4.400000000000000355 ) ) ;
#6129 = CARTESIAN_POINT ( 'NONE',  ( -85.21227469707440605, 76.84410589528943092, -2.400000000000000355 ) ) ;
#6130 = CIRCLE ( 'NONE', #4764, 1.000000000000000888 ) ;
#6131 = CARTESIAN_POINT ( 'NONE',  ( 19.20972665447223804, 15.59828176963251067, -3.293894456394166337 ) ) ;
#6132 = CIRCLE ( 'NONE', #10049, 0.8999999999999980238 ) ;
#6133 = DIRECTION ( 'NONE',  ( 1.000000000000000000, 0.000000000000000000, 0.000000000000000000 ) ) ;
#6134 = CARTESIAN_POINT ( 'NONE',  ( -60.16005585450887594, 84.84411115030172823, 7.399999999999998579 ) ) ;
#6135 = EDGE_CURVE ( 'NONE', #8134, #599, #6061, .T. ) ;
#6136 = LINE ( 'NONE', #5960, #3919 ) ;
#6137 = ADVANCED_FACE ( 'NONE', ( #7023 ), #5998, .F. ) ;
#6138 = VERTEX_POINT ( 'NONE', #1424 ) ;
#6139 = ORIENTED_EDGE ( 'NONE', *, *, #6074, .T. ) ;
#6140 = CIRCLE ( 'NONE', #100, 32.91246774335479586 ) ;
#6141 = EDGE_LOOP ( 'NONE', ( #8528, #1981, #7243, #11930 ) ) ;
#6142 = AXIS2_PLACEMENT_3D ( 'NONE', #11003, #2623, #2685 ) ;
#6143 = CARTESIAN_POINT ( 'NONE',  ( -61.46005585450884467, 0.000000000000000000, 7.399999999999998579 ) ) ;
#6144 = DIRECTION ( 'NONE',  ( 1.000000000000000000, 0.000000000000000000, 0.000000000000000000 ) ) ;
#6145 = LINE ( 'NONE', #7176, #9090 ) ;
#6146 = LINE ( 'NONE', #3286, #3791 ) ;
#6147 = LINE ( 'NONE', #5177, #4466 ) ;
#6148 = CARTESIAN_POINT ( 'NONE',  ( -97.02230191010953320, 14.35424663292512015, -5.846449543715206865 ) ) ;
#6149 = VECTOR ( 'NONE', #9761, 1000.000000000000000 ) ;
#6150 = CIRCLE ( 'NONE', #7912, 1.399999999999998579 ) ;
#6151 = EDGE_CURVE ( 'NONE', #8878, #4369, #11645, .T. ) ;
#6152 = CARTESIAN_POINT ( 'NONE',  ( 19.20572164740355348, 48.90386751168765045, -6.186789391988859244 ) ) ;
#6153 = ORIENTED_EDGE ( 'NONE', *, *, #8605, .T. ) ;
#6154 = ORIENTED_EDGE ( 'NONE', *, *, #1350, .F. ) ;
#6155 = LINE ( 'NONE', #3352, #8346 ) ;
#6156 = CONICAL_SURFACE ( 'NONE', #3040, 9.395313679645695970, 0.7853981633974552734 ) ;
#6157 = DIRECTION ( 'NONE',  ( 1.000000000000000000, 1.018552587902411439E-15, 0.000000000000000000 ) ) ;
#6158 = ORIENTED_EDGE ( 'NONE', *, *, #8219, .F. ) ;
#6159 = EDGE_CURVE ( 'NONE', #9799, #4987, #7549, .T. ) ;
#6160 = CARTESIAN_POINT ( 'NONE',  ( -119.2930727483006024, 61.19623674878743458, -4.971197494144982798 ) ) ;
#6161 = CIRCLE ( 'NONE', #909, 0.9999999999999991118 ) ;
#6162 = CARTESIAN_POINT ( 'NONE',  ( 0.8677348501687507376, 89.51034836918090321, 2.799999999999989164 ) ) ;
#6163 = CARTESIAN_POINT ( 'NONE',  ( 12.91773275234654683, 77.84410465749458297, -1.799999999999999378 ) ) ;
#6164 = DIRECTION ( 'NONE',  ( 1.000000000000000000, 0.000000000000000000, 0.000000000000000000 ) ) ;
#6165 = PLANE ( 'NONE',  #7364 ) ;
#6166 = VERTEX_POINT ( 'NONE', #3255 ) ;
#6167 = ORIENTED_EDGE ( 'NONE', *, *, #7610, .T. ) ;
#6168 = EDGE_CURVE ( 'NONE', #4143, #3521, #6766, .T. ) ;
#6169 = CARTESIAN_POINT ( 'NONE',  ( -119.5223752762876757, 28.98401874209802642, -4.481602675011057357 ) ) ;
#6170 = EDGE_CURVE ( 'NONE', #1671, #5993, #6005, .T. ) ;
#6171 = CARTESIAN_POINT ( 'NONE',  ( -70.00262168680170305, 81.96524065039952234, -3.293894455382963660 ) ) ;
#6172 = DIRECTION ( 'NONE',  ( -0.9999999999999839018, 1.798198651385038809E-07, 0.000000000000000000 ) ) ;
#6173 = CARTESIAN_POINT ( 'NONE',  ( 5.317733111986402861, 79.84410602412556557, 1.099999999999891287 ) ) ;
#6174 = CARTESIAN_POINT ( 'NONE',  ( -67.43142950036545358, 80.84411100000002648, -1.900000000000000577 ) ) ;
#6175 = DIRECTION ( 'NONE',  ( -0.02449038290385218211, -0.9997000655922868573, 0.000000000000000000 ) ) ;
#6176 = CARTESIAN_POINT ( 'NONE',  ( -68.10846222120876803, 81.84929617150648085, -5.905590306639184384 ) ) ;
#6177 = CARTESIAN_POINT ( 'NONE',  ( 9.171201013508521369E-05, 80.84403429840438093, -1.900000000000000355 ) ) ;
#6178 = VECTOR ( 'NONE', #2170, 999.9999999999998863 ) ;
#6179 = EDGE_LOOP ( 'NONE', ( #4502, #736, #8860, #444 ) ) ;
#6180 = CARTESIAN_POINT ( 'NONE',  ( -23.66227900000000517, 80.84410401969522297, 5.399999999999998579 ) ) ;
#6181 = VERTEX_POINT ( 'NONE', #513 ) ;
#6182 = CARTESIAN_POINT ( 'NONE',  ( -34.31789712211858046, 81.84922877244129324, -2.602394235310121928 ) ) ;
#6183 = VERTEX_POINT ( 'NONE', #3068 ) ;
#6184 = ORIENTED_EDGE ( 'NONE', *, *, #7222, .F. ) ;
#6185 = ADVANCED_FACE ( 'NONE', ( #9665 ), #5203, .F. ) ;
#6186 = FACE_OUTER_BOUND ( 'NONE', #4345, .T. ) ;
#6187 = CARTESIAN_POINT ( 'NONE',  ( 16.46105274187455336, 81.23045366807545520, 3.781612857096572800 ) ) ;
#6188 = CARTESIAN_POINT ( 'NONE',  ( 19.17283039966790525, 49.50342867069345942, -6.336228839836150151 ) ) ;
#6189 = AXIS2_PLACEMENT_3D ( 'NONE', #79, #8374, #19 ) ;
#6190 = DIRECTION ( 'NONE',  ( -1.000000000000000000, 0.000000000000000000, 0.000000000000000000 ) ) ;
#6191 = DIRECTION ( 'NONE',  ( -0.000000000000000000, 0.000000000000000000, 1.000000000000000000 ) ) ;
#6192 = CARTESIAN_POINT ( 'NONE',  ( -99.94925001453961499, 14.28900027149313345, -2.602647052220017798 ) ) ;
#6193 = ORIENTED_EDGE ( 'NONE', *, *, #5344, .T. ) ;
#6194 = CARTESIAN_POINT ( 'NONE',  ( -32.21227899999998812, 20.99411100000003216, 7.399999999999998579 ) ) ;
#6195 = ORIENTED_EDGE ( 'NONE', *, *, #2026, .F. ) ;
#6196 = VECTOR ( 'NONE', #9354, 1000.000000000000227 ) ;
#6197 = ORIENTED_EDGE ( 'NONE', *, *, #5006, .F. ) ;
#6198 = DIRECTION ( 'NONE',  ( 0.000000000000000000, 1.982541115402065702E-15, 1.000000000000000000 ) ) ;
#6199 = ADVANCED_FACE ( 'NONE', ( #1236 ), #4167, .F. ) ;
#6200 = LINE ( 'NONE', #12034, #4577 ) ;
#6201 = CARTESIAN_POINT ( 'NONE',  ( -70.81228330292587714, 19.29411698796796415, -2.400000000000000355 ) ) ;
#6202 = DIRECTION ( 'NONE',  ( 0.000000000000000000, -0.000000000000000000, -1.000000000000000000 ) ) ;
#6203 = AXIS2_PLACEMENT_3D ( 'NONE', #6470, #10212, #9291 ) ;
#6204 = FACE_OUTER_BOUND ( 'NONE', #11642, .T. ) ;
#6205 = DIRECTION ( 'NONE',  ( 1.000000000000000000, 0.000000000000000000, 0.000000000000000000 ) ) ;
#6206 = AXIS2_PLACEMENT_3D ( 'NONE', #6209, #7875, #3474 ) ;
#6207 = CARTESIAN_POINT ( 'NONE',  ( 19.15536441507042653, 48.90386751168765045, -6.527129240129442955 ) ) ;
#6208 = VERTEX_POINT ( 'NONE', #1487 ) ;
#6209 = CARTESIAN_POINT ( 'NONE',  ( 3.732178150609712449E-05, 85.84408514429277659, 5.399999999999998579 ) ) ;
#6210 = ORIENTED_EDGE ( 'NONE', *, *, #7706, .T. ) ;
#6211 = VECTOR ( 'NONE', #10675, 1000.000000000000000 ) ;
#6212 = VECTOR ( 'NONE', #5661, 1000.000000000000000 ) ;
#6213 = DIRECTION ( 'NONE',  ( 0.000000000000000000, 1.000000000000000000, 0.000000000000000000 ) ) ;
#6214 = ADVANCED_FACE ( 'NONE', ( #3128 ), #3979, .F. ) ;
#6215 = CARTESIAN_POINT ( 'NONE',  ( 5.317733111986403749, 79.84410602412556557, -1.800000000000000933 ) ) ;
#6216 = ORIENTED_EDGE ( 'NONE', *, *, #2893, .T. ) ;
#6217 = EDGE_CURVE ( 'NONE', #5946, #5376, #268, .T. ) ;
#6218 = FILL_AREA_STYLE_COLOUR ( '', #3955 ) ;
#6219 = CARTESIAN_POINT ( 'NONE',  ( 0.8677339247136528488, 84.36378078824772331, -1.900000000000000355 ) ) ;
#6220 = CARTESIAN_POINT ( 'NONE',  ( -33.43142950036545358, 81.84411100000002648, -4.400000000000000355 ) ) ;
#6221 = ORIENTED_EDGE ( 'NONE', *, *, #8938, .T. ) ;
#6222 = DIRECTION ( 'NONE',  ( 1.000000000000000000, 0.000000000000000000, -0.000000000000000000 ) ) ;
#6223 = ADVANCED_FACE ( 'NONE', ( #7764 ), #11519, .F. ) ;
#6224 = DIRECTION ( 'NONE',  ( 0.000000000000000000, 1.000000000000000000, -0.000000000000000000 ) ) ;
#6225 = DIRECTION ( 'NONE',  ( 0.000000000000000000, 0.000000000000000000, 1.000000000000000000 ) ) ;
#6226 = ORIENTED_EDGE ( 'NONE', *, *, #8087, .T. ) ;
#6227 = ORIENTED_EDGE ( 'NONE', *, *, #9324, .T. ) ;
#6228 = ORIENTED_EDGE ( 'NONE', *, *, #5231, .F. ) ;
#6229 = AXIS2_PLACEMENT_3D ( 'NONE', #2809, #6529, #11319 ) ;
#6230 = CARTESIAN_POINT ( 'NONE',  ( -119.2844538273023005, 27.28231811766432457, -3.012814236802379586 ) ) ;
#6231 = CARTESIAN_POINT ( 'NONE',  ( -71.14501269431004005, 81.78812710273192010, -2.613211991846879023 ) ) ;
#6232 = CARTESIAN_POINT ( 'NONE',  ( -48.95412350020969683, -1.755882021704229912, 6.400000000000025224 ) ) ;
#6233 = CARTESIAN_POINT ( 'NONE',  ( -79.21367833427878224, 80.84411100000001227, 7.100000000000059153 ) ) ;
#6234 = DIRECTION ( 'NONE',  ( 0.000000000000000000, -0.000000000000000000, -1.000000000000000000 ) ) ;
#6235 = DIRECTION ( 'NONE',  ( -1.000000000000000000, 0.000000000000000000, 0.000000000000000000 ) ) ;
#6236 = ORIENTED_EDGE ( 'NONE', *, *, #4025, .F. ) ;
#6237 = EDGE_CURVE ( 'NONE', #9405, #8896, #2060, .T. ) ;
#6238 = CARTESIAN_POINT ( 'NONE',  ( -32.86023200621512785, 82.02094127487745823, -3.804406303003389223 ) ) ;
#6239 = EDGE_LOOP ( 'NONE', ( #10862, #2690, #3595, #10117 ) ) ;
#6240 = EDGE_CURVE ( 'NONE', #5782, #7214, #3380, .T. ) ;
#6241 = CARTESIAN_POINT ( 'NONE',  ( -33.69452267667282541, 81.84922591140504267, -2.413079464143053521 ) ) ;
#6242 = ORIENTED_EDGE ( 'NONE', *, *, #5198, .T. ) ;
#6243 = ORIENTED_EDGE ( 'NONE', *, *, #11166, .F. ) ;
#6244 = PLANE ( 'NONE',  #11228 ) ;
#6245 = CARTESIAN_POINT ( 'NONE',  ( 19.17282996490180125, 50.78352588614050944, -3.514435372220747311 ) ) ;
#6246 = CARTESIAN_POINT ( 'NONE',  ( -119.3173897281661056, 60.86646045763031765, -5.286967479829018934 ) ) ;
#6247 = CARTESIAN_POINT ( 'NONE',  ( 0.9921075000996275595, 84.29367017645816418, 3.166309589538817360 ) ) ;
#6248 = CARTESIAN_POINT ( 'NONE',  ( -98.00149022143841648, 14.16992568205115788, -3.804406304015837570 ) ) ;
#6249 = VECTOR ( 'NONE', #10838, 1000.000000000000114 ) ;
#6250 = CARTESIAN_POINT ( 'NONE',  ( -100.8102531568244444, 14.28900552160038018, -3.393779679477542111 ) ) ;
#6251 = ORIENTED_EDGE ( 'NONE', *, *, #5075, .T. ) ;
#6252 = DIRECTION ( 'NONE',  ( 2.264040540203754199E-16, -1.000000000000000000, 0.000000000000000000 ) ) ;
#6253 = ORIENTED_EDGE ( 'NONE', *, *, #5838, .F. ) ;
#6254 = EDGE_CURVE ( 'NONE', #5018, #9182, #2682, .T. ) ;
#6255 = EDGE_LOOP ( 'NONE', ( #7184, #5569 ) ) ;
#6256 = CIRCLE ( 'NONE', #2370, 0.9999999999999991118 ) ;
#6257 = CARTESIAN_POINT ( 'NONE',  ( 8.422096595950051778, -4.862499794919266982, 4.400000000000000355 ) ) ;
#6258 = DIRECTION ( 'NONE',  ( -1.000000000000000000, 0.000000000000000000, -1.492741799624945840E-62 ) ) ;
#6259 = CARTESIAN_POINT ( 'NONE',  ( 1.954476325396469427, 79.78193392741269463, 5.399999999999998579 ) ) ;
#6260 = DIRECTION ( 'NONE',  ( -0.7071067811865524577, -0.7071067811865426878, -0.000000000000000000 ) ) ;
#6261 = CARTESIAN_POINT ( 'NONE',  ( -41.71228598029825463, 81.14098492032248089, 5.399999999999998579 ) ) ;
#6262 = CARTESIAN_POINT ( 'NONE',  ( 19.14852201631392603, 49.55666237311857003, -2.272870761040460152 ) ) ;
#6263 = ORIENTED_EDGE ( 'NONE', *, *, #3246, .T. ) ;
#6264 = AXIS2_PLACEMENT_3D ( 'NONE', #8416, #2797, #5732 ) ;
#6265 = ADVANCED_FACE ( 'NONE', ( #7278 ), #699, .T. ) ;
#6266 = ORIENTED_EDGE ( 'NONE', *, *, #8649, .T. ) ;
#6267 = DIRECTION ( 'NONE',  ( 1.000000000000000000, 0.000000000000000000, 0.000000000000000000 ) ) ;
#6268 = ORIENTED_EDGE ( 'NONE', *, *, #5582, .F. ) ;
#6269 = CARTESIAN_POINT ( 'NONE',  ( -23.66227900000001227, 80.84188785450702142, 7.100000000000059153 ) ) ;
#6270 = VERTEX_POINT ( 'NONE', #2583 ) ;
#6271 = LINE ( 'NONE', #8455, #10803 ) ;
#6272 = CIRCLE ( 'NONE', #1022, 1.000000000000000888 ) ;
#6273 = DIRECTION ( 'NONE',  ( 1.000000000000000000, 0.000000000000000000, 0.000000000000000000 ) ) ;
#6274 = CARTESIAN_POINT ( 'NONE',  ( -1.583999485612814758E-16, 1.244117980299770165, 5.399999999999998579 ) ) ;
#6275 = ORIENTED_EDGE ( 'NONE', *, *, #1224, .F. ) ;
#6276 = CARTESIAN_POINT ( 'NONE',  ( -24.56563555449893244, -1.587045483117700551, -5.460792313493612937 ) ) ;
#6277 = EDGE_CURVE ( 'NONE', #5167, #7397, #8942, .T. ) ;
#6278 = EDGE_CURVE ( 'NONE', #2479, #1996, #4045, .T. ) ;
#6279 = DIRECTION ( 'NONE',  ( -9.813077866773755411E-15, 0.7071067811865549002, 0.7071067811865401342 ) ) ;
#6280 = VECTOR ( 'NONE', #4827, 1000.000000000000000 ) ;
#6281 = CARTESIAN_POINT ( 'NONE',  ( -80.51367833427875098, 0.000000000000000000, 7.399999999999998579 ) ) ;
#6282 = FACE_OUTER_BOUND ( 'NONE', #1635, .T. ) ;
#6283 = ORIENTED_EDGE ( 'NONE', *, *, #875, .T. ) ;
#6284 = ORIENTED_EDGE ( 'NONE', *, *, #2619, .F. ) ;
#6285 = EDGE_LOOP ( 'NONE', ( #1253, #9863, #9315, #8516 ) ) ;
#6286 = CARTESIAN_POINT ( 'NONE',  ( -119.3199622422323074, 27.62265796582223132, -3.012814236802380030 ) ) ;
#6287 = CARTESIAN_POINT ( 'NONE',  ( -70.49221783287669041, 81.98100131501493593, -4.314918150687090836 ) ) ;
#6288 = CARTESIAN_POINT ( 'NONE',  ( -17.66226043005733715, 81.84410925728559505, -2.400000000000000355 ) ) ;
#6289 = VECTOR ( 'NONE', #4120, 999.9999999999998863 ) ;
#6290 = CARTESIAN_POINT ( 'NONE',  ( 5.317732752346667979, 77.84410602412557978, 0.09999999999999853451 ) ) ;
#6291 = PLANE ( 'NONE',  #6024 ) ;
#6292 = CARTESIAN_POINT ( 'NONE',  ( -22.66227900000000517, 79.84410401969522297, 5.399999999999998579 ) ) ;
#6293 = VERTEX_POINT ( 'NONE', #3567 ) ;
#6294 = CARTESIAN_POINT ( 'NONE',  ( -32.86023200621512785, 81.91999823464455233, -2.953553223573229580 ) ) ;
#6295 = ORIENTED_EDGE ( 'NONE', *, *, #6031, .F. ) ;
#6296 = CARTESIAN_POINT ( 'NONE',  ( 18.16772100000000378, 18.98547018669193065, -0.9000000000000002442 ) ) ;
#6297 = EDGE_LOOP ( 'NONE', ( #995, #4329, #264, #5476, #9817, #11982 ) ) ;
#6298 = AXIS2_PLACEMENT_3D ( 'NONE', #433, #10755, #11872 ) ;
#6299 = ORIENTED_EDGE ( 'NONE', *, *, #6667, .F. ) ;
#6300 = AXIS2_PLACEMENT_3D ( 'NONE', #680, #11817, #8117 ) ;
#6301 = CARTESIAN_POINT ( 'NONE',  ( -116.3122720203380709, 71.13595435076683771, 5.399999999999998579 ) ) ;
#6302 = CARTESIAN_POINT ( 'NONE',  ( 11.93359082457480724, -1.465830875177938308, 5.399999999999998579 ) ) ;
#6303 = CARTESIAN_POINT ( 'NONE',  ( 19.17288683079480194, 50.57733475828674585, -3.182208807977019660 ) ) ;
#6304 = EDGE_CURVE ( 'NONE', #11775, #5762, #11022, .T. ) ;
#6305 = CARTESIAN_POINT ( 'NONE',  ( -119.3173868427870019, 61.05613959874442287, -4.662080835791958755 ) ) ;
#6306 = EDGE_CURVE ( 'NONE', #3144, #11358, #3737, .T. ) ;
#6307 = CARTESIAN_POINT ( 'NONE',  ( 1.221490986530543443, 84.16286939648796306, 3.347233311308686066 ) ) ;
#6308 = CARTESIAN_POINT ( 'NONE',  ( -98.98067985970040183, 14.08401472365295248, -4.485088767559852307 ) ) ;
#6309 = AXIS2_PLACEMENT_3D ( 'NONE', #9489, #1303, #4105 ) ;
#6310 = CARTESIAN_POINT ( 'NONE',  ( -100.3844958844308479, 14.28893291691019307, -2.893753407926547450 ) ) ;
#6311 = ORIENTED_EDGE ( 'NONE', *, *, #11975, .F. ) ;
#6312 = CARTESIAN_POINT ( 'NONE',  ( -119.3173747291718456, 29.71207679377138788, -2.501627141937711851 ) ) ;
#6313 = CARTESIAN_POINT ( 'NONE',  ( 19.14276981831767088, 18.69905338060969058, -2.953553224609518857 ) ) ;
#6314 = VERTEX_POINT ( 'NONE', #2817 ) ;
#6315 = ORIENTED_EDGE ( 'NONE', *, *, #2219, .T. ) ;
#6316 = AXIS2_PLACEMENT_3D ( 'NONE', #6811, #1269, #3342 ) ;
#6317 = CIRCLE ( 'NONE', #11219, 1.000000000000000888 ) ;
#6318 = CARTESIAN_POINT ( 'NONE',  ( -119.3173814534237067, 58.18111933806400771, -2.603165046928679338 ) ) ;
#6319 = EDGE_CURVE ( 'NONE', #8762, #656, #1963, .T. ) ;
#6320 = LINE ( 'NONE', #779, #5560 ) ;
#6321 = DIRECTION ( 'NONE',  ( -1.000000000000000000, 0.000000000000000000, 0.000000000000000000 ) ) ;
#6322 = EDGE_CURVE ( 'NONE', #7806, #3052, #8496, .T. ) ;
#6323 = DIRECTION ( 'NONE',  ( 0.000000000000000000, 0.000000000000000000, -1.000000000000000000 ) ) ;
#6324 = FACE_OUTER_BOUND ( 'NONE', #3813, .T. ) ;
#6325 = AXIS2_PLACEMENT_3D ( 'NONE', #3447, #3329, #7284 ) ;
#6326 = ORIENTED_EDGE ( 'NONE', *, *, #360, .T. ) ;
#6327 = AXIS2_PLACEMENT_3D ( 'NONE', #141, #4834, #3062 ) ;
#6328 = ORIENTED_EDGE ( 'NONE', *, *, #6812, .F. ) ;
#6329 = LINE ( 'NONE', #7128, #10909 ) ;
#6330 = ORIENTED_EDGE ( 'NONE', *, *, #5705, .T. ) ;
#6331 = DIRECTION ( 'NONE',  ( -0.9999999999999839018, 1.798198658941070066E-07, 0.000000000000000000 ) ) ;
#6332 = VERTEX_POINT ( 'NONE', #1840 ) ;
#6333 = VECTOR ( 'NONE', #4033, 1000.000000000000000 ) ;
#6334 = EDGE_CURVE ( 'NONE', #9888, #7565, #142, .T. ) ;
#6335 = DIRECTION ( 'NONE',  ( 0.000000000000000000, 0.000000000000000000, 1.000000000000000000 ) ) ;
#6336 = DIRECTION ( 'NONE',  ( 0.7071067811865515695, 0.000000000000000000, 0.7071067811865435759 ) ) ;
#6337 = DIRECTION ( 'NONE',  ( 0.7071067811865513475, 0.000000000000000000, 0.7071067811865436870 ) ) ;
#6338 = AXIS2_PLACEMENT_3D ( 'NONE', #8708, #5955, #10608 ) ;
#6339 = CARTESIAN_POINT ( 'NONE',  ( -101.0622825347106328, 14.29411798029987857, -4.399999999999999467 ) ) ;
#6340 = AXIS2_PLACEMENT_3D ( 'NONE', #5420, #674, #9211 ) ;
#6341 = LINE ( 'NONE', #4583, #8676 ) ;
#6342 = DIRECTION ( 'NONE',  ( -0.000000000000000000, -0.000000000000000000, -1.000000000000000000 ) ) ;
#6343 = EDGE_LOOP ( 'NONE', ( #2832, #3859, #5768, #5122 ) ) ;
#6344 = ORIENTED_EDGE ( 'NONE', *, *, #5442, .T. ) ;
#6345 = ORIENTED_EDGE ( 'NONE', *, *, #4150, .F. ) ;
#6346 = CARTESIAN_POINT ( 'NONE',  ( -119.2256625368679579, 30.85589551700965316, -6.439980624623484751 ) ) ;
#6347 = ADVANCED_FACE ( 'NONE', ( #817 ), #2757, .F. ) ;
#6348 = CARTESIAN_POINT ( 'NONE',  ( -119.2461927492985581, 56.94197827182566840, -3.012814236801783174 ) ) ;
#6349 = CARTESIAN_POINT ( 'NONE',  ( 19.37782436364524941, 16.90386751168637858, -4.314918151748109665 ) ) ;
#6350 = AXIS2_PLACEMENT_3D ( 'NONE', #10425, #106, #2049 ) ;
#6351 = CARTESIAN_POINT ( 'NONE',  ( 1.892453000393756968, 77.25013512635990764, 5.399999999999998579 ) ) ;
#6352 = FACE_OUTER_BOUND ( 'NONE', #9222, .T. ) ;
#6353 = DIRECTION ( 'NONE',  ( 0.000000000000000000, -1.000000000000000000, 0.000000000000000000 ) ) ;
#6354 = ORIENTED_EDGE ( 'NONE', *, *, #6457, .T. ) ;
#6355 = CARTESIAN_POINT ( 'NONE',  ( -32.37063718707962323, 81.92303879450778936, -5.506109694575008540 ) ) ;
#6356 = DIRECTION ( 'NONE',  ( -0.9999999999999914513, 1.303162954756303595E-07, 0.000000000000000000 ) ) ;
#6357 = VERTEX_POINT ( 'NONE', #9179 ) ;
#6358 = AXIS2_PLACEMENT_3D ( 'NONE', #5575, #10970, #650 ) ;
#6359 = CARTESIAN_POINT ( 'NONE',  ( -33.69351033615757984, 81.84922582274791125, -6.387032088894088133 ) ) ;
#6360 = EDGE_LOOP ( 'NONE', ( #8261, #2883, #10133, #4970, #9328, #233, #2819 ) ) ;
#6361 = ORIENTED_EDGE ( 'NONE', *, *, #836, .F. ) ;
#6362 = ORIENTED_EDGE ( 'NONE', *, *, #4280, .F. ) ;
#6363 = EDGE_CURVE ( 'NONE', #8421, #2008, #4537, .T. ) ;
#6364 = DIRECTION ( 'NONE',  ( -0.7071067811865802133, 0.000000000000000000, -0.7071067811865149322 ) ) ;
#6365 = CARTESIAN_POINT ( 'NONE',  ( 15.46272145638421414, 80.27667941006113494, 2.879917858599415403 ) ) ;
#6366 = EDGE_CURVE ( 'NONE', #10188, #9299, #6598, .T. ) ;
#6367 = CARTESIAN_POINT ( 'NONE',  ( 19.17284430148854213, 50.92135004315268532, -4.918996443540975427 ) ) ;
#6368 = CARTESIAN_POINT ( 'NONE',  ( -119.3173897918422313, 57.27150174516049219, -5.286467621753244472 ) ) ;
#6369 = CARTESIAN_POINT ( 'NONE',  ( 1.274070477496719755, 84.13259992667758524, 3.368220142084277668 ) ) ;
#6370 = CARTESIAN_POINT ( 'NONE',  ( -98.49108504056941626, 14.17298933411437467, -5.506109695587424468 ) ) ;
#6371 = VECTOR ( 'NONE', #10732, 1000.000000000000000 ) ;
#6372 = CARTESIAN_POINT ( 'NONE',  ( -99.70633317413492591, 14.28901862558545233, -6.298001607881317021 ) ) ;
#6373 = ORIENTED_EDGE ( 'NONE', *, *, #3171, .F. ) ;
#6374 = CARTESIAN_POINT ( 'NONE',  ( -119.3173953211781821, 28.55011106630934492, -2.464120143539274554 ) ) ;
#6375 = EDGE_LOOP ( 'NONE', ( #904, #10630, #5903, #9316, #6504, #3695, #4542, #6675, #8766, #2541, #7004, #9959, #6167, #3861, #2461, #1054, #2040, #4853, #4718, #11356, #9115, #6853, #2580, #2075, #8975, #3780, #1381, #405, #3827, #9435, #1158, #4426, #1530, #5156, #525, #2745, #7380, #8822, #2253, #10581, #7279, #6154, #10150, #1712, #155, #1144, #1362, #6688, #7063, #404, #2758, #8377, #10649, #3841, #1825, #475, #6184, #4268, #5373, #4602, #9269, #9016, #7187, #7901, #5995, #7985, #8237, #11102, #8925, #11736, #3106, #11202, #5945, #1846, #3013, #4492, #9572, #2770, #10681, #8637, #9154, #10978, #5353, #7594, #9041, #3281, #8404, #7456, #7410, #9092, #829, #7351, #8176, #4865, #4226, #8101, #1641, #9500, #10922, #11640, #2346, #2523, #9159, #2550, #6883, #9449, #33, #419, #1556, #10695, #7017, #9419 ) ) ;
#6376 = CARTESIAN_POINT ( 'NONE',  ( 19.10759229480578369, 19.02545081132303295, -2.953553224609518857 ) ) ;
#6377 = ORIENTED_EDGE ( 'NONE', *, *, #11672, .F. ) ;
#6378 = ADVANCED_FACE ( 'NONE', ( #9298 ), #10217, .F. ) ;
#6379 = EDGE_LOOP ( 'NONE', ( #6120, #8547, #1191, #3845 ) ) ;
#6380 = CARTESIAN_POINT ( 'NONE',  ( -23.36227899999999025, 22.99411099999999308, 4.400000000000000355 ) ) ;
#6381 = CARTESIAN_POINT ( 'NONE',  ( -24.44306779754087344, -1.670910208990326495, -4.662080835791954314 ) ) ;
#6382 = CARTESIAN_POINT ( 'NONE',  ( 5.317732932166535420, 78.84410602412569347, 0.09999999999999809042 ) ) ;
#6383 = CARTESIAN_POINT ( 'NONE',  ( 0.9068646782606107903, 84.34179366591234839, 3.014039655461896228 ) ) ;
#6384 = CARTESIAN_POINT ( 'NONE',  ( 19.16772100000002865, 26.58547018669192852, 1.699999999999992184 ) ) ;
#6385 = VECTOR ( 'NONE', #8260, 1000.000000000000000 ) ;
#6386 = ORIENTED_EDGE ( 'NONE', *, *, #12106, .T. ) ;
#6387 = ORIENTED_EDGE ( 'NONE', *, *, #5541, .F. ) ;
#6388 = DIRECTION ( 'NONE',  ( 0.000000000000000000, -1.000000000000000000, 0.000000000000000000 ) ) ;
#6389 = ORIENTED_EDGE ( 'NONE', *, *, #9894, .F. ) ;
#6390 = EDGE_CURVE ( 'NONE', #952, #1638, #932, .T. ) ;
#6391 = EDGE_CURVE ( 'NONE', #5737, #2658, #992, .T. ) ;
#6392 = DIRECTION ( 'NONE',  ( -0.6830127028748468332, 0.1830126982250980250, -0.7071067811865230368 ) ) ;
#6393 = CARTESIAN_POINT ( 'NONE',  ( 14.86773311198624192, 79.84410430684582138, 3.399999999999993250 ) ) ;
#6394 = EDGE_LOOP ( 'NONE', ( #6387, #203, #896, #11622, #355, #11404 ) ) ;
#6395 = AXIS2_PLACEMENT_3D ( 'NONE', #3842, #9584, #1282 ) ;
#6396 = DIRECTION ( 'NONE',  ( 0.7071067811865426878, 0.000000000000000000, 0.7071067811865524577 ) ) ;
#6397 = CARTESIAN_POINT ( 'NONE',  ( 3.417732932166567483, 78.84410636578344622, -1.800000000000000933 ) ) ;
#6398 = CARTESIAN_POINT ( 'NONE',  ( 20.16772100000000378, 0.000000000000000000, 5.399999999999998579 ) ) ;
#6399 = AXIS2_PLACEMENT_3D ( 'NONE', #1457, #11745, #10806 ) ;
#6400 = AXIS2_PLACEMENT_3D ( 'NONE', #5624, #9177, #3564 ) ;
#6401 = PLANE ( 'NONE',  #9425 ) ;
#6402 = ADVANCED_FACE ( 'NONE', ( #10340 ), #5801, .T. ) ;
#6403 = DIRECTION ( 'NONE',  ( -0.000000000000000000, -0.000000000000000000, -1.000000000000000000 ) ) ;
#6404 = CARTESIAN_POINT ( 'NONE',  ( 19.17290215918370322, 47.47758053657900490, -5.720491615503507710 ) ) ;
#6405 = ORIENTED_EDGE ( 'NONE', *, *, #11567, .F. ) ;
#6406 = VERTEX_POINT ( 'NONE', #1901 ) ;
#6407 = DIRECTION ( 'NONE',  ( -0.000000000000000000, 0.000000000000000000, 1.000000000000000000 ) ) ;
#6408 = ORIENTED_EDGE ( 'NONE', *, *, #3186, .F. ) ;
#6409 = CARTESIAN_POINT ( 'NONE',  ( -119.3051417867699513, 29.66470120570227920, -6.439980624623485639 ) ) ;
#6410 = CARTESIAN_POINT ( 'NONE',  ( -8.801865990316345645, 15.31473555090441785, 7.399999999999998579 ) ) ;
#6411 = VECTOR ( 'NONE', #3717, 1000.000000000000000 ) ;
#6412 = CARTESIAN_POINT ( 'NONE',  ( 19.28885021294953006, 16.41427269254953458, -3.293894456394166337 ) ) ;
#6413 = DIRECTION ( 'NONE',  ( 1.000000000000000000, 0.000000000000000000, 0.000000000000000000 ) ) ;
#6414 = LINE ( 'NONE', #11834, #1781 ) ;
#6415 = ORIENTED_EDGE ( 'NONE', *, *, #11754, .T. ) ;
#6416 = CARTESIAN_POINT ( 'NONE',  ( -33.34982682535063248, 81.88211164759879068, -6.186789390830439217 ) ) ;
#6417 = CARTESIAN_POINT ( 'NONE',  ( 3.732178150609712449E-05, 85.84408514429277659, 5.399999999999998579 ) ) ;
#6418 = ORIENTED_EDGE ( 'NONE', *, *, #10514, .F. ) ;
#6419 = EDGE_CURVE ( 'NONE', #1040, #4369, #3681, .T. ) ;
#6420 = CIRCLE ( 'NONE', #2140, 3.299999999999990496 ) ;
#6421 = DIRECTION ( 'NONE',  ( 0.000000000000000000, 0.000000000000000000, 1.000000000000000000 ) ) ;
#6422 = ORIENTED_EDGE ( 'NONE', *, *, #11961, .F. ) ;
#6423 = ORIENTED_EDGE ( 'NONE', *, *, #4499, .T. ) ;
#6424 = VERTEX_POINT ( 'NONE', #11325 ) ;
#6425 = ORIENTED_EDGE ( 'NONE', *, *, #10044, .T. ) ;
#6426 = CARTESIAN_POINT ( 'NONE',  ( -67.39144887573405640, 81.72838444120279178, -2.272870760078836039 ) ) ;
#6427 = CARTESIAN_POINT ( 'NONE',  ( 16.66054409748829812, 81.17329434593014525, 3.422272846869436780 ) ) ;
#6428 = DIRECTION ( 'NONE',  ( 1.000000000000000000, 0.000000000000000000, 0.000000000000000000 ) ) ;
#6429 = CARTESIAN_POINT ( 'NONE',  ( -119.3173712799357133, 60.96686894482519392, -5.044740618458193104 ) ) ;
#6430 = CARTESIAN_POINT ( 'NONE',  ( 1.348418364344438070, 84.08961484028368716, 3.388028558347700780 ) ) ;
#6431 = CARTESIAN_POINT ( 'NONE',  ( -100.7976618103444082, 14.28898845355509906, -5.402719990921739601 ) ) ;
#6432 = ORIENTED_EDGE ( 'NONE', *, *, #9771, .F. ) ;
#6433 = DIRECTION ( 'NONE',  ( -0.000000000000000000, -0.000000000000000000, -1.000000000000000000 ) ) ;
#6434 = EDGE_CURVE ( 'NONE', #9724, #10400, #7748, .T. ) ;
#6435 = EDGE_CURVE ( 'NONE', #8294, #2612, #9238, .T. ) ;
#6436 = CARTESIAN_POINT ( 'NONE',  ( 19.17216807172425774, 18.69905338060969058, -5.506109695705925233 ) ) ;
#6437 = ORIENTED_EDGE ( 'NONE', *, *, #11658, .T. ) ;
#6438 = ORIENTED_EDGE ( 'NONE', *, *, #5889, .F. ) ;
#6439 = VERTEX_POINT ( 'NONE', #3795 ) ;
#6440 = DIRECTION ( 'NONE',  ( -2.317727724994325245E-06, -0.9999999999973140374, 0.000000000000000000 ) ) ;
#6441 = CARTESIAN_POINT ( 'NONE',  ( -79.81228598030135402, 22.99411099999999664, 7.100000000000059153 ) ) ;
#6442 = AXIS2_PLACEMENT_3D ( 'NONE', #709, #10051, #3576 ) ;
#6443 = LINE ( 'NONE', #10183, #3252 ) ;
#6444 = DIRECTION ( 'NONE',  ( 1.000000000000000000, 0.000000000000000000, 0.000000000000000000 ) ) ;
#6445 = FACE_OUTER_BOUND ( 'NONE', #9208, .T. ) ;
#6446 = ADVANCED_FACE ( 'NONE', ( #876 ), #11261, .T. ) ;
#6447 = CARTESIAN_POINT ( 'NONE',  ( 19.16843414622288222, 51.02545081133819593, -4.314918151749314923 ) ) ;
#6448 = ORIENTED_EDGE ( 'NONE', *, *, #1108, .T. ) ;
#6449 = VERTEX_POINT ( 'NONE', #7518 ) ;
#6450 = CARTESIAN_POINT ( 'NONE',  ( -99.06228253471061862, 14.29411798029987857, -2.400000000000003908 ) ) ;
#6451 = VERTEX_POINT ( 'NONE', #7580 ) ;
#6452 = AXIS2_PLACEMENT_3D ( 'NONE', #12099, #10245, #9145 ) ;
#6453 = DIRECTION ( 'NONE',  ( -0.000000000000000000, 0.000000000000000000, 1.000000000000000000 ) ) ;
#6454 = CARTESIAN_POINT ( 'NONE',  ( -23.36227899999995827, 21.29411100000000090, 7.399999999999998579 ) ) ;
#6455 = LINE ( 'NONE', #6514, #5928 ) ;
#6456 = DIRECTION ( 'NONE',  ( -1.000000000000000000, -1.273190734878014299E-16, 0.000000000000000000 ) ) ;
#6457 = EDGE_CURVE ( 'NONE', #11485, #756, #6657, .T. ) ;
#6458 = AXIS2_PLACEMENT_3D ( 'NONE', #10472, #2954, #1244 ) ;
#6459 = EDGE_CURVE ( 'NONE', #3889, #6569, #1295, .T. ) ;
#6460 = FACE_OUTER_BOUND ( 'NONE', #1845, .T. ) ;
#6461 = CARTESIAN_POINT ( 'NONE',  ( -85.21227469707440605, 76.84410589528943092, -1.900000000000000355 ) ) ;
#6462 = ORIENTED_EDGE ( 'NONE', *, *, #3300, .F. ) ;
#6463 = CONICAL_SURFACE ( 'NONE', #1213, 1.299999999999967848, 0.7853981633974956855 ) ;
#6464 = ORIENTED_EDGE ( 'NONE', *, *, #10859, .T. ) ;
#6465 = ORIENTED_EDGE ( 'NONE', *, *, #7575, .T. ) ;
#6466 = CARTESIAN_POINT ( 'NONE',  ( -119.2873207879315487, 30.51555428520757474, -6.113584520843606818 ) ) ;
#6467 = DIRECTION ( 'NONE',  ( 1.000000000000000000, 1.273190734878014053E-16, 0.000000000000000000 ) ) ;
#6468 = CARTESIAN_POINT ( 'NONE',  ( 19.20613774818770381, 15.27188566585233787, -3.804406304071138667 ) ) ;
#6469 = EDGE_CURVE ( 'NONE', #82, #10783, #7163, .T. ) ;
#6470 = CARTESIAN_POINT ( 'NONE',  ( -24.45427002420597873, -1.662613326955466819, 0.6000000000000039746 ) ) ;
#6471 = AXIS2_PLACEMENT_3D ( 'NONE', #2160, #6849, #5643 ) ;
#6472 = DIRECTION ( 'NONE',  ( 0.000000000000000000, 0.000000000000000000, 1.000000000000000000 ) ) ;
#6473 = CARTESIAN_POINT ( 'NONE',  ( -32.86023200621512785, 81.82491178127415310, -6.527129238958155000 ) ) ;
#6474 = CARTESIAN_POINT ( 'NONE',  ( -10.91470738880314784, 1.414646203381845879, 4.400000000000000355 ) ) ;
#6475 = ORIENTED_EDGE ( 'NONE', *, *, #8259, .T. ) ;
#6476 = DIRECTION ( 'NONE',  ( 1.000000000000000000, 1.273190734878014299E-16, 0.000000000000000000 ) ) ;
#6477 = ORIENTED_EDGE ( 'NONE', *, *, #7734, .F. ) ;
#6478 = ORIENTED_EDGE ( 'NONE', *, *, #3366, .F. ) ;
#6479 = ORIENTED_EDGE ( 'NONE', *, *, #4524, .F. ) ;
#6480 = VECTOR ( 'NONE', #4765, 1000.000000000000000 ) ;
#6481 = CARTESIAN_POINT ( 'NONE',  ( 1.954476325396469427, 79.78193392741269463, 4.400000000000000355 ) ) ;
#6482 = DIRECTION ( 'NONE',  ( 0.9999999999999206191, -3.984065844030486389E-07, 0.000000000000000000 ) ) ;
#6483 = CARTESIAN_POINT ( 'NONE',  ( 19.17289529547505467, 50.20785070959394147, -2.811597834583872579 ) ) ;
#6484 = CARTESIAN_POINT ( 'NONE',  ( -119.3174459739210675, 57.47894137500626499, -5.619979458381433979 ) ) ;
#6485 = EDGE_CURVE ( 'NONE', #12042, #8287, #4892, .T. ) ;
#6486 = CARTESIAN_POINT ( 'NONE',  ( -79.81228598030135402, 16.29411100000000090, 7.100000000000059153 ) ) ;
#6487 = CARTESIAN_POINT ( 'NONE',  ( -100.1230708671832446, 14.25486660357128521, -5.846449543715206865 ) ) ;
#6488 = CARTESIAN_POINT ( 'NONE',  ( -99.94875015646366023, 14.28900020781927971, -6.197605764689917862 ) ) ;
#6489 = ORIENTED_EDGE ( 'NONE', *, *, #9835, .T. ) ;
#6490 = CARTESIAN_POINT ( 'NONE',  ( -119.3174531313218267, 30.38993411704678849, -2.892531371176475297 ) ) ;
#6491 = VECTOR ( 'NONE', #8173, 1000.000000000000000 ) ;
#6492 = CARTESIAN_POINT ( 'NONE',  ( 19.16843414622504582, 19.02545081132303295, -4.314918151748109665 ) ) ;
#6493 = VERTEX_POINT ( 'NONE', #6895 ) ;
#6494 = VERTEX_POINT ( 'NONE', #4952 ) ;
#6495 = CARTESIAN_POINT ( 'NONE',  ( -117.7175827487286028, 74.88096459863396603, 7.399999999999998579 ) ) ;
#6496 = DIRECTION ( 'NONE',  ( 1.000000000000000000, 0.000000000000000000, 0.000000000000000000 ) ) ;
#6497 = DIRECTION ( 'NONE',  ( -0.000000000000000000, 0.000000000000000000, -1.000000000000000000 ) ) ;
#6498 = LINE ( 'NONE', #1017, #1475 ) ;
#6499 = VECTOR ( 'NONE', #3512, 1000.000000000000114 ) ;
#6500 = DIRECTION ( 'NONE',  ( 1.000000000000000000, 0.000000000000000000, 0.000000000000000000 ) ) ;
#6501 = EDGE_CURVE ( 'NONE', #7805, #8578, #7758, .T. ) ;
#6502 = CARTESIAN_POINT ( 'NONE',  ( 1.031975270509453813, 84.27110164663476155, 3.212913757748989241 ) ) ;
#6503 = CARTESIAN_POINT ( 'NONE',  ( 19.16843412342166530, 51.02545081133818883, -4.485088767641717489 ) ) ;
#6504 = ORIENTED_EDGE ( 'NONE', *, *, #4571, .T. ) ;
#6505 = ORIENTED_EDGE ( 'NONE', *, *, #8288, .T. ) ;
#6506 = CARTESIAN_POINT ( 'NONE',  ( 19.16772100000000734, 50.98547018669192710, -4.400000000000000355 ) ) ;
#6507 = EDGE_LOOP ( 'NONE', ( #11233, #1714, #1768, #10386 ) ) ;
#6508 = AXIS2_PLACEMENT_3D ( 'NONE', #11888, #3371, #4467 ) ;
#6509 = LINE ( 'NONE', #1876, #7709 ) ;
#6510 = FACE_BOUND ( 'NONE', #11449, .T. ) ;
#6511 = FACE_OUTER_BOUND ( 'NONE', #5586, .T. ) ;
#6512 = EDGE_CURVE ( 'NONE', #7064, #220, #6828, .T. ) ;
#6513 = EDGE_CURVE ( 'NONE', #6406, #11899, #385, .T. ) ;
#6514 = CARTESIAN_POINT ( 'NONE',  ( 16.45859082457479872, 2.864296143744261336, -2.400000000000000355 ) ) ;
#6515 = CARTESIAN_POINT ( 'NONE',  ( 16.86772099999999952, 77.67724262499595511, 7.399999999999998579 ) ) ;
#6516 = CIRCLE ( 'NONE', #3601, 0.5000000000000004441 ) ;
#6517 = CIRCLE ( 'NONE', #11629, 0.2977672882890324280 ) ;
#6518 = B_SPLINE_CURVE_WITH_KNOTS ( 'NONE', 3,
 ( #7383, #10089, #2512, #8306, #12057, #7567, #11314, #2076, #250, #4882, #11438, #2134 ),
 .UNSPECIFIED., .F., .F.,
 ( 4, 2, 2, 2, 2, 4 ),
 ( 0.000000000000000000, 0.1250000000000005551, 0.2500000000000011102, 0.5000000000000006661, 0.7500000000000003331, 1.000000000000000000 ),
 .UNSPECIFIED. ) ;
#6519 = CARTESIAN_POINT ( 'NONE',  ( -61.46005585450888020, 81.14411100000000943, 4.400000000000000355 ) ) ;
#6520 = CARTESIAN_POINT ( 'NONE',  ( 19.17285052690187186, 47.25009091105790304, -5.402719990921329263 ) ) ;
#6521 = VECTOR ( 'NONE', #8078, 1000.000000000000000 ) ;
#6522 = ORIENTED_EDGE ( 'NONE', *, *, #2054, .T. ) ;
#6523 = EDGE_CURVE ( 'NONE', #8351, #8680, #5413, .T. ) ;
#6524 = CIRCLE ( 'NONE', #11230, 0.3999999999999915290 ) ;
#6525 = ORIENTED_EDGE ( 'NONE', *, *, #9008, .T. ) ;
#6526 = CARTESIAN_POINT ( 'NONE',  ( -119.4050960933020775, 29.15418935799907985, -3.012814236802380918 ) ) ;
#6527 = DIRECTION ( 'NONE',  ( -0.000000000000000000, -0.000000000000000000, 1.000000000000000000 ) ) ;
#6528 = CARTESIAN_POINT ( 'NONE',  ( 19.07803031912084535, 15.27188566585233787, -2.272870761040224785 ) ) ;
#6529 = DIRECTION ( 'NONE',  ( 1.798198673297554574E-07, 0.9999999999999840128, 0.000000000000000000 ) ) ;
#6530 = AXIS2_PLACEMENT_3D ( 'NONE', #6682, #1867, #10423 ) ;
#6531 = AXIS2_PLACEMENT_3D ( 'NONE', #8911, #4087, #7987 ) ;
#6532 = CARTESIAN_POINT ( 'NONE',  ( -20.77409613425461643, -2.559048075550675261, -2.360019375242037754 ) ) ;
#6533 = CARTESIAN_POINT ( 'NONE',  ( -34.00262168677546981, 81.96524065039587015, -3.293894455345293792 ) ) ;
#6534 = LINE ( 'NONE', #2754, #9333 ) ;
#6535 = ORIENTED_EDGE ( 'NONE', *, *, #9510, .F. ) ;
#6536 = DIRECTION ( 'NONE',  ( -0.000000000000000000, 0.000000000000000000, 1.000000000000000000 ) ) ;
#6537 = CARTESIAN_POINT ( 'NONE',  ( -1.583999485612814758E-16, 1.244117980299770165, 7.099999999999989875 ) ) ;
#6538 = VERTEX_POINT ( 'NONE', #2088 ) ;
#6539 = EDGE_CURVE ( 'NONE', #10355, #6314, #8141, .T. ) ;
#6540 = ORIENTED_EDGE ( 'NONE', *, *, #8606, .T. ) ;
#6541 = EDGE_CURVE ( 'NONE', #8500, #9055, #928, .T. ) ;
#6542 = CARTESIAN_POINT ( 'NONE',  ( -22.36227900000003643, 0.000000000000000000, 7.399999999999998579 ) ) ;
#6543 = CARTESIAN_POINT ( 'NONE',  ( -67.71784497951759363, 81.88252774812598034, -3.804406303035026582 ) ) ;
#6544 = CARTESIAN_POINT ( 'NONE',  ( -41.11227899999998670, 23.29411099999999379, 7.100000000000059153 ) ) ;
#6545 = CARTESIAN_POINT ( 'NONE',  ( -6.810036434708691466, -10.76178768431326560, -1.900000000000000355 ) ) ;
#6546 = CARTESIAN_POINT ( 'NONE',  ( 15.46773318905265526, 80.27267983485982938, 5.399999999999998579 ) ) ;
#6547 = LINE ( 'NONE', #3926, #3911 ) ;
#6548 = CARTESIAN_POINT ( 'NONE',  ( -100.1230708671832446, 14.21518972543801240, -5.506109695587424468 ) ) ;
#6549 = CARTESIAN_POINT ( 'NONE',  ( 1.653363290606710390, 84.90183567641621210, 4.464667994119376537 ) ) ;
#6550 = VERTEX_POINT ( 'NONE', #5992 ) ;
#6551 = DIRECTION ( 'NONE',  ( 0.2588190399164174704, 0.9659258276786804043, 0.000000000000000000 ) ) ;
#6552 = VERTEX_POINT ( 'NONE', #9542 ) ;
#6553 = DIRECTION ( 'NONE',  ( 0.7071067811865802133, 0.000000000000000000, -0.7071067811865149322 ) ) ;
#6554 = ORIENTED_EDGE ( 'NONE', *, *, #8378, .T. ) ;
#6555 = ORIENTED_EDGE ( 'NONE', *, *, #11240, .T. ) ;
#6556 = EDGE_CURVE ( 'NONE', #9166, #5944, #1171, .T. ) ;
#6557 = DIRECTION ( 'NONE',  ( -1.000000000000000000, -1.954618001100627820E-16, 0.000000000000000000 ) ) ;
#6558 = CARTESIAN_POINT ( 'NONE',  ( -14.28726043005733715, 81.84410925728559505, 5.399999999999998579 ) ) ;
#6559 = FACE_OUTER_BOUND ( 'NONE', #3293, .T. ) ;
#6560 = AXIS2_PLACEMENT_3D ( 'NONE', #7947, #11712, #9733 ) ;
#6561 = CARTESIAN_POINT ( 'NONE',  ( -20.69040940504137893, -2.676415959606605721, -5.044050639424564331 ) ) ;
#6562 = DIRECTION ( 'NONE',  ( -1.798198670589261751E-07, -0.9999999999999839018, -0.000000000000000000 ) ) ;
#6563 = CARTESIAN_POINT ( 'NONE',  ( -11.32003573148202591, 2.053094550384141126, 4.400000000000000355 ) ) ;
#6564 = CARTESIAN_POINT ( 'NONE',  ( 0.2383027716536599561, 85.19480963236603088, 3.687975581014643289 ) ) ;
#6565 = CARTESIAN_POINT ( 'NONE',  ( 19.08111140348450263, 51.02545081133818883, -6.186789391988859244 ) ) ;
#6566 = VERTEX_POINT ( 'NONE', #4159 ) ;
#6567 = CIRCLE ( 'NONE', #10693, 1.000000000000000888 ) ;
#6568 = DIRECTION ( 'NONE',  ( -0.7071067811865802133, 0.000000000000000000, 0.7071067811865149322 ) ) ;
#6569 = VERTEX_POINT ( 'NONE', #3548 ) ;
#6570 = EDGE_CURVE ( 'NONE', #7772, #7627, #7939, .T. ) ;
#6571 = CARTESIAN_POINT ( 'NONE',  ( -40.39249645289652335, -1.422552109152251942, 6.733333323560562356 ) ) ;
#6572 = CARTESIAN_POINT ( 'NONE',  ( -1.510606697851282710E-21, 57.06910750985032621, -1.900000000000000355 ) ) ;
#6573 = CARTESIAN_POINT ( 'NONE',  ( -120.3122790047357142, 16.94879718977744076, 7.399999999999998579 ) ) ;
#6574 = CARTESIAN_POINT ( 'NONE',  ( -25.65727168330932173, 19.83112779744591236, 7.099999999999990763 ) ) ;
#6575 = CARTESIAN_POINT ( 'NONE',  ( -27.17179429920804168, 19.20166672165858657, 7.399999999999998579 ) ) ;
#6576 = VECTOR ( 'NONE', #4716, 1000.000000000000000 ) ;
#6577 = CARTESIAN_POINT ( 'NONE',  ( -10.72336560610671974, 1.876585942086530734, 4.400000000000000355 ) ) ;
#6578 = DIRECTION ( 'NONE',  ( 0.000000000000000000, 0.000000000000000000, 1.000000000000000000 ) ) ;
#6579 = EDGE_CURVE ( 'NONE', #4705, #1021, #1535, .T. ) ;
#6580 = EDGE_CURVE ( 'NONE', #9724, #745, #505, .T. ) ;
#6581 = AXIS2_PLACEMENT_3D ( 'NONE', #7564, #3905, #2986 ) ;
#6582 = CARTESIAN_POINT ( 'NONE',  ( -33.43142950036545358, 81.84411100000002648, -2.399999999999998579 ) ) ;
#6583 = DIRECTION ( 'NONE',  ( -0.9999999999999812372, 1.932974505730857416E-07, 0.000000000000000000 ) ) ;
#6584 = ORIENTED_EDGE ( 'NONE', *, *, #492, .F. ) ;
#6585 = VERTEX_POINT ( 'NONE', #10888 ) ;
#6586 = ORIENTED_EDGE ( 'NONE', *, *, #9274, .F. ) ;
#6587 = CARTESIAN_POINT ( 'NONE',  ( -119.3418139656109531, 30.85589551700964961, -3.828807813584977904 ) ) ;
#6588 = CARTESIAN_POINT ( 'NONE',  ( -119.3111162939017760, 57.28231811979603094, -3.339211667514502935 ) ) ;
#6589 = AXIS2_PLACEMENT_3D ( 'NONE', #986, #6413, #12005 ) ;
#6590 = DIRECTION ( 'NONE',  ( -0.3535533905932609633, -0.6123724356957724879, 0.7071067811865729968 ) ) ;
#6591 = VECTOR ( 'NONE', #3828, 1000.000000000000000 ) ;
#6592 = ADVANCED_FACE ( 'NONE', ( #6282 ), #2098, .F. ) ;
#6593 = CARTESIAN_POINT ( 'NONE',  ( -21.10969288769102548, -2.496540016513749904, -6.439980624375181151 ) ) ;
#6594 = CARTESIAN_POINT ( 'NONE',  ( -35.14501269426892804, 81.81915966242463867, -5.846449542702723434 ) ) ;
#6595 = CARTESIAN_POINT ( 'NONE',  ( -35.43142950036546068, 80.84411100000002648, -1.900000000000000577 ) ) ;
#6596 = ORIENTED_EDGE ( 'NONE', *, *, #11959, .F. ) ;
#6597 = CARTESIAN_POINT ( 'NONE',  ( 6.242186189043171482E-06, 23.29409667233048609, 5.399999999999998579 ) ) ;
#6598 = LINE ( 'NONE', #1783, #6385 ) ;
#6599 = VERTEX_POINT ( 'NONE', #4342 ) ;
#6600 = ORIENTED_EDGE ( 'NONE', *, *, #426, .F. ) ;
#6601 = CIRCLE ( 'NONE', #6033, 0.2977672882811116528 ) ;
#6602 = AXIS2_PLACEMENT_3D ( 'NONE', #8761, #1436, #1190 ) ;
#6603 = VERTEX_POINT ( 'NONE', #9904 ) ;
#6604 = CARTESIAN_POINT ( 'NONE',  ( -67.71784497951759363, 81.89194116109229071, -4.314918150687090836 ) ) ;
#6605 = CARTESIAN_POINT ( 'NONE',  ( -80.21227201969415432, 0.000000000000000000, -1.900000000000000355 ) ) ;
#6606 = LINE ( 'NONE', #11205, #11200 ) ;
#6607 = CYLINDRICAL_SURFACE ( 'NONE', #1106, 1.624999999999999778 ) ;
#6608 = CARTESIAN_POINT ( 'NONE',  ( 18.16772100000000378, 0.000000000000000000, -1.900000000000000355 ) ) ;
#6609 = CARTESIAN_POINT ( 'NONE',  ( -100.7758657286020707, 14.38380856034275546, -2.272870761041802190 ) ) ;
#6610 = ADVANCED_FACE ( 'NONE', ( #11882 ), #3363, .T. ) ;
#6611 = ADVANCED_FACE ( 'NONE', ( #5196 ), #6053, .F. ) ;
#6612 = DIRECTION ( 'NONE',  ( -1.000000000000000000, 0.000000000000000000, -1.492741799624945840E-62 ) ) ;
#6613 = AXIS2_PLACEMENT_3D ( 'NONE', #9459, #182, #11302 ) ;
#6614 = ORIENTED_EDGE ( 'NONE', *, *, #3049, .F. ) ;
#6615 = CARTESIAN_POINT ( 'NONE',  ( 15.13148511143107022, 80.53877185249652371, 3.339268615995661715 ) ) ;
#6616 = PLANE ( 'NONE',  #4648 ) ;
#6617 = VERTEX_POINT ( 'NONE', #3488 ) ;
#6618 = ORIENTED_EDGE ( 'NONE', *, *, #11015, .T. ) ;
#6619 = CARTESIAN_POINT ( 'NONE',  ( 16.05859082457480724, 2.864296143744261336, -1.900000000000000355 ) ) ;
#6620 = DIRECTION ( 'NONE',  ( 0.000000000000000000, 1.000000000000000000, 0.000000000000000000 ) ) ;
#6621 = PLANE ( 'NONE',  #4939 ) ;
#6622 = VECTOR ( 'NONE', #1129, 1000.000000000000000 ) ;
#6623 = CARTESIAN_POINT ( 'NONE',  ( -23.49567576645206302, -1.924760685473767108, -6.147970622113708039 ) ) ;
#6624 = DIRECTION ( 'NONE',  ( 0.000000000000000000, 0.000000000000000000, 1.000000000000000000 ) ) ;
#6625 = CARTESIAN_POINT ( 'NONE',  ( -0.01829273104118646701, 85.24686981999107616, 2.911135026821509708 ) ) ;
#6626 = EDGE_CURVE ( 'NONE', #5813, #1936, #4831, .T. ) ;
#6627 = CARTESIAN_POINT ( 'NONE',  ( -49.66227899999999096, 19.69411099999999593, 4.400000000000000355 ) ) ;
#6628 = EDGE_LOOP ( 'NONE', ( #10413, #10087, #5780, #9057, #11577, #5405, #2237, #10205, #10864, #8073, #4598, #4905, #6295 ) ) ;
#6629 = LINE ( 'NONE', #12102, #571 ) ;
#6630 = ORIENTED_EDGE ( 'NONE', *, *, #7137, .T. ) ;
#6631 = CARTESIAN_POINT ( 'NONE',  ( -60.16227157915959367, 85.84410869558085722, 4.400000000000000355 ) ) ;
#6632 = CONICAL_SURFACE ( 'NONE', #10354, 1.000000000000007772, 0.7853981633974859156 ) ;
#6633 = CARTESIAN_POINT ( 'NONE',  ( -22.40049128972625425, 6.002193422238259579, -1.900000000000000355 ) ) ;
#6634 = CARTESIAN_POINT ( 'NONE',  ( 2.543571335778072484, -13.04440414176037244, 7.399999999999998579 ) ) ;
#6635 = CARTESIAN_POINT ( 'NONE',  ( -116.6041236809246584, 12.29411797798555916, 6.400000000000025224 ) ) ;
#6636 = DIRECTION ( 'NONE',  ( -0.000000000000000000, -0.000000000000000000, -1.000000000000000000 ) ) ;
#6637 = ADVANCED_FACE ( 'NONE', ( #5312, #3306, #11820 ), #7015, .T. ) ;
#6638 = CARTESIAN_POINT ( 'NONE',  ( 19.16843416615758855, 46.94548956206062940, -4.314918151749314923 ) ) ;
#6639 = AXIS2_PLACEMENT_3D ( 'NONE', #5473, #8161, #4565 ) ;
#6640 = CARTESIAN_POINT ( 'NONE',  ( 3.732178150609712449E-05, 85.84408514429277659, -1.900000000000000355 ) ) ;
#6641 = ORIENTED_EDGE ( 'NONE', *, *, #6579, .F. ) ;
#6642 = CARTESIAN_POINT ( 'NONE',  ( -35.43142950036546068, 81.84411100000002648, -4.400000000000000355 ) ) ;
#6643 = VERTEX_POINT ( 'NONE', #9040 ) ;
#6644 = ORIENTED_EDGE ( 'NONE', *, *, #9144, .F. ) ;
#6645 = VERTEX_POINT ( 'NONE', #1418 ) ;
#6646 = DIRECTION ( 'NONE',  ( 1.000000000000000000, 0.000000000000000000, 0.000000000000000000 ) ) ;
#6647 = VECTOR ( 'NONE', #8875, 1000.000000000000000 ) ;
#6648 = CARTESIAN_POINT ( 'NONE',  ( -119.3912002493993469, 57.96299781573683418, -3.339211667514503823 ) ) ;
#6649 = EDGE_CURVE ( 'NONE', #3136, #4343, #7142, .T. ) ;
#6650 = ADVANCED_FACE ( 'NONE', ( #10827 ), #7960, .F. ) ;
#6651 = CARTESIAN_POINT ( 'NONE',  ( -40.95410443796348687, -70.96659471956760967, 6.400000000000025224 ) ) ;
#6652 = CARTESIAN_POINT ( 'NONE',  ( -20.78931245716123755, -2.615836168442866594, -5.787188416801180679 ) ) ;
#6653 = CARTESIAN_POINT ( 'NONE',  ( -34.49221783284409071, 81.98100124988258131, -4.485088766547514538 ) ) ;
#6654 = CARTESIAN_POINT ( 'NONE',  ( -31.43860974639945027, 1.244110999999999079, 5.399999999999998579 ) ) ;
#6655 = AXIS2_PLACEMENT_3D ( 'NONE', #11123, #3777, #2862 ) ;
#6656 = DIRECTION ( 'NONE',  ( 1.000000000000000000, 0.000000000000000000, 0.000000000000000000 ) ) ;
#6657 = LINE ( 'NONE', #10399, #9513 ) ;
#6658 = VERTEX_POINT ( 'NONE', #2447 ) ;
#6659 = ORIENTED_EDGE ( 'NONE', *, *, #7883, .T. ) ;
#6660 = ADVANCED_FACE ( 'NONE', ( #9966 ), #6165, .T. ) ;
#6661 = LINE ( 'NONE', #8622, #4743 ) ;
#6662 = FACE_OUTER_BOUND ( 'NONE', #3367, .T. ) ;
#6663 = DIRECTION ( 'NONE',  ( 0.000000000000000000, 0.000000000000000000, 1.000000000000000000 ) ) ;
#6664 = DIRECTION ( 'NONE',  ( -0.000000000000000000, 0.000000000000000000, 1.000000000000000000 ) ) ;
#6665 = VECTOR ( 'NONE', #5272, 1000.000000000000000 ) ;
#6666 = LINE ( 'NONE', #28, #5400 ) ;
#6667 = EDGE_CURVE ( 'NONE', #1329, #8166, #170, .T. ) ;
#6668 = CARTESIAN_POINT ( 'NONE',  ( -33.43142950036545358, 81.84411100000002648, 0.5999999999999998668 ) ) ;
#6669 = CARTESIAN_POINT ( 'NONE',  ( -101.1022631593114767, 14.29340487692637751, -4.485088767559852307 ) ) ;
#6670 = DIRECTION ( 'NONE',  ( 1.000000000000000000, 2.646977960169688560E-23, 0.000000000000000000 ) ) ;
#6671 = ORIENTED_EDGE ( 'NONE', *, *, #9240, .F. ) ;
#6672 = CARTESIAN_POINT ( 'NONE',  ( 15.10980489131580562, 81.61212336031339021, 4.464667994119376537 ) ) ;
#6673 = CARTESIAN_POINT ( 'NONE',  ( -9.060685030232763282, 14.34880972322573633, 7.399999999999998579 ) ) ;
#6674 = ORIENTED_EDGE ( 'NONE', *, *, #7357, .F. ) ;
#6675 = ORIENTED_EDGE ( 'NONE', *, *, #6469, .F. ) ;
#6676 = ORIENTED_EDGE ( 'NONE', *, *, #4012, .F. ) ;
#6677 = ADVANCED_FACE ( 'NONE', ( #4400 ), #8119, .F. ) ;
#6678 = ADVANCED_FACE ( 'NONE', ( #9102 ), #743, .T. ) ;
#6679 = DIRECTION ( 'NONE',  ( 0.000000000000000000, -1.000000000000000000, 0.000000000000000000 ) ) ;
#6680 = CARTESIAN_POINT ( 'NONE',  ( 6.242186189043171482E-06, 23.29409667233048609, 5.399999999999998579 ) ) ;
#6681 = DIRECTION ( 'NONE',  ( -1.000000000000000000, -2.646977960169688560E-23, 0.000000000000000000 ) ) ;
#6682 = CARTESIAN_POINT ( 'NONE',  ( -25.91609072322573226, 18.86520196976723085, 4.400000000000000355 ) ) ;
#6683 = CARTESIAN_POINT ( 'NONE',  ( -32.42599708950055515, 81.84923757898015140, -2.651583587144238585 ) ) ;
#6684 = DIRECTION ( 'NONE',  ( 1.000000000000000000, 0.000000000000000000, 0.000000000000000000 ) ) ;
#6685 = CARTESIAN_POINT ( 'NONE',  ( 0.4392818531132359761, 85.15380523166892601, 3.945607194760426761 ) ) ;
#6686 = LINE ( 'NONE', #3947, #9777 ) ;
#6687 = ORIENTED_EDGE ( 'NONE', *, *, #327, .T. ) ;
#6688 = ORIENTED_EDGE ( 'NONE', *, *, #200, .F. ) ;
#6689 = LINE ( 'NONE', #7674, #5619 ) ;
#6690 = ORIENTED_EDGE ( 'NONE', *, *, #11336, .F. ) ;
#6691 = CARTESIAN_POINT ( 'NONE',  ( -53.46030958397999910, 20.49838296832900397, 4.400000000000000355 ) ) ;
#6692 = EDGE_CURVE ( 'NONE', #6920, #7073, #8418, .T. ) ;
#6693 = CIRCLE ( 'NONE', #3199, 214.8027930341397962 ) ;
#6694 = ADVANCED_FACE ( 'NONE', ( #66 ), #8303, .F. ) ;
#6695 = LINE ( 'NONE', #120, #8686 ) ;
#6696 = FACE_OUTER_BOUND ( 'NONE', #9212, .T. ) ;
#6697 = LINE ( 'NONE', #9458, #5547 ) ;
#6698 = LINE ( 'NONE', #8600, #7395 ) ;
#6699 = CARTESIAN_POINT ( 'NONE',  ( 19.14852178112547065, 48.41427269254759125, -6.527129240129442955 ) ) ;
#6700 = CONICAL_SURFACE ( 'NONE', #4570, 0.1999999999999710343, 0.7853981633974809196 ) ;
#6701 = CARTESIAN_POINT ( 'NONE',  ( -20.69058420614661031, -2.676369074492739752, -3.755608477323552741 ) ) ;
#6702 = ORIENTED_EDGE ( 'NONE', *, *, #1500, .F. ) ;
#6703 = DIRECTION ( 'NONE',  ( 1.000000000000000000, 0.000000000000000000, 0.000000000000000000 ) ) ;
#6704 = EDGE_LOOP ( 'NONE', ( #3351, #7323, #8702, #567 ) ) ;
#6705 = ORIENTED_EDGE ( 'NONE', *, *, #4759, .T. ) ;
#6706 = ADVANCED_FACE ( 'NONE', ( #7262 ), #9164, .F. ) ;
#6707 = AXIS2_PLACEMENT_3D ( 'NONE', #9276, #4330, #3597 ) ;
#6708 = CARTESIAN_POINT ( 'NONE',  ( -119.2681026072440886, 31.19623674881176001, -5.460792313283850952 ) ) ;
#6709 = VECTOR ( 'NONE', #1573, 1000.000000000000000 ) ;
#6710 = CARTESIAN_POINT ( 'NONE',  ( -119.4452628288725151, 60.17521305394346598, -4.481602675009021652 ) ) ;
#6711 = CARTESIAN_POINT ( 'NONE',  ( 19.24360865123637865, 17.55666237311303490, -2.953553224609518857 ) ) ;
#6712 = CARTESIAN_POINT ( 'NONE',  ( -20.43781706075254689, -2.619009683238770148, -2.360019375201082070 ) ) ;
#6713 = CARTESIAN_POINT ( 'NONE',  ( -34.81861526355650938, 81.77803204902346579, -2.272870760029102044 ) ) ;
#6714 = VECTOR ( 'NONE', #4341, 1000.000000000000114 ) ;
#6715 = CYLINDRICAL_SURFACE ( 'NONE', #1149, 0.9999999999999991118 ) ;
#6716 = FACE_OUTER_BOUND ( 'NONE', #158, .T. ) ;
#6717 = CARTESIAN_POINT ( 'NONE',  ( -60.46227900000003785, 24.29411100000000445, 7.399999999999998579 ) ) ;
#6718 = VERTEX_POINT ( 'NONE', #1036 ) ;
#6719 = VERTEX_POINT ( 'NONE', #7500 ) ;
#6720 = EDGE_CURVE ( 'NONE', #5860, #688, #1948, .T. ) ;
#6721 = DIRECTION ( 'NONE',  ( 0.9999999999993206545, -1.165656389384219863E-06, 0.000000000000000000 ) ) ;
#6722 = CARTESIAN_POINT ( 'NONE',  ( -69.51302554072671569, 81.88211169229450093, -6.186789390833933311 ) ) ;
#6723 = FACE_OUTER_BOUND ( 'NONE', #8146, .T. ) ;
#6724 = DIRECTION ( 'NONE',  ( -1.000000000000000000, 0.000000000000000000, 0.000000000000000000 ) ) ;
#6725 = CONICAL_SURFACE ( 'NONE', #3812, 0.3999999999999906408, 0.7853981633974522758 ) ;
#6726 = VECTOR ( 'NONE', #8730, 1000.000000000000000 ) ;
#6727 = FACE_OUTER_BOUND ( 'NONE', #1086, .T. ) ;
#6728 = DIRECTION ( 'NONE',  ( 0.000000000000000000, -1.000000000000000000, 0.000000000000000000 ) ) ;
#6729 = CARTESIAN_POINT ( 'NONE',  ( -23.36227899999995472, 22.99411099999999308, 7.399999999999998579 ) ) ;
#6730 = CARTESIAN_POINT ( 'NONE',  ( 1.436542525024849581, 84.94748697902797119, 4.464662309586401534 ) ) ;
#6731 = ORIENTED_EDGE ( 'NONE', *, *, #3763, .F. ) ;
#6732 = CARTESIAN_POINT ( 'NONE',  ( -30.65551912226608522, 6.720812096966749749, 4.400000000000000355 ) ) ;
#6733 = EDGE_LOOP ( 'NONE', ( #3948, #10991, #9446, #6, #11115, #6465 ) ) ;
#6734 = CARTESIAN_POINT ( 'NONE',  ( 9.180541231745813636E-05, 80.84407635057475261, 5.399999999999998579 ) ) ;
#6735 = AXIS2_PLACEMENT_3D ( 'NONE', #8309, #4872, #238 ) ;
#6736 = CARTESIAN_POINT ( 'NONE',  ( -11.03025798317839445, 1.975448838409208596, 7.399999999999998579 ) ) ;
#6737 = EDGE_LOOP ( 'NONE', ( #5324, #5868, #1204, #10300, #11701, #2959, #553, #2341, #282, #7520, #1434, #5676, #917, #1160, #459, #6326, #251, #8998, #10388, #8497, #8258, #9984, #640, #3142, #5406, #7534, #2730, #4178, #9253, #8372, #10553, #4955, #3530, #4971, #1315, #3139, #9014, #7643, #9643, #5949, #129, #8846, #9811, #4762, #9543 ) ) ;
#6738 = ORIENTED_EDGE ( 'NONE', *, *, #2577, .F. ) ;
#6739 = EDGE_CURVE ( 'NONE', #11249, #8545, #10147, .T. ) ;
#6740 = EDGE_CURVE ( 'NONE', #8531, #10007, #5608, .T. ) ;
#6741 = DIRECTION ( 'NONE',  ( 0.000000000000000000, 0.000000000000000000, 1.000000000000000000 ) ) ;
#6742 = DIRECTION ( 'NONE',  ( 0.9999999999999640288, -2.679728807195011801E-07, 0.000000000000000000 ) ) ;
#6743 = DIRECTION ( 'NONE',  ( -0.2705981441379279873, -0.6532814434752253208, 0.7071067811865723307 ) ) ;
#6744 = FACE_OUTER_BOUND ( 'NONE', #298, .T. ) ;
#6745 = DIRECTION ( 'NONE',  ( 1.000000000000000000, 0.000000000000000000, 0.000000000000000000 ) ) ;
#6746 = CARTESIAN_POINT ( 'NONE',  ( 0.2999078991095122104, 85.18226155519228371, 3.778561424514172540 ) ) ;
#6747 = AXIS2_PLACEMENT_3D ( 'NONE', #11107, #11978, #10242 ) ;
#6748 = DIRECTION ( 'NONE',  ( 1.000000000000000000, 0.000000000000000000, 0.000000000000000000 ) ) ;
#6749 = ORIENTED_EDGE ( 'NONE', *, *, #8488, .T. ) ;
#6750 = EDGE_CURVE ( 'NONE', #2988, #6109, #10202, .T. ) ;
#6751 = FACE_OUTER_BOUND ( 'NONE', #11098, .T. ) ;
#6752 = ORIENTED_EDGE ( 'NONE', *, *, #8704, .T. ) ;
#6753 = CYLINDRICAL_SURFACE ( 'NONE', #5179, 0.5000000000000004441 ) ;
#6754 = CARTESIAN_POINT ( 'NONE',  ( -79.81228598030135402, 16.99723707967754649, 5.399999999999998579 ) ) ;
#6755 = LINE ( 'NONE', #11301, #4382 ) ;
#6756 = DIRECTION ( 'NONE',  ( 1.000000000000000000, 0.000000000000000000, 0.000000000000000000 ) ) ;
#6757 = CARTESIAN_POINT ( 'NONE',  ( 19.20697198497532909, 47.92467787340755336, -5.846449543848276420 ) ) ;
#6758 = VECTOR ( 'NONE', #6781, 1000.000000000000000 ) ;
#6759 = EDGE_CURVE ( 'NONE', #6569, #8510, #4761, .T. ) ;
#6760 = EDGE_CURVE ( 'NONE', #11005, #8482, #1767, .T. ) ;
#6761 = CARTESIAN_POINT ( 'NONE',  ( -23.49014403763760583, -1.926260178889619645, -2.663316380028558417 ) ) ;
#6762 = EDGE_LOOP ( 'NONE', ( #3399, #10384, #5584, #5843 ) ) ;
#6763 = CARTESIAN_POINT ( 'NONE',  ( 19.17283030110936437, 48.46611141409812973, -6.335804148295848925 ) ) ;
#6764 = ORIENTED_EDGE ( 'NONE', *, *, #5940, .T. ) ;
#6765 = ORIENTED_EDGE ( 'NONE', *, *, #11103, .T. ) ;
#6766 = CIRCLE ( 'NONE', #9124, 1.663324279939825567 ) ;
#6767 = PLANE ( 'NONE',  #4145 ) ;
#6768 = CARTESIAN_POINT ( 'NONE',  ( -119.5049797052126053, 59.15418935909964659, -4.971197494144984574 ) ) ;
#6769 = CARTESIAN_POINT ( 'NONE',  ( 19.14852201631402551, 17.55666237311303490, -2.272870761040224785 ) ) ;
#6770 = EDGE_CURVE ( 'NONE', #670, #1638, #5490, .T. ) ;
#6771 = CARTESIAN_POINT ( 'NONE',  ( -20.78202258203480923, -2.588629983691195235, -6.113584520567783898 ) ) ;
#6772 = AXIS2_PLACEMENT_3D ( 'NONE', #2567, #11938, #5371 ) ;
#6773 = CARTESIAN_POINT ( 'NONE',  ( -35.14501269426892804, 81.88252783923111622, -3.804406303003389223 ) ) ;
#6774 = FACE_OUTER_BOUND ( 'NONE', #6919, .T. ) ;
#6775 = CARTESIAN_POINT ( 'NONE',  ( 0.000000000000000000, 0.000000000000000000, 5.399999999999998579 ) ) ;
#6776 = CARTESIAN_POINT ( 'NONE',  ( -71.37884852823968629, 81.84921056822824426, -4.924823550423263363 ) ) ;
#6777 = ORIENTED_EDGE ( 'NONE', *, *, #11178, .F. ) ;
#6778 = EDGE_LOOP ( 'NONE', ( #4533, #9003, #283, #1754 ) ) ;
#6779 = FACE_OUTER_BOUND ( 'NONE', #7973, .T. ) ;
#6780 = CARTESIAN_POINT ( 'NONE',  ( -68.04424108330115928, 81.85180124584796602, -2.953553223614921563 ) ) ;
#6781 = DIRECTION ( 'NONE',  ( 1.000000000000000000, 2.646977960169688560E-23, 0.000000000000000000 ) ) ;
#6782 = PLANE ( 'NONE',  #854 ) ;
#6783 = VECTOR ( 'NONE', #9540, 1000.000000000000000 ) ;
#6784 = DIRECTION ( 'NONE',  ( -0.000000000000000000, 0.000000000000000000, 1.000000000000000000 ) ) ;
#6785 = DIRECTION ( 'NONE',  ( -0.000000000000000000, -0.000000000000000000, -1.000000000000000000 ) ) ;
#6786 = CARTESIAN_POINT ( 'NONE',  ( -101.1022631593114767, 14.38072746390679590, -2.613211992813810003 ) ) ;
#6787 = EDGE_CURVE ( 'NONE', #7277, #878, #1311, .T. ) ;
#6788 = FACE_OUTER_BOUND ( 'NONE', #12073, .T. ) ;
#6789 = ORIENTED_EDGE ( 'NONE', *, *, #3094, .F. ) ;
#6790 = CARTESIAN_POINT ( 'NONE',  ( 15.07801437458207694, 80.58065452230859194, 3.361961921413857191 ) ) ;
#6791 = CARTESIAN_POINT ( 'NONE',  ( -22.66228598029826813, 78.14098492032248089, 5.399999999999998579 ) ) ;
#6792 = ORIENTED_EDGE ( 'NONE', *, *, #9894, .T. ) ;
#6793 = VECTOR ( 'NONE', #5042, 999.9999999999998863 ) ;
#6794 = DIRECTION ( 'NONE',  ( 0.7071067811865536790, 0.000000000000000000, 0.7071067811865414665 ) ) ;
#6795 = FACE_OUTER_BOUND ( 'NONE', #3809, .T. ) ;
#6796 = ORIENTED_EDGE ( 'NONE', *, *, #8288, .F. ) ;
#6797 = ORIENTED_EDGE ( 'NONE', *, *, #1084, .F. ) ;
#6798 = CYLINDRICAL_SURFACE ( 'NONE', #1652, 1.000000000000000888 ) ;
#6799 = PLANE ( 'NONE',  #8916 ) ;
#6800 = DIRECTION ( 'NONE',  ( 1.000000000000000000, 2.646977960169688560E-23, 0.000000000000000000 ) ) ;
#6801 = DIRECTION ( 'NONE',  ( 1.000000000000000000, 1.954618001100627820E-16, 0.000000000000000000 ) ) ;
#6802 = CARTESIAN_POINT ( 'NONE',  ( 3.193571330174634237, -11.91857111360542376, 7.099999999999989875 ) ) ;
#6803 = CARTESIAN_POINT ( 'NONE',  ( 1.448146951265435911, 84.03163090182651729, 3.399999484313970921 ) ) ;
#6804 = AXIS2_PLACEMENT_3D ( 'NONE', #7255, #5424, #2795 ) ;
#6805 = EDGE_CURVE ( 'NONE', #9995, #7775, #939, .T. ) ;
#6806 = CARTESIAN_POINT ( 'NONE',  ( -0.000000000000000000, 80.84411100000002648, -1.900000000000000355 ) ) ;
#6807 = ADVANCED_FACE ( 'NONE', ( #5067 ), #10565, .F. ) ;
#6808 = VERTEX_POINT ( 'NONE', #10633 ) ;
#6809 = VERTEX_POINT ( 'NONE', #5980 ) ;
#6810 = VECTOR ( 'NONE', #11132, 1000.000000000000000 ) ;
#6811 = CARTESIAN_POINT ( 'NONE',  ( 0.000000000000000000, 0.000000000000000000, -1.900000000000000355 ) ) ;
#6812 = EDGE_CURVE ( 'NONE', #5112, #4401, #2927, .T. ) ;
#6813 = DIRECTION ( 'NONE',  ( -0.000000000000000000, -0.000000000000000000, -1.000000000000000000 ) ) ;
#6814 = CARTESIAN_POINT ( 'NONE',  ( -42.11227899999989432, -1.579527762339131149E-13, 4.400000000000000355 ) ) ;
#6815 = LINE ( 'NONE', #1272, #11815 ) ;
#6816 = CARTESIAN_POINT ( 'NONE',  ( -97.67509411766214100, 14.36019743719406172, -6.527129239970771657 ) ) ;
#6817 = CARTESIAN_POINT ( 'NONE',  ( 19.08111128906018905, 46.94548956206062940, -6.186789391988859244 ) ) ;
#6818 = CARTESIAN_POINT ( 'NONE',  ( -24.45559144072861812, -1.667544920659796315, -4.135770333167752888 ) ) ;
#6819 = ORIENTED_EDGE ( 'NONE', *, *, #1628, .F. ) ;
#6820 = ORIENTED_EDGE ( 'NONE', *, *, #1826, .F. ) ;
#6821 = CONICAL_SURFACE ( 'NONE', #11340, 0.9999999999999986677, 0.7853981633974945753 ) ;
#6822 = ORIENTED_EDGE ( 'NONE', *, *, #1709, .F. ) ;
#6823 = DIRECTION ( 'NONE',  ( 0.000000000000000000, -1.000000000000000000, 0.000000000000000000 ) ) ;
#6824 = VERTEX_POINT ( 'NONE', #4822 ) ;
#6825 = ADVANCED_FACE ( 'NONE', ( #5856 ), #2010, .F. ) ;
#6826 = CARTESIAN_POINT ( 'NONE',  ( -119.9122790047357370, 13.69411797798554709, -1.900000000000000355 ) ) ;
#6827 = EDGE_CURVE ( 'NONE', #11415, #9084, #8935, .T. ) ;
#6828 = B_SPLINE_CURVE_WITH_KNOTS ( 'NONE', 3,
 ( #7877, #5867, #3122, #2146, #6835, #10521, #3917, #9482, #10646, #322, #10578, #6776, #9659, #6959, #5077, #2205, #11385, #4835, #8619, #5926, #7699, #3063, #1360, #5015, #7820, #2997, #5750, #3248, #8557, #11448 ),
 .UNSPECIFIED., .F., .F.,
 ( 4, 2, 2, 2, 2, 2, 2, 2, 2, 2, 2, 2, 2, 2, 4 ),
 ( 0.000000000000000000, 0.0003908071656752658382, 0.0007816143313505316765, 0.001172421497025797569, 0.001563228662701063353, 0.002344842994051563479, 0.003126457325402064256, 0.003517264491077315078, 0.003908071656752565466, 0.004298878822427815855, 0.004689685988103066243, 0.005080493153778316631, 0.005471300319453567887, 0.005862107485128818275, 0.006252914650804068664 ),
 .UNSPECIFIED. ) ;
#6829 = CARTESIAN_POINT ( 'NONE',  ( -119.5223753788163776, 58.98401874329225336, -4.318403959652663104 ) ) ;
#6830 = AXIS2_PLACEMENT_3D ( 'NONE', #6577, #8193, #4352 ) ;
#6831 = CARTESIAN_POINT ( 'NONE',  ( -22.45260832304110821, -2.248474521566354856, -2.686416806147105873 ) ) ;
#6832 = LINE ( 'NONE', #381, #5311 ) ;
#6833 = CARTESIAN_POINT ( 'NONE',  ( -22.66227900000000517, 79.84188785450702142, 7.100000000000059153 ) ) ;
#6834 = DIRECTION ( 'NONE',  ( -4.600815823238228091E-07, -0.9999999999998941957, 0.000000000000000000 ) ) ;
#6835 = CARTESIAN_POINT ( 'NONE',  ( -70.07617011882386748, 81.84921025963738828, -6.297761434974758821 ) ) ;
#6836 = ORIENTED_EDGE ( 'NONE', *, *, #2190, .T. ) ;
#6837 = AXIS2_PLACEMENT_3D ( 'NONE', #9494, #1006, #10412 ) ;
#6838 = ORIENTED_EDGE ( 'NONE', *, *, #8938, .F. ) ;
#6839 = DIRECTION ( 'NONE',  ( -0.7071067811865536790, 8.659560562355008046E-17, 0.7071067811865414665 ) ) ;
#6840 = EDGE_CURVE ( 'NONE', #10783, #756, #5735, .T. ) ;
#6841 = CARTESIAN_POINT ( 'NONE',  ( -69.34982682536841025, 82.03599215976903736, -4.995599230578825711 ) ) ;
#6842 = CARTESIAN_POINT ( 'NONE',  ( -50.66227908726787632, 1.506092409993246675E-06, 5.399999999999998579 ) ) ;
#6843 = LINE ( 'NONE', #4842, #1247 ) ;
#6844 = LINE ( 'NONE', #4292, #3646 ) ;
#6845 = CARTESIAN_POINT ( 'NONE',  ( -53.66227900109224436, -0.3558820217042209522, 5.399999999999998579 ) ) ;
#6846 = DIRECTION ( 'NONE',  ( -0.000000000000000000, 0.000000000000000000, 1.000000000000000000 ) ) ;
#6847 = CARTESIAN_POINT ( 'NONE',  ( -79.81087966572216885, 23.04265905621959121, -1.900000000000000355 ) ) ;
#6848 = ORIENTED_EDGE ( 'NONE', *, *, #5617, .F. ) ;
#6849 = DIRECTION ( 'NONE',  ( -0.000000000000000000, -0.000000000000000000, -1.000000000000000000 ) ) ;
#6850 = DIRECTION ( 'NONE',  ( -0.000000000000000000, -0.000000000000000000, -1.000000000000000000 ) ) ;
#6851 = VERTEX_POINT ( 'NONE', #8728 ) ;
#6852 = FACE_OUTER_BOUND ( 'NONE', #3124, .T. ) ;
#6853 = ORIENTED_EDGE ( 'NONE', *, *, #3688, .T. ) ;
#6854 = LINE ( 'NONE', #11780, #2896 ) ;
#6855 = VERTEX_POINT ( 'NONE', #9466 ) ;
#6856 = EDGE_CURVE ( 'NONE', #5535, #9583, #7626, .T. ) ;
#6857 = DIRECTION ( 'NONE',  ( 1.000000000000000000, 0.000000000000000000, 0.000000000000000000 ) ) ;
#6858 = LINE ( 'NONE', #11664, #6371 ) ;
#6859 = CARTESIAN_POINT ( 'NONE',  ( 3.420366336065539858, 78.84410636530991212, -1.900000000000000355 ) ) ;
#6860 = LINE ( 'NONE', #11475, #126 ) ;
#6861 = DIRECTION ( 'NONE',  ( -0.000000000000000000, 0.000000000000000000, 1.000000000000000000 ) ) ;
#6862 = CYLINDRICAL_SURFACE ( 'NONE', #1542, 0.5999999999999998668 ) ;
#6863 = LINE ( 'NONE', #7049, #10759 ) ;
#6864 = ORIENTED_EDGE ( 'NONE', *, *, #6469, .T. ) ;
#6865 = CIRCLE ( 'NONE', #8420, 1.000000000000000888 ) ;
#6866 = EDGE_LOOP ( 'NONE', ( #3640, #2167, #5444 ) ) ;
#6867 = ORIENTED_EDGE ( 'NONE', *, *, #4037, .F. ) ;
#6868 = ADVANCED_FACE ( 'NONE', ( #9527 ), #9645, .T. ) ;
#6869 = DIRECTION ( 'NONE',  ( 1.000000000000000000, 0.000000000000000000, 0.000000000000000000 ) ) ;
#6870 = VECTOR ( 'NONE', #7749, 1000.000000000000000 ) ;
#6871 = DIRECTION ( 'NONE',  ( 1.000000000000000000, 0.000000000000000000, 0.000000000000000000 ) ) ;
#6872 = DIRECTION ( 'NONE',  ( 1.000000000000000000, 0.000000000000000000, 0.000000000000000000 ) ) ;
#6873 = LINE ( 'NONE', #10622, #9741 ) ;
#6874 = CARTESIAN_POINT ( 'NONE',  ( -97.34869801388583710, 14.25570132507411891, -3.804406304015837570 ) ) ;
#6875 = CARTESIAN_POINT ( 'NONE',  ( 19.16843410324668895, 46.94548956206062940, -4.485088767641717489 ) ) ;
#6876 = CARTESIAN_POINT ( 'NONE',  ( 19.13224812120186158, 14.94548956207215262, -5.506109695705925233 ) ) ;
#6877 = DIRECTION ( 'NONE',  ( -0.000000000000000000, -0.000000000000000000, -1.000000000000000000 ) ) ;
#6878 = ORIENTED_EDGE ( 'NONE', *, *, #3171, .T. ) ;
#6879 = ORIENTED_EDGE ( 'NONE', *, *, #7165, .F. ) ;
#6880 = CIRCLE ( 'NONE', #1630, 0.6000000000000033085 ) ;
#6881 = DIRECTION ( 'NONE',  ( 6.899580080555519496E-06, 0.9999999999761978176, 0.000000000000000000 ) ) ;
#6882 = EDGE_CURVE ( 'NONE', #3052, #2400, #2255, .T. ) ;
#6883 = ORIENTED_EDGE ( 'NONE', *, *, #9771, .T. ) ;
#6884 = EDGE_CURVE ( 'NONE', #6138, #9618, #4264, .T. ) ;
#6885 = DIRECTION ( 'NONE',  ( -0.000000000000000000, 0.000000000000000000, 1.000000000000000000 ) ) ;
#6886 = B_SPLINE_CURVE_WITH_KNOTS ( 'NONE', 3,
 ( #12086, #7232, #10175, #9194, #2717, #11913, #3749, #7294, #3696, #7412, #8213, #7352, #6374, #3641, #4672, #10116, #34, #830, #6312, #2771, #2596, #11099, #6490, #8696, #11339, #1977, #8511, #3075, #8446, #11400 ),
 .UNSPECIFIED., .F., .F.,
 ( 4, 2, 2, 2, 2, 2, 2, 2, 2, 2, 2, 2, 2, 2, 4 ),
 ( 0.006252914650802591547, 0.006643633624004363289, 0.007034352597206135899, 0.007815790543609675914, 0.008206509516811441585, 0.008597228490013208990, 0.008987947463214976396, 0.009378666436416742067, 0.009769385409618509472, 0.01016010438282027688, 0.01055082335602204255, 0.01094154232922380995, 0.01133226130242557562, 0.01172298027562734130, 0.01250441822203087090 ),
 .UNSPECIFIED. ) ;
#6887 = CARTESIAN_POINT ( 'NONE',  ( -119.4491623347188494, 59.15418935909964659, -3.339211667514504711 ) ) ;
#6888 = CARTESIAN_POINT ( 'NONE',  ( -2.693571648019225329, 12.78459705180366335, 7.099999999999989875 ) ) ;
#6889 = AXIS2_PLACEMENT_3D ( 'NONE', #9603, #1237, #4349 ) ;
#6890 = CARTESIAN_POINT ( 'NONE',  ( -23.94185058235978403, -1.889003360261386710, -4.318403959831696781 ) ) ;
#6891 = EDGE_CURVE ( 'NONE', #3213, #7840, #11094, .T. ) ;
#6892 = CARTESIAN_POINT ( 'NONE',  ( -35.47141012498134671, 81.80863840244391838, -5.506109694575008540 ) ) ;
#6893 = CARTESIAN_POINT ( 'NONE',  ( -40.95410443796348687, -70.96659471956760967, -1.900000000000000355 ) ) ;
#6894 = FACE_OUTER_BOUND ( 'NONE', #10780, .T. ) ;
#6895 = CARTESIAN_POINT ( 'NONE',  ( 19.16772100000000734, 18.98547018669193065, -1.900000000000000355 ) ) ;
#6896 = ORIENTED_EDGE ( 'NONE', *, *, #3773, .F. ) ;
#6897 = AXIS2_PLACEMENT_3D ( 'NONE', #8126, #11709, #10030 ) ;
#6898 = EDGE_LOOP ( 'NONE', ( #6764, #3201, #1520, #98 ) ) ;
#6899 = VERTEX_POINT ( 'NONE', #374 ) ;
#6900 = DIRECTION ( 'NONE',  ( -0.7071067811865511255, 8.659560562354977232E-17, 0.7071067811865440200 ) ) ;
#6901 = CARTESIAN_POINT ( 'NONE',  ( -69.34982682536841025, 81.97710180912639544, -3.293894455382963660 ) ) ;
#6902 = DIRECTION ( 'NONE',  ( 0.8660254062730191604, -0.4999999956896518660, 0.000000000000000000 ) ) ;
#6903 = CARTESIAN_POINT ( 'NONE',  ( -22.66227900000000517, 0.000000000000000000, 5.399999999999998579 ) ) ;
#6904 = CARTESIAN_POINT ( 'NONE',  ( -99.06228253471473977, 14.28901242899364554, -2.399999999999998579 ) ) ;
#6905 = PRODUCT ( 'CASE_LEFT_TOP', 'CASE_LEFT_TOP', '', ( #10662 ) ) ;
#6906 = CARTESIAN_POINT ( 'NONE',  ( -30.59025596088959276, 7.216534519061156061, 7.399999999999998579 ) ) ;
#6907 = CARTESIAN_POINT ( 'NONE',  ( 1.435755670264670906E-05, 79.84410698035701159, -1.900000000000000355 ) ) ;
#6908 = VECTOR ( 'NONE', #3082, 1000.000000000000000 ) ;
#6909 = CARTESIAN_POINT ( 'NONE',  ( -79.81227900000004638, 22.98553808041251401, 5.399999999999998579 ) ) ;
#6910 =( NAMED_UNIT ( * ) PLANE_ANGLE_UNIT ( ) SI_UNIT ( $, .RADIAN. ) );
#6911 = ORIENTED_EDGE ( 'NONE', *, *, #7537, .F. ) ;
#6912 = EDGE_CURVE ( 'NONE', #9724, #3622, #10448, .T. ) ;
#6913 = DIRECTION ( 'NONE',  ( -0.9659258276786804043, 0.2588190399164175259, 0.000000000000000000 ) ) ;
#6914 = DIRECTION ( 'NONE',  ( 0.8349640735062012764, 0.5503044575086875057, -0.000000000000000000 ) ) ;
#6915 = ORIENTED_EDGE ( 'NONE', *, *, #6457, .F. ) ;
#6916 = EDGE_CURVE ( 'NONE', #4620, #11835, #1720, .T. ) ;
#6917 = ORIENTED_EDGE ( 'NONE', *, *, #10678, .F. ) ;
#6918 = FACE_OUTER_BOUND ( 'NONE', #3268, .T. ) ;
#6919 = EDGE_LOOP ( 'NONE', ( #846, #6789, #7283, #3683 ) ) ;
#6920 = VERTEX_POINT ( 'NONE', #4880 ) ;
#6921 = VECTOR ( 'NONE', #2422, 1000.000000000000000 ) ;
#6922 = VECTOR ( 'NONE', #1465, 1000.000000000000000 ) ;
#6923 = FACE_OUTER_BOUND ( 'NONE', #3952, .T. ) ;
#6924 = DIRECTION ( 'NONE',  ( -1.000000000000000000, -8.204814290039227012E-15, 0.000000000000000000 ) ) ;
#6925 = CARTESIAN_POINT ( 'NONE',  ( -1.098269895310605149, -2.651456996571960101, 7.099999999999989875 ) ) ;
#6926 = DIRECTION ( 'NONE',  ( 0.000000000000000000, -0.000000000000000000, -1.000000000000000000 ) ) ;
#6927 = DIRECTION ( 'NONE',  ( -0.000000000000000000, 0.000000000000000000, 1.000000000000000000 ) ) ;
#6928 = FACE_OUTER_BOUND ( 'NONE', #11533, .T. ) ;
#6929 = VECTOR ( 'NONE', #8221, 1000.000000000000000 ) ;
#6930 = ORIENTED_EDGE ( 'NONE', *, *, #7745, .F. ) ;
#6931 = VECTOR ( 'NONE', #11687, 999.9999999999998863 ) ;
#6932 = ORIENTED_EDGE ( 'NONE', *, *, #914, .T. ) ;
#6933 = ADVANCED_FACE ( 'NONE', ( #2192 ), #8607, .T. ) ;
#6934 = CARTESIAN_POINT ( 'NONE',  ( -30.10729304705025200, 7.087124999102946354, 7.099999999999989875 ) ) ;
#6935 = ORIENTED_EDGE ( 'NONE', *, *, #6485, .T. ) ;
#6936 = VECTOR ( 'NONE', #7478, 1000.000000000000000 ) ;
#6937 = CARTESIAN_POINT ( 'NONE',  ( 5.317732932166536308, 78.84410602412569347, -1.800000000000000933 ) ) ;
#6938 = DIRECTION ( 'NONE',  ( -0.000000000000000000, 0.000000000000000000, 1.000000000000000000 ) ) ;
#6939 = CARTESIAN_POINT ( 'NONE',  ( 16.78148455482655166, 81.13854131990267149, 2.799999999999981171 ) ) ;
#6940 = CARTESIAN_POINT ( 'NONE',  ( -70.81228330292587714, 19.29411698796796415, -2.400000000000000355 ) ) ;
#6941 = CARTESIAN_POINT ( 'NONE',  ( -97.02230191010953320, 14.29340485699356655, -4.485088767559852307 ) ) ;
#6942 = CARTESIAN_POINT ( 'NONE',  ( 19.15536445292665491, 49.06706622704538034, -2.272870761040460152 ) ) ;
#6943 = EDGE_CURVE ( 'NONE', #1365, #144, #3665, .T. ) ;
#6944 = ORIENTED_EDGE ( 'NONE', *, *, #10691, .T. ) ;
#6945 = ORIENTED_EDGE ( 'NONE', *, *, #6770, .T. ) ;
#6946 = LINE ( 'NONE', #7067, #7172 ) ;
#6947 = PLANE ( 'NONE',  #6531 ) ;
#6948 = ORIENTED_EDGE ( 'NONE', *, *, #9816, .T. ) ;
#6949 = DIRECTION ( 'NONE',  ( 1.000000000000000000, 0.000000000000000000, 0.000000000000000000 ) ) ;
#6950 = CARTESIAN_POINT ( 'NONE',  ( -119.2844537569303185, 60.85589551717273338, -5.787188417060549206 ) ) ;
#6951 = CARTESIAN_POINT ( 'NONE',  ( 0.000000000000000000, 0.000000000000000000, 4.400000000000000355 ) ) ;
#6952 = AXIS2_PLACEMENT_3D ( 'NONE', #572, #7767, #3130 ) ;
#6953 = CARTESIAN_POINT ( 'NONE',  ( -23.92973775590692753, -1.843797675161480853, -3.339211667728295918 ) ) ;
#6954 = EDGE_CURVE ( 'NONE', #993, #9237, #4144, .T. ) ;
#6955 = EDGE_CURVE ( 'NONE', #3950, #1671, #2434, .T. ) ;
#6956 = LINE ( 'NONE', #10642, #1800 ) ;
#6957 = VECTOR ( 'NONE', #8380, 1000.000000000000000 ) ;
#6958 = DIRECTION ( 'NONE',  ( -0.000000000000000000, -0.000000000000000000, 1.000000000000000000 ) ) ;
#6959 = CARTESIAN_POINT ( 'NONE',  ( -71.43147560012982922, 81.84926521183797377, -4.270261435545303463 ) ) ;
#6960 = ORIENTED_EDGE ( 'NONE', *, *, #2293, .T. ) ;
#6961 = ORIENTED_EDGE ( 'NONE', *, *, #11049, .F. ) ;
#6962 = CARTESIAN_POINT ( 'NONE',  ( -119.3515232517693647, 27.62265796582223132, -3.339211667515419979 ) ) ;
#6963 = DIRECTION ( 'NONE',  ( 1.288939664294365441E-07, 0.9999999999999916733, 0.000000000000000000 ) ) ;
#6964 = LINE ( 'NONE', #2094, #10813 ) ;
#6965 = EDGE_CURVE ( 'NONE', #2008, #8134, #6946, .T. ) ;
#6966 = DIRECTION ( 'NONE',  ( -0.000000000000000000, 0.000000000000000000, 1.000000000000000000 ) ) ;
#6967 = PLANE ( 'NONE',  #8001 ) ;
#6968 = CARTESIAN_POINT ( 'NONE',  ( -118.3122720196896722, 26.81326150036739620, 5.399999999999998579 ) ) ;
#6969 = VECTOR ( 'NONE', #624, 999.9999999999998863 ) ;
#6970 = DIRECTION ( 'NONE',  ( 1.000000000000000000, 0.000000000000000000, 0.000000000000000000 ) ) ;
#6971 = ORIENTED_EDGE ( 'NONE', *, *, #7981, .F. ) ;
#6972 = LINE ( 'NONE', #11718, #4531 ) ;
#6973 = CARTESIAN_POINT ( 'NONE',  ( -117.3122790000000180, 72.84410401970065152, 4.400000000000000355 ) ) ;
#6974 = ORIENTED_EDGE ( 'NONE', *, *, #6539, .T. ) ;
#6975 = VERTEX_POINT ( 'NONE', #4328 ) ;
#6976 = ORIENTED_EDGE ( 'NONE', *, *, #3184, .T. ) ;
#6977 = DIRECTION ( 'NONE',  ( 0.000000000000000000, 0.000000000000000000, -1.000000000000000000 ) ) ;
#6978 = VERTEX_POINT ( 'NONE', #8848 ) ;
#6979 = AXIS2_PLACEMENT_3D ( 'NONE', #187, #9710, #4024 ) ;
#6980 = DIRECTION ( 'NONE',  ( 0.000000000000000000, 1.000000000000000000, 0.000000000000000000 ) ) ;
#6981 = CARTESIAN_POINT ( 'NONE',  ( 15.05811536917999938, 80.59621811365848032, 3.369323929164155018 ) ) ;
#6982 = CARTESIAN_POINT ( 'NONE',  ( 3.086650384058162278, 79.17735990617428854, -1.900000000000000355 ) ) ;
#6983 = EDGE_CURVE ( 'NONE', #2513, #10298, #3296, .T. ) ;
#6984 = DIRECTION ( 'NONE',  ( -0.9238794774093685991, 0.3826835653928607472, 0.000000000000000000 ) ) ;
#6985 = EDGE_CURVE ( 'NONE', #7779, #6293, #5807, .T. ) ;
#6986 = FACE_OUTER_BOUND ( 'NONE', #3377, .T. ) ;
#6987 = CARTESIAN_POINT ( 'NONE',  ( 19.17285052690191804, 15.25009091105789238, -5.402719990921326598 ) ) ;
#6988 = VECTOR ( 'NONE', #228, 1000.000000000000000 ) ;
#6989 = CIRCLE ( 'NONE', #7573, 69.21297688990915731 ) ;
#6990 = ORIENTED_EDGE ( 'NONE', *, *, #2542, .T. ) ;
#6991 = ORIENTED_EDGE ( 'NONE', *, *, #11940, .T. ) ;
#6992 = DIRECTION ( 'NONE',  ( 0.9999999999993565147, -1.134431389167281103E-06, 0.000000000000000000 ) ) ;
#6993 = ORIENTED_EDGE ( 'NONE', *, *, #5617, .T. ) ;
#6994 = VECTOR ( 'NONE', #11756, 1000.000000000000000 ) ;
#6995 = CARTESIAN_POINT ( 'NONE',  ( 0.6264728054686607983, -15.05525824661052603, 5.399999999999998579 ) ) ;
#6996 = CARTESIAN_POINT ( 'NONE',  ( -13.20438442408991087, -3.952317749121099677, 7.399999999999998579 ) ) ;
#6997 = ADVANCED_FACE ( 'NONE', ( #5184 ), #5228, .F. ) ;
#6998 = DIRECTION ( 'NONE',  ( 4.081702296416033352E-15, 1.000000000000000000, 0.000000000000000000 ) ) ;
#6999 = DIRECTION ( 'NONE',  ( -0.000000000000000000, -0.000000000000000000, -1.000000000000000000 ) ) ;
#7000 = DIRECTION ( 'NONE',  ( 0.000000000000000000, 0.000000000000000000, 1.000000000000000000 ) ) ;
#7001 = CARTESIAN_POINT ( 'NONE',  ( 19.35960223811098757, 49.06706622704538034, -4.995599231674704654 ) ) ;
#7002 = EDGE_LOOP ( 'NONE', ( #10025, #5594, #2241, #8713, #9432, #10665, #3668, #9342, #1725, #5798, #4558, #3197, #1437, #5812, #11373, #171, #8430, #5314 ) ) ;
#7003 = AXIS2_PLACEMENT_3D ( 'NONE', #10499, #8538, #7620 ) ;
#7004 = ORIENTED_EDGE ( 'NONE', *, *, #5283, .F. ) ;
#7005 = CARTESIAN_POINT ( 'NONE',  ( 13.55859082457480724, -1.465830875177938308, -1.900000000000000577 ) ) ;
#7006 = PLANE ( 'NONE',  #1477 ) ;
#7007 = DIRECTION ( 'NONE',  ( 1.000000000000000000, 0.000000000000000000, 0.000000000000000000 ) ) ;
#7008 = EDGE_CURVE ( 'NONE', #2818, #726, #8543, .T. ) ;
#7009 = LINE ( 'NONE', #5306, #8072 ) ;
#7010 = DIRECTION ( 'NONE',  ( 1.000000000000000000, -6.584418764838352724E-17, 0.000000000000000000 ) ) ;
#7011 = ORIENTED_EDGE ( 'NONE', *, *, #3300, .T. ) ;
#7012 = CARTESIAN_POINT ( 'NONE',  ( -22.62862576141464999, -2.247891774578817170, -3.012814236869187035 ) ) ;
#7013 = LINE ( 'NONE', #5923, #3164 ) ;
#7014 = CARTESIAN_POINT ( 'NONE',  ( -63.05759268073793322, 12.29411100000000268, 5.399999999999998579 ) ) ;
#7015 = PLANE ( 'NONE',  #12068 ) ;
#7016 = ORIENTED_EDGE ( 'NONE', *, *, #11696, .F. ) ;
#7017 = ORIENTED_EDGE ( 'NONE', *, *, #8233, .T. ) ;
#7018 = ORIENTED_EDGE ( 'NONE', *, *, #3545, .F. ) ;
#7019 = CARTESIAN_POINT ( 'NONE',  ( -119.3940606933622917, 28.47350827803906981, -3.012814236802380918 ) ) ;
#7020 = VECTOR ( 'NONE', #2828, 1000.000000000000000 ) ;
#7021 = EDGE_CURVE ( 'NONE', #7834, #11462, #6098, .T. ) ;
#7022 = CARTESIAN_POINT ( 'NONE',  ( -70.00262168680170305, 81.87365269574537763, -6.186789390833933311 ) ) ;
#7023 = FACE_OUTER_BOUND ( 'NONE', #3214, .T. ) ;
#7024 = EDGE_CURVE ( 'NONE', #6493, #7925, #432, .T. ) ;
#7025 = CARTESIAN_POINT ( 'NONE',  ( -14.68726043005737658, 81.84410925728559505, -1.900000000000000577 ) ) ;
#7026 = B_SPLINE_CURVE_WITH_KNOTS ( 'NONE', 3,
 ( #4312, #11790, #3395, #7110, #10860, #6192, #9934, #11909, #6310, #888, #6250, #9192, #12084, #828, #9994, #11097, #2656, #3693, #6431, #1622, #3517, #3455, #7350, #1795, #6488, #6372, #9128, #1855, #5338, #3577 ),
 .UNSPECIFIED., .F., .F.,
 ( 4, 2, 2, 2, 2, 2, 2, 2, 2, 2, 2, 2, 2, 2, 4 ),
 ( 5.625327361508482131E-17, 0.0003908071656751503707, 0.0007816143313502444713, 0.001172421497025338518, 0.001563228662700432564, 0.002344842994050621091, 0.003126457325400809183, 0.003517264491075901712, 0.003908071656750994674, 0.004298878822426087203, 0.004689685988101179731, 0.005080493153776272260, 0.005471300319451365655, 0.005862107485126458184, 0.006252914650801550712 ),
 .UNSPECIFIED. ) ;
#7027 = CARTESIAN_POINT ( 'NONE',  ( -97.07541747761560202, 14.28896673136548223, -4.663354080950862901 ) ) ;
#7028 = LINE ( 'NONE', #7768, #4311 ) ;
#7029 = CARTESIAN_POINT ( 'NONE',  ( -68.90471936544452092, 81.84920116637461263, -6.346905285572929323 ) ) ;
#7030 = CARTESIAN_POINT ( 'NONE',  ( 12.91857130266412312, 3.193571847410091813, 7.099999999999989875 ) ) ;
#7031 = LINE ( 'NONE', #1431, #4156 ) ;
#7032 = ORIENTED_EDGE ( 'NONE', *, *, #2114, .T. ) ;
#7033 = DIRECTION ( 'NONE',  ( 0.000000000000000000, -0.000000000000000000, -1.000000000000000000 ) ) ;
#7034 = VECTOR ( 'NONE', #2635, 1000.000000000000114 ) ;
#7035 = ORIENTED_EDGE ( 'NONE', *, *, #5187, .T. ) ;
#7036 = EDGE_LOOP ( 'NONE', ( #11981, #9434, #5078 ) ) ;
#7037 = CARTESIAN_POINT ( 'NONE',  ( -33.43142950036961736, 81.84921655128748341, -6.400000000000000355 ) ) ;
#7038 = VERTEX_POINT ( 'NONE', #2314 ) ;
#7039 = DIRECTION ( 'NONE',  ( 0.000000000000000000, -1.000000000000000000, 0.000000000000000000 ) ) ;
#7040 = ORIENTED_EDGE ( 'NONE', *, *, #6983, .T. ) ;
#7041 = EDGE_CURVE ( 'NONE', #10749, #1071, #10500, .T. ) ;
#7042 = DIRECTION ( 'NONE',  ( -1.000000000000000000, 0.000000000000000000, 0.000000000000000000 ) ) ;
#7043 = CARTESIAN_POINT ( 'NONE',  ( 12.56857130266413769, 4.319404872329887901, 7.399999999999998579 ) ) ;
#7044 = LINE ( 'NONE', #8140, #5523 ) ;
#7045 = CARTESIAN_POINT ( 'NONE',  ( 19.19726260502402582, 16.41427269254953458, -2.613211992824872265 ) ) ;
#7046 = VECTOR ( 'NONE', #6670, 1000.000000000000000 ) ;
#7047 = CARTESIAN_POINT ( 'NONE',  ( 0.000000000000000000, 23.29411100000000090, 7.100000000000059153 ) ) ;
#7048 = LINE ( 'NONE', #3392, #6211 ) ;
#7049 = CARTESIAN_POINT ( 'NONE',  ( 19.16772100000000734, 18.98547018669192354, -4.400000000000000355 ) ) ;
#7050 = EDGE_LOOP ( 'NONE', ( #3080, #7414, #6126, #4877 ) ) ;
#7051 = ORIENTED_EDGE ( 'NONE', *, *, #11353, .F. ) ;
#7052 = ORIENTED_EDGE ( 'NONE', *, *, #7936, .T. ) ;
#7053 = EDGE_CURVE ( 'NONE', #8515, #5782, #4208, .T. ) ;
#7054 = CIRCLE ( 'NONE', #1790, 0.3999999999999906408 ) ;
#7055 = LINE ( 'NONE', #7853, #8279 ) ;
#7056 = CARTESIAN_POINT ( 'NONE',  ( 19.17284757983312815, 17.99090259755679355, -6.148416412855766566 ) ) ;
#7057 = LINE ( 'NONE', #10744, #2061 ) ;
#7058 = CARTESIAN_POINT ( 'NONE',  ( -95.21227469707440605, 76.84410589528943092, -1.900000000000000355 ) ) ;
#7059 = FACE_OUTER_BOUND ( 'NONE', #2944, .T. ) ;
#7060 = CARTESIAN_POINT ( 'NONE',  ( -97.34869801388583710, 14.35010199870341019, -2.613211992813810003 ) ) ;
#7061 = VECTOR ( 'NONE', #2381, 1000.000000000000000 ) ;
#7062 = CARTESIAN_POINT ( 'NONE',  ( 19.13990280763037433, 50.37265594990723372, -6.186789391988859244 ) ) ;
#7063 = ORIENTED_EDGE ( 'NONE', *, *, #11766, .F. ) ;
#7064 = VERTEX_POINT ( 'NONE', #11750 ) ;
#7065 = EDGE_CURVE ( 'NONE', #8633, #3584, #6155, .T. ) ;
#7066 = EDGE_CURVE ( 'NONE', #7805, #10739, #3081, .T. ) ;
#7067 = CARTESIAN_POINT ( 'NONE',  ( -13.08858953072556908, -3.672761992288859467, 7.099999951071711557 ) ) ;
#7068 = CARTESIAN_POINT ( 'NONE',  ( -49.66227902055459964, 0.9441179802997319293, 7.399999999999998579 ) ) ;
#7069 = VERTEX_POINT ( 'NONE', #873 ) ;
#7070 = CARTESIAN_POINT ( 'NONE',  ( 11.91857130266412312, 3.193571847410091813, 7.399999999999998579 ) ) ;
#7071 = CARTESIAN_POINT ( 'NONE',  ( -119.3983240303743543, 60.51555428555816718, -4.481602675009021652 ) ) ;
#7072 = CARTESIAN_POINT ( 'NONE',  ( -41.71228894959902789, 81.13965514279601621, -1.900000000000000355 ) ) ;
#7073 = VERTEX_POINT ( 'NONE', #11257 ) ;
#7074 = AXIS2_PLACEMENT_3D ( 'NONE', #9093, #4857, #7193 ) ;
#7075 = LINE ( 'NONE', #5366, #241 ) ;
#7076 = CARTESIAN_POINT ( 'NONE',  ( 17.94379997115632364, 11.62957402845913180, 4.400000000000000355 ) ) ;
#7077 = EDGE_CURVE ( 'NONE', #400, #7264, #8429, .T. ) ;
#7078 = DIRECTION ( 'NONE',  ( -0.000000000000000000, 0.000000000000000000, 1.000000000000000000 ) ) ;
#7079 = DIRECTION ( 'NONE',  ( 1.000000000000000000, 0.000000000000000000, 0.000000000000000000 ) ) ;
#7080 = ORIENTED_EDGE ( 'NONE', *, *, #383, .F. ) ;
#7081 = EDGE_LOOP ( 'NONE', ( #1899, #4503, #2119 ) ) ;
#7082 = VERTEX_POINT ( 'NONE', #2814 ) ;
#7083 = CARTESIAN_POINT ( 'NONE',  ( -119.2562879367509652, 27.28231811766432457, -2.686416806089340525 ) ) ;
#7084 = AXIS2_PLACEMENT_3D ( 'NONE', #3801, #7525, #10715 ) ;
#7085 = CARTESIAN_POINT ( 'NONE',  ( -70.81861526359334391, 81.85180122268694447, -5.846449542710238312 ) ) ;
#7086 = CARTESIAN_POINT ( 'NONE',  ( -80.21367833427878224, 73.14410401970064868, 5.399999999999998579 ) ) ;
#7087 = DIRECTION ( 'NONE',  ( 0.000000000000000000, 0.000000000000000000, -1.000000000000000000 ) ) ;
#7088 = CARTESIAN_POINT ( 'NONE',  ( -97.32691893041166509, 14.28898829818433391, -5.402809242958311664 ) ) ;
#7089 = DIRECTION ( 'NONE',  ( -0.9997000655922869683, 0.02449038290385218558, 0.000000000000000000 ) ) ;
#7090 = DIRECTION ( 'NONE',  ( -1.000000000000000000, 0.000000000000000000, 0.000000000000000000 ) ) ;
#7091 = CARTESIAN_POINT ( 'NONE',  ( -80.21227201969415432, 79.84411100000001227, 5.399999999999998579 ) ) ;
#7092 = ORIENTED_EDGE ( 'NONE', *, *, #7680, .T. ) ;
#7093 = LINE ( 'NONE', #6068, #5900 ) ;
#7094 = CONICAL_SURFACE ( 'NONE', #1830, 0.3999999999999837019, 0.7853981633974570498 ) ;
#7095 = ORIENTED_EDGE ( 'NONE', *, *, #7137, .F. ) ;
#7096 = EDGE_CURVE ( 'NONE', #6332, #4331, #1047, .T. ) ;
#7097 = ORIENTED_EDGE ( 'NONE', *, *, #957, .T. ) ;
#7098 = CARTESIAN_POINT ( 'NONE',  ( -35.43142950036546068, 0.000000000000000000, -1.900000000000000355 ) ) ;
#7099 = ORIENTED_EDGE ( 'NONE', *, *, #8172, .T. ) ;
#7100 = CARTESIAN_POINT ( 'NONE',  ( -80.21236427084005527, 9.350011589216772518E-05, 5.399999999999998579 ) ) ;
#7101 = EDGE_LOOP ( 'NONE', ( #7173, #10995 ) ) ;
#7102 = DIRECTION ( 'NONE',  ( -0.000000000000000000, 0.000000000000000000, 1.000000000000000000 ) ) ;
#7103 = CARTESIAN_POINT ( 'NONE',  ( -23.36227899999995472, 22.99411099999999308, 7.399999999999998579 ) ) ;
#7104 = VECTOR ( 'NONE', #4132, 1000.000000000000000 ) ;
#7105 = VECTOR ( 'NONE', #6090, 1000.000000000000114 ) ;
#7106 = LINE ( 'NONE', #7047, #3443 ) ;
#7107 = B_SPLINE_CURVE_WITH_KNOTS ( 'NONE', 3,
 ( #3617, #1776, #1833, #867 ),
 .UNSPECIFIED., .F., .F.,
 ( 4, 4 ),
 ( 0.000000000000000000, 1.000000000000000000 ),
 .UNSPECIFIED. ) ;
#7108 = DIRECTION ( 'NONE',  ( 1.000000000000000000, -6.584418764838352724E-17, -0.000000000000000000 ) ) ;
#7109 = CARTESIAN_POINT ( 'NONE',  ( -98.98067985970040183, 14.20806635848136779, -5.846449543715206865 ) ) ;
#7110 = CARTESIAN_POINT ( 'NONE',  ( -99.57999941969110580, 14.28900862952667339, -2.463778908856130379 ) ) ;
#7111 = EDGE_LOOP ( 'NONE', ( #5720, #6505, #9483, #7415, #5197, #5770 ) ) ;
#7112 = CARTESIAN_POINT ( 'NONE',  ( -53.30246461491072552, 23.29196037236716776, 5.399999999999998579 ) ) ;
#7113 = ORIENTED_EDGE ( 'NONE', *, *, #6739, .F. ) ;
#7114 = EDGE_CURVE ( 'NONE', #11514, #4462, #6534, .T. ) ;
#7115 = ADVANCED_FACE ( 'NONE', ( #1724 ), #930, .T. ) ;
#7116 = VECTOR ( 'NONE', #4679, 1000.000000000000000 ) ;
#7117 = ORIENTED_EDGE ( 'NONE', *, *, #10435, .F. ) ;
#7118 = CIRCLE ( 'NONE', #1275, 0.1999999999999710343 ) ;
#7119 = CARTESIAN_POINT ( 'NONE',  ( -119.3173775658458311, 57.06910750985036884, -4.269498044599095543 ) ) ;
#7120 = CARTESIAN_POINT ( 'NONE',  ( 19.17287519527607387, 18.98535841022720660, -4.533547350455243929 ) ) ;
#7121 = DIRECTION ( 'NONE',  ( -0.9238794774093685991, 0.3826835653928608028, 0.000000000000000000 ) ) ;
#7122 = DIRECTION ( 'NONE',  ( -0.9659258276786804043, 0.2588190399164174704, 0.000000000000000000 ) ) ;
#7123 = AXIS2_PLACEMENT_3D ( 'NONE', #9567, #8456, #2964 ) ;
#7124 = ADVANCED_FACE ( 'NONE', ( #11020 ), #2642, .T. ) ;
#7125 = AXIS2_PLACEMENT_3D ( 'NONE', #10011, #4509, #8231 ) ;
#7126 = CARTESIAN_POINT ( 'NONE',  ( 19.29191383009068161, 50.04625851919181656, -3.804406304072100564 ) ) ;
#7127 = VERTEX_POINT ( 'NONE', #3732 ) ;
#7128 = CARTESIAN_POINT ( 'NONE',  ( -31.21227899999999167, 19.69411099999999948, 7.099999999999989875 ) ) ;
#7129 = ORIENTED_EDGE ( 'NONE', *, *, #10789, .F. ) ;
#7130 = CARTESIAN_POINT ( 'NONE',  ( 13.55859082457480724, -1.465830875177938308, -1.500000000000023981 ) ) ;
#7131 = FACE_OUTER_BOUND ( 'NONE', #2892, .T. ) ;
#7132 = ORIENTED_EDGE ( 'NONE', *, *, #914, .F. ) ;
#7133 = CARTESIAN_POINT ( 'NONE',  ( -12.74474674335479207, 12.48788592914254103, 7.399999999999998579 ) ) ;
#7134 = CARTESIAN_POINT ( 'NONE',  ( -22.52241836884861215, -2.180251406788302315, -4.400000000000001243 ) ) ;
#7135 = LINE ( 'NONE', #9717, #6994 ) ;
#7136 = EDGE_CURVE ( 'NONE', #7531, #5465, #76, .T. ) ;
#7137 = EDGE_CURVE ( 'NONE', #8226, #8086, #10101, .T. ) ;
#7138 = EDGE_LOOP ( 'NONE', ( #96, #5599, #1746, #6315, #8164, #11315 ) ) ;
#7139 = AXIS2_PLACEMENT_3D ( 'NONE', #4624, #10983, #9322 ) ;
#7140 = FACE_OUTER_BOUND ( 'NONE', #10429, .T. ) ;
#7141 = DIRECTION ( 'NONE',  ( -0.000000000000000000, -0.000000000000000000, -1.000000000000000000 ) ) ;
#7142 = LINE ( 'NONE', #2385, #8338 ) ;
#7143 = EDGE_LOOP ( 'NONE', ( #6935, #24, #2585, #5388 ) ) ;
#7144 = ORIENTED_EDGE ( 'NONE', *, *, #6277, .F. ) ;
#7145 = ORIENTED_EDGE ( 'NONE', *, *, #2263, .T. ) ;
#7146 = VECTOR ( 'NONE', #9248, 1000.000000000000000 ) ;
#7147 = CARTESIAN_POINT ( 'NONE',  ( -119.2225814411060298, 26.94197826950643915, -2.686416806089340081 ) ) ;
#7148 = CARTESIAN_POINT ( 'NONE',  ( -71.14501269431004005, 81.84855807181713772, -5.506109694586541536 ) ) ;
#7149 = CARTESIAN_POINT ( 'NONE',  ( -53.46685758666355781, 23.29411100000000800, 5.399999999999998579 ) ) ;
#7150 = LINE ( 'NONE', #5266, #11668 ) ;
#7151 = EDGE_CURVE ( 'NONE', #2612, #11141, #11084, .T. ) ;
#7152 = DIRECTION ( 'NONE',  ( 1.000000000000000000, 0.000000000000000000, 0.000000000000000000 ) ) ;
#7153 = DIRECTION ( 'NONE',  ( -0.4809831074316400223, -0.8767298616822649659, 0.000000000000000000 ) ) ;
#7154 = CARTESIAN_POINT ( 'NONE',  ( -69.43142950036545358, 81.84411100000002648, -6.400000000000002132 ) ) ;
#7155 = CONICAL_SURFACE ( 'NONE', #7932, 1.299999999999967848, 0.7853981633974995713 ) ;
#7156 = ORIENTED_EDGE ( 'NONE', *, *, #806, .F. ) ;
#7157 = LINE ( 'NONE', #4175, #4139 ) ;
#7158 = ORIENTED_EDGE ( 'NONE', *, *, #3930, .F. ) ;
#7159 = ORIENTED_EDGE ( 'NONE', *, *, #4165, .F. ) ;
#7160 = CARTESIAN_POINT ( 'NONE',  ( 0.6264728054686607983, -15.05525824661052603, 6.400000000000025224 ) ) ;
#7161 = CARTESIAN_POINT ( 'NONE',  ( 15.64023476087051101, 81.46344250679732113, 4.379558871941259035 ) ) ;
#7162 = DIRECTION ( 'NONE',  ( 0.000000000000000000, 1.000000000000000000, 0.000000000000000000 ) ) ;
#7163 = CIRCLE ( 'NONE', #7356, 0.2977672882860799008 ) ;
#7164 = CARTESIAN_POINT ( 'NONE',  ( -119.3173715866848426, 59.59393106027460618, -6.347419027873917763 ) ) ;
#7165 = EDGE_CURVE ( 'NONE', #8391, #9919, #5506, .T. ) ;
#7166 = LINE ( 'NONE', #7407, #13 ) ;
#7167 = CARTESIAN_POINT ( 'NONE',  ( -98.49108504056944469, 14.17298872545823940, -3.293894456357826073 ) ) ;
#7168 = CARTESIAN_POINT ( 'NONE',  ( -60.46227900000000233, 27.99411099999999664, 4.400000000000000355 ) ) ;
#7169 = ORIENTED_EDGE ( 'NONE', *, *, #1139, .F. ) ;
#7170 = LINE ( 'NONE', #5854, #10189 ) ;
#7171 = EDGE_LOOP ( 'NONE', ( #6878, #1722 ) ) ;
#7172 = VECTOR ( 'NONE', #1466, 1000.000000000000000 ) ;
#7173 = ORIENTED_EDGE ( 'NONE', *, *, #10107, .T. ) ;
#7174 = DIRECTION ( 'NONE',  ( -0.7071067811865148212, 0.000000000000000000, -0.7071067811865802133 ) ) ;
#7175 = DIRECTION ( 'NONE',  ( 0.000000000000000000, 0.000000000000000000, 1.000000000000000000 ) ) ;
#7176 = CARTESIAN_POINT ( 'NONE',  ( -41.46082705626150045, 80.84551033427891298, 5.399999999999998579 ) ) ;
#7177 = EDGE_CURVE ( 'NONE', #11342, #6007, #8316, .T. ) ;
#7178 = AXIS2_PLACEMENT_3D ( 'NONE', #8368, #6590, #4996 ) ;
#7179 = EDGE_CURVE ( 'NONE', #7775, #3711, #5446, .T. ) ;
#7180 = LINE ( 'NONE', #10929, #7105 ) ;
#7181 = CARTESIAN_POINT ( 'NONE',  ( -24.19545098428956109, -0.6966874992767861929, -4.400000000000000355 ) ) ;
#7182 = VECTOR ( 'NONE', #10336, 1000.000000000000227 ) ;
#7183 = CARTESIAN_POINT ( 'NONE',  ( 19.17541122256047359, 50.37265594990723372, -5.846449543848276420 ) ) ;
#7184 = ORIENTED_EDGE ( 'NONE', *, *, #10476, .T. ) ;
#7185 = VERTEX_POINT ( 'NONE', #1898 ) ;
#7186 = DIRECTION ( 'NONE',  ( -0.000000000000000000, 0.000000000000000000, -1.000000000000000000 ) ) ;
#7187 = ORIENTED_EDGE ( 'NONE', *, *, #8172, .F. ) ;
#7188 = AXIS2_PLACEMENT_3D ( 'NONE', #3467, #721, #6323 ) ;
#7189 = CIRCLE ( 'NONE', #11307, 0.8999999999999980238 ) ;
#7190 = CARTESIAN_POINT ( 'NONE',  ( -119.3122720196896722, 29.06910750985032621, -4.400000000000000355 ) ) ;
#7191 = CARTESIAN_POINT ( 'NONE',  ( -23.06227899999999309, 21.29411100000000090, 4.400000000000000355 ) ) ;
#7192 = ORIENTED_EDGE ( 'NONE', *, *, #6570, .F. ) ;
#7193 = DIRECTION ( 'NONE',  ( 1.000000000000000000, 0.000000000000000000, 0.000000000000000000 ) ) ;
#7194 = CARTESIAN_POINT ( 'NONE',  ( -119.3881592544272365, 60.51555428555816718, -4.971197494144983686 ) ) ;
#7195 = FACE_OUTER_BOUND ( 'NONE', #10249, .T. ) ;
#7196 = VECTOR ( 'NONE', #3072, 1000.000000000000114 ) ;
#7197 = CARTESIAN_POINT ( 'NONE',  ( -24.22590684054391375, -1.634138201690130021, -2.360019375662440577 ) ) ;
#7198 = FACE_OUTER_BOUND ( 'NONE', #5421, .T. ) ;
#7199 = PLANE ( 'NONE',  #11429 ) ;
#7200 = CARTESIAN_POINT ( 'NONE',  ( -41.11227899999998670, 24.29411099999999379, 7.100000000000059153 ) ) ;
#7201 = VERTEX_POINT ( 'NONE', #989 ) ;
#7202 = EDGE_CURVE ( 'NONE', #4928, #8351, #7393, .T. ) ;
#7203 = ORIENTED_EDGE ( 'NONE', *, *, #5567, .F. ) ;
#7204 = EDGE_CURVE ( 'NONE', #1318, #4538, #11298, .T. ) ;
#7205 = EDGE_LOOP ( 'NONE', ( #2101, #1539, #2327, #965, #7247, #802 ) ) ;
#7206 = VECTOR ( 'NONE', #11466, 1000.000000000000000 ) ;
#7207 = CARTESIAN_POINT ( 'NONE',  ( -119.3912002491704953, 27.96299781398013096, -3.339211667515419979 ) ) ;
#7208 = CARTESIAN_POINT ( 'NONE',  ( -70.81861526359334391, 81.77803172950341093, -6.527129238957629198 ) ) ;
#7209 = CARTESIAN_POINT ( 'NONE',  ( 19.16772100000000734, 0.000000000000000000, -1.900000000000000355 ) ) ;
#7210 = DIRECTION ( 'NONE',  ( 1.000000000000000000, 2.646977960169688560E-23, 0.000000000000000000 ) ) ;
#7211 = CARTESIAN_POINT ( 'NONE',  ( -61.46005585450888020, 81.14411100000000943, 4.400000000000000355 ) ) ;
#7212 = DIRECTION ( 'NONE',  ( 0.5000000044812192845, 0.8660254011972055022, 0.000000000000000000 ) ) ;
#7213 = FACE_OUTER_BOUND ( 'NONE', #8362, .T. ) ;
#7214 = VERTEX_POINT ( 'NONE', #6595 ) ;
#7215 = CARTESIAN_POINT ( 'NONE',  ( -32.04424108330033505, 81.88611665434866893, -3.293894455345293792 ) ) ;
#7216 = ORIENTED_EDGE ( 'NONE', *, *, #9011, .F. ) ;
#7217 = CARTESIAN_POINT ( 'NONE',  ( -35.43133692412315128, 81.84926521509592590, -4.661603290416092449 ) ) ;
#7218 = ORIENTED_EDGE ( 'NONE', *, *, #1632, .T. ) ;
#7219 = ADVANCED_FACE ( 'NONE', ( #4774 ), #3792, .T. ) ;
#7220 = VECTOR ( 'NONE', #1737, 1000.000000000000000 ) ;
#7221 = ORIENTED_EDGE ( 'NONE', *, *, #8076, .F. ) ;
#7222 = EDGE_CURVE ( 'NONE', #2360, #2387, #11195, .T. ) ;
#7223 = DIRECTION ( 'NONE',  ( 1.000000000000000000, 1.988221748970552761E-16, 0.000000000000000000 ) ) ;
#7224 = CARTESIAN_POINT ( 'NONE',  ( 16.78148455482655876, 81.13854131990269991, 2.799999999999981171 ) ) ;
#7225 = CARTESIAN_POINT ( 'NONE',  ( 19.17288732231092752, 50.57542208692485985, -5.620313964450776467 ) ) ;
#7226 = DIRECTION ( 'NONE',  ( 1.000000000000000000, 0.000000000000000000, 0.000000000000000000 ) ) ;
#7227 = CARTESIAN_POINT ( 'NONE',  ( 0.9802334300155689517, 84.30038185496565006, 3.150329704037043044 ) ) ;
#7228 = CARTESIAN_POINT ( 'NONE',  ( -98.00149022143841648, 14.29527364580913940, -2.613211992813810003 ) ) ;
#7229 = VECTOR ( 'NONE', #11949, 1000.000000000000114 ) ;
#7230 = CARTESIAN_POINT ( 'NONE',  ( -22.36452166131000041, 78.13965514279601621, 5.399999999999998579 ) ) ;
#7231 = VERTEX_POINT ( 'NONE', #1960 ) ;
#7232 = CARTESIAN_POINT ( 'NONE',  ( -119.3173775658464280, 27.06910750985032266, -4.269498044599091102 ) ) ;
#7233 = LINE ( 'NONE', #10977, #2922 ) ;
#7234 = EDGE_LOOP ( 'NONE', ( #8171, #7307, #11545, #565 ) ) ;
#7235 = EDGE_LOOP ( 'NONE', ( #8461, #11544, #6438, #523 ) ) ;
#7236 = ADVANCED_FACE ( 'NONE', ( #2265 ), #139, .T. ) ;
#7237 = DIRECTION ( 'NONE',  ( 0.000000000000000000, 1.000000000000000000, -1.982541115402065702E-15 ) ) ;
#7238 = VECTOR ( 'NONE', #11850, 1000.000000000000000 ) ;
#7239 = LINE ( 'NONE', #9263, #6929 ) ;
#7240 = CARTESIAN_POINT ( 'NONE',  ( 18.16772100000000378, 14.98547018669192710, -0.9000000000000002442 ) ) ;
#7241 = CYLINDRICAL_SURFACE ( 'NONE', #8953, 1.000000000000000888 ) ;
#7242 = LINE ( 'NONE', #1634, #4316 ) ;
#7243 = ORIENTED_EDGE ( 'NONE', *, *, #9652, .F. ) ;
#7244 = AXIS2_PLACEMENT_3D ( 'NONE', #6519, #9464, #9280 ) ;
#7245 = ORIENTED_EDGE ( 'NONE', *, *, #10363, .T. ) ;
#7246 = PLANE ( 'NONE',  #9928 ) ;
#7247 = ORIENTED_EDGE ( 'NONE', *, *, #7508, .T. ) ;
#7248 = EDGE_CURVE ( 'NONE', #684, #9134, #5924, .T. ) ;
#7249 = FACE_OUTER_BOUND ( 'NONE', #6055, .T. ) ;
#7250 = DIRECTION ( 'NONE',  ( 0.7071067811865761055, 0.000000000000000000, -0.7071067811865188180 ) ) ;
#7251 = ORIENTED_EDGE ( 'NONE', *, *, #10910, .F. ) ;
#7252 = DIRECTION ( 'NONE',  ( 1.000000000000000000, 0.000000000000000000, -0.000000000000000000 ) ) ;
#7253 = CIRCLE ( 'NONE', #9604, 0.3999999999999837019 ) ;
#7254 = CARTESIAN_POINT ( 'NONE',  ( 0.000000000000000000, 85.84410401969522297, 5.399999999999998579 ) ) ;
#7255 = CARTESIAN_POINT ( 'NONE',  ( -95.21227469707440605, 76.84410589528943092, -1.900000000000000355 ) ) ;
#7256 = EDGE_LOOP ( 'NONE', ( #7795, #9069, #10358, #3593 ) ) ;
#7257 = LINE ( 'NONE', #3483, #9988 ) ;
#7258 = CARTESIAN_POINT ( 'NONE',  ( -32.21227899999998812, 19.69411099999999948, 7.399999999999998579 ) ) ;
#7259 = ADVANCED_FACE ( 'NONE', ( #9656 ), #1111, .F. ) ;
#7260 = EDGE_CURVE ( 'NONE', #9055, #1537, #4095, .T. ) ;
#7261 = CARTESIAN_POINT ( 'NONE',  ( -61.16361823733677738, 81.09801610738352906, 4.400000000000000355 ) ) ;
#7262 = FACE_OUTER_BOUND ( 'NONE', #7402, .T. ) ;
#7263 = ORIENTED_EDGE ( 'NONE', *, *, #6891, .F. ) ;
#7264 = VERTEX_POINT ( 'NONE', #4833 ) ;
#7265 = ORIENTED_EDGE ( 'NONE', *, *, #1875, .F. ) ;
#7266 = CARTESIAN_POINT ( 'NONE',  ( -119.3940607204017397, 29.66470120570227920, -5.787188417063730661 ) ) ;
#7267 = CARTESIAN_POINT ( 'NONE',  ( -41.71228598029825463, 81.14098492032248089, -1.900000000000000355 ) ) ;
#7268 = CARTESIAN_POINT ( 'NONE',  ( 19.37782446606171760, 17.06706622704304266, -4.314918151748109665 ) ) ;
#7269 = AXIS2_PLACEMENT_3D ( 'NONE', #9566, #4976, #11665 ) ;
#7270 = DIRECTION ( 'NONE',  ( -0.000000000000000000, -0.000000000000000000, -1.000000000000000000 ) ) ;
#7271 = DIRECTION ( 'NONE',  ( -0.9999144385346410147, 0.01308111654079096610, 0.000000000000000000 ) ) ;
#7272 = EDGE_CURVE ( 'NONE', #2837, #993, #2020, .T. ) ;
#7273 = LINE ( 'NONE', #7154, #8805 ) ;
#7274 = ORIENTED_EDGE ( 'NONE', *, *, #6943, .F. ) ;
#7275 = CARTESIAN_POINT ( 'NONE',  ( -32.04424108330033505, 81.85180124584313432, -2.953553223573229580 ) ) ;
#7276 = DIRECTION ( 'NONE',  ( -0.000000000000000000, -0.000000000000000000, -1.000000000000000000 ) ) ;
#7277 = VERTEX_POINT ( 'NONE', #3180 ) ;
#7278 = FACE_OUTER_BOUND ( 'NONE', #3301, .T. ) ;
#7279 = ORIENTED_EDGE ( 'NONE', *, *, #3315, .F. ) ;
#7280 = VECTOR ( 'NONE', #4231, 1000.000000000000000 ) ;
#7281 = ORIENTED_EDGE ( 'NONE', *, *, #3671, .T. ) ;
#7282 = ORIENTED_EDGE ( 'NONE', *, *, #10333, .T. ) ;
#7283 = ORIENTED_EDGE ( 'NONE', *, *, #3805, .F. ) ;
#7284 = DIRECTION ( 'NONE',  ( 1.000000000000000000, 0.000000000000000000, 0.000000000000000000 ) ) ;
#7285 = CARTESIAN_POINT ( 'NONE',  ( 15.79050484003519728, 81.42105207601262862, 4.321350907965227250 ) ) ;
#7286 = CARTESIAN_POINT ( 'NONE',  ( 19.17282030952661387, 49.62986170936839159, -6.297820628218843808 ) ) ;
#7287 = DIRECTION ( 'NONE',  ( -0.000000000000000000, 0.000000000000000000, 1.000000000000000000 ) ) ;
#7288 = CARTESIAN_POINT ( 'NONE',  ( -121.3122790047357284, 13.69411797798555774, 6.400000000000025224 ) ) ;
#7289 = EDGE_CURVE ( 'NONE', #8196, #9922, #7577, .T. ) ;
#7290 = VECTOR ( 'NONE', #4512, 1000.000000000000227 ) ;
#7291 = EDGE_CURVE ( 'NONE', #916, #1638, #6989, .T. ) ;
#7292 = CARTESIAN_POINT ( 'NONE',  ( -31.43860974639945027, 1.244110999999999079, 5.399999999999998579 ) ) ;
#7293 = ORIENTED_EDGE ( 'NONE', *, *, #453, .T. ) ;
#7294 = CARTESIAN_POINT ( 'NONE',  ( -119.3174533738507819, 27.74602453489647047, -2.894526451477528628 ) ) ;
#7295 = CARTESIAN_POINT ( 'NONE',  ( 19.24664974961278574, 18.04625851918304136, -3.293894456394166337 ) ) ;
#7296 = ORIENTED_EDGE ( 'NONE', *, *, #8162, .T. ) ;
#7297 = ORIENTED_EDGE ( 'NONE', *, *, #10566, .F. ) ;
#7298 = CONICAL_SURFACE ( 'NONE', #11016, 1.000000000000000888, 0.7853981633974916887 ) ;
#7299 = CIRCLE ( 'NONE', #1462, 1.663324279939825567 ) ;
#7300 = CARTESIAN_POINT ( 'NONE',  ( -119.3173621853468802, 61.01601279542308021, -3.873289865078507699 ) ) ;
#7301 = DIRECTION ( 'NONE',  ( 1.492741799624945840E-62, 0.000000000000000000, -1.000000000000000000 ) ) ;
#7302 = DIRECTION ( 'NONE',  ( -0.9659258276786804043, 0.2588190399164175814, -0.000000000000000000 ) ) ;
#7303 = CARTESIAN_POINT ( 'NONE',  ( 18.16772100000000378, 39.38547018669192568, 2.299999999999994049 ) ) ;
#7304 = EDGE_CURVE ( 'NONE', #548, #8014, #8555, .T. ) ;
#7305 = CARTESIAN_POINT ( 'NONE',  ( 19.17216807172253468, 50.69905338062270772, -5.506109695707693596 ) ) ;
#7306 = VECTOR ( 'NONE', #2587, 1000.000000000000000 ) ;
#7307 = ORIENTED_EDGE ( 'NONE', *, *, #8103, .T. ) ;
#7308 = VECTOR ( 'NONE', #11068, 1000.000000000000000 ) ;
#7309 = ORIENTED_EDGE ( 'NONE', *, *, #3699, .F. ) ;
#7310 = DIRECTION ( 'NONE',  ( 1.000000000000000000, 0.000000000000000000, -0.000000000000000000 ) ) ;
#7311 = ORIENTED_EDGE ( 'NONE', *, *, #5459, .T. ) ;
#7312 = LINE ( 'NONE', #2676, #3228 ) ;
#7313 = CARTESIAN_POINT ( 'NONE',  ( -4.612279000000002682, 76.84411099999999806, 7.100000000000059153 ) ) ;
#7314 = ORIENTED_EDGE ( 'NONE', *, *, #11806, .F. ) ;
#7315 = VECTOR ( 'NONE', #9955, 1000.000000000000000 ) ;
#7316 = CARTESIAN_POINT ( 'NONE',  ( 1.467734850168745275, 89.51034826128898203, 3.399999999999993250 ) ) ;
#7317 = LINE ( 'NONE', #1587, #4861 ) ;
#7318 = EDGE_CURVE ( 'NONE', #2206, #11465, #5012, .T. ) ;
#7319 = DIRECTION ( 'NONE',  ( 0.000000000000000000, -0.000000000000000000, -1.000000000000000000 ) ) ;
#7320 = CARTESIAN_POINT ( 'NONE',  ( -117.3122790000000180, 72.84410401970065152, 7.100000000000059153 ) ) ;
#7321 = VECTOR ( 'NONE', #2975, 1000.000000000000000 ) ;
#7322 = CARTESIAN_POINT ( 'NONE',  ( 19.17283345878931300, 47.23749956457821497, -3.393779679477306743 ) ) ;
#7323 = ORIENTED_EDGE ( 'NONE', *, *, #7260, .T. ) ;
#7324 = ORIENTED_EDGE ( 'NONE', *, *, #2768, .T. ) ;
#7325 = ORIENTED_EDGE ( 'NONE', *, *, #7867, .T. ) ;
#7326 = CARTESIAN_POINT ( 'NONE',  ( -119.3199622656555192, 30.51555428520757474, -5.787188417063728885 ) ) ;
#7327 = CARTESIAN_POINT ( 'NONE',  ( -119.2225814412090443, 56.94197827182566130, -2.686416806089062970 ) ) ;
#7328 = CARTESIAN_POINT ( 'NONE',  ( 19.36042860195717452, 16.41427269254953458, -4.485088767640433183 ) ) ;
#7329 = VECTOR ( 'NONE', #1690, 1000.000000000000000 ) ;
#7330 = EDGE_CURVE ( 'NONE', #3020, #7486, #4890, .T. ) ;
#7331 = EDGE_CURVE ( 'NONE', #1130, #11485, #8738, .T. ) ;
#7332 = LINE ( 'NONE', #10393, #8373 ) ;
#7333 = CARTESIAN_POINT ( 'NONE',  ( 1.467733862929055055, 84.02018910072324331, 3.399999999999993250 ) ) ;
#7334 = EDGE_LOOP ( 'NONE', ( #2283, #1393, #2914, #6586 ) ) ;
#7335 = CARTESIAN_POINT ( 'NONE',  ( -33.34982682535063248, 81.83175441521044036, -6.527129238958155000 ) ) ;
#7336 = DIRECTION ( 'NONE',  ( 1.165657149518714511E-06, 0.9999999999993206545, 0.000000000000000000 ) ) ;
#7337 = ORIENTED_EDGE ( 'NONE', *, *, #11940, .F. ) ;
#7338 = CIRCLE ( 'NONE', #3839, 2.000000000000007994 ) ;
#7339 = DIRECTION ( 'NONE',  ( 1.798198673297579720E-07, 0.9999999999999840128, 0.000000000000000000 ) ) ;
#7340 = ORIENTED_EDGE ( 'NONE', *, *, #1700, .T. ) ;
#7341 = EDGE_LOOP ( 'NONE', ( #506, #698, #3767, #3628 ) ) ;
#7342 = ORIENTED_EDGE ( 'NONE', *, *, #4508, .T. ) ;
#7343 = EDGE_CURVE ( 'NONE', #756, #296, #320, .T. ) ;
#7344 = DIRECTION ( 'NONE',  ( -1.000000000000000000, 0.000000000000000000, 0.000000000000000000 ) ) ;
#7345 = CARTESIAN_POINT ( 'NONE',  ( -67.39144887573405640, 81.78398255681588580, -2.953553223614921563 ) ) ;
#7346 = LINE ( 'NONE', #882, #1445 ) ;
#7347 = CARTESIAN_POINT ( 'NONE',  ( -22.36227900000000091, 78.14411099999999522, 4.400000000000000355 ) ) ;
#7348 = FACE_OUTER_BOUND ( 'NONE', #3322, .T. ) ;
#7349 = CARTESIAN_POINT ( 'NONE',  ( -98.49108504056941626, 14.10141037938840469, -4.485088767559852307 ) ) ;
#7350 = CARTESIAN_POINT ( 'NONE',  ( -100.2822619930917085, 14.28894402580794853, -5.990166134844304047 ) ) ;
#7351 = ORIENTED_EDGE ( 'NONE', *, *, #7636, .F. ) ;
#7352 = CARTESIAN_POINT ( 'NONE',  ( -119.3173746976742819, 28.42292617579495939, -2.502741840094075076 ) ) ;
#7353 = CARTESIAN_POINT ( 'NONE',  ( 18.16772100000000378, 14.98547018669193420, -4.400000000000000355 ) ) ;
#7354 = EDGE_LOOP ( 'NONE', ( #3902, #10042, #12048, #5313 ) ) ;
#7355 = ORIENTED_EDGE ( 'NONE', *, *, #8689, .F. ) ;
#7356 = AXIS2_PLACEMENT_3D ( 'NONE', #1230, #8679, #8740 ) ;
#7357 = EDGE_CURVE ( 'NONE', #8390, #10683, #11323, .T. ) ;
#7358 = ADVANCED_FACE ( 'NONE', ( #6774 ), #2898, .F. ) ;
#7359 = CARTESIAN_POINT ( 'NONE',  ( 18.16772100000000378, 39.38547018669192568, 2.299999999999994049 ) ) ;
#7360 = CARTESIAN_POINT ( 'NONE',  ( 19.17286103767980876, 17.98972402113064817, -2.665436706867123196 ) ) ;
#7361 = CARTESIAN_POINT ( 'NONE',  ( 19.16772100000001444, 77.67724262499595511, 7.399999999999998579 ) ) ;
#7362 = CARTESIAN_POINT ( 'NONE',  ( 1.059827321934895483, 84.25528215435129198, 3.240449585265179788 ) ) ;
#7363 = DIRECTION ( 'NONE',  ( 7.202254419008688226E-16, -0.7071067811865148212, -0.7071067811865802133 ) ) ;
#7364 = AXIS2_PLACEMENT_3D ( 'NONE', #682, #5258, #10949 ) ;
#7365 = EDGE_LOOP ( 'NONE', ( #10812, #2450 ) ) ;
#7366 = ORIENTED_EDGE ( 'NONE', *, *, #5550, .T. ) ;
#7367 = CARTESIAN_POINT ( 'NONE',  ( 1.954476325396469427, 79.78193392741269463, -1.900000000000000355 ) ) ;
#7368 = VERTEX_POINT ( 'NONE', #6654 ) ;
#7369 = CARTESIAN_POINT ( 'NONE',  ( -40.39115211921145487, -1.089218776249911036, 7.066666656998463303 ) ) ;
#7370 = EDGE_CURVE ( 'NONE', #1799, #2728, #3972, .T. ) ;
#7371 = DIRECTION ( 'NONE',  ( -0.000000000000000000, -0.000000000000000000, 1.000000000000000000 ) ) ;
#7372 = CIRCLE ( 'NONE', #4457, 1.999999999999994893 ) ;
#7373 = DIRECTION ( 'NONE',  ( 0.000000000000000000, 0.7071067811865148212, -0.7071067811865802133 ) ) ;
#7374 = PLANE ( 'NONE',  #9753 ) ;
#7375 = DIRECTION ( 'NONE',  ( 0.4999999956896520326, 0.8660254062730192715, -0.000000000000000000 ) ) ;
#7376 = VECTOR ( 'NONE', #6850, 1000.000000000000000 ) ;
#7377 = AXIS2_PLACEMENT_3D ( 'NONE', #2973, #11171, #4631 ) ;
#7378 = FACE_OUTER_BOUND ( 'NONE', #9983, .T. ) ;
#7379 = CARTESIAN_POINT ( 'NONE',  ( 19.17282655130632563, 48.98547018668786279, -2.400000000000005240 ) ) ;
#7380 = ORIENTED_EDGE ( 'NONE', *, *, #11378, .F. ) ;
#7381 = VERTEX_POINT ( 'NONE', #7755 ) ;
#7382 = ADVANCED_FACE ( 'NONE', ( #3059 ), #6715, .F. ) ;
#7383 = CARTESIAN_POINT ( 'NONE',  ( 16.78148455482655166, 81.13854131990267149, 2.799999999999981171 ) ) ;
#7384 = VERTEX_POINT ( 'NONE', #7697 ) ;
#7385 = CARTESIAN_POINT ( 'NONE',  ( -119.4891028141367570, 29.66470120570228275, -3.828807813584979236 ) ) ;
#7386 = CARTESIAN_POINT ( 'NONE',  ( -79.51540507967473559, 23.29411798030432124, 5.399999999999998579 ) ) ;
#7387 = CARTESIAN_POINT ( 'NONE',  ( -119.2681028790782563, 56.94197827182565419, -5.460792313280946608 ) ) ;
#7388 = CIRCLE ( 'NONE', #9340, 0.2999999999999981570 ) ;
#7389 = CARTESIAN_POINT ( 'NONE',  ( 19.35960274125625702, 16.90386751168637858, -3.804406304071138667 ) ) ;
#7390 = CARTESIAN_POINT ( 'NONE',  ( -118.3122720196896722, 27.06910750985032976, 0.5999999999999998668 ) ) ;
#7391 = CARTESIAN_POINT ( 'NONE',  ( 11.05859082457480369, -5.795957894100131291, -2.400000000000000355 ) ) ;
#7392 = CARTESIAN_POINT ( 'NONE',  ( -33.34982682535063248, 81.97710123055449571, -5.506109694575008540 ) ) ;
#7393 = LINE ( 'NONE', #1838, #178 ) ;
#7394 = ORIENTED_EDGE ( 'NONE', *, *, #5297, .T. ) ;
#7395 = VECTOR ( 'NONE', #240, 1000.000000000000000 ) ;
#7396 = DIRECTION ( 'NONE',  ( -1.000000000000000000, -1.988221748970553008E-16, 0.000000000000000000 ) ) ;
#7397 = VERTEX_POINT ( 'NONE', #10458 ) ;
#7398 = ORIENTED_EDGE ( 'NONE', *, *, #7289, .T. ) ;
#7399 = EDGE_CURVE ( 'NONE', #9299, #7, #3120, .T. ) ;
#7400 = ORIENTED_EDGE ( 'NONE', *, *, #10965, .T. ) ;
#7401 = EDGE_CURVE ( 'NONE', #11017, #3320, #1347, .T. ) ;
#7402 = EDGE_LOOP ( 'NONE', ( #11653, #173, #3050, #9529 ) ) ;
#7403 = CARTESIAN_POINT ( 'NONE',  ( -67.71784497951759363, 81.84855772292473830, -5.506109694586541536 ) ) ;
#7404 = DIRECTION ( 'NONE',  ( -0.7071067811865515695, 8.659560562354983395E-17, 0.7071067811865435759 ) ) ;
#7405 = CARTESIAN_POINT ( 'NONE',  ( 13.21857130266415226, 3.193571847410091813, 7.399999999999998579 ) ) ;
#7406 = CARTESIAN_POINT ( 'NONE',  ( -41.41227819873822114, 80.84188785450702142, 4.400000000000000355 ) ) ;
#7407 = CARTESIAN_POINT ( 'NONE',  ( 9.180541231745813636E-05, 80.84407635057475261, -1.900000000000000355 ) ) ;
#7408 = CARTESIAN_POINT ( 'NONE',  ( -99.63347472111917114, 14.21823070274853151, -5.846449543715206865 ) ) ;
#7409 = CARTESIAN_POINT ( 'NONE',  ( -119.3173952746367235, 28.55035396702642103, -6.335974577247828421 ) ) ;
#7410 = ORIENTED_EDGE ( 'NONE', *, *, #7041, .T. ) ;
#7411 = EDGE_CURVE ( 'NONE', #656, #11825, #2674, .T. ) ;
#7412 = CARTESIAN_POINT ( 'NONE',  ( -119.3174017016481798, 28.06629826689219698, -2.664636395701001526 ) ) ;
#7413 = DIRECTION ( 'NONE',  ( 1.000000000000000000, 0.000000000000000000, 0.000000000000000000 ) ) ;
#7414 = ORIENTED_EDGE ( 'NONE', *, *, #8378, .F. ) ;
#7415 = ORIENTED_EDGE ( 'NONE', *, *, #4241, .T. ) ;
#7416 = EDGE_CURVE ( 'NONE', #2398, #3543, #1579, .T. ) ;
#7417 = VERTEX_POINT ( 'NONE', #11983 ) ;
#7418 = CARTESIAN_POINT ( 'NONE',  ( 18.16772100000000378, 12.47682908042298067, -1.900000000000000355 ) ) ;
#7419 = DIRECTION ( 'NONE',  ( 1.000000000000000000, 0.000000000000000000, 0.000000000000000000 ) ) ;
#7420 = AXIS2_PLACEMENT_3D ( 'NONE', #5147, #8871, #6116 ) ;
#7421 = DIRECTION ( 'NONE',  ( -6.899580080555519496E-06, -0.9999999999761978176, 0.000000000000000000 ) ) ;
#7422 = CARTESIAN_POINT ( 'NONE',  ( 1.120993156689762404, 84.22043813824940628, 3.290051639191081456 ) ) ;
#7423 = DIRECTION ( 'NONE',  ( 1.303162954756303859E-07, 0.9999999999999915623, -0.000000000000000000 ) ) ;
#7424 = VERTEX_POINT ( 'NONE', #11056 ) ;
#7425 = EDGE_CURVE ( 'NONE', #4779, #11342, #4270, .T. ) ;
#7426 = ORIENTED_EDGE ( 'NONE', *, *, #4307, .T. ) ;
#7427 = FACE_OUTER_BOUND ( 'NONE', #10666, .T. ) ;
#7428 = ORIENTED_EDGE ( 'NONE', *, *, #7136, .T. ) ;
#7429 = VECTOR ( 'NONE', #3960, 1000.000000000000000 ) ;
#7430 = CARTESIAN_POINT ( 'NONE',  ( 2.543571335778072484, -13.04440414176037244, 7.399999999999998579 ) ) ;
#7431 = DIRECTION ( 'NONE',  ( 0.000000000000000000, 0.000000000000000000, -1.000000000000000000 ) ) ;
#7432 = CARTESIAN_POINT ( 'NONE',  ( -70.00262168680170305, 81.96524004209473446, -5.506109694586541536 ) ) ;
#7433 = DIRECTION ( 'NONE',  ( 0.7071067811865503483, 0.000000000000000000, 0.7071067811865445751 ) ) ;
#7434 = CARTESIAN_POINT ( 'NONE',  ( -48.95412369941298891, -1.755882021704150420, 6.400000000000025224 ) ) ;
#7435 = AXIS2_PLACEMENT_3D ( 'NONE', #10036, #811, #2752 ) ;
#7436 = EDGE_CURVE ( 'NONE', #9583, #9562, #10935, .T. ) ;
#7437 = EDGE_CURVE ( 'NONE', #5001, #3889, #11101, .T. ) ;
#7438 = PLANE ( 'NONE',  #3355 ) ;
#7439 = CARTESIAN_POINT ( 'NONE',  ( 19.17289476442481444, 47.76619639332474776, -2.809258698150027378 ) ) ;
#7440 = VERTEX_POINT ( 'NONE', #1637 ) ;
#7441 = ORIENTED_EDGE ( 'NONE', *, *, #7053, .F. ) ;
#7442 = ORIENTED_EDGE ( 'NONE', *, *, #3699, .T. ) ;
#7443 = CARTESIAN_POINT ( 'NONE',  ( -119.3515231867457373, 30.51555428520757474, -5.460792313283850952 ) ) ;
#7444 = CARTESIAN_POINT ( 'NONE',  ( -119.2562878680488296, 57.28231811979603094, -6.113584520840151804 ) ) ;
#7445 = CARTESIAN_POINT ( 'NONE',  ( 19.30461069455807177, 15.92467787341269414, -4.485088767640433183 ) ) ;
#7446 = FACE_OUTER_BOUND ( 'NONE', #1055, .T. ) ;
#7447 = AXIS2_PLACEMENT_3D ( 'NONE', #10845, #7033, #10664 ) ;
#7448 = EDGE_CURVE ( 'NONE', #7397, #7565, #7372, .T. ) ;
#7449 = DIRECTION ( 'NONE',  ( -0.000000000000000000, -0.000000000000000000, -1.000000000000000000 ) ) ;
#7450 = CARTESIAN_POINT ( 'NONE',  ( -34.81861526355650938, 81.93693507360288208, -4.314918150661483764 ) ) ;
#7451 = DIRECTION ( 'NONE',  ( 1.000000000000000000, 0.000000000000000000, 0.000000000000000000 ) ) ;
#7452 = EDGE_LOOP ( 'NONE', ( #7516, #3111, #10462, #5004 ) ) ;
#7453 = CARTESIAN_POINT ( 'NONE',  ( 16.50447752050400752, 12.46043432054700340, 4.400000000000000355 ) ) ;
#7454 = DIRECTION ( 'NONE',  ( -0.9999999999999839018, 1.798198670589262016E-07, -1.153406566473923510E-16 ) ) ;
#7455 = ORIENTED_EDGE ( 'NONE', *, *, #344, .F. ) ;
#7456 = ORIENTED_EDGE ( 'NONE', *, *, #2291, .F. ) ;
#7457 = VERTEX_POINT ( 'NONE', #9209 ) ;
#7458 = AXIS2_PLACEMENT_3D ( 'NONE', #1233, #2945, #11328 ) ;
#7459 = CARTESIAN_POINT ( 'NONE',  ( -31.21227899999999167, 7.232599173267165504, 4.400000000000000355 ) ) ;
#7460 = DIRECTION ( 'NONE',  ( -0.000000000000000000, -0.000000000000000000, 1.000000000000000000 ) ) ;
#7461 = LINE ( 'NONE', #8267, #7872 ) ;
#7462 = DIRECTION ( 'NONE',  ( -0.000000000000000000, -0.000000000000000000, -1.000000000000000000 ) ) ;
#7463 = DIRECTION ( 'NONE',  ( -0.000000000000000000, 1.000000000000000000, 0.000000000000000000 ) ) ;
#7464 = CARTESIAN_POINT ( 'NONE',  ( -99.63347472111917114, 14.26457623180392176, -6.186789391842989261 ) ) ;
#7465 = EDGE_CURVE ( 'NONE', #6357, #8633, #8945, .T. ) ;
#7466 = DIRECTION ( 'NONE',  ( 0.9999999999973141485, -2.317727724994325245E-06, 0.000000000000000000 ) ) ;
#7467 = DIRECTION ( 'NONE',  ( 0.000000000000000000, 0.000000000000000000, 1.000000000000000000 ) ) ;
#7468 = VECTOR ( 'NONE', #3239, 1000.000000000000000 ) ;
#7469 = ORIENTED_EDGE ( 'NONE', *, *, #5269, .T. ) ;
#7470 = CARTESIAN_POINT ( 'NONE',  ( -50.66227847799189021, 20.49496587405799275, 4.400000000000000355 ) ) ;
#7471 = ORIENTED_EDGE ( 'NONE', *, *, #10122, .T. ) ;
#7472 = COLOUR_RGB ( '',1.000000000000000000, 1.000000000000000000, 1.000000000000000000 ) ;
#7473 = ORIENTED_EDGE ( 'NONE', *, *, #12039, .F. ) ;
#7474 = ORIENTED_EDGE ( 'NONE', *, *, #9781, .T. ) ;
#7475 = CARTESIAN_POINT ( 'NONE',  ( 16.05859082457480724, 2.864296143744261336, -1.900000000000000355 ) ) ;
#7476 = CARTESIAN_POINT ( 'NONE',  ( 0.000000000000000000, 72.84410401970065152, 4.400000000000000355 ) ) ;
#7477 = DIRECTION ( 'NONE',  ( -0.000000000000000000, 0.000000000000000000, 1.000000000000000000 ) ) ;
#7478 = DIRECTION ( 'NONE',  ( 0.000000000000000000, -1.000000000000000000, 0.000000000000000000 ) ) ;
#7479 = VECTOR ( 'NONE', #1601, 1000.000000000000000 ) ;
#7480 = CARTESIAN_POINT ( 'NONE',  ( -33.43142950036961736, 81.84921655128748341, -6.400000000000000355 ) ) ;
#7481 = FACE_OUTER_BOUND ( 'NONE', #7235, .T. ) ;
#7482 = CARTESIAN_POINT ( 'NONE',  ( -1.202042265149374205E-16, 0.9441179802997412551, 7.399999999999998579 ) ) ;
#7483 = EDGE_CURVE ( 'NONE', #11291, #761, #4568, .T. ) ;
#7484 = CARTESIAN_POINT ( 'NONE',  ( 19.16059050074811765, 51.02545081133818883, -4.995599231674704654 ) ) ;
#7485 = ADVANCED_FACE ( 'NONE', ( #2493 ), #7246, .T. ) ;
#7486 = VERTEX_POINT ( 'NONE', #8801 ) ;
#7487 = ORIENTED_EDGE ( 'NONE', *, *, #3877, .T. ) ;
#7488 = CARTESIAN_POINT ( 'NONE',  ( -25.57962597133438365, 20.12090554574954382, 7.399999999999998579 ) ) ;
#7489 = ORIENTED_EDGE ( 'NONE', *, *, #5174, .F. ) ;
#7490 = AXIS2_PLACEMENT_3D ( 'NONE', #2126, #5728, #6872 ) ;
#7491 = DIRECTION ( 'NONE',  ( -0.9999999999999837907, 1.798198670589262281E-07, 0.000000000000000000 ) ) ;
#7492 = EDGE_CURVE ( 'NONE', #11941, #11925, #5356, .T. ) ;
#7493 = PLANE ( 'NONE',  #704 ) ;
#7494 = DIRECTION ( 'NONE',  ( 0.000000000000000000, -0.7071067811865802133, 0.7071067811865149322 ) ) ;
#7495 = CARTESIAN_POINT ( 'NONE',  ( -4.319404672939019640, 12.56857164801924043, 7.399999999999998579 ) ) ;
#7496 = AXIS2_PLACEMENT_3D ( 'NONE', #236, #5725, #7431 ) ;
#7497 = AXIS2_PLACEMENT_3D ( 'NONE', #9885, #4321, #3466 ) ;
#7498 = LINE ( 'NONE', #4408, #6249 ) ;
#7499 = FACE_OUTER_BOUND ( 'NONE', #4632, .T. ) ;
#7500 = CARTESIAN_POINT ( 'NONE',  ( -31.21227899999999167, 19.69411099999999948, 7.099999999999989875 ) ) ;
#7501 = CIRCLE ( 'NONE', #2247, 0.2999999999999981570 ) ;
#7502 = ORIENTED_EDGE ( 'NONE', *, *, #10718, .F. ) ;
#7503 = AXIS2_PLACEMENT_3D ( 'NONE', #2495, #3534, #9089 ) ;
#7504 = ORIENTED_EDGE ( 'NONE', *, *, #6419, .F. ) ;
#7505 = VERTEX_POINT ( 'NONE', #11637 ) ;
#7506 = EDGE_CURVE ( 'NONE', #2372, #11112, #669, .T. ) ;
#7507 = CARTESIAN_POINT ( 'NONE',  ( -119.3881596709366733, 30.51555428520757118, -3.828807813584978348 ) ) ;
#7508 = EDGE_CURVE ( 'NONE', #1961, #4462, #11867, .T. ) ;
#7509 = CARTESIAN_POINT ( 'NONE',  ( -119.3502727121041715, 57.28231811979603094, -4.318403959652661328 ) ) ;
#7510 = PLANE ( 'NONE',  #8157 ) ;
#7511 = VECTOR ( 'NONE', #3464, 1000.000000000000114 ) ;
#7512 = VECTOR ( 'NONE', #10698, 1000.000000000000114 ) ;
#7513 = CARTESIAN_POINT ( 'NONE',  ( -20.45066675799603217, -2.666965408735948007, -5.787188416759938114 ) ) ;
#7514 = CARTESIAN_POINT ( 'NONE',  ( -34.81861526355650938, 81.85180122269190406, -5.846449542702723434 ) ) ;
#7515 = CARTESIAN_POINT ( 'NONE',  ( 18.16772100000000378, 0.000000000000000000, -1.900000000000000355 ) ) ;
#7516 = ORIENTED_EDGE ( 'NONE', *, *, #2634, .T. ) ;
#7517 = CARTESIAN_POINT ( 'NONE',  ( 11.91857130266412312, 3.193571847410091813, 7.399999999999998579 ) ) ;
#7518 = CARTESIAN_POINT ( 'NONE',  ( -118.3122720196896722, 57.06910750985032621, -1.900000000000000577 ) ) ;
#7519 = VERTEX_POINT ( 'NONE', #10876 ) ;
#7520 = ORIENTED_EDGE ( 'NONE', *, *, #10263, .T. ) ;
#7521 = EDGE_LOOP ( 'NONE', ( #2614, #10727, #2025, #1254, #3364, #10009, #6432, #6752, #3876, #11660, #1281, #678, #128, #5132, #7018 ) ) ;
#7522 = ADVANCED_FACE ( 'NONE', ( #2552 ), #2611, .F. ) ;
#7523 = CARTESIAN_POINT ( 'NONE',  ( -67.39144887573405640, 81.80863812125878098, -5.506109694586541536 ) ) ;
#7524 = LINE ( 'NONE', #1178, #4825 ) ;
#7525 = DIRECTION ( 'NONE',  ( 0.000000000000000000, -0.000000000000000000, -1.000000000000000000 ) ) ;
#7526 = CARTESIAN_POINT ( 'NONE',  ( -67.61227900000001512, 80.84411100000002648, 5.399999999999998579 ) ) ;
#7527 = FACE_OUTER_BOUND ( 'NONE', #5386, .T. ) ;
#7528 = CARTESIAN_POINT ( 'NONE',  ( -99.63347472111917114, 14.21823039902667318, -2.953553224585818260 ) ) ;
#7529 = DIRECTION ( 'NONE',  ( 2.317727724994325245E-06, 0.9999999999973141485, 0.000000000000000000 ) ) ;
#7530 = VECTOR ( 'NONE', #2779, 1000.000000000000114 ) ;
#7531 = VERTEX_POINT ( 'NONE', #441 ) ;
#7532 = DIRECTION ( 'NONE',  ( 0.000000000000000000, 0.000000000000000000, 1.000000000000000000 ) ) ;
#7533 = DIRECTION ( 'NONE',  ( -0.000000000000000000, -0.000000000000000000, 1.000000000000000000 ) ) ;
#7534 = ORIENTED_EDGE ( 'NONE', *, *, #4521, .T. ) ;
#7535 = ORIENTED_EDGE ( 'NONE', *, *, #10874, .F. ) ;
#7536 = ORIENTED_EDGE ( 'NONE', *, *, #6390, .T. ) ;
#7537 = EDGE_CURVE ( 'NONE', #11462, #7127, #950, .T. ) ;
#7538 = CARTESIAN_POINT ( 'NONE',  ( -12.66226043005733537, 81.84410925728559505, -1.900000000000000355 ) ) ;
#7539 = CARTESIAN_POINT ( 'NONE',  ( -117.3122720196896722, 71.84411113364974710, 7.399999999999998579 ) ) ;
#7540 = DIRECTION ( 'NONE',  ( 0.000000000000000000, -0.000000000000000000, -1.000000000000000000 ) ) ;
#7541 = VECTOR ( 'NONE', #5104, 1000.000000000000000 ) ;
#7542 = FACE_OUTER_BOUND ( 'NONE', #9242, .T. ) ;
#7543 = CARTESIAN_POINT ( 'NONE',  ( -31.43131914281311623, 81.84926523049927027, -4.530178181968012474 ) ) ;
#7544 = CARTESIAN_POINT ( 'NONE',  ( -11.32003573148202591, 2.053094550384141126, 7.099999999999990763 ) ) ;
#7545 = CARTESIAN_POINT ( 'NONE',  ( -60.76227899999999948, 27.99411099999999664, 4.400000000000000355 ) ) ;
#7546 = CARTESIAN_POINT ( 'NONE',  ( 12.91773293216641250, 78.84410465749472507, -1.799999999999999378 ) ) ;
#7547 = VERTEX_POINT ( 'NONE', #6450 ) ;
#7548 = VERTEX_POINT ( 'NONE', #3245 ) ;
#7549 = CIRCLE ( 'NONE', #2290, 0.3999999999999906408 ) ;
#7550 = PLANE ( 'NONE',  #3302 ) ;
#7551 = EDGE_LOOP ( 'NONE', ( #1978, #5478, #11156, #2297 ) ) ;
#7552 = DIRECTION ( 'NONE',  ( 1.492741799624945840E-62, 0.000000000000000000, -1.000000000000000000 ) ) ;
#7553 = EDGE_CURVE ( 'NONE', #6719, #7127, #6329, .T. ) ;
#7554 = EDGE_CURVE ( 'NONE', #5929, #8074, #3531, .T. ) ;
#7555 = CARTESIAN_POINT ( 'NONE',  ( 13.55859082457480724, -1.465830875177938308, -1.900000000000000355 ) ) ;
#7556 = DIRECTION ( 'NONE',  ( 0.000000000000000000, 0.000000000000000000, 1.000000000000000000 ) ) ;
#7557 = CARTESIAN_POINT ( 'NONE',  ( 5.317734850168672978, 89.51034756898117450, -1.800000000000000933 ) ) ;
#7558 = VECTOR ( 'NONE', #3974, 1000.000000000000114 ) ;
#7559 = CARTESIAN_POINT ( 'NONE',  ( 19.13990273723776525, 47.59828176962523827, -2.613211992825268837 ) ) ;
#7560 = PLANE ( 'NONE',  #2376 ) ;
#7561 = ORIENTED_EDGE ( 'NONE', *, *, #1931, .T. ) ;
#7562 = APPLICATION_CONTEXT ( 'automotive_design' ) ;
#7563 = AXIS2_PLACEMENT_3D ( 'NONE', #4460, #3778, #4641 ) ;
#7564 = CARTESIAN_POINT ( 'NONE',  ( -42.71227739747914143, 84.84410401969522297, -1.900000000000000577 ) ) ;
#7565 = VERTEX_POINT ( 'NONE', #7611 ) ;
#7566 = ORIENTED_EDGE ( 'NONE', *, *, #1319, .F. ) ;
#7567 = CARTESIAN_POINT ( 'NONE',  ( 16.56393687783518587, 81.20101872630922912, 3.650101891714190749 ) ) ;
#7568 = VERTEX_POINT ( 'NONE', #7488 ) ;
#7569 = LINE ( 'NONE', #8610, #6280 ) ;
#7570 = CARTESIAN_POINT ( 'NONE',  ( -119.5041531794673375, 58.47350827951456154, -4.481602675009022541 ) ) ;
#7571 = AXIS2_PLACEMENT_3D ( 'NONE', #1719, #2750, #1044 ) ;
#7572 = CARTESIAN_POINT ( 'NONE',  ( -42.11227899999999380, 27.99411100000000019, 4.400000000000000355 ) ) ;
#7573 = AXIS2_PLACEMENT_3D ( 'NONE', #6893, #11446, #2085 ) ;
#7574 = CARTESIAN_POINT ( 'NONE',  ( -21.14489637874100936, -2.627921235691764057, -4.971197493959182978 ) ) ;
#7575 = EDGE_CURVE ( 'NONE', #5230, #5881, #6689, .T. ) ;
#7576 = CARTESIAN_POINT ( 'NONE',  ( -34.49221783284409071, 81.84295566619223905, -2.613211991801165812 ) ) ;
#7577 = LINE ( 'NONE', #9594, #6783 ) ;
#7578 = ADVANCED_FACE ( 'NONE', ( #7427 ), #10250, .F. ) ;
#7579 = CARTESIAN_POINT ( 'NONE',  ( -71.43142950036546779, 81.84411100000002648, -4.400000000000000355 ) ) ;
#7580 = CARTESIAN_POINT ( 'NONE',  ( 18.16772100000000378, 39.98547018669192710, 1.699999999999993516 ) ) ;
#7581 = VERTEX_POINT ( 'NONE', #10431 ) ;
#7582 = ORIENTED_EDGE ( 'NONE', *, *, #983, .F. ) ;
#7583 = VECTOR ( 'NONE', #4803, 1000.000000000000000 ) ;
#7584 = VECTOR ( 'NONE', #377, 1000.000000000000000 ) ;
#7585 = CARTESIAN_POINT ( 'NONE',  ( -79.51540507967473559, 23.29411798030432124, -1.900000000000000355 ) ) ;
#7586 = FACE_OUTER_BOUND ( 'NONE', #5214, .T. ) ;
#7587 = DIRECTION ( 'NONE',  ( 0.000000000000000000, -1.000000000000000000, 0.000000000000000000 ) ) ;
#7588 = LINE ( 'NONE', #7405, #11401 ) ;
#7589 = DIRECTION ( 'NONE',  ( -0.5000000044812192845, -0.8660254011972055022, 0.000000000000000000 ) ) ;
#7590 = CARTESIAN_POINT ( 'NONE',  ( 11.01773293216644412, 78.84410499915246362, 0.09999999999999982514 ) ) ;
#7591 = CARTESIAN_POINT ( 'NONE',  ( -100.7758657286020849, 14.24628762922562153, -4.314918151673849067 ) ) ;
#7592 = CARTESIAN_POINT ( 'NONE',  ( -0.01831639601858987831, 85.24687480008267926, 2.799999999999980727 ) ) ;
#7593 = CONICAL_SURFACE ( 'NONE', #593, 2.300000000000010481, 0.7853981633974520538 ) ;
#7594 = ORIENTED_EDGE ( 'NONE', *, *, #10753, .F. ) ;
#7595 = EDGE_CURVE ( 'NONE', #7505, #11042, #9388, .T. ) ;
#7596 = CARTESIAN_POINT ( 'NONE',  ( 14.86773327385486709, 80.74427527402703220, 3.399999999999993250 ) ) ;
#7597 = EDGE_CURVE ( 'NONE', #10907, #11561, #11419, .T. ) ;
#7598 = CARTESIAN_POINT ( 'NONE',  ( -71.43142950036546779, 81.84411100000002648, 0.5999999999999998668 ) ) ;
#7599 = ORIENTED_EDGE ( 'NONE', *, *, #8864, .F. ) ;
#7600 = ORIENTED_EDGE ( 'NONE', *, *, #2219, .F. ) ;
#7601 = DIRECTION ( 'NONE',  ( -0.000000000000000000, -0.000000000000000000, -1.000000000000000000 ) ) ;
#7602 = CARTESIAN_POINT ( 'NONE',  ( -42.41227899999999806, 27.99411100000000019, 7.100000000000059153 ) ) ;
#7603 = DIRECTION ( 'NONE',  ( 1.000000000000000000, 0.000000000000000000, 0.000000000000000000 ) ) ;
#7604 = CARTESIAN_POINT ( 'NONE',  ( -24.06029554620174338, -1.773534742971905276, -5.619273793367176140 ) ) ;
#7605 = DIRECTION ( 'NONE',  ( 0.000000000000000000, 0.000000000000000000, 1.000000000000000000 ) ) ;
#7606 = CARTESIAN_POINT ( 'NONE',  ( -22.36452166131000041, 78.13965514279601621, -1.900000000000000355 ) ) ;
#7607 = CARTESIAN_POINT ( 'NONE',  ( 0.9201698327573138991, 85.05487971693410998, 4.296979884987668363 ) ) ;
#7608 = CARTESIAN_POINT ( 'NONE',  ( 19.16772100000000734, 48.98547018669192710, -2.399999999999992806 ) ) ;
#7609 = ORIENTED_EDGE ( 'NONE', *, *, #7483, .T. ) ;
#7610 = EDGE_CURVE ( 'NONE', #5491, #8393, #907, .T. ) ;
#7611 = CARTESIAN_POINT ( 'NONE',  ( 18.16772100000000378, 16.98547018669192710, -6.399999999999995026 ) ) ;
#7612 = ORIENTED_EDGE ( 'NONE', *, *, #10195, .F. ) ;
#7613 = CARTESIAN_POINT ( 'NONE',  ( -70.81228330292587714, 19.29411698796796415, -2.400000000000000355 ) ) ;
#7614 = AXIS2_PLACEMENT_3D ( 'NONE', #8506, #1972, #5699 ) ;
#7615 = DIRECTION ( 'NONE',  ( -0.000000000000000000, 0.000000000000000000, 1.000000000000000000 ) ) ;
#7616 = B_SPLINE_CURVE_WITH_KNOTS ( 'NONE', 3,
 ( #770, #4551, #4614, #2594, #5578, #8145, #8332, #3638, #4488, #1680, #5520, #11150, #9252, #8272, #4425, #7409, #12027, #9311, #2537, #944, #4669, #8386, #11337, #274, #3012, #10292, #8444, #5880, #212, #2035 ),
 .UNSPECIFIED., .F., .F.,
 ( 4, 2, 2, 2, 2, 2, 2, 2, 2, 2, 2, 2, 2, 2, 4 ),
 ( 4.336808689942017736E-18, 0.0003908071656751632727, 0.0007816143313503222086, 0.001172421497025481199, 0.001563228662700640080, 0.002344842994050958061, 0.003126457325401275824, 0.003517264491076440344, 0.003908071656751604429, 0.004298878822426768949, 0.004689685988101933468, 0.005080493153777097988, 0.005471300319452262508, 0.005862107485127427027, 0.006252914650802591547 ),
 .UNSPECIFIED. ) ;
#7617 = LINE ( 'NONE', #9576, #4972 ) ;
#7618 = CARTESIAN_POINT ( 'NONE',  ( -53.46685758666355781, 23.29411100000000800, -1.900000000000000355 ) ) ;
#7619 = DIRECTION ( 'NONE',  ( 0.000000000000000000, -0.000000000000000000, -1.000000000000000000 ) ) ;
#7620 = DIRECTION ( 'NONE',  ( 1.000000000000000000, 0.000000000000000000, 0.000000000000000000 ) ) ;
#7621 = CARTESIAN_POINT ( 'NONE',  ( 19.36042860195723492, 48.41427269254759125, -4.485088767641717489 ) ) ;
#7622 = CIRCLE ( 'NONE', #8013, 0.2977672882811255306 ) ;
#7623 = CARTESIAN_POINT ( 'NONE',  ( -20.60410979727478065, -2.699555867708244516, -4.139799358718685873 ) ) ;
#7624 = ADVANCED_FACE ( 'NONE', ( #6751 ), #7778, .T. ) ;
#7625 = ORIENTED_EDGE ( 'NONE', *, *, #11564, .T. ) ;
#7626 = LINE ( 'NONE', #4940, #9522 ) ;
#7627 = VERTEX_POINT ( 'NONE', #9329 ) ;
#7628 = ORIENTED_EDGE ( 'NONE', *, *, #6954, .F. ) ;
#7629 = EDGE_LOOP ( 'NONE', ( #11812, #9758 ) ) ;
#7630 = FACE_OUTER_BOUND ( 'NONE', #11723, .T. ) ;
#7631 = VECTOR ( 'NONE', #5941, 1000.000000000000000 ) ;
#7632 = CARTESIAN_POINT ( 'NONE',  ( -119.3506887678313007, 59.66470120652152787, -6.113584520840152692 ) ) ;
#7633 = CARTESIAN_POINT ( 'NONE',  ( 19.24664922950139712, 18.04625851918304136, -5.506109695705925233 ) ) ;
#7634 = CARTESIAN_POINT ( 'NONE',  ( -21.96828204401165863, -2.413405209981149380, -5.787188416944768043 ) ) ;
#7635 = EDGE_CURVE ( 'NONE', #758, #5123, #8406, .T. ) ;
#7636 = EDGE_CURVE ( 'NONE', #11214, #2612, #6629, .T. ) ;
#7637 = CARTESIAN_POINT ( 'NONE',  ( -34.81861526355650938, 81.92589967376933657, -4.995599230561261983 ) ) ;
#7638 = DIRECTION ( 'NONE',  ( -0.000000000000000000, -0.000000000000000000, 1.000000000000000000 ) ) ;
#7639 = VECTOR ( 'NONE', #11304, 1000.000000000000227 ) ;
#7640 = DIRECTION ( 'NONE',  ( -0.000000000000000000, -0.000000000000000000, -1.000000000000000000 ) ) ;
#7641 = DIRECTION ( 'NONE',  ( -0.000000000000000000, -0.000000000000000000, -1.000000000000000000 ) ) ;
#7642 = EDGE_LOOP ( 'NONE', ( #6311, #10877 ) ) ;
#7643 = ORIENTED_EDGE ( 'NONE', *, *, #3092, .F. ) ;
#7644 = DIRECTION ( 'NONE',  ( 1.000000000000000000, 0.000000000000000000, 0.000000000000000000 ) ) ;
#7645 = CARTESIAN_POINT ( 'NONE',  ( -69.34982682536841025, 81.97710123055126985, -5.506109694586541536 ) ) ;
#7646 = CARTESIAN_POINT ( 'NONE',  ( -117.3122790891199116, 15.29411798029975778, 7.100000000000059153 ) ) ;
#7647 = CARTESIAN_POINT ( 'NONE',  ( 19.16772100000000734, 16.98547018669192710, -4.400000000000000355 ) ) ;
#7648 = EDGE_CURVE ( 'NONE', #11702, #4277, #583, .T. ) ;
#7649 = AXIS2_PLACEMENT_3D ( 'NONE', #4458, #5430, #8054 ) ;
#7650 = DIRECTION ( 'NONE',  ( -1.000000000000000000, 0.000000000000000000, 0.000000000000000000 ) ) ;
#7651 = DIRECTION ( 'NONE',  ( 0.000000000000000000, 0.7071067811865802133, -0.7071067811865149322 ) ) ;
#7652 = CARTESIAN_POINT ( 'NONE',  ( -100.1230708671832446, 14.33828684917920349, -6.527129239970771657 ) ) ;
#7653 = DIRECTION ( 'NONE',  ( -1.000000000000000000, -2.646977960169688560E-23, 0.000000000000000000 ) ) ;
#7654 = ORIENTED_EDGE ( 'NONE', *, *, #6151, .F. ) ;
#7655 = DIRECTION ( 'NONE',  ( 0.000000000000000000, -0.000000000000000000, -1.000000000000000000 ) ) ;
#7656 = VERTEX_POINT ( 'NONE', #1995 ) ;
#7657 = DIRECTION ( 'NONE',  ( -1.000000000000000000, 0.000000000000000000, -0.000000000000000000 ) ) ;
#7658 = EDGE_LOOP ( 'NONE', ( #1703, #5302, #8664, #585, #2388, #2972 ) ) ;
#7659 = CIRCLE ( 'NONE', #2393, 0.1999999999999710343 ) ;
#7660 = EDGE_LOOP ( 'NONE', ( #343, #3379, #5570, #9711 ) ) ;
#7661 = FACE_OUTER_BOUND ( 'NONE', #8225, .T. ) ;
#7662 = CARTESIAN_POINT ( 'NONE',  ( -49.66227902055459964, 2.244117980299764170, -1.900000000000000577 ) ) ;
#7663 = CARTESIAN_POINT ( 'NONE',  ( -2.543571648019208542, 13.04440467293902195, 7.399999999999998579 ) ) ;
#7664 = EDGE_CURVE ( 'NONE', #10400, #1655, #4468, .T. ) ;
#7665 = CARTESIAN_POINT ( 'NONE',  ( -52.26227900109224578, -0.3558820217042309442, 7.399999999999998579 ) ) ;
#7666 = CYLINDRICAL_SURFACE ( 'NONE', #11452, 0.5999999999999992006 ) ;
#7667 = EDGE_CURVE ( 'NONE', #10980, #6718, #1145, .T. ) ;
#7668 = CARTESIAN_POINT ( 'NONE',  ( 1.276939357241122508, 84.13095081796743102, 3.369191822280983128 ) ) ;
#7669 = VECTOR ( 'NONE', #3084, 1000.000000000000114 ) ;
#7670 = FACE_OUTER_BOUND ( 'NONE', #7341, .T. ) ;
#7671 = EDGE_LOOP ( 'NONE', ( #8893, #9401, #2551, #9001, #4823, #11199 ) ) ;
#7672 = CONICAL_SURFACE ( 'NONE', #1816, 0.2999999999999669598, 0.7853981633974945753 ) ;
#7673 = EDGE_LOOP ( 'NONE', ( #1862, #7324, #9740, #10663, #4985, #2601 ) ) ;
#7674 = CARTESIAN_POINT ( 'NONE',  ( 8.422096595950051778, -4.862499794919266982, -1.900000000000000355 ) ) ;
#7675 = ORIENTED_EDGE ( 'NONE', *, *, #3463, .T. ) ;
#7676 = VECTOR ( 'NONE', #10835, 1000.000000000000114 ) ;
#7677 = CARTESIAN_POINT ( 'NONE',  ( 12.91857130266412312, 3.193571847410091813, 4.400000000000000355 ) ) ;
#7678 = CARTESIAN_POINT ( 'NONE',  ( 0.000000000000000000, 0.000000000000000000, 4.400000000000000355 ) ) ;
#7679 = CARTESIAN_POINT ( 'NONE',  ( -63.05759268073793322, 2.898797320354307594, 6.400000000000025224 ) ) ;
#7680 = EDGE_CURVE ( 'NONE', #547, #10604, #7189, .T. ) ;
#7681 = CARTESIAN_POINT ( 'NONE',  ( 6.242186189043171482E-06, 23.29409667233048609, 4.400000000000000355 ) ) ;
#7682 = DIRECTION ( 'NONE',  ( 0.02449038290385218558, 0.9997000655922869683, 0.000000000000000000 ) ) ;
#7683 = CARTESIAN_POINT ( 'NONE',  ( 19.17216827610108609, 47.27188566584293028, -3.293894456394887094 ) ) ;
#7684 = VECTOR ( 'NONE', #3716, 1000.000000000000000 ) ;
#7685 = CARTESIAN_POINT ( 'NONE',  ( -24.40430190001591271, -1.681271972443712848, -3.873289865078517913 ) ) ;
#7686 = EDGE_LOOP ( 'NONE', ( #6702, #9096, #4911 ) ) ;
#7687 = CARTESIAN_POINT ( 'NONE',  ( 0.000000000000000000, 80.84188785450702142, 7.100000000000059153 ) ) ;
#7688 = ORIENTED_EDGE ( 'NONE', *, *, #361, .T. ) ;
#7689 = FACE_OUTER_BOUND ( 'NONE', #4836, .T. ) ;
#7690 = AXIS2_PLACEMENT_3D ( 'NONE', #4003, #3029, #8524 ) ;
#7691 = EDGE_CURVE ( 'NONE', #9692, #5391, #10726, .T. ) ;
#7692 = CARTESIAN_POINT ( 'NONE',  ( -119.4891022661339832, 58.47350827951456864, -3.828807813583583464 ) ) ;
#7693 = CARTESIAN_POINT ( 'NONE',  ( -21.12724571908624327, -2.562048076118648599, -5.787188416842336203 ) ) ;
#7694 = AXIS2_PLACEMENT_3D ( 'NONE', #10482, #9682, #4118 ) ;
#7695 = CARTESIAN_POINT ( 'NONE',  ( -33.34982682535063248, 81.88211184935843789, -2.613211991801165812 ) ) ;
#7696 = CONICAL_SURFACE ( 'NONE', #8481, 2.024999999999985256, 0.7853981633974232990 ) ;
#7697 = CARTESIAN_POINT ( 'NONE',  ( -119.3122720196896722, 61.06910750985031910, -1.900000000000000355 ) ) ;
#7698 = LINE ( 'NONE', #1170, #10248 ) ;
#7699 = CARTESIAN_POINT ( 'NONE',  ( -70.93931915047815551, 81.84929215901395594, -3.079508384496187468 ) ) ;
#7700 = ORIENTED_EDGE ( 'NONE', *, *, #8300, .F. ) ;
#7701 = ORIENTED_EDGE ( 'NONE', *, *, #10940, .F. ) ;
#7702 = LINE ( 'NONE', #9725, #11792 ) ;
#7703 = EDGE_CURVE ( 'NONE', #5548, #3460, #5719, .T. ) ;
#7704 = CARTESIAN_POINT ( 'NONE',  ( -68.86023200622652496, 81.91999823465222619, -2.953553223614921563 ) ) ;
#7705 = CARTESIAN_POINT ( 'NONE',  ( -119.3122720196896722, 57.06910750985032621, -4.400000000000000355 ) ) ;
#7706 = EDGE_CURVE ( 'NONE', #1671, #10939, #11232, .T. ) ;
#7707 = DIRECTION ( 'NONE',  ( 1.798198670589261486E-07, 0.9999999999999839018, 0.000000000000000000 ) ) ;
#7708 = CIRCLE ( 'NONE', #1663, 0.5000000000000004441 ) ;
#7709 = VECTOR ( 'NONE', #5600, 1000.000000000000000 ) ;
#7710 = CARTESIAN_POINT ( 'NONE',  ( 13.55859082457480724, -1.465830875177938308, 5.399999999999998579 ) ) ;
#7711 = DIRECTION ( 'NONE',  ( -1.000000000000000000, 0.000000000000000000, 0.000000000000000000 ) ) ;
#7712 = CARTESIAN_POINT ( 'NONE',  ( -30.77754216137649124, 6.736876751172759192, 4.400000000000000355 ) ) ;
#7713 = DIRECTION ( 'NONE',  ( 2.646977960169688560E-23, -1.000000000000000000, 0.000000000000000000 ) ) ;
#7714 = ORIENTED_EDGE ( 'NONE', *, *, #3566, .F. ) ;
#7715 = CARTESIAN_POINT ( 'NONE',  ( 15.11334205750502413, 80.55299371658445295, 3.347817434488128185 ) ) ;
#7716 = ORIENTED_EDGE ( 'NONE', *, *, #9800, .T. ) ;
#7717 = DIRECTION ( 'NONE',  ( 0.7071067811865802133, 0.000000000000000000, 0.7071067811865149322 ) ) ;
#7718 = VECTOR ( 'NONE', #4260, 1000.000000000000000 ) ;
#7719 = ORIENTED_EDGE ( 'NONE', *, *, #2275, .F. ) ;
#7720 = ADVANCED_FACE ( 'NONE', ( #10313 ), #7550, .T. ) ;
#7721 = VERTEX_POINT ( 'NONE', #8530 ) ;
#7722 = LINE ( 'NONE', #9805, #6908 ) ;
#7723 = DIRECTION ( 'NONE',  ( -8.204814290039227012E-15, 1.000000000000000000, 0.000000000000000000 ) ) ;
#7724 = CARTESIAN_POINT ( 'NONE',  ( -61.16005585450887594, 84.84411115030172823, 4.400000000000000355 ) ) ;
#7725 = FACE_OUTER_BOUND ( 'NONE', #4883, .T. ) ;
#7726 = CARTESIAN_POINT ( 'NONE',  ( -32.90471936544455644, 81.84920116637462684, -6.346905285572919553 ) ) ;
#7727 = DIRECTION ( 'NONE',  ( 0.000000000000000000, 0.000000000000000000, 1.000000000000000000 ) ) ;
#7728 = AXIS2_PLACEMENT_3D ( 'NONE', #1515, #5235, #5115 ) ;
#7729 = PLANE ( 'NONE',  #11945 ) ;
#7730 = EDGE_LOOP ( 'NONE', ( #11420, #10932, #7099, #11306 ) ) ;
#7731 = FACE_OUTER_BOUND ( 'NONE', #6285, .T. ) ;
#7732 = ORIENTED_EDGE ( 'NONE', *, *, #4828, .T. ) ;
#7733 = ADVANCED_FACE ( 'NONE', ( #3890 ), #9514, .F. ) ;
#7734 = EDGE_CURVE ( 'NONE', #6084, #7381, #5111, .T. ) ;
#7735 = AXIS2_PLACEMENT_3D ( 'NONE', #5819, #1121, #8567 ) ;
#7736 = FACE_OUTER_BOUND ( 'NONE', #9768, .T. ) ;
#7737 = DIRECTION ( 'NONE',  ( 1.000000000000000000, 0.000000000000000000, 0.000000000000000000 ) ) ;
#7738 = DIRECTION ( 'NONE',  ( 1.000000000000000000, 0.000000000000000000, 0.000000000000000000 ) ) ;
#7739 = FACE_OUTER_BOUND ( 'NONE', #11857, .T. ) ;
#7740 = FACE_OUTER_BOUND ( 'NONE', #10371, .T. ) ;
#7741 = CONICAL_SURFACE ( 'NONE', #2482, 2.024999999999985256, 0.7853981633974232990 ) ;
#7742 = DIRECTION ( 'NONE',  ( 0.000000000000000000, -0.000000000000000000, -1.000000000000000000 ) ) ;
#7743 = VERTEX_POINT ( 'NONE', #7851 ) ;
#7744 = EDGE_LOOP ( 'NONE', ( #12085, #7535, #2379, #11327 ) ) ;
#7745 = EDGE_CURVE ( 'NONE', #6899, #6569, #12098, .T. ) ;
#7746 = DIRECTION ( 'NONE',  ( 0.9999999999993565147, -1.134431389167281103E-06, 0.000000000000000000 ) ) ;
#7747 = CARTESIAN_POINT ( 'NONE',  ( 18.16772100000000378, 26.58547018669192852, 2.299999999999991829 ) ) ;
#7748 = CIRCLE ( 'NONE', #7937, 1.900000000000000133 ) ;
#7749 = DIRECTION ( 'NONE',  ( -3.750753461571469916E-15, 1.000000000000000000, 0.000000000000000000 ) ) ;
#7750 = CARTESIAN_POINT ( 'NONE',  ( -119.5041538425668790, 59.66470120652152787, -4.318403959652663104 ) ) ;
#7751 = CARTESIAN_POINT ( 'NONE',  ( 19.14852196140341434, 17.55666237311303490, -6.527129240127193199 ) ) ;
#7752 = CARTESIAN_POINT ( 'NONE',  ( -22.65897990105935733, -2.361174968825515474, -4.318403959675451098 ) ) ;
#7753 = AXIS2_PLACEMENT_3D ( 'NONE', #11311, #3964, #3051 ) ;
#7754 = CARTESIAN_POINT ( 'NONE',  ( -35.47141012498134671, 81.75750140350773165, -6.186789390830439217 ) ) ;
#7755 = CARTESIAN_POINT ( 'NONE',  ( -24.36540507968175007, 80.84410401969522297, 4.400000000000000355 ) ) ;
#7756 = EDGE_CURVE ( 'NONE', #6617, #4605, #4010, .T. ) ;
#7757 = CARTESIAN_POINT ( 'NONE',  ( -30.71227899999999167, 7.232599173267165504, 7.399999999999998579 ) ) ;
#7758 = LINE ( 'NONE', #1114, #10493 ) ;
#7759 = ORIENTED_EDGE ( 'NONE', *, *, #5392, .T. ) ;
#7760 = ORIENTED_EDGE ( 'NONE', *, *, #7636, .T. ) ;
#7761 = CARTESIAN_POINT ( 'NONE',  ( -91.83727469707440605, 76.84410589528943092, -1.499999999999999556 ) ) ;
#7762 = CARTESIAN_POINT ( 'NONE',  ( -69.51302554072671569, 81.88211189700267312, -2.613211991846879023 ) ) ;
#7763 = AXIS2_PLACEMENT_3D ( 'NONE', #6734, #2038, #2957 ) ;
#7764 = FACE_OUTER_BOUND ( 'NONE', #6360, .T. ) ;
#7765 = DIRECTION ( 'NONE',  ( 0.9999999999999206191, -3.984065844030486389E-07, 0.000000000000000000 ) ) ;
#7766 = AXIS2_PLACEMENT_3D ( 'NONE', #9148, #4384, #6267 ) ;
#7767 = DIRECTION ( 'NONE',  ( 1.000000000000000000, -0.000000000000000000, 0.000000000000000000 ) ) ;
#7768 = CARTESIAN_POINT ( 'NONE',  ( -80.21227201969415432, 0.000000000000000000, 5.399999999999998579 ) ) ;
#7769 = DIRECTION ( 'NONE',  ( 0.000000000000000000, 0.000000000000000000, 1.000000000000000000 ) ) ;
#7770 = CARTESIAN_POINT ( 'NONE',  ( 11.91857130266412312, 3.193571847410091813, 7.099999999999989875 ) ) ;
#7771 = APPLICATION_PROTOCOL_DEFINITION ( 'draft international standard', 'automotive_design', 1998, #7562 ) ;
#7772 = VERTEX_POINT ( 'NONE', #11738 ) ;
#7773 = DIRECTION ( 'NONE',  ( -1.000000000000000000, 0.000000000000000000, 0.000000000000000000 ) ) ;
#7774 = DIRECTION ( 'NONE',  ( 1.165657149518714511E-06, 0.9999999999993206545, 0.000000000000000000 ) ) ;
#7775 = VERTEX_POINT ( 'NONE', #3095 ) ;
#7776 = EDGE_CURVE ( 'NONE', #10850, #5625, #1331, .T. ) ;
#7777 = AXIS2_PLACEMENT_3D ( 'NONE', #3406, #10871, #6205 ) ;
#7778 = CONICAL_SURFACE ( 'NONE', #7377, 0.2999999999999669598, 0.7853981633974945753 ) ;
#7779 = VERTEX_POINT ( 'NONE', #1203 ) ;
#7780 = ORIENTED_EDGE ( 'NONE', *, *, #3968, .F. ) ;
#7781 = DIRECTION ( 'NONE',  ( -0.000000000000000000, 0.000000000000000000, 1.000000000000000000 ) ) ;
#7782 = CARTESIAN_POINT ( 'NONE',  ( 15.00195873201347396, 80.64003908753387861, 3.384874172919194013 ) ) ;
#7783 = CARTESIAN_POINT ( 'NONE',  ( -49.66227899999999096, 19.69411099999999593, 7.099999999999989875 ) ) ;
#7784 = CARTESIAN_POINT ( 'NONE',  ( -4.612279000000002682, 77.84411100000001227, 4.400000000000000355 ) ) ;
#7785 = DIRECTION ( 'NONE',  ( 0.000000000000000000, 0.000000000000000000, 1.000000000000000000 ) ) ;
#7786 = PLANE ( 'NONE',  #3294 ) ;
#7787 = AXIS2_PLACEMENT_3D ( 'NONE', #273, #8692, #2216 ) ;
#7788 = EDGE_CURVE ( 'NONE', #3508, #2206, #7388, .T. ) ;
#7789 = CARTESIAN_POINT ( 'NONE',  ( -69.43142950036545358, 80.84411100000002648, -6.400000000000002132 ) ) ;
#7790 = ORIENTED_EDGE ( 'NONE', *, *, #11470, .F. ) ;
#7791 = EDGE_CURVE ( 'NONE', #11702, #3183, #3217, .T. ) ;
#7792 = ORIENTED_EDGE ( 'NONE', *, *, #5513, .T. ) ;
#7793 = ADVANCED_FACE ( 'NONE', ( #7731 ), #10682, .T. ) ;
#7794 = DIRECTION ( 'NONE',  ( 0.7071067811865426878, 0.000000000000000000, 0.7071067811865524577 ) ) ;
#7795 = ORIENTED_EDGE ( 'NONE', *, *, #3353, .F. ) ;
#7796 = VECTOR ( 'NONE', #6794, 1000.000000000000000 ) ;
#7797 = DIRECTION ( 'NONE',  ( 0.000000000000000000, -0.7071067811865802133, -0.7071067811865149322 ) ) ;
#7798 = LINE ( 'NONE', #2918, #8490 ) ;
#7799 = DIRECTION ( 'NONE',  ( 0.7071067811865524577, 0.000000000000000000, 0.7071067811865426878 ) ) ;
#7800 = CARTESIAN_POINT ( 'NONE',  ( -97.34869801388583710, 14.38380865969412703, -6.527129239970771657 ) ) ;
#7801 = EDGE_CURVE ( 'NONE', #758, #11702, #5902, .T. ) ;
#7802 = LINE ( 'NONE', #5730, #5671 ) ;
#7803 = CARTESIAN_POINT ( 'NONE',  ( 19.08111151718165388, 14.94548956207215262, -2.613211992824872265 ) ) ;
#7804 = CARTESIAN_POINT ( 'NONE',  ( -24.05803625135179757, -1.774140668973138935, -3.177619477097979317 ) ) ;
#7805 = VERTEX_POINT ( 'NONE', #5229 ) ;
#7806 = VERTEX_POINT ( 'NONE', #3459 ) ;
#7807 = AXIS2_PLACEMENT_3D ( 'NONE', #4107, #3132, #1427 ) ;
#7808 = CARTESIAN_POINT ( 'NONE',  ( 11.01773293216644589, 78.84410499915246362, 0.09999999999999982514 ) ) ;
#7809 = LINE ( 'NONE', #1759, #5769 ) ;
#7810 = ORIENTED_EDGE ( 'NONE', *, *, #2511, .F. ) ;
#7811 = CARTESIAN_POINT ( 'NONE',  ( -119.1965455083502547, 31.19623674881175646, -2.360019375376300577 ) ) ;
#7812 = CARTESIAN_POINT ( 'NONE',  ( -119.5049796216662799, 58.98401874329225336, -4.971197494144984574 ) ) ;
#7813 = DIRECTION ( 'NONE',  ( 0.000000000000000000, 0.000000000000000000, 1.000000000000000000 ) ) ;
#7814 = EDGE_CURVE ( 'NONE', #9473, #2400, #2599, .T. ) ;
#7815 = EDGE_CURVE ( 'NONE', #10352, #2628, #9256, .T. ) ;
#7816 = CARTESIAN_POINT ( 'NONE',  ( -23.61126254493836640, -1.970209549723412223, -3.339211667689506946 ) ) ;
#7817 = CARTESIAN_POINT ( 'NONE',  ( -35.47141012498134671, 81.72838448872192885, -2.272870760029102044 ) ) ;
#7818 = CARTESIAN_POINT ( 'NONE',  ( 14.86773311198624725, 79.84410430684582138, 2.799999999999993605 ) ) ;
#7819 = FACE_OUTER_BOUND ( 'NONE', #5414, .T. ) ;
#7820 = CARTESIAN_POINT ( 'NONE',  ( -70.31789712211860888, 81.84922877244135009, -2.602394235310127257 ) ) ;
#7821 = ORIENTED_EDGE ( 'NONE', *, *, #3634, .F. ) ;
#7822 = AXIS2_PLACEMENT_3D ( 'NONE', #11211, #9368, #2158 ) ;
#7823 = ORIENTED_EDGE ( 'NONE', *, *, #4704, .F. ) ;
#7824 = CARTESIAN_POINT ( 'NONE',  ( 3.193571330174634237, -11.91857111360542376, 7.399999999999998579 ) ) ;
#7825 = CARTESIAN_POINT ( 'NONE',  ( -69.34982682536841025, 82.05421436362293264, -4.314918150687090836 ) ) ;
#7826 = DIRECTION ( 'NONE',  ( 0.000000000000000000, 1.000000000000000000, -0.000000000000000000 ) ) ;
#7827 = DIRECTION ( 'NONE',  ( 0.7071067811865536790, 0.000000000000000000, 0.7071067811865414665 ) ) ;
#7828 = CARTESIAN_POINT ( 'NONE',  ( -97.73931525555354938, 14.28893280898352103, -2.894409693361169822 ) ) ;
#7829 = ADVANCED_FACE ( 'NONE', ( #6852 ), #3017, .F. ) ;
#7830 = CARTESIAN_POINT ( 'NONE',  ( -61.46005585450884467, 84.84411115030172823, 7.399999999999998579 ) ) ;
#7831 = DIRECTION ( 'NONE',  ( 0.000000000000000000, -1.000000000000000000, 0.000000000000000000 ) ) ;
#7832 = CIRCLE ( 'NONE', #51, 0.4000000000000114575 ) ;
#7833 = DIRECTION ( 'NONE',  ( 0.000000000000000000, -0.000000000000000000, 1.000000000000000000 ) ) ;
#7834 = VERTEX_POINT ( 'NONE', #2165 ) ;
#7835 = FACE_OUTER_BOUND ( 'NONE', #7673, .T. ) ;
#7836 = CARTESIAN_POINT ( 'NONE',  ( -41.71247404278456372, 9.667815756732757850E-05, 5.399999999999998579 ) ) ;
#7837 = ORIENTED_EDGE ( 'NONE', *, *, #8968, .T. ) ;
#7838 = ORIENTED_EDGE ( 'NONE', *, *, #132, .F. ) ;
#7839 = DIRECTION ( 'NONE',  ( -0.000000000000000000, -0.000000000000000000, -1.000000000000000000 ) ) ;
#7840 = VERTEX_POINT ( 'NONE', #8700 ) ;
#7841 = VECTOR ( 'NONE', #7532, 1000.000000000000000 ) ;
#7842 = DIRECTION ( 'NONE',  ( 0.000000000000000000, 1.000000000000000000, 0.000000000000000000 ) ) ;
#7843 = CARTESIAN_POINT ( 'NONE',  ( 14.86773327385486532, 80.74427527402700377, 3.399999999999993250 ) ) ;
#7844 = CARTESIAN_POINT ( 'NONE',  ( 2.419457762748670415, 79.84410654529303031, -1.900000000000000355 ) ) ;
#7845 = CARTESIAN_POINT ( 'NONE',  ( -10.79990231918527854, 1.691810046604684148, 7.399999999999998579 ) ) ;
#7846 = ADVANCED_FACE ( 'NONE', ( #8639 ), #3267, .T. ) ;
#7847 = DIRECTION ( 'NONE',  ( 0.2717580135073573433, 0.6560818914925410361, -0.7040625922104544188 ) ) ;
#7848 = CARTESIAN_POINT ( 'NONE',  ( 19.17282655643987255, 16.85493877459446921, -6.399999999999990585 ) ) ;
#7849 = VERTEX_POINT ( 'NONE', #2104 ) ;
#7850 = MECHANICAL_DESIGN_GEOMETRIC_PRESENTATION_REPRESENTATION (  '', ( #9813 ), #10799 ) ;
#7851 = CARTESIAN_POINT ( 'NONE',  ( -69.43142950036545358, 81.84411100000002648, -2.400000000000003908 ) ) ;
#7852 = ORIENTED_EDGE ( 'NONE', *, *, #10691, .F. ) ;
#7853 = CARTESIAN_POINT ( 'NONE',  ( -91.83727469707440605, 76.84410589528943092, 5.399999999999998579 ) ) ;
#7854 = LINE ( 'NONE', #1270, #6921 ) ;
#7855 = DIRECTION ( 'NONE',  ( -1.000000000000000000, 0.000000000000000000, 0.000000000000000000 ) ) ;
#7856 = EDGE_CURVE ( 'NONE', #684, #3446, #11118, .T. ) ;
#7857 = ADVANCED_FACE ( 'NONE', ( #5830 ), #9801, .T. ) ;
#7858 = DIRECTION ( 'NONE',  ( 0.000000000000000000, 0.000000000000000000, 1.000000000000000000 ) ) ;
#7859 = DIRECTION ( 'NONE',  ( 0.000000000000000000, 0.000000000000000000, 1.000000000000000000 ) ) ;
#7860 = CARTESIAN_POINT ( 'NONE',  ( 20.16772100000000378, 39.38547018669192568, 1.699999999999993516 ) ) ;
#7861 = CARTESIAN_POINT ( 'NONE',  ( 19.25377307228829338, 49.06706622704539456, -2.953553224610078409 ) ) ;
#7862 = LINE ( 'NONE', #3398, #2764 ) ;
#7863 = ORIENTED_EDGE ( 'NONE', *, *, #9815, .F. ) ;
#7864 = VERTEX_POINT ( 'NONE', #218 ) ;
#7865 = VECTOR ( 'NONE', #5084, 1000.000000000000000 ) ;
#7866 = CARTESIAN_POINT ( 'NONE',  ( -118.0689104308284669, 75.81721716060668825, 5.399999999999998579 ) ) ;
#7867 = EDGE_CURVE ( 'NONE', #4297, #5944, #10598, .T. ) ;
#7868 = AXIS2_PLACEMENT_3D ( 'NONE', #5210, #4296, #8937 ) ;
#7869 = CARTESIAN_POINT ( 'NONE',  ( -60.46227900000000233, 28.29411099999999735, 4.400000000000000355 ) ) ;
#7870 = CARTESIAN_POINT ( 'NONE',  ( -119.3111161361348849, 60.85589551717273338, -5.460792313280946608 ) ) ;
#7871 = CARTESIAN_POINT ( 'NONE',  ( 13.91600846122405066, 79.84410447798479993, -1.900000000000000355 ) ) ;
#7872 = VECTOR ( 'NONE', #9364, 999.9999999999998863 ) ;
#7873 = CARTESIAN_POINT ( 'NONE',  ( -23.12986117181492318, -2.146061480388225640, -3.339211667630876956 ) ) ;
#7874 = CARTESIAN_POINT ( 'NONE',  ( -41.45837294152643437, 80.84545021403724263, 5.399999999999998579 ) ) ;
#7875 = DIRECTION ( 'NONE',  ( 4.347624119164474240E-07, 0.9999999999999055200, -0.000000000000000000 ) ) ;
#7876 = CARTESIAN_POINT ( 'NONE',  ( 0.000000000000000000, 0.000000000000000000, 5.399999999999998579 ) ) ;
#7877 = CARTESIAN_POINT ( 'NONE',  ( -69.43142950036961736, 81.84921655128752604, -6.400000000000001243 ) ) ;
#7878 = CIRCLE ( 'NONE', #2811, 1.399999999999998579 ) ;
#7879 = VERTEX_POINT ( 'NONE', #6736 ) ;
#7880 = ADVANCED_FACE ( 'NONE', ( #6795 ), #1412, .T. ) ;
#7881 = CONICAL_SURFACE ( 'NONE', #2618, 1.299999999999967848, 0.7853981633974986831 ) ;
#7882 = EDGE_LOOP ( 'NONE', ( #9967, #5504, #935, #9746, #3034, #1127, #9193, #5355, #11576 ) ) ;
#7883 = EDGE_CURVE ( 'NONE', #1509, #11023, #10639, .T. ) ;
#7884 = ORIENTED_EDGE ( 'NONE', *, *, #528, .F. ) ;
#7885 = CARTESIAN_POINT ( 'NONE',  ( -119.2681028773876903, 26.94197826950643915, -3.339211667515419091 ) ) ;
#7886 = CARTESIAN_POINT ( 'NONE',  ( -69.34982682536841025, 81.93016262910389003, -5.846449542710238312 ) ) ;
#7887 = DIRECTION ( 'NONE',  ( -1.000000000000000000, 0.000000000000000000, 0.000000000000000000 ) ) ;
#7888 = CARTESIAN_POINT ( 'NONE',  ( -7.804981454250450312, 14.01234497133438595, 7.399999999999998579 ) ) ;
#7889 = CARTESIAN_POINT ( 'NONE',  ( -98.17471247608243345, 14.28899998557944784, -2.603006585896326275 ) ) ;
#7890 = CARTESIAN_POINT ( 'NONE',  ( 18.16772100000000378, 46.98547018669192710, -1.900000000000000355 ) ) ;
#7891 = DIRECTION ( 'NONE',  ( 1.000000000000000000, 0.000000000000000000, 0.000000000000000000 ) ) ;
#7892 = AXIS2_PLACEMENT_3D ( 'NONE', #4057, #8886, #529 ) ;
#7893 = AXIS2_PLACEMENT_3D ( 'NONE', #781, #2780, #6444 ) ;
#7894 = CARTESIAN_POINT ( 'NONE',  ( -22.38302633439529998, 77.84482927968367960, 4.400000000000000355 ) ) ;
#7895 = ORIENTED_EDGE ( 'NONE', *, *, #997, .T. ) ;
#7896 = CARTESIAN_POINT ( 'NONE',  ( -79.81228598030135402, 16.29411100000000090, -1.900000000000000355 ) ) ;
#7897 = ORIENTED_EDGE ( 'NONE', *, *, #8815, .F. ) ;
#7898 = DIRECTION ( 'NONE',  ( 0.000000000000000000, -0.000000000000000000, 1.000000000000000000 ) ) ;
#7899 = ORIENTED_EDGE ( 'NONE', *, *, #8630, .T. ) ;
#7900 = CARTESIAN_POINT ( 'NONE',  ( 2.939168329610159613, -10.97058647013408894, 6.400000000000025224 ) ) ;
#7901 = ORIENTED_EDGE ( 'NONE', *, *, #9685, .F. ) ;
#7902 = EDGE_CURVE ( 'NONE', #4390, #12044, #2321, .T. ) ;
#7903 = AXIS2_PLACEMENT_3D ( 'NONE', #7555, #5602, #2124 ) ;
#7904 = DIRECTION ( 'NONE',  ( -1.000000000000000000, 0.000000000000000000, 0.000000000000000000 ) ) ;
#7905 = DIRECTION ( 'NONE',  ( -1.271518439832231783E-07, -0.7071067830033350710, -0.7071067793697485282 ) ) ;
#7906 = CARTESIAN_POINT ( 'NONE',  ( 18.16772100000000378, 76.15268391958780114, 4.400000000000000355 ) ) ;
#7907 = FACE_OUTER_BOUND ( 'NONE', #5277, .T. ) ;
#7908 = FACE_OUTER_BOUND ( 'NONE', #5771, .T. ) ;
#7909 = CARTESIAN_POINT ( 'NONE',  ( 19.17290606338707448, 15.66325683697179016, -2.893753407926485277 ) ) ;
#7910 = AXIS2_PLACEMENT_3D ( 'NONE', #11487, #4932, #4991 ) ;
#7911 = ORIENTED_EDGE ( 'NONE', *, *, #973, .F. ) ;
#7912 = AXIS2_PLACEMENT_3D ( 'NONE', #3251, #10832, #1364 ) ;
#7913 = EDGE_LOOP ( 'NONE', ( #4603, #8200, #9386, #536 ) ) ;
#7914 = VERTEX_POINT ( 'NONE', #1288 ) ;
#7915 = EDGE_CURVE ( 'NONE', #2648, #2658, #5438, .T. ) ;
#7916 = CONICAL_SURFACE ( 'NONE', #2072, 0.6000000000000017542, 0.7853981633974560506 ) ;
#7917 = DIRECTION ( 'NONE',  ( -1.000000000000000000, 0.000000000000000000, 0.000000000000000000 ) ) ;
#7918 = CARTESIAN_POINT ( 'NONE',  ( -23.66227900000000517, 79.84410401969522297, 4.400000000000000355 ) ) ;
#7919 = DIRECTION ( 'NONE',  ( -0.000000000000000000, 0.000000000000000000, 1.000000000000000000 ) ) ;
#7920 = CARTESIAN_POINT ( 'NONE',  ( -79.81228598030135402, 0.000000000000000000, 5.399999999999998579 ) ) ;
#7921 = DIRECTION ( 'NONE',  ( -0.000000000000000000, 0.000000000000000000, 1.000000000000000000 ) ) ;
#7922 = CARTESIAN_POINT ( 'NONE',  ( 19.37782446606173892, 49.06706622704538745, -4.314918151749314923 ) ) ;
#7923 = EDGE_LOOP ( 'NONE', ( #6029, #3187, #1611, #9786 ) ) ;
#7924 = VECTOR ( 'NONE', #6984, 1000.000000000000000 ) ;
#7925 = VERTEX_POINT ( 'NONE', #10820 ) ;
#7926 = ADVANCED_FACE ( 'NONE', ( #4216 ), #7931, .F. ) ;
#7927 = EDGE_CURVE ( 'NONE', #3000, #1623, #8359, .T. ) ;
#7928 = DIRECTION ( 'NONE',  ( -0.000000000000000000, 0.000000000000000000, 1.000000000000000000 ) ) ;
#7929 = DIRECTION ( 'NONE',  ( 0.7071067811865511255, 0.000000000000000000, 0.7071067811865440200 ) ) ;
#7930 = CARTESIAN_POINT ( 'NONE',  ( -119.3983240918705491, 60.51555428555817429, -4.318403959652662216 ) ) ;
#7931 = PLANE ( 'NONE',  #1930 ) ;
#7932 = AXIS2_PLACEMENT_3D ( 'NONE', #7539, #103, #2109 ) ;
#7933 = ORIENTED_EDGE ( 'NONE', *, *, #6056, .T. ) ;
#7934 = CARTESIAN_POINT ( 'NONE',  ( -22.49460768038016312, -2.405218260936297092, -4.318403959655433333 ) ) ;
#7935 = CARTESIAN_POINT ( 'NONE',  ( 19.16772100000000734, 16.98547018669192710, -4.400000000000000355 ) ) ;
#7936 = EDGE_CURVE ( 'NONE', #341, #5186, #5071, .T. ) ;
#7937 = AXIS2_PLACEMENT_3D ( 'NONE', #5627, #7339, #5508 ) ;
#7938 = CARTESIAN_POINT ( 'NONE',  ( -50.66227902055459964, 2.244118010027846832, 7.099999999999989875 ) ) ;
#7939 = LINE ( 'NONE', #11761, #1896 ) ;
#7940 = EDGE_LOOP ( 'NONE', ( #10282, #5901 ) ) ;
#7941 = VERTEX_POINT ( 'NONE', #8978 ) ;
#7942 = ORIENTED_EDGE ( 'NONE', *, *, #2427, .F. ) ;
#7943 = CARTESIAN_POINT ( 'NONE',  ( -119.3542771540358274, 27.96299781398013096, -5.787188417063728885 ) ) ;
#7944 = CARTESIAN_POINT ( 'NONE',  ( -71.14501269431004005, 81.78812691713561378, -6.186789390833933311 ) ) ;
#7945 = CARTESIAN_POINT ( 'NONE',  ( -118.3122720196896722, 27.06910750985032976, -1.900000000000000577 ) ) ;
#7946 = LINE ( 'NONE', #4290, #7676 ) ;
#7947 = CARTESIAN_POINT ( 'NONE',  ( 19.16772100000000734, 48.98547018669192710, -4.400000000000000355 ) ) ;
#7948 = CARTESIAN_POINT ( 'NONE',  ( -119.9122790047357370, 13.69411797798554709, 7.399999999999998579 ) ) ;
#7949 = LINE ( 'NONE', #11588, #9943 ) ;
#7950 = VECTOR ( 'NONE', #12072, 1000.000000000000000 ) ;
#7951 = EDGE_CURVE ( 'NONE', #2644, #5644, #9832, .T. ) ;
#7952 = EDGE_CURVE ( 'NONE', #7656, #4605, #8853, .T. ) ;
#7953 = LINE ( 'NONE', #456, #6647 ) ;
#7954 = DIRECTION ( 'NONE',  ( 0.7071067811865426878, -0.7071067811865524577, 0.000000000000000000 ) ) ;
#7955 = VERTEX_POINT ( 'NONE', #8050 ) ;
#7956 = CARTESIAN_POINT ( 'NONE',  ( -35.16680877599929289, 81.84924052722951160, -3.397280009078324170 ) ) ;
#7957 = ORIENTED_EDGE ( 'NONE', *, *, #5065, .F. ) ;
#7958 = DIRECTION ( 'NONE',  ( 0.000000000000000000, 0.7071067811865802133, -0.7071067811865149322 ) ) ;
#7959 = ORIENTED_EDGE ( 'NONE', *, *, #11263, .T. ) ;
#7960 = CONICAL_SURFACE ( 'NONE', #5422, 1.000000000000000888, 0.7853981633974945753 ) ;
#7961 = CARTESIAN_POINT ( 'NONE',  ( -4.034919286622253629E-15, 20.29411100000000445, 4.400000000000000355 ) ) ;
#7962 = DIRECTION ( 'NONE',  ( 0.7071067811865426878, -0.7071067811865524577, -0.000000000000000000 ) ) ;
#7963 = LINE ( 'NONE', #3390, #6101 ) ;
#7964 = CARTESIAN_POINT ( 'NONE',  ( 19.21555109546300955, 15.27188566585233787, -4.485088767640433183 ) ) ;
#7965 = LINE ( 'NONE', #8021, #7541 ) ;
#7966 = CARTESIAN_POINT ( 'NONE',  ( -61.45915292031825317, 80.84410401970063731, 5.399999999999998579 ) ) ;
#7967 = EDGE_CURVE ( 'NONE', #688, #4675, #2259, .T. ) ;
#7968 = EDGE_CURVE ( 'NONE', #10178, #2728, #4660, .T. ) ;
#7969 = CARTESIAN_POINT ( 'NONE',  ( 19.17282655129768543, 16.98547018669193065, -6.399999999999995914 ) ) ;
#7970 = AXIS2_PLACEMENT_3D ( 'NONE', #4564, #9142, #11979 ) ;
#7971 = VECTOR ( 'NONE', #3679, 1000.000000000000000 ) ;
#7972 = ORIENTED_EDGE ( 'NONE', *, *, #11481, .F. ) ;
#7973 = EDGE_LOOP ( 'NONE', ( #1249, #4402, #861, #10233 ) ) ;
#7974 = VERTEX_POINT ( 'NONE', #5984 ) ;
#7975 = VECTOR ( 'NONE', #1023, 1000.000000000000114 ) ;
#7976 = CARTESIAN_POINT ( 'NONE',  ( -7.662260430057335370, 81.84410925728559505, -1.900000000000000355 ) ) ;
#7977 = CARTESIAN_POINT ( 'NONE',  ( 19.16772100000001444, 12.48788592914254103, 7.399999999999998579 ) ) ;
#7978 = CARTESIAN_POINT ( 'NONE',  ( 20.16772100000000378, 12.48788592914254103, 6.400000000000025224 ) ) ;
#7979 = FACE_OUTER_BOUND ( 'NONE', #4655, .T. ) ;
#7980 = CARTESIAN_POINT ( 'NONE',  ( 16.86772099999999952, 77.67724262499595511, -1.900000000000000355 ) ) ;
#7981 = EDGE_CURVE ( 'NONE', #10739, #2011, #9151, .T. ) ;
#7982 = CARTESIAN_POINT ( 'NONE',  ( 19.24664922950023183, 50.04625851919180946, -5.506109695707693596 ) ) ;
#7983 = ORIENTED_EDGE ( 'NONE', *, *, #5595, .F. ) ;
#7984 = AXIS2_PLACEMENT_3D ( 'NONE', #5972, #11746, #9636 ) ;
#7985 = ORIENTED_EDGE ( 'NONE', *, *, #10940, .T. ) ;
#7986 = DIRECTION ( 'NONE',  ( -1.000000000000000000, -0.000000000000000000, 0.000000000000000000 ) ) ;
#7987 = DIRECTION ( 'NONE',  ( 0.000000000000000000, -0.000000000000000000, 1.000000000000000000 ) ) ;
#7988 = DIRECTION ( 'NONE',  ( -1.000000000000000000, 0.000000000000000000, 0.000000000000000000 ) ) ;
#7989 = CARTESIAN_POINT ( 'NONE',  ( -119.2999154726363429, 61.19623674878744168, -4.318403959652661328 ) ) ;
#7990 = DIRECTION ( 'NONE',  ( 1.000000000000000000, 0.000000000000000000, 0.000000000000000000 ) ) ;
#7991 = EDGE_CURVE ( 'NONE', #7840, #11042, #7135, .T. ) ;
#7992 = VERTEX_POINT ( 'NONE', #7871 ) ;
#7993 = CARTESIAN_POINT ( 'NONE',  ( -22.60478569966797124, -2.158919450797867068, -2.360019375465000291 ) ) ;
#7994 = CARTESIAN_POINT ( 'NONE',  ( -6.810036434708691466, -10.76178768431326560, 6.400000000000025224 ) ) ;
#7995 = CARTESIAN_POINT ( 'NONE',  ( 7.036517317373078542E-06, 15.29406433057293313, -1.900000000000000355 ) ) ;
#7996 = DIRECTION ( 'NONE',  ( -0.9999999999999837907, 1.798198665012091365E-07, -0.000000000000000000 ) ) ;
#7997 = ORIENTED_EDGE ( 'NONE', *, *, #1094, .F. ) ;
#7998 = VERTEX_POINT ( 'NONE', #7072 ) ;
#7999 = EDGE_LOOP ( 'NONE', ( #12041, #1037, #1612, #11984 ) ) ;
#8000 = CARTESIAN_POINT ( 'NONE',  ( -119.4491617142441697, 28.98401874209802642, -5.460792313283851840 ) ) ;
#8001 = AXIS2_PLACEMENT_3D ( 'NONE', #3317, #1307, #10720 ) ;
#8002 = CARTESIAN_POINT ( 'NONE',  ( -71.14501269431004005, 81.88252783922673927, -3.804406303035026582 ) ) ;
#8003 = LINE ( 'NONE', #749, #9453 ) ;
#8004 = CARTESIAN_POINT ( 'NONE',  ( -97.26422683526197943, 14.28900901539229018, -3.514435372220542142 ) ) ;
#8005 = EDGE_CURVE ( 'NONE', #933, #2477, #1739, .T. ) ;
#8006 = ADVANCED_FACE ( 'NONE', ( #1353 ), #8796, .F. ) ;
#8007 = DIRECTION ( 'NONE',  ( -0.000000000000000000, -0.000000000000000000, -1.000000000000000000 ) ) ;
#8008 = CARTESIAN_POINT ( 'NONE',  ( 11.93359082457480724, -1.465830875177938308, -1.500000000000023981 ) ) ;
#8009 = LINE ( 'NONE', #10722, #9389 ) ;
#8010 = SHAPE_DEFINITION_REPRESENTATION ( #9552, #3849 ) ;
#8011 = ORIENTED_EDGE ( 'NONE', *, *, #10937, .F. ) ;
#8012 = CARTESIAN_POINT ( 'NONE',  ( 19.16772100000002865, 25.98547018669193065, 1.699999999999992184 ) ) ;
#8013 = AXIS2_PLACEMENT_3D ( 'NONE', #10186, #784, #5593 ) ;
#8014 = VERTEX_POINT ( 'NONE', #11933 ) ;
#8015 = CARTESIAN_POINT ( 'NONE',  ( -79.51228598030135686, 22.99411099999999664, 7.100000000000059153 ) ) ;
#8016 = VERTEX_POINT ( 'NONE', #5365 ) ;
#8017 = EDGE_CURVE ( 'NONE', #7381, #7440, #7317, .T. ) ;
#8018 = LINE ( 'NONE', #705, #10635 ) ;
#8019 = DIRECTION ( 'NONE',  ( -0.000000000000000000, 0.000000000000000000, 1.000000000000000000 ) ) ;
#8020 = CARTESIAN_POINT ( 'NONE',  ( 19.17287224900319487, 50.97233524378694369, -4.663354080950809610 ) ) ;
#8021 = CARTESIAN_POINT ( 'NONE',  ( -42.11227899999997959, 24.29411099999999379, 7.100000000000059153 ) ) ;
#8022 = FACE_OUTER_BOUND ( 'NONE', #7882, .T. ) ;
#8023 = CARTESIAN_POINT ( 'NONE',  ( -98.00149022143841648, 14.21518969119089526, -3.293894456357826073 ) ) ;
#8024 = DIRECTION ( 'NONE',  ( -6.584418764838352724E-17, -1.000000000000000000, 0.000000000000000000 ) ) ;
#8025 = ORIENTED_EDGE ( 'NONE', *, *, #7318, .F. ) ;
#8026 = ORIENTED_EDGE ( 'NONE', *, *, #1485, .F. ) ;
#8027 = ORIENTED_EDGE ( 'NONE', *, *, #11808, .T. ) ;
#8028 = AXIS2_PLACEMENT_3D ( 'NONE', #308, #10921, #6252 ) ;
#8029 = EDGE_CURVE ( 'NONE', #9300, #5391, #5545, .T. ) ;
#8030 = EDGE_CURVE ( 'NONE', #4315, #11943, #2616, .T. ) ;
#8031 = CARTESIAN_POINT ( 'NONE',  ( -119.3173956612481987, 59.58533960943232444, -2.463386683956830581 ) ) ;
#8032 = CARTESIAN_POINT ( 'NONE',  ( 19.17283043373351603, 18.78230513976325255, -5.287988171786292213 ) ) ;
#8033 = CARTESIAN_POINT ( 'NONE',  ( -41.71227819873822540, 81.14188785450703278, 5.399999999999998579 ) ) ;
#8034 = CARTESIAN_POINT ( 'NONE',  ( -29.86226813013544046, 8.001570457788170998, 4.400000000000000355 ) ) ;
#8035 = FACE_OUTER_BOUND ( 'NONE', #11999, .T. ) ;
#8036 = CARTESIAN_POINT ( 'NONE',  ( -97.34869801388583710, 14.24628783333344018, -4.314918151673849067 ) ) ;
#8037 = AXIS2_PLACEMENT_3D ( 'NONE', #11152, #1682, #4617 ) ;
#8038 = CARTESIAN_POINT ( 'NONE',  ( 19.16656566632053327, 50.04625851919181656, -2.613211992825268837 ) ) ;
#8039 = ORIENTED_EDGE ( 'NONE', *, *, #8314, .T. ) ;
#8040 = ORIENTED_EDGE ( 'NONE', *, *, #6943, .T. ) ;
#8041 = CARTESIAN_POINT ( 'NONE',  ( 19.16772100000000734, 16.98547018669192710, -2.399999999999992806 ) ) ;
#8042 = EDGE_LOOP ( 'NONE', ( #11170, #22, #11717, #11623, #11777 ) ) ;
#8043 = AXIS2_PLACEMENT_3D ( 'NONE', #6542, #3685, #10165 ) ;
#8044 = ADVANCED_FACE ( 'NONE', ( #7195 ), #2560, .F. ) ;
#8045 = DIRECTION ( 'NONE',  ( 1.000000000000000000, 2.646977960169688560E-23, 0.000000000000000000 ) ) ;
#8046 = ORIENTED_EDGE ( 'NONE', *, *, #10004, .F. ) ;
#8047 = B_SPLINE_CURVE_WITH_KNOTS ( 'NONE', 3,
 ( #11678, #483, #3405, #6939 ),
 .UNSPECIFIED., .F., .F.,
 ( 4, 4 ),
 ( 0.000000000000000000, 1.000000000000000000 ),
 .UNSPECIFIED. ) ;
#8048 = DIRECTION ( 'NONE',  ( -0.000000000000000000, 0.000000000000000000, 1.000000000000000000 ) ) ;
#8049 = CARTESIAN_POINT ( 'NONE',  ( -119.3199622656050281, 60.51555428555816718, -5.787188417060549206 ) ) ;
#8050 = CARTESIAN_POINT ( 'NONE',  ( -53.66227900109224436, 2.898797041049639311, 6.400000000000025224 ) ) ;
#8051 = EDGE_LOOP ( 'NONE', ( #4942, #1332, #11196, #9515, #7441 ) ) ;
#8052 = CIRCLE ( 'NONE', #2597, 4.999999999999990230 ) ;
#8053 = DIRECTION ( 'NONE',  ( -1.000000000000000000, 0.000000000000000000, 0.000000000000000000 ) ) ;
#8054 = DIRECTION ( 'NONE',  ( 1.000000000000000000, 0.000000000000000000, 0.000000000000000000 ) ) ;
#8055 = CONICAL_SURFACE ( 'NONE', #666, 1.300000000000030242, 0.7853981633974844723 ) ;
#8056 = CARTESIAN_POINT ( 'NONE',  ( -8.422097051803664414, 4.862499999999999822, 4.400000000000000355 ) ) ;
#8057 = DIRECTION ( 'NONE',  ( -0.9999999999999839018, 1.798198658941070066E-07, -8.972707634363129562E-16 ) ) ;
#8058 = ORIENTED_EDGE ( 'NONE', *, *, #6513, .T. ) ;
#8059 = ORIENTED_EDGE ( 'NONE', *, *, #8912, .F. ) ;
#8060 = EDGE_CURVE ( 'NONE', #4036, #11313, #10997, .T. ) ;
#8061 = ORIENTED_EDGE ( 'NONE', *, *, #8327, .T. ) ;
#8062 = CARTESIAN_POINT ( 'NONE',  ( -119.3881592272350076, 27.62265796582223487, -3.828807813584978348 ) ) ;
#8063 = VECTOR ( 'NONE', #10346, 1000.000000000000000 ) ;
#8064 = CARTESIAN_POINT ( 'NONE',  ( -70.81861526359334391, 81.81629280773185542, -6.186789390833933311 ) ) ;
#8065 = CARTESIAN_POINT ( 'NONE',  ( -75.81228330292589135, 19.29411698796796415, 4.400000000000000355 ) ) ;
#8066 = CARTESIAN_POINT ( 'NONE',  ( 4.059596731371840406, -12.41857111808664271, 7.099999999999990763 ) ) ;
#8067 = CARTESIAN_POINT ( 'NONE',  ( -118.3122720196896722, 57.06910750985032621, -4.400000000000000355 ) ) ;
#8068 = DIRECTION ( 'NONE',  ( 0.9999999999999812372, -1.932974505730857151E-07, 0.000000000000000000 ) ) ;
#8069 = CARTESIAN_POINT ( 'NONE',  ( -31.43142950036545358, 0.000000000000000000, -1.900000000000000355 ) ) ;
#8070 = EDGE_LOOP ( 'NONE', ( #4174, #8244, #2463, #9544, #4824, #10540 ) ) ;
#8071 = CARTESIAN_POINT ( 'NONE',  ( -118.3122720196896722, 71.84411113364974710, 5.399999999999998579 ) ) ;
#8072 = VECTOR ( 'NONE', #10756, 1000.000000000000000 ) ;
#8073 = ORIENTED_EDGE ( 'NONE', *, *, #1175, .F. ) ;
#8074 = VERTEX_POINT ( 'NONE', #734 ) ;
#8075 = ORIENTED_EDGE ( 'NONE', *, *, #2689, .F. ) ;
#8076 = EDGE_CURVE ( 'NONE', #5553, #1598, #8366, .T. ) ;
#8077 = ADVANCED_FACE ( 'NONE', ( #9958 ), #7374, .T. ) ;
#8078 = DIRECTION ( 'NONE',  ( 0.09229604794199221252, 0.7010573724983722999, 0.7071067811865249242 ) ) ;
#8079 = CARTESIAN_POINT ( 'NONE',  ( 4.319404351731027880, -12.56857111943102367, 7.399999999999998579 ) ) ;
#8080 = CIRCLE ( 'NONE', #8463, 2.024999999999971045 ) ;
#8081 = AXIS2_PLACEMENT_3D ( 'NONE', #2175, #1260, #9569 ) ;
#8082 = CARTESIAN_POINT ( 'NONE',  ( -119.3173775709870341, 57.06910750985031910, -4.400000000000001243 ) ) ;
#8083 = CARTESIAN_POINT ( 'NONE',  ( 1.073692693819831456, 84.24739424032763679, 3.252898596669824727 ) ) ;
#8084 = CARTESIAN_POINT ( 'NONE',  ( -98.00149022143841648, 14.15722821494858330, -4.314918151673849067 ) ) ;
#8085 = LINE ( 'NONE', #5106, #1405 ) ;
#8086 = VERTEX_POINT ( 'NONE', #10943 ) ;
#8087 = EDGE_CURVE ( 'NONE', #9924, #6314, #11121, .T. ) ;
#8088 = LINE ( 'NONE', #5340, #11773 ) ;
#8089 = VERTEX_POINT ( 'NONE', #2681 ) ;
#8090 = AXIS2_PLACEMENT_3D ( 'NONE', #11726, #7042, #10968 ) ;
#8091 = ORIENTED_EDGE ( 'NONE', *, *, #1592, .T. ) ;
#8092 = VECTOR ( 'NONE', #4096, 1000.000000000000000 ) ;
#8093 = DIRECTION ( 'NONE',  ( 1.288939664294365441E-07, 0.9999999999999916733, 0.000000000000000000 ) ) ;
#8094 = LINE ( 'NONE', #10687, #7718 ) ;
#8095 = CARTESIAN_POINT ( 'NONE',  ( 15.18359082457480547, -1.465830875177938086, 5.399999999999998579 ) ) ;
#8096 = B_SPLINE_SURFACE_WITH_KNOTS ( 'NONE', 5, 5, ( 
 ( #12077, #5754, #2884, #7523, #9302, #4545, #5633, #10344, #1787, #7345, #11091, #6426 ),
 ( #5514, #2761, #25, #7403, #1847, #11203, #6604, #6543, #11582, #2272, #4840, #448 ),
 ( #5997, #9727, #2210, #3922, #1118, #2332, #1235, #10651, #11518, #6780, #3190, #4039 ),
 ( #5931, #8623, #3067, #1368, #5021, #391, #11390, #10712, #6060, #4103, #10584, #2092 ),
 ( #10526, #3978, #5082, #8564, #9664, #5815, #8808, #1301, #2152, #7704, #8746, #4166 ),
 ( #9548, #11454, #7886, #7645, #6841, #11644, #7825, #3003, #6901, #328, #3254, #206 ),
 ( #1177, #6722, #10466, #3127, #4897, #267, #5873, #9601, #4957, #8683, #7762, #5378 ),
 ( #3495, #7022, #1423, #7432, #5142, #3369, #4465, #4289, #6171, #10772, #8189, #10955 ),
 ( #8867, #8125, #2573, #512, #748, #11946, #6287, #10029, #10895, #4229, #9789, #11174 ),
 ( #7208, #8064, #7085, #11887, #630, #2390, #2515, #5202, #11767, #1658, #1600, #9047 ),
 ( #2793, #7944, #4405, #7148, #6112, #11827, #10834, #8002, #3553, #11706, #6231, #9848 ),
 ( #3311, #1486, #8929, #2452, #9911, #1541, #5264, #8991, #4348, #3431, #9972, #3041 ) ),
 .UNSPECIFIED., .F., .F., .F.,
 ( 6, 3, 3, 6 ),
 ( 6, 3, 3, 6 ),
 ( -2.039980624574044832, -0.4080001056563591355, 0.4079934711352946053, 2.039980624718602531 ),
 ( -2.127129238963723079, -0.4254299983452503042, 0.4254230810748560465, 2.127129239915068748 ),
 .UNSPECIFIED. ) ;
#8097 = CARTESIAN_POINT ( 'NONE',  ( 0.9220955584744054967, 84.33321934966272693, 3.050331881096272291 ) ) ;
#8098 = AXIS2_PLACEMENT_3D ( 'NONE', #1803, #4495, #8093 ) ;
#8099 = CIRCLE ( 'NONE', #1265, 1.000000000000006883 ) ;
#8100 = CARTESIAN_POINT ( 'NONE',  ( 19.15536441831867620, 48.90386751168765045, -2.272870761040460152 ) ) ;
#8101 = ORIENTED_EDGE ( 'NONE', *, *, #5174, .T. ) ;
#8102 = EDGE_CURVE ( 'NONE', #11703, #8166, #9156, .T. ) ;
#8103 = EDGE_CURVE ( 'NONE', #7486, #8421, #11516, .T. ) ;
#8104 = ORIENTED_EDGE ( 'NONE', *, *, #10172, .T. ) ;
#8105 = CARTESIAN_POINT ( 'NONE',  ( -119.3122720196896722, 61.06910750985031910, -4.400000000000000355 ) ) ;
#8106 = ORIENTED_EDGE ( 'NONE', *, *, #4213, .T. ) ;
#8107 = CARTESIAN_POINT ( 'NONE',  ( -71.43142950036546779, 80.84411100000002648, -1.900000000000000577 ) ) ;
#8108 = CIRCLE ( 'NONE', #5967, 1.300000000000029354 ) ;
#8109 = DIRECTION ( 'NONE',  ( -0.000000000000000000, -0.000000000000000000, -1.000000000000000000 ) ) ;
#8110 = ORIENTED_EDGE ( 'NONE', *, *, #2924, .T. ) ;
#8111 = CARTESIAN_POINT ( 'NONE',  ( -10.72336560610671974, 1.876585942086530734, 7.399999999999998579 ) ) ;
#8112 = CYLINDRICAL_SURFACE ( 'NONE', #8466, 2.000000000000003109 ) ;
#8113 = DIRECTION ( 'NONE',  ( -0.7071067811779668810, -4.935817731282208803E-06, 0.7071067811779013779 ) ) ;
#8114 = CIRCLE ( 'NONE', #6747, 1.999999999999995781 ) ;
#8115 = EDGE_CURVE ( 'NONE', #7864, #5881, #5846, .T. ) ;
#8116 = CYLINDRICAL_SURFACE ( 'NONE', #8617, 2.000000000000001776 ) ;
#8117 = DIRECTION ( 'NONE',  ( 0.9999999999999206191, -3.984065845071940926E-07, 0.000000000000000000 ) ) ;
#8118 = DIRECTION ( 'NONE',  ( -0.5000000000000001110, -0.8660254037844385966, 0.000000000000000000 ) ) ;
#8119 = CYLINDRICAL_SURFACE ( 'NONE', #6772, 1.899999999999998357 ) ;
#8120 = EDGE_LOOP ( 'NONE', ( #7129, #11082, #5287, #10419, #12100, #9512, #9677 ) ) ;
#8121 = VERTEX_POINT ( 'NONE', #1762 ) ;
#8122 = ORIENTED_EDGE ( 'NONE', *, *, #6278, .T. ) ;
#8123 = VECTOR ( 'NONE', #2472, 1000.000000000000000 ) ;
#8124 = CARTESIAN_POINT ( 'NONE',  ( -119.2256623087449157, 27.28231811766432813, -6.439980624623484751 ) ) ;
#8125 = CARTESIAN_POINT ( 'NONE',  ( -70.49221783287669041, 81.84295527411175897, -6.186789390833933311 ) ) ;
#8126 = CARTESIAN_POINT ( 'NONE',  ( -41.41227819873822114, 81.14188785450701857, 4.400000000000000355 ) ) ;
#8127 = CARTESIAN_POINT ( 'NONE',  ( -41.71227899999998812, 0.000000000000000000, 5.399999999999998579 ) ) ;
#8128 = CARTESIAN_POINT ( 'NONE',  ( -42.41227899999999806, 28.29411100000000090, 7.100000000000059153 ) ) ;
#8129 = EDGE_CURVE ( 'NONE', #7127, #8510, #1705, .T. ) ;
#8130 = DIRECTION ( 'NONE',  ( 0.000000000000000000, -0.000000000000000000, 1.000000000000000000 ) ) ;
#8131 = AXIS2_PLACEMENT_3D ( 'NONE', #9790, #11583, #9602 ) ;
#8132 = ORIENTED_EDGE ( 'NONE', *, *, #8103, .F. ) ;
#8133 = CARTESIAN_POINT ( 'NONE',  ( -31.71784497952104331, 81.84855827600991063, -3.293894455345293792 ) ) ;
#8134 = VERTEX_POINT ( 'NONE', #2736 ) ;
#8135 = CARTESIAN_POINT ( 'NONE',  ( -34.31839698019474838, 81.84922870884653889, -6.197352947779860344 ) ) ;
#8136 = ORIENTED_EDGE ( 'NONE', *, *, #2716, .T. ) ;
#8137 = EDGE_LOOP ( 'NONE', ( #4111, #2772, #6792, #4403 ) ) ;
#8138 = DIRECTION ( 'NONE',  ( 1.798198670589261751E-07, 0.9999999999999837907, 0.000000000000000000 ) ) ;
#8139 = CARTESIAN_POINT ( 'NONE',  ( 15.83925500879406201, 81.40727421422705845, 4.298785915154045512 ) ) ;
#8140 = CARTESIAN_POINT ( 'NONE',  ( -42.11227899999999380, 27.99411100000000019, 7.100000000000059153 ) ) ;
#8141 = CIRCLE ( 'NONE', #9713, 0.8999999999999980238 ) ;
#8142 = DIRECTION ( 'NONE',  ( -0.000000000000000000, -0.000000000000000000, -1.000000000000000000 ) ) ;
#8143 = DIRECTION ( 'NONE',  ( -0.000000000000000000, 0.000000000000000000, 1.000000000000000000 ) ) ;
#8144 = ADVANCED_FACE ( 'NONE', ( #5485 ), #9095, .T. ) ;
#8145 = CARTESIAN_POINT ( 'NONE',  ( -119.3173897281628939, 30.86646045763030344, -5.286967479829018046 ) ) ;
#8146 = EDGE_LOOP ( 'NONE', ( #2865, #2180, #5845, #4658 ) ) ;
#8147 = FACE_OUTER_BOUND ( 'NONE', #5047, .T. ) ;
#8148 = ORIENTED_EDGE ( 'NONE', *, *, #11985, .T. ) ;
#8149 = VECTOR ( 'NONE', #2073, 1000.000000000000000 ) ;
#8150 = ORIENTED_EDGE ( 'NONE', *, *, #8417, .T. ) ;
#8151 = VERTEX_POINT ( 'NONE', #9216 ) ;
#8152 = LINE ( 'NONE', #424, #2906 ) ;
#8153 = FACE_OUTER_BOUND ( 'NONE', #3529, .T. ) ;
#8154 = CARTESIAN_POINT ( 'NONE',  ( 14.86773327385486709, 80.74427527402703220, 3.399999999999993250 ) ) ;
#8155 = CARTESIAN_POINT ( 'NONE',  ( 19.17284430148852437, 18.92135004315265689, -4.918996443540976315 ) ) ;
#8156 = CARTESIAN_POINT ( 'NONE',  ( -30.77754216137649124, 6.736876751172759192, 4.400000000000000355 ) ) ;
#8157 = AXIS2_PLACEMENT_3D ( 'NONE', #11254, #924, #9408 ) ;
#8158 = CARTESIAN_POINT ( 'NONE',  ( 0.8836046828746564330, 84.35487010090746196, 2.938540103630414624 ) ) ;
#8159 = AXIS2_PLACEMENT_3D ( 'NONE', #10159, #4600, #6356 ) ;
#8160 = EDGE_CURVE ( 'NONE', #9799, #4924, #8298, .T. ) ;
#8161 = DIRECTION ( 'NONE',  ( 0.000000000000000000, -0.000000000000000000, -1.000000000000000000 ) ) ;
#8162 = EDGE_CURVE ( 'NONE', #4642, #8228, #12050, .T. ) ;
#8163 = ORIENTED_EDGE ( 'NONE', *, *, #2647, .T. ) ;
#8164 = ORIENTED_EDGE ( 'NONE', *, *, #2331, .F. ) ;
#8165 = CARTESIAN_POINT ( 'NONE',  ( -61.16367833427879930, 81.09556294374289109, 5.399999999999998579 ) ) ;
#8166 = VERTEX_POINT ( 'NONE', #4636 ) ;
#8167 = CONICAL_SURFACE ( 'NONE', #4071, 0.3999999999999837019, 0.7853981633974570498 ) ;
#8168 = AXIS2_PLACEMENT_3D ( 'NONE', #6049, #3419, #8915 ) ;
#8169 = DIRECTION ( 'NONE',  ( 1.000000000000000000, 0.000000000000000000, 0.000000000000000000 ) ) ;
#8170 = CARTESIAN_POINT ( 'NONE',  ( 13.55859082457480724, -1.465830875177938308, -1.900000000000000355 ) ) ;
#8171 = ORIENTED_EDGE ( 'NONE', *, *, #5820, .F. ) ;
#8172 = EDGE_CURVE ( 'NONE', #9525, #4162, #8357, .T. ) ;
#8173 = DIRECTION ( 'NONE',  ( -4.081702296416033352E-15, -1.000000000000000000, -0.000000000000000000 ) ) ;
#8174 = CARTESIAN_POINT ( 'NONE',  ( -119.3173775709958875, 31.06910750985032621, -4.400000000004071765 ) ) ;
#8175 = DIRECTION ( 'NONE',  ( -1.273190734878014299E-16, 1.000000000000000000, 0.000000000000000000 ) ) ;
#8176 = ORIENTED_EDGE ( 'NONE', *, *, #9376, .F. ) ;
#8177 = CIRCLE ( 'NONE', #1748, 1.625000000000001332 ) ;
#8178 = DIRECTION ( 'NONE',  ( 1.000000000000000000, 0.000000000000000000, 0.000000000000000000 ) ) ;
#8179 = LINE ( 'NONE', #9162, #1238 ) ;
#8180 = CARTESIAN_POINT ( 'NONE',  ( -23.06227899999998598, 22.99411099999999308, 7.100000000000059153 ) ) ;
#8181 = DIRECTION ( 'NONE',  ( -0.000000000000000000, -0.000000000000000000, -1.000000000000000000 ) ) ;
#8182 = ORIENTED_EDGE ( 'NONE', *, *, #2238, .F. ) ;
#8183 = EDGE_LOOP ( 'NONE', ( #10936, #2300, #9630, #1250 ) ) ;
#8184 = ORIENTED_EDGE ( 'NONE', *, *, #10546, .F. ) ;
#8185 = AXIS2_PLACEMENT_3D ( 'NONE', #4409, #11891, #7212 ) ;
#8186 = EDGE_CURVE ( 'NONE', #7849, #9285, #10330, .T. ) ;
#8187 = CARTESIAN_POINT ( 'NONE',  ( -119.4364643397126287, 29.66470120570228275, -5.460792313283851840 ) ) ;
#8188 = EDGE_CURVE ( 'NONE', #6181, #6643, #11733, .T. ) ;
#8189 = CARTESIAN_POINT ( 'NONE',  ( -70.00262168680170305, 81.87365294574512120, -2.613211991846879023 ) ) ;
#8190 = CARTESIAN_POINT ( 'NONE',  ( -42.11227899999989432, -1.579527762339131149E-13, 4.400000000000000355 ) ) ;
#8191 = CARTESIAN_POINT ( 'NONE',  ( -12.66226043005733537, 81.84410925728559505, 5.399999999999998579 ) ) ;
#8192 = CARTESIAN_POINT ( 'NONE',  ( 19.20572184953401518, 16.90386751168637858, -2.613211992824872265 ) ) ;
#8193 = DIRECTION ( 'NONE',  ( 0.000000000000000000, 0.000000000000000000, 1.000000000000000000 ) ) ;
#8194 = PLANE ( 'NONE',  #8185 ) ;
#8195 = CARTESIAN_POINT ( 'NONE',  ( -31.43142950036545358, 80.84411100000002648, 0.5999999999999998668 ) ) ;
#8196 = VERTEX_POINT ( 'NONE', #10260 ) ;
#8197 = CARTESIAN_POINT ( 'NONE',  ( -31.71784497952104331, 81.75442052848396202, -6.527129238958155000 ) ) ;
#8198 = EDGE_LOOP ( 'NONE', ( #10891, #3400, #2053, #5241, #8305, #3549, #2925, #5242, #9165, #7145, #2226, #11495, #8039, #2178, #4463, #4161, #6067, #3994, #7311, #4778, #11531, #9628, #9737, #2629, #5360, #4474, #5800, #1843, #3829 ) ) ;
#8199 = CARTESIAN_POINT ( 'NONE',  ( -35.22945973850394807, 81.84921998702297685, -3.514418314504469620 ) ) ;
#8200 = ORIENTED_EDGE ( 'NONE', *, *, #10088, .T. ) ;
#8201 = CONICAL_SURFACE ( 'NONE', #9181, 3.693943343173990534, 0.7853981633974547183 ) ;
#8202 = ORIENTED_EDGE ( 'NONE', *, *, #6882, .F. ) ;
#8203 = EDGE_CURVE ( 'NONE', #6538, #416, #10380, .T. ) ;
#8204 = DIRECTION ( 'NONE',  ( 1.000000000000000000, 0.000000000000000000, 0.000000000000000000 ) ) ;
#8205 = CARTESIAN_POINT ( 'NONE',  ( 16.35692087754685176, 81.26020680628843706, 3.909872721655526018 ) ) ;
#8206 = CARTESIAN_POINT ( 'NONE',  ( 19.17282654615667070, 49.11597214209285767, -6.399999999999995026 ) ) ;
#8207 = CARTESIAN_POINT ( 'NONE',  ( -119.3174118775951058, 57.33409138018408413, -5.403343034597589245 ) ) ;
#8208 = DIRECTION ( 'NONE',  ( 1.492741799624945840E-62, 0.000000000000000000, -1.000000000000000000 ) ) ;
#8209 = CARTESIAN_POINT ( 'NONE',  ( -98.49108504056941626, 14.21823111914845406, -5.846449543715206865 ) ) ;
#8210 = CIRCLE ( 'NONE', #11549, 0.3999999999999837019 ) ;
#8211 = DIRECTION ( 'NONE',  ( -1.000000000000000000, 0.000000000000000000, 0.000000000000000000 ) ) ;
#8212 = ORIENTED_EDGE ( 'NONE', *, *, #7465, .T. ) ;
#8213 = CARTESIAN_POINT ( 'NONE',  ( -119.3173814534231525, 28.18111933806403258, -2.603165046928676674 ) ) ;
#8214 = CARTESIAN_POINT ( 'NONE',  ( 19.11173691707441691, 18.69905338060969058, -6.186789391986769360 ) ) ;
#8215 = VERTEX_POINT ( 'NONE', #9579 ) ;
#8216 = ORIENTED_EDGE ( 'NONE', *, *, #8449, .T. ) ;
#8217 = B_SPLINE_CURVE_WITH_KNOTS ( 'NONE', 3,
 ( #5988, #4282, #9901, #7994 ),
 .UNSPECIFIED., .F., .F.,
 ( 4, 4 ),
 ( 0.000000000000000000, 0.001414218762281636540 ),
 .UNSPECIFIED. ) ;
#8218 = CIRCLE ( 'NONE', #2953, 0.3000000000000016542 ) ;
#8219 = EDGE_CURVE ( 'NONE', #5155, #8294, #8659, .T. ) ;
#8220 = CARTESIAN_POINT ( 'NONE',  ( -119.3173747291721867, 59.71207679377141631, -2.501627141937706078 ) ) ;
#8221 = DIRECTION ( 'NONE',  ( 0.000000000000000000, 0.000000000000000000, -1.000000000000000000 ) ) ;
#8222 = DIRECTION ( 'NONE',  ( 0.000000000000000000, -1.000000000000000000, 0.000000000000000000 ) ) ;
#8223 = FACE_OUTER_BOUND ( 'NONE', #4732, .T. ) ;
#8224 = CARTESIAN_POINT ( 'NONE',  ( 19.21555129956658092, 50.69905338062270772, -4.485088767641717489 ) ) ;
#8225 = EDGE_LOOP ( 'NONE', ( #8106, #7016, #8895 ) ) ;
#8226 = VERTEX_POINT ( 'NONE', #1881 ) ;
#8227 = CARTESIAN_POINT ( 'NONE',  ( 19.16772100000002865, 39.38547018669192568, 1.699999999999993516 ) ) ;
#8228 = VERTEX_POINT ( 'NONE', #8470 ) ;
#8229 = DIRECTION ( 'NONE',  ( 0.4999999956896519215, 0.8660254062730192715, -0.000000000000000000 ) ) ;
#8230 = ADVANCED_FACE ( 'NONE', ( #3837 ), #3044, .F. ) ;
#8231 = DIRECTION ( 'NONE',  ( 1.000000000000000000, 2.646977960169688560E-23, 0.000000000000000000 ) ) ;
#8232 = ORIENTED_EDGE ( 'NONE', *, *, #3463, .F. ) ;
#8233 = EDGE_CURVE ( 'NONE', #11185, #790, #3772, .T. ) ;
#8234 = AXIS2_PLACEMENT_3D ( 'NONE', #7935, #5073, #3244 ) ;
#8235 = DIRECTION ( 'NONE',  ( 0.9659258276786802933, -0.2588190399164180255, 0.000000000000000000 ) ) ;
#8236 = CARTESIAN_POINT ( 'NONE',  ( 15.65859082457481755, 2.864296143744261336, -2.400000000000000355 ) ) ;
#8237 = ORIENTED_EDGE ( 'NONE', *, *, #7053, .T. ) ;
#8238 = CARTESIAN_POINT ( 'NONE',  ( -24.57209830249375315, -1.611164787253607900, -4.971197494376587755 ) ) ;
#8239 = ADVANCED_FACE ( 'NONE', ( #10441 ), #1093, .F. ) ;
#8240 = CARTESIAN_POINT ( 'NONE',  ( -24.36540507968175007, 80.84410401969522297, 5.399999999999998579 ) ) ;
#8241 = CLOSED_SHELL ( 'NONE', ( #3621, #1483, #9715, #11695, #40, #3821, #737, #10076, #215, #5130, #9158, #5109, #11309, #1394, #2729, #2383, #2911, #6592, #6997, #2182, #1550, #1385, #4163, #6677, #7382, #9214, #7115, #940, #7578, #8866, #11524, #9282, #619, #11508, #5407, #3232, #3411, #7733, #4596, #3835, #5722, #8729, #8593, #702, #8897, #5721, #1218, #5416, #1752, #3581, #2168, #9292, #8472, #9563, #9964, #10741, #6807, #10603, #6137, #8631, #8579, #2593, #7259, #12051, #8144, #6223, #5871, #9349, #108, #9203, #2362, #9993, #316, #7485, #6694, #6868, #10062, #4769, #3912, #5804, #4054, #2401, #8613, #7522, #1532, #10719, #5320, #8957, #4678, #11000, #11179, #3117, #4238, #3834, #4320, #4386, #4854, #10238, #4291, #562, #7846, #9592, #3397, #11308, #11190, #2349, #3261, #23, #9309, #6825, #2784, #6199, #4334, #11493, #6637, #10798, #10367, #6214, #5425, #2042, #1955, #3904, #6611, #4805, #11335, #2223, #1617, #1643, #8340, #5163, #10418, #5218, #4638, #9908, #9651, #1806, #9517, #1095, #1999, #5667, #6102, #5607, #6378, #9350, #4735, #1107, #1153, #10016, #4453, #11437, #2721, #10659, #4124, #10433, #769, #8006, #2473, #11248, #1333, #5346, #3002, #7926, #9283, #10334, #10477, #3892, #9531, #9391, #8044, #2936, #5131, #8230, #10312, #1984, #7236, #5066, #2509, #6347, #5415, #5331, #5495, #9392, #2082, #5914, #5529, #4387, #10513, #3686, #4429, #10143, #9726, #11541, #4068, #6002, #8077, #10809, #9823, #9533, #403, #3277, #1512, #11543, #8275, #4626, #5497, #3720, #9310, #7124, #3774, #9963, #1305, #3205, #8239, #6185, #4452, #9976, #4539, #197, #11838, #8844, #8448, #231, #5374, #4511, #5959, #687, #634, #11889, #7720, #4693, #12065, #2374, #7219, #8743, #9730, #1842, #6610, #5426, #605, #8431, #6001, #437, #4948, #1161, #11634, #11076, #5765, #10730, #1242, #2665, #73, #4347, #5792, #481, #8255, #2792, #4309, #1657, #848, #6402, #703, #10404, #3103, #3860, #1817, #482, #12025, #10702, #2633, #4013, #5563, #6678, #5308, #11124, #2806, #1152, #7857, #8851, #11207, #8672, #2565, #9833, #9033, #8717, #2441, #9223, #6933, #6265, #6660, #7829, #2317, #1413, #190, #8381, #11090, #10206, #8776, #11818, #3959, #7880, #4613, #3470, #3969, #3386, #7624, #9508, #1577, #11320, #5679, #10273, #10631, #2069, #1591, #11469, #10321, #2136, #11423, #7358, #6706, #8, #9021, #12026, #130, #5695, #3151, #4220, #7793, #3562, #162, #9610, #673, #6446, #5655, #3409, #1685, #1844, #6650, #8910, #3492 ) ) ;
#8242 = DIRECTION ( 'NONE',  ( 1.932974505730857680E-07, 0.9999999999999813483, -0.000000000000000000 ) ) ;
#8243 = ORIENTED_EDGE ( 'NONE', *, *, #6485, .F. ) ;
#8244 = ORIENTED_EDGE ( 'NONE', *, *, #213, .T. ) ;
#8245 = ORIENTED_EDGE ( 'NONE', *, *, #926, .F. ) ;
#8246 = CARTESIAN_POINT ( 'NONE',  ( -119.5041537609585163, 29.66470120570228275, -4.481602675011057357 ) ) ;
#8247 = DIRECTION ( 'NONE',  ( -1.000000000000000000, 0.000000000000000000, 0.000000000000000000 ) ) ;
#8248 = CARTESIAN_POINT ( 'NONE',  ( -119.3199622424443049, 57.62265796776650006, -3.012814236801783618 ) ) ;
#8249 = CARTESIAN_POINT ( 'NONE',  ( 19.10164186223188665, 15.59828176963251067, -6.527129240127193199 ) ) ;
#8250 = AXIS2_PLACEMENT_3D ( 'NONE', #7783, #5954, #5039 ) ;
#8251 = FACE_OUTER_BOUND ( 'NONE', #7256, .T. ) ;
#8252 = LINE ( 'NONE', #5208, #9556 ) ;
#8253 = CARTESIAN_POINT ( 'NONE',  ( -1.527229767214855311E-14, 14.99411798029990983, 7.399999999999998579 ) ) ;
#8254 = VERTEX_POINT ( 'NONE', #11364 ) ;
#8255 = ADVANCED_FACE ( 'NONE', ( #7739 ), #1554, .T. ) ;
#8256 = CARTESIAN_POINT ( 'NONE',  ( -31.39144887574173737, 81.78398208444403394, -5.846449542702723434 ) ) ;
#8257 = CARTESIAN_POINT ( 'NONE',  ( -10.83707281764268515, 1.923685030425932752, 7.099999999999989875 ) ) ;
#8258 = ORIENTED_EDGE ( 'NONE', *, *, #3186, .T. ) ;
#8259 = EDGE_CURVE ( 'NONE', #6084, #4702, #2005, .T. ) ;
#8260 = DIRECTION ( 'NONE',  ( 0.000000000000000000, 0.000000000000000000, 1.000000000000000000 ) ) ;
#8261 = ORIENTED_EDGE ( 'NONE', *, *, #8505, .T. ) ;
#8262 = AXIS2_PLACEMENT_3D ( 'NONE', #7647, #8749, #5933 ) ;
#8263 = ORIENTED_EDGE ( 'NONE', *, *, #5483, .T. ) ;
#8264 = DIRECTION ( 'NONE',  ( 0.000000000000000000, 0.000000000000000000, -1.000000000000000000 ) ) ;
#8265 = DIRECTION ( 'NONE',  ( 0.000000000000000000, 0.000000000000000000, 1.000000000000000000 ) ) ;
#8266 = CARTESIAN_POINT ( 'NONE',  ( 16.42745573985807894, 81.24005990844381131, 3.825897646046209299 ) ) ;
#8267 = CARTESIAN_POINT ( 'NONE',  ( -23.66227900000001583, 81.14188785450699015, 7.399999999999998579 ) ) ;
#8268 = DIRECTION ( 'NONE',  ( -0.000000000000000000, -0.000000000000000000, -1.000000000000000000 ) ) ;
#8269 = CARTESIAN_POINT ( 'NONE',  ( 1.017662379641001147, 84.27920923031753375, 3.197289336871100840 ) ) ;
#8270 = CARTESIAN_POINT ( 'NONE',  ( -99.14387857505511192, 14.25611728670540046, -6.186789391842989261 ) ) ;
#8271 = CONICAL_SURFACE ( 'NONE', #5539, 0.3999999999999906408, 0.7853981633974537191 ) ;
#8272 = CARTESIAN_POINT ( 'NONE',  ( -119.3174262315777980, 28.93936894539634608, -6.400046099764410634 ) ) ;
#8273 = ORIENTED_EDGE ( 'NONE', *, *, #9088, .F. ) ;
#8274 = CARTESIAN_POINT ( 'NONE',  ( 0.000000000000000000, 0.000000000000000000, -1.900000000000000355 ) ) ;
#8275 = ADVANCED_FACE ( 'NONE', ( #2859 ), #7593, .T. ) ;
#8276 = CARTESIAN_POINT ( 'NONE',  ( 19.17216825051806950, 18.69905338060969058, -3.293894456394166337 ) ) ;
#8277 = ORIENTED_EDGE ( 'NONE', *, *, #2874, .F. ) ;
#8278 = VERTEX_POINT ( 'NONE', #9336 ) ;
#8279 = VECTOR ( 'NONE', #10685, 1000.000000000000000 ) ;
#8280 = AXIS2_PLACEMENT_3D ( 'NONE', #7517, #201, #6656 ) ;
#8281 = CARTESIAN_POINT ( 'NONE',  ( -30.65551912226608522, 6.720812096966748861, 7.099999999999989875 ) ) ;
#8282 = DIRECTION ( 'NONE',  ( -1.000000000000000000, 0.000000000000000000, 0.000000000000000000 ) ) ;
#8283 = DIRECTION ( 'NONE',  ( -0.9999999999999206191, 3.984065845071940926E-07, 0.000000000000000000 ) ) ;
#8284 = CARTESIAN_POINT ( 'NONE',  ( 0.9937524924524782088, 84.29276249492768613, 3.168407900396624122 ) ) ;
#8285 = CARTESIAN_POINT ( 'NONE',  ( 19.16772100000002865, 26.58547018669192852, 1.699999999999992184 ) ) ;
#8286 = CIRCLE ( 'NONE', #10442, 1.000000000000000888 ) ;
#8287 = VERTEX_POINT ( 'NONE', #60 ) ;
#8288 = EDGE_CURVE ( 'NONE', #4297, #9166, #10524, .T. ) ;
#8289 = ORIENTED_EDGE ( 'NONE', *, *, #9243, .F. ) ;
#8290 = CARTESIAN_POINT ( 'NONE',  ( -119.3122720196896722, 29.06910750985032621, -4.400000000000000355 ) ) ;
#8291 = EDGE_LOOP ( 'NONE', ( #6630, #981, #11025, #8944 ) ) ;
#8292 = DIRECTION ( 'NONE',  ( 0.000000000000000000, 1.000000000000000000, 0.000000000000000000 ) ) ;
#8293 = DIRECTION ( 'NONE',  ( 1.000000000000000000, 0.000000000000000000, 0.000000000000000000 ) ) ;
#8294 = VERTEX_POINT ( 'NONE', #5729 ) ;
#8295 = AXIS2_PLACEMENT_3D ( 'NONE', #10438, #1150, #4871 ) ;
#8296 = AXIS2_PLACEMENT_3D ( 'NONE', #1207, #4929, #9137 ) ;
#8297 = LINE ( 'NONE', #11063, #7684 ) ;
#8298 = LINE ( 'NONE', #8236, #1937 ) ;
#8299 = CARTESIAN_POINT ( 'NONE',  ( -24.54711520241038869, -1.517926587203632272, -6.439980624793831154 ) ) ;
#8300 = EDGE_CURVE ( 'NONE', #5548, #8016, #2127, .T. ) ;
#8301 = EDGE_CURVE ( 'NONE', #2720, #9709, #6698, .T. ) ;
#8302 = AXIS2_PLACEMENT_3D ( 'NONE', #663, #8839, #6036 ) ;
#8303 = PLANE ( 'NONE',  #2308 ) ;
#8304 = ORIENTED_EDGE ( 'NONE', *, *, #10447, .F. ) ;
#8305 = ORIENTED_EDGE ( 'NONE', *, *, #9906, .T. ) ;
#8306 = CARTESIAN_POINT ( 'NONE',  ( 16.72611713348653240, 81.15446216915752586, 3.239254138260050375 ) ) ;
#8307 = ORIENTED_EDGE ( 'NONE', *, *, #11280, .T. ) ;
#8308 = CARTESIAN_POINT ( 'NONE',  ( -119.3051416534113400, 29.66470120570227920, -2.360019375376301465 ) ) ;
#8309 = CARTESIAN_POINT ( 'NONE',  ( -79.21367833427878224, 79.84411100000001227, 7.399999999999998579 ) ) ;
#8310 = LINE ( 'NONE', #1042, #10821 ) ;
#8311 = CARTESIAN_POINT ( 'NONE',  ( 19.35960215963079634, 16.90386751168637858, -4.995599231673178764 ) ) ;
#8312 = DIRECTION ( 'NONE',  ( 0.000000000000000000, -1.000000000000000000, 0.000000000000000000 ) ) ;
#8313 = CARTESIAN_POINT ( 'NONE',  ( -53.66227900109224436, -0.3558820217042209522, 6.400000000000025224 ) ) ;
#8314 = EDGE_CURVE ( 'NONE', #3183, #5123, #11242, .T. ) ;
#8315 = CARTESIAN_POINT ( 'NONE',  ( -31.39144887574173737, 81.75750128907735359, -6.186789390830439217 ) ) ;
#8316 = LINE ( 'NONE', #12070, #7971 ) ;
#8317 = ORIENTED_EDGE ( 'NONE', *, *, #1942, .T. ) ;
#8318 = VECTOR ( 'NONE', #3070, 1000.000000000000000 ) ;
#8319 = DIRECTION ( 'NONE',  ( -1.405885081199590606E-16, 0.7071067811865148212, 0.7071067811865802133 ) ) ;
#8320 = VERTEX_POINT ( 'NONE', #10318 ) ;
#8321 = ORIENTED_EDGE ( 'NONE', *, *, #11062, .T. ) ;
#8322 = ORIENTED_EDGE ( 'NONE', *, *, #146, .F. ) ;
#8323 = ORIENTED_EDGE ( 'NONE', *, *, #6912, .T. ) ;
#8324 = DIRECTION ( 'NONE',  ( -0.9659258276786801822, 0.2588190399164180255, 0.000000000000000000 ) ) ;
#8325 = CARTESIAN_POINT ( 'NONE',  ( 15.46773318905265171, 80.27267983485985781, 2.799999999999989164 ) ) ;
#8326 = CARTESIAN_POINT ( 'NONE',  ( -48.95412350020969683, -1.755882021704229912, -1.900000000000000355 ) ) ;
#8327 = EDGE_CURVE ( 'NONE', #144, #1365, #8177, .T. ) ;
#8328 = FACE_OUTER_BOUND ( 'NONE', #2492, .T. ) ;
#8329 = DIRECTION ( 'NONE',  ( -0.9238794774093685991, 0.3826835653928608028, 0.000000000000000000 ) ) ;
#8330 = CARTESIAN_POINT ( 'NONE',  ( -99.63347472111917114, 14.31331696515098884, -6.527129239970771657 ) ) ;
#8331 = VECTOR ( 'NONE', #11708, 1000.000000000000000 ) ;
#8332 = CARTESIAN_POINT ( 'NONE',  ( -119.3174114757519106, 30.80501629297505417, -5.401851869925795135 ) ) ;
#8333 = VERTEX_POINT ( 'NONE', #5669 ) ;
#8334 = CARTESIAN_POINT ( 'NONE',  ( -42.71227739747914143, 84.84410401969522297, 7.100000000000059153 ) ) ;
#8335 = DIRECTION ( 'NONE',  ( -0.000000000000000000, 0.000000000000000000, 1.000000000000000000 ) ) ;
#8336 = EDGE_LOOP ( 'NONE', ( #1419, #3797, #843, #6251 ) ) ;
#8337 = ORIENTED_EDGE ( 'NONE', *, *, #4133, .T. ) ;
#8338 = VECTOR ( 'NONE', #7996, 1000.000000000000227 ) ;
#8339 = CARTESIAN_POINT ( 'NONE',  ( -23.66227900000000517, 79.84188785450702142, 4.400000000000000355 ) ) ;
#8340 = ADVANCED_FACE ( 'NONE', ( #9396 ), #4755, .F. ) ;
#8341 = DIRECTION ( 'NONE',  ( -0.9999999999999837907, 1.798198651385039339E-07, 0.000000000000000000 ) ) ;
#8342 = CARTESIAN_POINT ( 'NONE',  ( 19.16772100000000734, 14.98547018669193420, -4.400000000000000355 ) ) ;
#8343 = EDGE_CURVE ( 'NONE', #8762, #10078, #2307, .T. ) ;
#8344 = LINE ( 'NONE', #5411, #10515 ) ;
#8345 = CARTESIAN_POINT ( 'NONE',  ( 19.05199448867098866, 51.02545081133818883, -2.272870761040460152 ) ) ;
#8346 = VECTOR ( 'NONE', #4712, 1000.000000000000000 ) ;
#8347 = VERTEX_POINT ( 'NONE', #4263 ) ;
#8348 = UNCERTAINTY_MEASURE_WITH_UNIT (LENGTH_MEASURE( 1.000000000000000082E-05 ), #2340, 'distance_accuracy_value', 'NONE');
#8349 = ORIENTED_EDGE ( 'NONE', *, *, #724, .F. ) ;
#8350 = CARTESIAN_POINT ( 'NONE',  ( -26.88201655090441378, 19.12402100968364849, 7.099999999999989875 ) ) ;
#8351 = VERTEX_POINT ( 'NONE', #485 ) ;
#8352 = DIRECTION ( 'NONE',  ( -0.000000000000000000, 0.000000000000000000, 1.000000000000000000 ) ) ;
#8353 = FACE_OUTER_BOUND ( 'NONE', #6375, .T. ) ;
#8354 = VECTOR ( 'NONE', #259, 1000.000000000000000 ) ;
#8355 = EDGE_CURVE ( 'NONE', #3323, #10509, #1273, .T. ) ;
#8356 = DIRECTION ( 'NONE',  ( 0.000000000000000000, 1.000000000000000000, 0.000000000000000000 ) ) ;
#8357 = LINE ( 'NONE', #10015, #8970 ) ;
#8358 = FACE_OUTER_BOUND ( 'NONE', #3036, .T. ) ;
#8359 = CIRCLE ( 'NONE', #6034, 0.5999999999999998668 ) ;
#8360 = DIRECTION ( 'NONE',  ( -0.3535533905932858323, -0.6123724356958163417, -0.7071067811865225927 ) ) ;
#8361 = ORIENTED_EDGE ( 'NONE', *, *, #9087, .T. ) ;
#8362 = EDGE_LOOP ( 'NONE', ( #9609, #2800, #6990, #8451 ) ) ;
#8363 = CARTESIAN_POINT ( 'NONE',  ( -119.5049801751079315, 28.98401874209802642, -3.828807813584979680 ) ) ;
#8364 = EDGE_CURVE ( 'NONE', #2785, #1132, #6420, .T. ) ;
#8365 = CARTESIAN_POINT ( 'NONE',  ( -119.2930728010939134, 56.94197827182565419, -4.971197494144982798 ) ) ;
#8366 = CIRCLE ( 'NONE', #6804, 0.8999999999999980238 ) ;
#8367 = CARTESIAN_POINT ( 'NONE',  ( 19.30461077097806921, 15.92467787341269414, -4.314918151748109665 ) ) ;
#8368 = CARTESIAN_POINT ( 'NONE',  ( 4.862499999999998934, 8.422097051803667966, 7.099999999999989875 ) ) ;
#8369 = CARTESIAN_POINT ( 'NONE',  ( -21.12724577232201639, -2.562048273536179366, -3.012814236686331082 ) ) ;
#8370 = CARTESIAN_POINT ( 'NONE',  ( -32.04424108330033505, 81.81629276335796419, -6.186789390830439217 ) ) ;
#8371 = DIRECTION ( 'NONE',  ( 1.000000000000000000, 0.000000000000000000, 0.000000000000000000 ) ) ;
#8372 = ORIENTED_EDGE ( 'NONE', *, *, #11743, .T. ) ;
#8373 = VECTOR ( 'NONE', #11191, 1000.000000000000000 ) ;
#8374 = DIRECTION ( 'NONE',  ( 0.000000000000000000, 0.000000000000000000, 1.000000000000000000 ) ) ;
#8375 = EDGE_LOOP ( 'NONE', ( #9417, #6124, #4273, #4371 ) ) ;
#8376 = ORIENTED_EDGE ( 'NONE', *, *, #2677, .F. ) ;
#8377 = ORIENTED_EDGE ( 'NONE', *, *, #5119, .T. ) ;
#8378 = EDGE_CURVE ( 'NONE', #11023, #6439, #8571, .T. ) ;
#8379 = LINE ( 'NONE', #936, #10048 ) ;
#8380 = DIRECTION ( 'NONE',  ( -0.000000000000000000, -0.000000000000000000, -1.000000000000000000 ) ) ;
#8381 = ADVANCED_FACE ( 'NONE', ( #8784 ), #3215, .F. ) ;
#8382 = DIRECTION ( 'NONE',  ( -0.000000000000000000, -0.000000000000000000, 1.000000000000000000 ) ) ;
#8383 = DIRECTION ( 'NONE',  ( -0.000000000000000000, 0.000000000000000000, 1.000000000000000000 ) ) ;
#8384 = DIRECTION ( 'NONE',  ( -6.899580080555519496E-06, -0.9999999999761978176, 0.000000000000000000 ) ) ;
#8385 = CARTESIAN_POINT ( 'NONE',  ( -100.7758657286020849, 14.35010192985605926, -2.613211992813810003 ) ) ;
#8386 = CARTESIAN_POINT ( 'NONE',  ( -119.3174571723595392, 27.56186552742786233, -5.721230831443197218 ) ) ;
#8387 = ORIENTED_EDGE ( 'NONE', *, *, #4746, .T. ) ;
#8388 = DIRECTION ( 'NONE',  ( -1.000000000000000000, 0.000000000000000000, 0.000000000000000000 ) ) ;
#8389 = VECTOR ( 'NONE', #7651, 999.9999999999998863 ) ;
#8390 = VERTEX_POINT ( 'NONE', #6729 ) ;
#8391 = VERTEX_POINT ( 'NONE', #11459 ) ;
#8392 = CARTESIAN_POINT ( 'NONE',  ( 19.05199448867186973, 19.02545081132303295, -2.272870761040224785 ) ) ;
#8393 = VERTEX_POINT ( 'NONE', #4234 ) ;
#8394 = EDGE_CURVE ( 'NONE', #3154, #11597, #1374, .T. ) ;
#8395 = ORIENTED_EDGE ( 'NONE', *, *, #3805, .T. ) ;
#8396 = ORIENTED_EDGE ( 'NONE', *, *, #8474, .T. ) ;
#8397 = DIRECTION ( 'NONE',  ( -0.7071067811865718866, 2.102093755613971423E-08, 0.7071067811865228148 ) ) ;
#8398 = DIRECTION ( 'NONE',  ( -1.271518473894262564E-07, -0.7071067811865140440, 0.7071067811865695552 ) ) ;
#8399 = DIRECTION ( 'NONE',  ( 1.000000000000000000, 0.000000000000000000, 0.000000000000000000 ) ) ;
#8400 = CARTESIAN_POINT ( 'NONE',  ( -50.66227908726787632, 1.506092409993246675E-06, -1.900000000000000355 ) ) ;
#8401 = CARTESIAN_POINT ( 'NONE',  ( -33.43142950036545358, 81.84921655131648777, -2.399999999999996803 ) ) ;
#8402 = CARTESIAN_POINT ( 'NONE',  ( 11.01773275234658023, 77.84410499915232151, 0.09999999999999982514 ) ) ;
#8403 = CARTESIAN_POINT ( 'NONE',  ( 19.20613761279997078, 50.69905338062270772, -4.995599231674704654 ) ) ;
#8404 = ORIENTED_EDGE ( 'NONE', *, *, #4438, .T. ) ;
#8405 = ORIENTED_EDGE ( 'NONE', *, *, #11581, .F. ) ;
#8406 = LINE ( 'NONE', #8350, #7975 ) ;
#8407 = ORIENTED_EDGE ( 'NONE', *, *, #9118, .T. ) ;
#8408 = EDGE_CURVE ( 'NONE', #5342, #3337, #7949, .T. ) ;
#8409 = AXIS2_PLACEMENT_3D ( 'NONE', #11274, #10533, #6612 ) ;
#8410 = EDGE_CURVE ( 'NONE', #11775, #9314, #9735, .T. ) ;
#8411 = DIRECTION ( 'NONE',  ( 0.000000000000000000, 1.000000000000000000, 0.000000000000000000 ) ) ;
#8412 = DIRECTION ( 'NONE',  ( -0.000000000000000000, -0.000000000000000000, -1.000000000000000000 ) ) ;
#8413 = CARTESIAN_POINT ( 'NONE',  ( -10.83707281764268515, 1.923685030425932752, 7.399999999999998579 ) ) ;
#8414 = CARTESIAN_POINT ( 'NONE',  ( -81.95516926713661121, 2.007715659309325940, 5.399999999999998579 ) ) ;
#8415 = VECTOR ( 'NONE', #3677, 1000.000000000000000 ) ;
#8416 = CARTESIAN_POINT ( 'NONE',  ( 0.000000000000000000, 86.14410401969519171, 7.399999999999998579 ) ) ;
#8417 = EDGE_CURVE ( 'NONE', #11415, #7941, #8753, .T. ) ;
#8418 = LINE ( 'NONE', #1711, #1340 ) ;
#8419 = VERTEX_POINT ( 'NONE', #6968 ) ;
#8420 = AXIS2_PLACEMENT_3D ( 'NONE', #9558, #1185, #4907 ) ;
#8421 = VERTEX_POINT ( 'NONE', #3984 ) ;
#8422 = VERTEX_POINT ( 'NONE', #1182 ) ;
#8423 = CARTESIAN_POINT ( 'NONE',  ( -119.5223753833373763, 29.15418935799908695, -4.481602675011057357 ) ) ;
#8424 = CARTESIAN_POINT ( 'NONE',  ( -119.3515232520337008, 57.62265796776650006, -3.339211667514503823 ) ) ;
#8425 = CARTESIAN_POINT ( 'NONE',  ( -25.65727168330931462, 19.83112779744591236, 4.400000000000000355 ) ) ;
#8426 = VECTOR ( 'NONE', #4517, 1000.000000000000000 ) ;
#8427 = CARTESIAN_POINT ( 'NONE',  ( -21.99288059150497787, -2.505208240494714911, -4.971197494062461253 ) ) ;
#8428 = CARTESIAN_POINT ( 'NONE',  ( -33.34982682535063248, 81.93016301058570150, -2.953553223573229580 ) ) ;
#8429 = LINE ( 'NONE', #11135, #11490 ) ;
#8430 = ORIENTED_EDGE ( 'NONE', *, *, #302, .T. ) ;
#8431 = ADVANCED_FACE ( 'NONE', ( #5027 ), #5252, .F. ) ;
#8432 = LINE ( 'NONE', #8618, #12021 ) ;
#8433 = CARTESIAN_POINT ( 'NONE',  ( -23.66227900000001227, 80.84188785450702142, 4.400000000000000355 ) ) ;
#8434 = ORIENTED_EDGE ( 'NONE', *, *, #7952, .F. ) ;
#8435 = VERTEX_POINT ( 'NONE', #3133 ) ;
#8436 = ORIENTED_EDGE ( 'NONE', *, *, #9926, .T. ) ;
#8437 = CIRCLE ( 'NONE', #10985, 1.300000000000029354 ) ;
#8438 = CARTESIAN_POINT ( 'NONE',  ( -30.65551912226608522, 6.720812096966749749, 4.400000000000000355 ) ) ;
#8439 = DIRECTION ( 'NONE',  ( 0.000000000000000000, -0.7071067811865822117, 0.7071067811865128228 ) ) ;
#8440 = CARTESIAN_POINT ( 'NONE',  ( -80.50782314279000218, 73.14186833868100734, 5.399999999999998579 ) ) ;
#8441 = DIRECTION ( 'NONE',  ( -0.000000000000000000, -0.000000000000000000, -1.000000000000000000 ) ) ;
#8442 = DIRECTION ( 'NONE',  ( 0.000000000000000000, -0.000000000000000000, 1.000000000000000000 ) ) ;
#8443 = CARTESIAN_POINT ( 'NONE',  ( -100.4494682978926932, 14.28642747188408713, -2.953553224585818260 ) ) ;
#8444 = CARTESIAN_POINT ( 'NONE',  ( -119.3173813207986882, 27.13330336155446432, -4.919358772593781737 ) ) ;
#8445 = ORIENTED_EDGE ( 'NONE', *, *, #7664, .T. ) ;
#8446 = CARTESIAN_POINT ( 'NONE',  ( -119.3173775811761459, 31.06910750985086622, -4.135770333167751112 ) ) ;
#8447 = VECTOR ( 'NONE', #8826, 1000.000000000000000 ) ;
#8448 = ADVANCED_FACE ( 'NONE', ( #5936 ), #10532, .T. ) ;
#8449 = EDGE_CURVE ( 'NONE', #6899, #5001, #10471, .T. ) ;
#8450 = CARTESIAN_POINT ( 'NONE',  ( -61.46005585450884467, 84.84411115030172823, 7.399999999999998579 ) ) ;
#8451 = ORIENTED_EDGE ( 'NONE', *, *, #3605, .T. ) ;
#8452 = ORIENTED_EDGE ( 'NONE', *, *, #4360, .F. ) ;
#8453 = CARTESIAN_POINT ( 'NONE',  ( -118.3122720196896722, 61.06910750985031910, -4.400000000000000355 ) ) ;
#8454 = CARTESIAN_POINT ( 'NONE',  ( -23.06227899999999309, 21.29411100000000090, 7.100000000000059153 ) ) ;
#8455 = CARTESIAN_POINT ( 'NONE',  ( 0.8677339247136528488, 84.36378078824772331, -1.900000000000000577 ) ) ;
#8456 = DIRECTION ( 'NONE',  ( 1.000000000000000000, -4.263949503082960208E-15, 0.000000000000000000 ) ) ;
#8457 = AXIS2_PLACEMENT_3D ( 'NONE', #938, #3866, #1907 ) ;
#8458 = CARTESIAN_POINT ( 'NONE',  ( -95.21227469707440605, 76.84410589528943092, -2.400000000000000355 ) ) ;
#8459 = CARTESIAN_POINT ( 'NONE',  ( 1.653363290606713720, 84.90183567641622631, 4.464667994119376537 ) ) ;
#8460 = CARTESIAN_POINT ( 'NONE',  ( -79.21227201969416853, 80.84411100000001227, 5.399999999999998579 ) ) ;
#8461 = ORIENTED_EDGE ( 'NONE', *, *, #11768, .T. ) ;
#8462 = EDGE_LOOP ( 'NONE', ( #10108, #6405, #10786, #5419 ) ) ;
#8463 = AXIS2_PLACEMENT_3D ( 'NONE', #8170, #2734, #3536 ) ;
#8464 = DIRECTION ( 'NONE',  ( 0.000000000000000000, -1.000000000000000000, 0.000000000000000000 ) ) ;
#8465 = ORIENTED_EDGE ( 'NONE', *, *, #11600, .F. ) ;
#8466 = AXIS2_PLACEMENT_3D ( 'NONE', #7134, #10942, #10882 ) ;
#8467 = DIRECTION ( 'NONE',  ( 0.000000000000000000, 0.000000000000000000, 1.000000000000000000 ) ) ;
#8468 = DIRECTION ( 'NONE',  ( 0.000000000000000000, 0.000000000000000000, 1.000000000000000000 ) ) ;
#8469 = DIRECTION ( 'NONE',  ( -3.750753461571469916E-15, 1.000000000000000000, -0.000000000000000000 ) ) ;
#8470 = CARTESIAN_POINT ( 'NONE',  ( -59.47085191958733930, 85.84411100000001227, -1.900000000000000355 ) ) ;
#8471 = AXIS2_PLACEMENT_3D ( 'NONE', #11844, #11903, #8946 ) ;
#8472 = ADVANCED_FACE ( 'NONE', ( #5087 ), #3195, .T. ) ;
#8473 = AXIS2_PLACEMENT_3D ( 'NONE', #8495, #4715, #5749 ) ;
#8474 = EDGE_CURVE ( 'NONE', #8089, #5553, #2338, .T. ) ;
#8475 = CARTESIAN_POINT ( 'NONE',  ( 19.29191287373437902, 47.92467787340755336, -4.995599231674704654 ) ) ;
#8476 = DIRECTION ( 'NONE',  ( -0.000000000000000000, -0.000000000000000000, -1.000000000000000000 ) ) ;
#8477 = EDGE_LOOP ( 'NONE', ( #1871, #5707, #7654, #4355 ) ) ;
#8478 = CARTESIAN_POINT ( 'NONE',  ( 19.17282370017673898, 47.08727014734651561, -5.043431635509532107 ) ) ;
#8479 = VECTOR ( 'NONE', #421, 1000.000000000000114 ) ;
#8480 = ORIENTED_EDGE ( 'NONE', *, *, #8716, .F. ) ;
#8481 = AXIS2_PLACEMENT_3D ( 'NONE', #9839, #10645, #5991 ) ;
#8482 = VERTEX_POINT ( 'NONE', #2157 ) ;
#8483 = ORIENTED_EDGE ( 'NONE', *, *, #9171, .F. ) ;
#8484 = CARTESIAN_POINT ( 'NONE',  ( -119.2930727482691822, 31.19623674881176356, -4.971197494147453710 ) ) ;
#8485 = DIRECTION ( 'NONE',  ( 1.000000000000000000, 0.000000000000000000, 0.000000000000000000 ) ) ;
#8486 = CARTESIAN_POINT ( 'NONE',  ( 19.34455124630374456, 17.55666237311303490, -4.995599231673178764 ) ) ;
#8487 = EDGE_CURVE ( 'NONE', #8757, #3518, #8629, .T. ) ;
#8488 = EDGE_CURVE ( 'NONE', #220, #7064, #260, .T. ) ;
#8489 = DIRECTION ( 'NONE',  ( -0.02449038290409118884, -0.9997000655922809731, 0.000000000000000000 ) ) ;
#8490 = VECTOR ( 'NONE', #9519, 1000.000000000000000 ) ;
#8491 = CONICAL_SURFACE ( 'NONE', #11648, 0.3999999999999906408, 0.7853981633974537191 ) ;
#8492 = CARTESIAN_POINT ( 'NONE',  ( -20.46457118800636721, -2.718857448361206686, -4.318403959408191994 ) ) ;
#8493 = CARTESIAN_POINT ( 'NONE',  ( -34.49221783284409071, 81.96830342743709252, -4.995599230561261983 ) ) ;
#8494 = CARTESIAN_POINT ( 'NONE',  ( -61.16005585450887594, 81.14411100000002364, 4.400000000000000355 ) ) ;
#8495 = CARTESIAN_POINT ( 'NONE',  ( -42.60274304593206551, -125.2924481354811519, 3.399999999999993250 ) ) ;
#8496 = LINE ( 'NONE', #8433, #11483 ) ;
#8497 = ORIENTED_EDGE ( 'NONE', *, *, #1792, .T. ) ;
#8498 = ORIENTED_EDGE ( 'NONE', *, *, #11265, .F. ) ;
#8499 = AXIS2_PLACEMENT_3D ( 'NONE', #3432, #10896, #6172 ) ;
#8500 = VERTEX_POINT ( 'NONE', #810 ) ;
#8501 = PLANE ( 'NONE',  #9071 ) ;
#8502 = CARTESIAN_POINT ( 'NONE',  ( -79.21367833427878224, 79.84411100000001227, 7.100000000000059153 ) ) ;
#8503 = CARTESIAN_POINT ( 'NONE',  ( -118.0689104308284669, 75.81721716060668825, 6.400000000000025224 ) ) ;
#8504 = DIRECTION ( 'NONE',  ( 1.000000000000000000, 0.000000000000000000, 0.000000000000000000 ) ) ;
#8505 = EDGE_CURVE ( 'NONE', #4383, #3020, #10035, .T. ) ;
#8506 = CARTESIAN_POINT ( 'NONE',  ( -10.83707281764268515, 1.923685030425932752, 4.400000000000000355 ) ) ;
#8507 = CARTESIAN_POINT ( 'NONE',  ( -100.4494682978926647, 14.28642769973466109, -5.846449543715206865 ) ) ;
#8508 = CARTESIAN_POINT ( 'NONE',  ( 0.9190411790080788013, 85.05513264046579991, 4.299368522377741364 ) ) ;
#8509 = VECTOR ( 'NONE', #11224, 1000.000000000000000 ) ;
#8510 = VERTEX_POINT ( 'NONE', #3375 ) ;
#8511 = CARTESIAN_POINT ( 'NONE',  ( -119.3173900147435376, 30.86610092395377336, -3.512429941371553177 ) ) ;
#8512 = FACE_OUTER_BOUND ( 'NONE', #6866, .T. ) ;
#8513 = CARTESIAN_POINT ( 'NONE',  ( -41.41227819873822114, 81.14188785450699015, 7.399999999999998579 ) ) ;
#8514 = ORIENTED_EDGE ( 'NONE', *, *, #10222, .T. ) ;
#8515 = VERTEX_POINT ( 'NONE', #4353 ) ;
#8516 = ORIENTED_EDGE ( 'NONE', *, *, #7260, .F. ) ;
#8517 = DIRECTION ( 'NONE',  ( 0.000000000000000000, 0.000000000000000000, 1.000000000000000000 ) ) ;
#8518 = DIRECTION ( 'NONE',  ( -1.000000000000000000, 0.000000000000000000, -1.492741799624945840E-62 ) ) ;
#8519 = CARTESIAN_POINT ( 'NONE',  ( -118.3122790000000322, 16.98553808041265967, 5.399999999999998579 ) ) ;
#8520 = VECTOR ( 'NONE', #5041, 1000.000000000000114 ) ;
#8521 = CARTESIAN_POINT ( 'NONE',  ( -21.55519285091582660, -2.444729174661376625, -6.135379275634048390 ) ) ;
#8522 = LINE ( 'NONE', #10487, #1496 ) ;
#8523 = EDGE_CURVE ( 'NONE', #10221, #3458, #8252, .T. ) ;
#8524 = DIRECTION ( 'NONE',  ( 0.000000000000000000, 0.000000000000000000, 1.000000000000000000 ) ) ;
#8525 = CARTESIAN_POINT ( 'NONE',  ( 0.07198432354029156433, 85.22859074735158913, 3.342491507204055967 ) ) ;
#8526 = CARTESIAN_POINT ( 'NONE',  ( 0.000000000000000000, 0.000000000000000000, 4.400000000000000355 ) ) ;
#8527 = VERTEX_POINT ( 'NONE', #9050 ) ;
#8528 = ORIENTED_EDGE ( 'NONE', *, *, #12092, .T. ) ;
#8529 = VECTOR ( 'NONE', #3687, 1000.000000000000000 ) ;
#8530 = CARTESIAN_POINT ( 'NONE',  ( -99.06228253471061862, 15.29411798029987679, -6.400000000000002132 ) ) ;
#8531 = VERTEX_POINT ( 'NONE', #692 ) ;
#8532 = DIRECTION ( 'NONE',  ( 0.000000000000000000, 1.000000000000000000, 0.000000000000000000 ) ) ;
#8533 = DIRECTION ( 'NONE',  ( 1.000000000000000000, 0.000000000000000000, 0.000000000000000000 ) ) ;
#8534 = DIRECTION ( 'NONE',  ( -0.000000000000000000, -0.000000000000000000, -1.000000000000000000 ) ) ;
#8535 = EDGE_CURVE ( 'NONE', #2955, #11871, #9854, .T. ) ;
#8536 = EDGE_CURVE ( 'NONE', #2508, #3446, #575, .T. ) ;
#8537 = CARTESIAN_POINT ( 'NONE',  ( -23.36227899999995827, 21.29411100000000090, 7.399999999999998579 ) ) ;
#8538 = DIRECTION ( 'NONE',  ( 0.000000000000000000, -0.000000000000000000, -1.000000000000000000 ) ) ;
#8539 = AXIS2_PLACEMENT_3D ( 'NONE', #2507, #11700, #10023 ) ;
#8540 = CARTESIAN_POINT ( 'NONE',  ( 19.28884968806816147, 48.41427269254759125, -5.506109695707693596 ) ) ;
#8541 = DIRECTION ( 'NONE',  ( 1.000000000000000000, 0.000000000000000000, 0.000000000000000000 ) ) ;
#8542 = EDGE_LOOP ( 'NONE', ( #607, #10593, #6377, #9997 ) ) ;
#8543 = CIRCLE ( 'NONE', #3289, 1.697767288277064690 ) ;
#8544 = CARTESIAN_POINT ( 'NONE',  ( 19.17283591162977530, 48.72237701038454816, -6.386920535856945413 ) ) ;
#8545 = VERTEX_POINT ( 'NONE', #8128 ) ;
#8546 = EDGE_CURVE ( 'NONE', #5625, #4569, #4530, .T. ) ;
#8547 = ORIENTED_EDGE ( 'NONE', *, *, #7745, .T. ) ;
#8548 = CARTESIAN_POINT ( 'NONE',  ( -42.41227899999996254, 27.99411100000000019, 7.399999999999998579 ) ) ;
#8549 = CARTESIAN_POINT ( 'NONE',  ( -119.3167192957395883, 60.17521305394346598, -6.113584520840152692 ) ) ;
#8550 = CARTESIAN_POINT ( 'NONE',  ( 19.34455179443505557, 17.55666237311303490, -3.804406304071138667 ) ) ;
#8551 = VECTOR ( 'NONE', #8635, 1000.000000000000000 ) ;
#8552 = VECTOR ( 'NONE', #4950, 1000.000000000000227 ) ;
#8553 = CARTESIAN_POINT ( 'NONE',  ( -20.46280022048318870, -2.712248107230605942, -3.828807813357013590 ) ) ;
#8554 = CARTESIAN_POINT ( 'NONE',  ( -34.00262168677546981, 81.87365294573939423, -2.613211991801165812 ) ) ;
#8555 = LINE ( 'NONE', #8494, #11110 ) ;
#8556 = DIRECTION ( 'NONE',  ( -0.9999999999999640288, 2.679728807195011801E-07, 0.000000000000000000 ) ) ;
#8557 = CARTESIAN_POINT ( 'NONE',  ( -69.56196091246293634, 81.84921655634535398, -2.399999999999996358 ) ) ;
#8558 = EDGE_LOOP ( 'NONE', ( #11885, #5965, #3756, #8681 ) ) ;
#8559 = EDGE_CURVE ( 'NONE', #5860, #8527, #10926, .T. ) ;
#8560 = ORIENTED_EDGE ( 'NONE', *, *, #4109, .T. ) ;
#8561 = EDGE_CURVE ( 'NONE', #818, #3669, #11013, .T. ) ;
#8562 = VECTOR ( 'NONE', #7813, 1000.000000000000000 ) ;
#8563 = CARTESIAN_POINT ( 'NONE',  ( -71.21228330292586861, 19.29411698796796415, -2.400000000000000355 ) ) ;
#8564 = CARTESIAN_POINT ( 'NONE',  ( -68.86023200622652496, 81.96523968826498674, -5.506109694586541536 ) ) ;
#8565 = LINE ( 'NONE', #9549, #9114 ) ;
#8566 = LINE ( 'NONE', #11456, #1043 ) ;
#8567 = DIRECTION ( 'NONE',  ( 0.9999999999999836797, -1.798198627038042358E-07, 0.000000000000000000 ) ) ;
#8568 = DIRECTION ( 'NONE',  ( 0.000000000000000000, 0.000000000000000000, -1.000000000000000000 ) ) ;
#8569 = CARTESIAN_POINT ( 'NONE',  ( -101.1022631593114767, 14.32959027156107901, -3.293894456357826073 ) ) ;
#8570 = FACE_OUTER_BOUND ( 'NONE', #620, .T. ) ;
#8571 = CIRCLE ( 'NONE', #2915, 1.599999999999990319 ) ;
#8572 = ORIENTED_EDGE ( 'NONE', *, *, #5781, .T. ) ;
#8573 = FACE_OUTER_BOUND ( 'NONE', #7744, .T. ) ;
#8574 = VERTEX_POINT ( 'NONE', #1662 ) ;
#8575 = EDGE_LOOP ( 'NONE', ( #5717, #11128, #6226, #10177 ) ) ;
#8576 = LINE ( 'NONE', #10416, #2312 ) ;
#8577 = VERTEX_POINT ( 'NONE', #2396 ) ;
#8578 = VERTEX_POINT ( 'NONE', #1604 ) ;
#8579 = ADVANCED_FACE ( 'NONE', ( #5322 ), #8194, .F. ) ;
#8580 = VERTEX_POINT ( 'NONE', #10958 ) ;
#8581 = LINE ( 'NONE', #5375, #9867 ) ;
#8582 = DIRECTION ( 'NONE',  ( 1.000000000000000000, 0.000000000000000000, 0.000000000000000000 ) ) ;
#8583 = DIRECTION ( 'NONE',  ( 0.000000000000000000, 0.000000000000000000, -1.000000000000000000 ) ) ;
#8584 = PLANE ( 'NONE',  #10211 ) ;
#8585 = CARTESIAN_POINT ( 'NONE',  ( -20.59188812737636809, -2.702821070484204835, -4.400000000000003020 ) ) ;
#8586 = CARTESIAN_POINT ( 'NONE',  ( -32.20904897746407158, 81.84928529546098730, -5.988402165416625067 ) ) ;
#8587 = LINE ( 'NONE', #11351, #872 ) ;
#8588 = LINE ( 'NONE', #7482, #6988 ) ;
#8589 = LINE ( 'NONE', #6806, #10171 ) ;
#8590 = VERTEX_POINT ( 'NONE', #5441 ) ;
#8591 = DIRECTION ( 'NONE',  ( 0.8767298616822649659, -0.4809831074316400223, 0.000000000000000000 ) ) ;
#8592 = VERTEX_POINT ( 'NONE', #8008 ) ;
#8593 = ADVANCED_FACE ( 'NONE', ( #2576 ), #6291, .F. ) ;
#8594 = CYLINDRICAL_SURFACE ( 'NONE', #2062, 1.000000000000000888 ) ;
#8595 = AXIS2_PLACEMENT_3D ( 'NONE', #7948, #9734, #8812 ) ;
#8596 = CARTESIAN_POINT ( 'NONE',  ( -118.3122720196896722, 31.06910750985031910, -4.400000000000000355 ) ) ;
#8597 = FACE_OUTER_BOUND ( 'NONE', #10251, .T. ) ;
#8598 = CARTESIAN_POINT ( 'NONE',  ( -60.16005585450887594, 84.84411115030172823, 7.399999999999998579 ) ) ;
#8599 = CARTESIAN_POINT ( 'NONE',  ( -10.91360953072124751, 1.738909134944085721, 7.399999999999998579 ) ) ;
#8600 = CARTESIAN_POINT ( 'NONE',  ( -0.01831639601859030853, 85.24687480008269347, 5.399999999999998579 ) ) ;
#8601 = CARTESIAN_POINT ( 'NONE',  ( 19.16059076707526287, 46.94548956206062940, -3.804406304072100564 ) ) ;
#8602 = CIRCLE ( 'NONE', #1965, 1.999999999999996225 ) ;
#8603 = CARTESIAN_POINT ( 'NONE',  ( -6.362499814916867003, -11.02017306925234053, 5.399999999999998579 ) ) ;
#8604 = EDGE_LOOP ( 'NONE', ( #6796, #7325, #3428 ) ) ;
#8605 = EDGE_CURVE ( 'NONE', #9469, #11597, #2636, .T. ) ;
#8606 = EDGE_CURVE ( 'NONE', #6808, #4552, #3558, .T. ) ;
#8607 = CYLINDRICAL_SURFACE ( 'NONE', #3867, 2.000000000000003109 ) ;
#8608 = ORIENTED_EDGE ( 'NONE', *, *, #6760, .F. ) ;
#8609 = ORIENTED_EDGE ( 'NONE', *, *, #11470, .T. ) ;
#8610 = CARTESIAN_POINT ( 'NONE',  ( -121.3122811893313866, 1.563642109909617922E-05, -1.900000000000000355 ) ) ;
#8611 = AXIS2_PLACEMENT_3D ( 'NONE', #12067, #11893, #1665 ) ;
#8612 = CARTESIAN_POINT ( 'NONE',  ( -119.4491617142726625, 58.98401874329225336, -5.460792313280947496 ) ) ;
#8613 = ADVANCED_FACE ( 'NONE', ( #6352 ), #10096, .F. ) ;
#8614 = CARTESIAN_POINT ( 'NONE',  ( -21.97925705309000932, -2.454364501186488301, -3.339211667490741942 ) ) ;
#8615 = CARTESIAN_POINT ( 'NONE',  ( -33.34982682535063248, 82.05421425662247259, -4.485088766547514538 ) ) ;
#8616 = DIRECTION ( 'NONE',  ( -1.000000000000000000, -1.954618001100627820E-16, 0.000000000000000000 ) ) ;
#8617 = AXIS2_PLACEMENT_3D ( 'NONE', #2923, #1033, #4639 ) ;
#8618 = CARTESIAN_POINT ( 'NONE',  ( -31.43142950036545358, 81.84411100000002648, -4.400000000000000355 ) ) ;
#8619 = CARTESIAN_POINT ( 'NONE',  ( -71.16680877599927157, 81.84924052722952581, -3.397280009078342378 ) ) ;
#8620 = ORIENTED_EDGE ( 'NONE', *, *, #6322, .F. ) ;
#8621 = ORIENTED_EDGE ( 'NONE', *, *, #2739, .T. ) ;
#8622 = CARTESIAN_POINT ( 'NONE',  ( 8.888494782936717797, -4.876320549734168175, -1.900000000000000355 ) ) ;
#8623 = CARTESIAN_POINT ( 'NONE',  ( -68.37063718708466808, 81.84295516031295392, -6.186789390833933311 ) ) ;
#8624 = CARTESIAN_POINT ( 'NONE',  ( 19.16772100000002865, 39.98547018669192710, -1.900000000000000133 ) ) ;
#8625 = DIRECTION ( 'NONE',  ( 1.000000000000000000, 1.922131275320561521E-16, 0.000000000000000000 ) ) ;
#8626 = CONICAL_SURFACE ( 'NONE', #6471, 2.024999999999985256, 0.7853981633974232990 ) ;
#8627 = DIRECTION ( 'NONE',  ( -0.000000000000000000, -0.000000000000000000, -1.000000000000000000 ) ) ;
#8628 = DIRECTION ( 'NONE',  ( 1.000000000000000000, 0.000000000000000000, 0.000000000000000000 ) ) ;
#8629 = LINE ( 'NONE', #9794, #2526 ) ;
#8630 = EDGE_CURVE ( 'NONE', #5191, #1796, #2694, .T. ) ;
#8631 = ADVANCED_FACE ( 'NONE', ( #3787 ), #1278, .F. ) ;
#8632 = CARTESIAN_POINT ( 'NONE',  ( -41.11227899999998670, 22.99411100000003216, 7.399999999999998579 ) ) ;
#8633 = VERTEX_POINT ( 'NONE', #9231 ) ;
#8634 = CARTESIAN_POINT ( 'NONE',  ( 15.45200158892613551, 80.28524346666323197, 2.958755101326656867 ) ) ;
#8635 = DIRECTION ( 'NONE',  ( 0.000000000000000000, -0.7071067811865748842, 0.7071067811865201502 ) ) ;
#8636 = EDGE_LOOP ( 'NONE', ( #1607, #7428, #11467, #3076 ) ) ;
#8637 = ORIENTED_EDGE ( 'NONE', *, *, #9188, .F. ) ;
#8638 = FACE_OUTER_BOUND ( 'NONE', #9257, .T. ) ;
#8639 = FACE_OUTER_BOUND ( 'NONE', #4657, .T. ) ;
#8640 = VERTEX_POINT ( 'NONE', #7572 ) ;
#8641 = ORIENTED_EDGE ( 'NONE', *, *, #9131, .F. ) ;
#8642 = CYLINDRICAL_SURFACE ( 'NONE', #1072, 1.625000000000001332 ) ;
#8643 = PLANE ( 'NONE',  #539 ) ;
#8644 = LINE ( 'NONE', #9621, #6289 ) ;
#8645 = LINE ( 'NONE', #7784, #10861 ) ;
#8646 = CARTESIAN_POINT ( 'NONE',  ( -31.49481618432250229, 81.84923464247282254, -4.916232099582885873 ) ) ;
#8647 = LINE ( 'NONE', #7545, #11108 ) ;
#8648 = AXIS2_PLACEMENT_3D ( 'NONE', #8770, #8888, #3026 ) ;
#8649 = EDGE_CURVE ( 'NONE', #10509, #11805, #12066, .T. ) ;
#8650 = CARTESIAN_POINT ( 'NONE',  ( 19.17282655130631497, 16.98547018668785569, -2.400000000000005240 ) ) ;
#8651 = ORIENTED_EDGE ( 'NONE', *, *, #3751, .T. ) ;
#8652 = VECTOR ( 'NONE', #10020, 1000.000000000000114 ) ;
#8653 = ORIENTED_EDGE ( 'NONE', *, *, #10032, .T. ) ;
#8654 = ORIENTED_EDGE ( 'NONE', *, *, #8030, .T. ) ;
#8655 = AXIS2_PLACEMENT_3D ( 'NONE', #8440, #6664, #86 ) ;
#8656 = DIRECTION ( 'NONE',  ( -1.000000000000000000, 0.000000000000000000, 0.000000000000000000 ) ) ;
#8657 = FACE_OUTER_BOUND ( 'NONE', #4085, .T. ) ;
#8658 = CARTESIAN_POINT ( 'NONE',  ( -22.06227899999998954, 21.29411100000000090, 4.400000000000000355 ) ) ;
#8659 = LINE ( 'NONE', #8414, #194 ) ;
#8660 = EDGE_CURVE ( 'NONE', #11017, #1860, #7107, .T. ) ;
#8661 = CARTESIAN_POINT ( 'NONE',  ( 19.12355158756033546, 47.92467787340755336, -2.272870761040460152 ) ) ;
#8662 = AXIS2_PLACEMENT_3D ( 'NONE', #5907, #5790, #2065 ) ;
#8663 = FACE_OUTER_BOUND ( 'NONE', #4417, .T. ) ;
#8664 = ORIENTED_EDGE ( 'NONE', *, *, #6366, .F. ) ;
#8665 = ORIENTED_EDGE ( 'NONE', *, *, #11796, .F. ) ;
#8666 = ORIENTED_EDGE ( 'NONE', *, *, #7991, .T. ) ;
#8667 = CARTESIAN_POINT ( 'NONE',  ( 19.17282655643988321, 48.85493877459448697, -6.399999999999998579 ) ) ;
#8668 = VECTOR ( 'NONE', #1513, 1000.000000000000000 ) ;
#8669 = CARTESIAN_POINT ( 'NONE',  ( -41.71227739748182728, 84.84410170196750300, -1.900000000000000577 ) ) ;
#8670 = AXIS2_PLACEMENT_3D ( 'NONE', #2424, #2305, #4377 ) ;
#8671 = CARTESIAN_POINT ( 'NONE',  ( -119.4334010618370314, 57.96299781573682708, -3.828807813583583020 ) ) ;
#8672 = ADVANCED_FACE ( 'NONE', ( #4594 ), #4768, .T. ) ;
#8673 = CARTESIAN_POINT ( 'NONE',  ( -23.14738035070804045, -2.211443947958894984, -4.481602675085257559 ) ) ;
#8674 = AXIS2_PLACEMENT_3D ( 'NONE', #11238, #1939, #11299 ) ;
#8675 = CARTESIAN_POINT ( 'NONE',  ( -35.14501269426892804, 81.75442042143411925, -6.527129238958155000 ) ) ;
#8676 = VECTOR ( 'NONE', #1710, 1000.000000000000000 ) ;
#8677 = DIRECTION ( 'NONE',  ( 0.000000000000000000, 1.000000000000000000, 0.000000000000000000 ) ) ;
#8678 = DIRECTION ( 'NONE',  ( 0.000000000000000000, -1.000000000000000000, 0.000000000000000000 ) ) ;
#8679 = DIRECTION ( 'NONE',  ( -0.000000000000000000, 0.000000000000000000, 1.000000000000000000 ) ) ;
#8680 = VERTEX_POINT ( 'NONE', #2871 ) ;
#8681 = ORIENTED_EDGE ( 'NONE', *, *, #7801, .F. ) ;
#8682 = DIRECTION ( 'NONE',  ( 1.000000000000000000, 0.000000000000000000, 0.000000000000000000 ) ) ;
#8683 = CARTESIAN_POINT ( 'NONE',  ( -69.51302554072671569, 81.93016307208857540, -2.953553223614921563 ) ) ;
#8684 = CARTESIAN_POINT ( 'NONE',  ( -121.3122720203380140, 71.13595499523698606, 6.400000000000025224 ) ) ;
#8685 = CARTESIAN_POINT ( 'NONE',  ( 17.51443618207122199, 79.88444888479104122, 7.399999999999998579 ) ) ;
#8686 = VECTOR ( 'NONE', #3833, 1000.000000000000000 ) ;
#8687 = CIRCLE ( 'NONE', #4796, 2.300000000000010481 ) ;
#8688 = DIRECTION ( 'NONE',  ( -1.000000000000000000, 6.584418764838352724E-17, -0.000000000000000000 ) ) ;
#8689 = EDGE_CURVE ( 'NONE', #11835, #4053, #4709, .T. ) ;
#8690 = EDGE_CURVE ( 'NONE', #6603, #1040, #7332, .T. ) ;
#8691 = DIRECTION ( 'NONE',  ( 0.000000000000000000, 1.000000000000000000, -0.000000000000000000 ) ) ;
#8692 = DIRECTION ( 'NONE',  ( 0.6830127028748007589, -0.1830126982250850909, 0.7071067811865709984 ) ) ;
#8693 = CARTESIAN_POINT ( 'NONE',  ( -60.16005585450886883, 85.84411100000001227, 5.399999999999998579 ) ) ;
#8694 = PRESENTATION_STYLE_ASSIGNMENT (( #578 ) ) ;
#8695 = ORIENTED_EDGE ( 'NONE', *, *, #4677, .T. ) ;
#8696 = CARTESIAN_POINT ( 'NONE',  ( -119.3174571910070512, 30.57469781648892493, -3.077032720842607816 ) ) ;
#8697 = ORIENTED_EDGE ( 'NONE', *, *, #10263, .F. ) ;
#8698 = ORIENTED_EDGE ( 'NONE', *, *, #5705, .F. ) ;
#8699 = VECTOR ( 'NONE', #4376, 1000.000000000000000 ) ;
#8700 = CARTESIAN_POINT ( 'NONE',  ( -3.612278999999990692, 21.29411100000000090, 4.400000000000000355 ) ) ;
#8701 = ORIENTED_EDGE ( 'NONE', *, *, #4582, .F. ) ;
#8702 = ORIENTED_EDGE ( 'NONE', *, *, #9463, .F. ) ;
#8703 = ORIENTED_EDGE ( 'NONE', *, *, #4661, .T. ) ;
#8704 = EDGE_CURVE ( 'NONE', #6109, #5035, #5743, .T. ) ;
#8705 = DIRECTION ( 'NONE',  ( -1.000000000000000000, 0.000000000000000000, 0.000000000000000000 ) ) ;
#8706 = LINE ( 'NONE', #1387, #3655 ) ;
#8707 = CARTESIAN_POINT ( 'NONE',  ( 1.710992175104019025E-15, 25.98547018669193065, -1.900000000000000355 ) ) ;
#8708 = CARTESIAN_POINT ( 'NONE',  ( -4.612279000000002682, 76.84411099999999806, 4.400000000000000355 ) ) ;
#8709 = CARTESIAN_POINT ( 'NONE',  ( 14.86773485016851737, 89.51034585170278035, 2.799999999999993605 ) ) ;
#8710 = PLANE ( 'NONE',  #9935 ) ;
#8711 = AXIS2_PLACEMENT_3D ( 'NONE', #4308, #11538, #8889 ) ;
#8712 = CARTESIAN_POINT ( 'NONE',  ( 0.000000000000000000, 0.000000000000000000, 4.400000000000000355 ) ) ;
#8713 = ORIENTED_EDGE ( 'NONE', *, *, #1913, .T. ) ;
#8714 = ORIENTED_EDGE ( 'NONE', *, *, #4977, .F. ) ;
#8715 = CIRCLE ( 'NONE', #9495, 1.625000000000001332 ) ;
#8716 = EDGE_CURVE ( 'NONE', #6824, #8351, #4650, .T. ) ;
#8717 = ADVANCED_FACE ( 'NONE', ( #1957 ), #5559, .T. ) ;
#8718 = CARTESIAN_POINT ( 'NONE',  ( -60.76227899999999948, 0.000000000000000000, 4.400000000000000355 ) ) ;
#8719 = DIRECTION ( 'NONE',  ( -1.000000000000000000, 0.000000000000000000, 0.000000000000000000 ) ) ;
#8720 = LINE ( 'NONE', #239, #4766 ) ;
#8721 = CARTESIAN_POINT ( 'NONE',  ( 19.10164186223136085, 47.59828176962523827, -6.527129240129442955 ) ) ;
#8722 = CARTESIAN_POINT ( 'NONE',  ( 19.13224870690761392, 14.94548956207215262, -3.293894456394166337 ) ) ;
#8723 = AXIS2_PLACEMENT_3D ( 'NONE', #8887, #5101, #8769 ) ;
#8724 = CARTESIAN_POINT ( 'NONE',  ( -40.38981255443266605, -0.7558854337820364311, 7.399999999999998579 ) ) ;
#8725 = ORIENTED_EDGE ( 'NONE', *, *, #2487, .F. ) ;
#8726 = ORIENTED_EDGE ( 'NONE', *, *, #12075, .F. ) ;
#8727 = ORIENTED_EDGE ( 'NONE', *, *, #9188, .T. ) ;
#8728 = CARTESIAN_POINT ( 'NONE',  ( -49.66227899999999096, 20.99411100000003216, 7.399999999999998579 ) ) ;
#8729 = ADVANCED_FACE ( 'NONE', ( #7446 ), #7510, .F. ) ;
#8730 = DIRECTION ( 'NONE',  ( 0.000000000000000000, 1.000000000000000000, 0.000000000000000000 ) ) ;
#8731 = ORIENTED_EDGE ( 'NONE', *, *, #3946, .T. ) ;
#8732 = VECTOR ( 'NONE', #3626, 1000.000000000000000 ) ;
#8733 = FACE_OUTER_BOUND ( 'NONE', #894, .T. ) ;
#8734 = CARTESIAN_POINT ( 'NONE',  ( -119.3167190915439875, 57.96299781573683418, -2.686416806089063858 ) ) ;
#8735 = CARTESIAN_POINT ( 'NONE',  ( -23.36227899999999025, 22.99411099999999308, 7.100000000000059153 ) ) ;
#8736 = CARTESIAN_POINT ( 'NONE',  ( -23.91312081352716490, -1.781782401947152206, -6.113584520949125967 ) ) ;
#8737 = DIRECTION ( 'NONE',  ( 0.000000000000000000, 1.000000000000000000, 0.000000000000000000 ) ) ;
#8738 = LINE ( 'NONE', #1228, #8552 ) ;
#8739 = LINE ( 'NONE', #9782, #5746 ) ;
#8740 = DIRECTION ( 'NONE',  ( 1.000000000000000000, 0.000000000000000000, 0.000000000000000000 ) ) ;
#8741 = EDGE_LOOP ( 'NONE', ( #7469, #3280, #9042, #7455 ) ) ;
#8742 = ORIENTED_EDGE ( 'NONE', *, *, #3385, .F. ) ;
#8743 = ADVANCED_FACE ( 'NONE', ( #5681 ), #5618, .T. ) ;
#8744 = EDGE_LOOP ( 'NONE', ( #11104, #980, #3018, #2074 ) ) ;
#8745 = FACE_OUTER_BOUND ( 'NONE', #7101, .T. ) ;
#8746 = CARTESIAN_POINT ( 'NONE',  ( -68.86023200622652496, 81.87365260485611884, -2.613211991846879023 ) ) ;
#8747 = CIRCLE ( 'NONE', #3484, 4.693943343173976324 ) ;
#8748 = DIRECTION ( 'NONE',  ( 1.492741799624945840E-62, 0.000000000000000000, -1.000000000000000000 ) ) ;
#8749 = DIRECTION ( 'NONE',  ( -1.000000000000000000, 0.000000000000000000, 0.000000000000000000 ) ) ;
#8750 = VECTOR ( 'NONE', #9272, 999.9999999999998863 ) ;
#8751 = CARTESIAN_POINT ( 'NONE',  ( -97.47041796311593487, 14.28895214920460610, -3.182208807976832254 ) ) ;
#8752 = CARTESIAN_POINT ( 'NONE',  ( 19.17282655129768543, 16.98547018669193065, -6.399999999999995914 ) ) ;
#8753 = LINE ( 'NONE', #5822, #4477 ) ;
#8754 = CARTESIAN_POINT ( 'NONE',  ( -67.61227900000001512, 80.84411100000002648, -1.900000000000000355 ) ) ;
#8755 = ORIENTED_EDGE ( 'NONE', *, *, #7991, .F. ) ;
#8756 = DIRECTION ( 'NONE',  ( 0.000000000000000000, -1.000000000000000000, 0.000000000000000000 ) ) ;
#8757 = VERTEX_POINT ( 'NONE', #11079 ) ;
#8758 = AXIS2_PLACEMENT_3D ( 'NONE', #5237, #4322, #10689 ) ;
#8759 = EDGE_LOOP ( 'NONE', ( #4026, #4286, #3612, #3250 ) ) ;
#8760 = VECTOR ( 'NONE', #6568, 999.9999999999998863 ) ;
#8761 = CARTESIAN_POINT ( 'NONE',  ( -67.43142950036545358, 81.84411100000002648, 0.5999999999999998668 ) ) ;
#8762 = VERTEX_POINT ( 'NONE', #136 ) ;
#8763 = CARTESIAN_POINT ( 'NONE',  ( -31.43860974639945027, 1.244110999999999079, -1.900000000000000355 ) ) ;
#8764 = ORIENTED_EDGE ( 'NONE', *, *, #10172, .F. ) ;
#8765 = EDGE_CURVE ( 'NONE', #9723, #670, #8779, .T. ) ;
#8766 = ORIENTED_EDGE ( 'NONE', *, *, #2839, .F. ) ;
#8767 = EDGE_CURVE ( 'NONE', #11703, #8574, #399, .T. ) ;
#8768 = PLANE ( 'NONE',  #5352 ) ;
#8769 = DIRECTION ( 'NONE',  ( -1.000000000000000000, 0.000000000000000000, 0.000000000000000000 ) ) ;
#8770 = CARTESIAN_POINT ( 'NONE',  ( -5.438499566049154632E-15, 28.29411100000000800, 7.100000000000059153 ) ) ;
#8771 = DIRECTION ( 'NONE',  ( 1.000000000000000000, 0.000000000000000000, 0.000000000000000000 ) ) ;
#8772 = CARTESIAN_POINT ( 'NONE',  ( -7.662260430057335370, 81.84410925728559505, -1.900000000000000355 ) ) ;
#8773 = VECTOR ( 'NONE', #6336, 999.9999999999998863 ) ;
#8774 = CARTESIAN_POINT ( 'NONE',  ( 19.17282035521446204, 16.34141954726739243, -6.298001607881221986 ) ) ;
#8775 = EDGE_LOOP ( 'NONE', ( #4629, #10723, #8349, #1666 ) ) ;
#8776 = ADVANCED_FACE ( 'NONE', ( #3852 ), #10837, .T. ) ;
#8777 = ORIENTED_EDGE ( 'NONE', *, *, #9132, .F. ) ;
#8778 = VERTEX_POINT ( 'NONE', #9313 ) ;
#8779 = CIRCLE ( 'NONE', #1917, 69.21297688990915731 ) ;
#8780 = DIRECTION ( 'NONE',  ( 1.000000000000000000, 0.000000000000000000, 0.000000000000000000 ) ) ;
#8781 = DIRECTION ( 'NONE',  ( 0.7071067811865524577, 0.000000000000000000, -0.7071067811865426878 ) ) ;
#8782 = CARTESIAN_POINT ( 'NONE',  ( -22.66227900000000517, 79.15268391958781535, -1.900000000000000355 ) ) ;
#8783 = DIRECTION ( 'NONE',  ( 0.8660254037844387076, -0.4999999999999998890, 0.000000000000000000 ) ) ;
#8784 = FACE_OUTER_BOUND ( 'NONE', #4100, .T. ) ;
#8785 = CARTESIAN_POINT ( 'NONE',  ( 19.20572189717122669, 49.06706622704538745, -2.613211992825268837 ) ) ;
#8786 = EDGE_CURVE ( 'NONE', #4480, #4070, #9950, .T. ) ;
#8787 = EDGE_CURVE ( 'NONE', #3711, #8580, #1798, .T. ) ;
#8788 = CARTESIAN_POINT ( 'NONE',  ( -24.25950535426574106, -1.720098900222130522, -3.512429941371545183 ) ) ;
#8789 = VERTEX_POINT ( 'NONE', #7353 ) ;
#8790 = ORIENTED_EDGE ( 'NONE', *, *, #5006, .T. ) ;
#8791 = AXIS2_PLACEMENT_3D ( 'NONE', #6668, #7463, #11208 ) ;
#8792 = CARTESIAN_POINT ( 'NONE',  ( -12.66226043005733537, 81.84410925728559505, -1.499999999999983125 ) ) ;
#8793 = B_SPLINE_CURVE_WITH_KNOTS ( 'NONE', 3,
 ( #5810, #1900, #9541, #9596 ),
 .UNSPECIFIED., .F., .F.,
 ( 4, 4 ),
 ( 0.000000000000000000, 0.001414220586899008879 ),
 .UNSPECIFIED. ) ;
#8794 = CARTESIAN_POINT ( 'NONE',  ( -31.43142950036545358, 80.84411100000002648, -1.900000000000000355 ) ) ;
#8795 = CARTESIAN_POINT ( 'NONE',  ( -119.5041532579479053, 58.47350827951456864, -4.318403959652663104 ) ) ;
#8796 = PLANE ( 'NONE',  #963 ) ;
#8797 = AXIS2_PLACEMENT_3D ( 'NONE', #1491, #5207, #574 ) ;
#8798 = EDGE_CURVE ( 'NONE', #1623, #6920, #7233, .T. ) ;
#8799 = CARTESIAN_POINT ( 'NONE',  ( -23.91312082687883134, -1.781782450218466485, -2.686416806324986695 ) ) ;
#8800 = DIRECTION ( 'NONE',  ( -0.000000000000000000, -0.000000000000000000, 1.000000000000000000 ) ) ;
#8801 = CARTESIAN_POINT ( 'NONE',  ( -50.66227902055459964, 2.244118010027846832, 7.099999999999989875 ) ) ;
#8802 = CARTESIAN_POINT ( 'NONE',  ( -41.41227819873822114, 80.84188785450702142, 7.100000000000059153 ) ) ;
#8803 = CARTESIAN_POINT ( 'NONE',  ( -17.66226043005733715, 81.84410925728559505, -1.900000000000000355 ) ) ;
#8804 = ORIENTED_EDGE ( 'NONE', *, *, #7425, .T. ) ;
#8805 = VECTOR ( 'NONE', #11133, 1000.000000000000000 ) ;
#8806 = VERTEX_POINT ( 'NONE', #11100 ) ;
#8807 = CARTESIAN_POINT ( 'NONE',  ( -119.3502727117587199, 27.28231811766432457, -4.318403959654536273 ) ) ;
#8808 = CARTESIAN_POINT ( 'NONE',  ( -68.86023200622652496, 82.03681868552239109, -4.314918150687090836 ) ) ;
#8809 = DIRECTION ( 'NONE',  ( 1.000000000000000000, 0.000000000000000000, 3.043374519257505246E-16 ) ) ;
#8810 = CARTESIAN_POINT ( 'NONE',  ( -97.06228253471061862, 14.29411798029987857, -4.400000000000000355 ) ) ;
#8811 = CARTESIAN_POINT ( 'NONE',  ( -97.55680898618834362, 14.28893662586263424, -5.723082974954077251 ) ) ;
#8812 = DIRECTION ( 'NONE',  ( -1.000000000000000000, 0.000000000000000000, 0.000000000000000000 ) ) ;
#8813 = CARTESIAN_POINT ( 'NONE',  ( -67.69606589606617320, 81.84924068260058050, -3.397190757042249931 ) ) ;
#8814 = AXIS2_PLACEMENT_3D ( 'NONE', #3603, #7319, #11066 ) ;
#8815 = EDGE_CURVE ( 'NONE', #11139, #1782, #10908, .T. ) ;
#8816 = DIRECTION ( 'NONE',  ( 0.000000000000000000, 0.000000000000000000, 1.000000000000000000 ) ) ;
#8817 = LINE ( 'NONE', #2342, #4340 ) ;
#8818 = ORIENTED_EDGE ( 'NONE', *, *, #4055, .T. ) ;
#8819 = ORIENTED_EDGE ( 'NONE', *, *, #2262, .F. ) ;
#8820 = CARTESIAN_POINT ( 'NONE',  ( -99.06228253471061862, 14.29411798029987857, -4.400000000000000355 ) ) ;
#8821 = VERTEX_POINT ( 'NONE', #7470 ) ;
#8822 = ORIENTED_EDGE ( 'NONE', *, *, #7291, .T. ) ;
#8823 = VECTOR ( 'NONE', #7954, 1000.000000000000000 ) ;
#8824 = CARTESIAN_POINT ( 'NONE',  ( -4.862499827847914347, -8.422096850433289816, -1.900000000000000355 ) ) ;
#8825 = CARTESIAN_POINT ( 'NONE',  ( 4.059596731371840406, -12.41857111808664271, -1.900000000000000355 ) ) ;
#8826 = DIRECTION ( 'NONE',  ( 0.000000000000000000, 0.000000000000000000, 1.000000000000000000 ) ) ;
#8827 = DIRECTION ( 'NONE',  ( 0.000000000000000000, 0.000000000000000000, 1.000000000000000000 ) ) ;
#8828 = DIRECTION ( 'NONE',  ( 1.000000000000000000, 0.000000000000000000, 0.000000000000000000 ) ) ;
#8829 = EDGE_CURVE ( 'NONE', #9922, #1936, #11215, .T. ) ;
#8830 = CARTESIAN_POINT ( 'NONE',  ( 19.17288710528731599, 15.39491156555020446, -5.619471969011630819 ) ) ;
#8831 = EDGE_CURVE ( 'NONE', #6071, #1785, #11926, .T. ) ;
#8832 = ORIENTED_EDGE ( 'NONE', *, *, #10253, .T. ) ;
#8833 = CIRCLE ( 'NONE', #5318, 1.399999999999998579 ) ;
#8834 = ORIENTED_EDGE ( 'NONE', *, *, #11366, .F. ) ;
#8835 = ORIENTED_EDGE ( 'NONE', *, *, #645, .F. ) ;
#8836 = EDGE_CURVE ( 'NONE', #7038, #1951, #3934, .T. ) ;
#8837 = CYLINDRICAL_SURFACE ( 'NONE', #3227, 214.8027930341398246 ) ;
#8838 = AXIS2_PLACEMENT_3D ( 'NONE', #6047, #11753, #9774 ) ;
#8839 = DIRECTION ( 'NONE',  ( 0.000000000000000000, -0.000000000000000000, -1.000000000000000000 ) ) ;
#8840 = CYLINDRICAL_SURFACE ( 'NONE', #11019, 1.999999999999994893 ) ;
#8841 = CARTESIAN_POINT ( 'NONE',  ( 20.16772100000000734, 77.67724262499595511, 5.399999999999998579 ) ) ;
#8842 = CARTESIAN_POINT ( 'NONE',  ( -97.67509411766214100, 14.25211241987520516, -3.293894456357826073 ) ) ;
#8843 = VECTOR ( 'NONE', #6279, 1000.000000000000000 ) ;
#8844 = ADVANCED_FACE ( 'NONE', ( #9615 ), #3516, .F. ) ;
#8845 = CARTESIAN_POINT ( 'NONE',  ( 19.28885004189987384, 49.55666237311857003, -5.506109695707693596 ) ) ;
#8846 = ORIENTED_EDGE ( 'NONE', *, *, #11137, .F. ) ;
#8847 = ORIENTED_EDGE ( 'NONE', *, *, #7691, .T. ) ;
#8848 = CARTESIAN_POINT ( 'NONE',  ( -80.51367833427879361, 72.84410401970065152, 7.100000000000059153 ) ) ;
#8849 = CARTESIAN_POINT ( 'NONE',  ( -79.51228598030138528, 16.29411100000000090, 7.399999999999998579 ) ) ;
#8850 = EDGE_CURVE ( 'NONE', #6449, #10130, #217, .T. ) ;
#8851 = ADVANCED_FACE ( 'NONE', ( #2897 ), #6616, .T. ) ;
#8852 = CARTESIAN_POINT ( 'NONE',  ( -119.2225813389004685, 61.19623674878743458, -6.113584520840151804 ) ) ;
#8853 = LINE ( 'NONE', #1472, #8562 ) ;
#8854 = AXIS2_PLACEMENT_3D ( 'NONE', #7254, #8356, #3661 ) ;
#8855 = ORIENTED_EDGE ( 'NONE', *, *, #10459, .T. ) ;
#8856 = CARTESIAN_POINT ( 'NONE',  ( -23.62218494157112758, -2.010972489939964358, -3.828807813741799571 ) ) ;
#8857 = CARTESIAN_POINT ( 'NONE',  ( -80.81228598030135402, 15.29411099999999912, -1.900000000000000355 ) ) ;
#8858 = PLANE ( 'NONE',  #1851 ) ;
#8859 = CARTESIAN_POINT ( 'NONE',  ( -11.07501078178511378, 2.967540131413831439, 4.400000000000000355 ) ) ;
#8860 = ORIENTED_EDGE ( 'NONE', *, *, #9668, .F. ) ;
#8861 = VECTOR ( 'NONE', #4873, 1000.000000000000000 ) ;
#8862 = ORIENTED_EDGE ( 'NONE', *, *, #783, .F. ) ;
#8863 = ORIENTED_EDGE ( 'NONE', *, *, #7136, .F. ) ;
#8864 = EDGE_CURVE ( 'NONE', #1365, #4180, #8576, .T. ) ;
#8865 = CARTESIAN_POINT ( 'NONE',  ( -119.3129851229372491, 28.98401874209802287, -6.439980624623485639 ) ) ;
#8866 = ADVANCED_FACE ( 'NONE', ( #8638 ), #5828, .F. ) ;
#8867 = CARTESIAN_POINT ( 'NONE',  ( -70.49221783287669041, 81.79994185781664839, -6.527129238957629198 ) ) ;
#8868 = DIRECTION ( 'NONE',  ( 0.000000000000000000, 0.000000000000000000, 1.000000000000000000 ) ) ;
#8869 = CARTESIAN_POINT ( 'NONE',  ( -80.51367839226801948, 72.84410402057544331, 5.399999999999998579 ) ) ;
#8870 = CARTESIAN_POINT ( 'NONE',  ( -97.06239431117536753, 14.28896378503296027, -4.533547350455295444 ) ) ;
#8871 = DIRECTION ( 'NONE',  ( 0.000000000000000000, 0.000000000000000000, 1.000000000000000000 ) ) ;
#8872 = CARTESIAN_POINT ( 'NONE',  ( -67.44421728453870912, 81.84926233103712434, -4.660680505185555766 ) ) ;
#8873 = AXIS2_PLACEMENT_3D ( 'NONE', #9619, #7781, #284 ) ;
#8874 = AXIS2_PLACEMENT_3D ( 'NONE', #10763, #2324, #2204 ) ;
#8875 = DIRECTION ( 'NONE',  ( -0.000000000000000000, -0.000000000000000000, -1.000000000000000000 ) ) ;
#8876 = ORIENTED_EDGE ( 'NONE', *, *, #10859, .F. ) ;
#8877 = LINE ( 'NONE', #8012, #8823 ) ;
#8878 = VERTEX_POINT ( 'NONE', #1069 ) ;
#8879 = CARTESIAN_POINT ( 'NONE',  ( -23.66227900000000517, 79.84188785450702142, 7.399999999999998579 ) ) ;
#8880 = ORIENTED_EDGE ( 'NONE', *, *, #8798, .T. ) ;
#8881 = CARTESIAN_POINT ( 'NONE',  ( -50.66227847799189021, 20.49496587405799275, 5.399999999999998579 ) ) ;
#8882 = EDGE_LOOP ( 'NONE', ( #324, #5555, #3475, #1595 ) ) ;
#8883 = AXIS2_PLACEMENT_3D ( 'NONE', #7678, #10496, #8780 ) ;
#8884 = VECTOR ( 'NONE', #7491, 1000.000000000000114 ) ;
#8885 = EDGE_CURVE ( 'NONE', #2818, #10452, #10356, .T. ) ;
#8886 = DIRECTION ( 'NONE',  ( 0.000000000000000000, -0.000000000000000000, -1.000000000000000000 ) ) ;
#8887 = CARTESIAN_POINT ( 'NONE',  ( -79.51673485720000656, 22.99635366131899872, 5.399999999999998579 ) ) ;
#8888 = DIRECTION ( 'NONE',  ( -1.359152059109853231E-16, 0.7071067811865148212, 0.7071067811865802133 ) ) ;
#8889 = DIRECTION ( 'NONE',  ( 1.000000000000000000, 0.000000000000000000, 0.000000000000000000 ) ) ;
#8890 = LINE ( 'NONE', #532, #5053 ) ;
#8891 = CARTESIAN_POINT ( 'NONE',  ( -61.16227201969416427, 84.14098492032249510, 4.400000000000000355 ) ) ;
#8892 = CIRCLE ( 'NONE', #1672, 0.2977672882890324280 ) ;
#8893 = ORIENTED_EDGE ( 'NONE', *, *, #3968, .T. ) ;
#8894 = CONICAL_SURFACE ( 'NONE', #5937, 0.4000000000000114575, 0.7853981633974547183 ) ;
#8895 = ORIENTED_EDGE ( 'NONE', *, *, #2924, .F. ) ;
#8896 = VERTEX_POINT ( 'NONE', #1251 ) ;
#8897 = ADVANCED_FACE ( 'NONE', ( #4793 ), #280, .F. ) ;
#8898 = AXIS2_PLACEMENT_3D ( 'NONE', #9751, #6926, #591 ) ;
#8899 = CARTESIAN_POINT ( 'NONE',  ( 19.17283580847304947, 17.24567082797324247, -6.387349676740150528 ) ) ;
#8900 = CARTESIAN_POINT ( 'NONE',  ( -60.16005585450887594, 84.84411115030172823, 4.400000000000000355 ) ) ;
#8901 = LINE ( 'NONE', #9946, #6709 ) ;
#8902 = CARTESIAN_POINT ( 'NONE',  ( -22.52241836884861215, -2.180251406788302315, 0.6000000000000033085 ) ) ;
#8903 = CARTESIAN_POINT ( 'NONE',  ( -97.02230191010954741, 14.32959055274162985, -3.293894456357826073 ) ) ;
#8904 = CARTESIAN_POINT ( 'NONE',  ( 19.19726294591573534, 49.55666237311857003, -2.613211992825268837 ) ) ;
#8905 = ORIENTED_EDGE ( 'NONE', *, *, #6083, .T. ) ;
#8906 = B_SPLINE_CURVE_WITH_KNOTS ( 'NONE', 3,
 ( #1560, #8206, #10855, #6188, #7286, #9007, #10913, #649, #7225, #8948, #2652, #590, #6367, #8020, #11786, #10969, #4363, #11846, #2533, #6245, #2589, #6303, #11269, #11331, #6483, #2886, #11145, #2763, #5696, #1001 ),
 .UNSPECIFIED., .F., .F.,
 ( 4, 2, 2, 2, 2, 2, 2, 2, 2, 2, 2, 2, 2, 2, 4 ),
 ( 0.006252914650802595016, 0.006643633624004360687, 0.007034352597206126358, 0.007815790543609658567, 0.008206509516811422503, 0.008597228490013188174, 0.008987947463214952110, 0.009378666436416716046, 0.009769385409618481717, 0.01016010438282024739, 0.01055082335602201306, 0.01094154232922377873, 0.01133226130242554440, 0.01172298027562731007, 0.01250441822203086223 ),
 .UNSPECIFIED. ) ;
#8907 = VECTOR ( 'NONE', #9305, 1000.000000000000000 ) ;
#8908 = VERTEX_POINT ( 'NONE', #5766 ) ;
#8909 = DIRECTION ( 'NONE',  ( -0.000000000000000000, -0.000000000000000000, -1.000000000000000000 ) ) ;
#8910 = ADVANCED_FACE ( 'NONE', ( #8512 ), #9332, .T. ) ;
#8911 = CARTESIAN_POINT ( 'NONE',  ( 19.16772100000002865, 39.98547018669192710, 1.699999999999993516 ) ) ;
#8912 = EDGE_CURVE ( 'NONE', #9055, #11899, #10478, .T. ) ;
#8913 = DIRECTION ( 'NONE',  ( 1.000000000000000000, 0.000000000000000000, 0.000000000000000000 ) ) ;
#8914 = CARTESIAN_POINT ( 'NONE',  ( -119.2681026073059485, 61.19623674878743458, -5.460792313280946608 ) ) ;
#8915 = DIRECTION ( 'NONE',  ( 1.000000000000000000, 0.000000000000000000, 0.000000000000000000 ) ) ;
#8916 = AXIS2_PLACEMENT_3D ( 'NONE', #6680, #9565, #6742 ) ;
#8917 = ORIENTED_EDGE ( 'NONE', *, *, #4196, .T. ) ;
#8918 = CARTESIAN_POINT ( 'NONE',  ( -22.44041350077073815, -2.202962824200052516, -2.360019375444977641 ) ) ;
#8919 = EDGE_CURVE ( 'NONE', #6072, #1598, #3016, .T. ) ;
#8920 = CARTESIAN_POINT ( 'NONE',  ( -4.612278999999991136, 21.29411100000000090, 7.100000000000059153 ) ) ;
#8921 = AXIS2_PLACEMENT_3D ( 'NONE', #564, #4223, #5137 ) ;
#8922 = CARTESIAN_POINT ( 'NONE',  ( -61.16361823733677738, 81.09801610738354327, 4.400000000000000355 ) ) ;
#8923 = DIRECTION ( 'NONE',  ( -0.000000000000000000, -0.000000000000000000, 1.000000000000000000 ) ) ;
#8924 = EDGE_LOOP ( 'NONE', ( #10596, #3723, #2089, #2640 ) ) ;
#8925 = ORIENTED_EDGE ( 'NONE', *, *, #10378, .F. ) ;
#8926 = DIRECTION ( 'NONE',  ( -0.6830127028748458340, 0.1830126982250968315, -0.7071067811865242581 ) ) ;
#8927 = ORIENTED_EDGE ( 'NONE', *, *, #11263, .F. ) ;
#8928 = CARTESIAN_POINT ( 'NONE',  ( -119.3111162936374257, 27.28231811766432457, -3.339211667515419535 ) ) ;
#8929 = CARTESIAN_POINT ( 'NONE',  ( -71.47141012502669355, 81.78398234833819913, -5.846449542710238312 ) ) ;
#8930 = CARTESIAN_POINT ( 'NONE',  ( -49.66227899999999096, 20.69411099999999948, 7.099999999999989875 ) ) ;
#8931 = CARTESIAN_POINT ( 'NONE',  ( -120.3122790047357995, 5.130054822770217423E-13, 7.399999999999998579 ) ) ;
#8932 = CARTESIAN_POINT ( 'NONE',  ( -98.53557239978945859, 14.28902781374324960, -2.453094714427112244 ) ) ;
#8933 = CARTESIAN_POINT ( 'NONE',  ( -101.0622825347106328, 0.000000000000000000, -1.900000000000000355 ) ) ;
#8934 = CARTESIAN_POINT ( 'NONE',  ( -68.42717566592713752, 81.84925103737543850, -6.134563293133117767 ) ) ;
#8935 = CIRCLE ( 'NONE', #6581, 1.000000000000000888 ) ;
#8936 = LINE ( 'NONE', #577, #1005 ) ;
#8937 = DIRECTION ( 'NONE',  ( 1.000000000000000000, 0.000000000000000000, 0.000000000000000000 ) ) ;
#8938 = EDGE_CURVE ( 'NONE', #9618, #6494, #157, .T. ) ;
#8939 = DIRECTION ( 'NONE',  ( -1.000000000000000000, -2.646977960169688560E-23, 0.000000000000000000 ) ) ;
#8940 = EDGE_LOOP ( 'NONE', ( #3798, #4314, #11157, #1103 ) ) ;
#8941 = EDGE_CURVE ( 'NONE', #8390, #933, #3811, .T. ) ;
#8942 = LINE ( 'NONE', #6296, #11880 ) ;
#8943 = ORIENTED_EDGE ( 'NONE', *, *, #3037, .T. ) ;
#8944 = ORIENTED_EDGE ( 'NONE', *, *, #5285, .F. ) ;
#8945 = CIRCLE ( 'NONE', #3676, 0.6000000000000019762 ) ;
#8946 = DIRECTION ( 'NONE',  ( 1.288939664294365441E-07, 0.9999999999999916733, 0.000000000000000000 ) ) ;
#8947 = CARTESIAN_POINT ( 'NONE',  ( 15.02083143242862207, 80.62532453175850833, 3.380220293725135328 ) ) ;
#8948 = CARTESIAN_POINT ( 'NONE',  ( 19.17285068195851849, 50.72083379099094458, -5.402809242958133140 ) ) ;
#8949 = FACE_OUTER_BOUND ( 'NONE', #11988, .T. ) ;
#8950 = DIRECTION ( 'NONE',  ( -0.9999999999999206191, 3.984065844030486389E-07, 0.000000000000000000 ) ) ;
#8951 = CARTESIAN_POINT ( 'NONE',  ( -98.00149022143841648, 14.15722828011352519, -4.485088767559852307 ) ) ;
#8952 = DIRECTION ( 'NONE',  ( -0.000000000000000000, -0.000000000000000000, -1.000000000000000000 ) ) ;
#8953 = AXIS2_PLACEMENT_3D ( 'NONE', #11862, #3527, #901 ) ;
#8954 = AXIS2_PLACEMENT_3D ( 'NONE', #8820, #11530, #7898 ) ;
#8955 = ORIENTED_EDGE ( 'NONE', *, *, #4813, .T. ) ;
#8956 = ORIENTED_EDGE ( 'NONE', *, *, #10582, .F. ) ;
#8957 = ADVANCED_FACE ( 'NONE', ( #1382 ), #1438, .F. ) ;
#8958 = ORIENTED_EDGE ( 'NONE', *, *, #244, .T. ) ;
#8959 = B_SPLINE_CURVE_WITH_KNOTS ( 'NONE', 3,
 ( #7596, #1008, #5763, #4848, #214, #3989, #4792, #9370, #1066, #10536, #4967, #4729, #10594, #10475, #6790, #2956, #5702, #7715, #6615, #5882, #3810, #339, #9611, #9497, #3137, #11528, #9430, #2037, #3933, #8634, #3014, #95 ),
 .UNSPECIFIED., .F., .F.,
 ( 4, 2, 2, 1, 2, 2, 2, 1, 2, 2, 2, 2, 2, 2, 2, 2, 4 ),
 ( 0.000000000000000000, 0.06250000000016946167, 0.09375000000025418556, 0.1093750000002821909, 0.1171875000002789435, 0.1250000000002756684, 0.1875000000001980083, 0.2187500000001500466, 0.2343750000001394440, 0.2500000000001287859, 0.3125000000001104117, 0.3437500000001009748, 0.3750000000000915379, 0.4375000000000758282, 0.5000000000000600631, 0.7500000000000300870, 1.000000000000000000 ),
 .UNSPECIFIED. ) ;
#8960 = CARTESIAN_POINT ( 'NONE',  ( -61.16227900000001938, 81.15268391958792904, 4.400000000000000355 ) ) ;
#8961 = AXIS2_PLACEMENT_3D ( 'NONE', #6065, #6846, #7891 ) ;
#8962 = DIRECTION ( 'NONE',  ( -0.000000000000000000, 0.000000000000000000, 1.000000000000000000 ) ) ;
#8963 = DIRECTION ( 'NONE',  ( 0.000000000000000000, 0.000000000000000000, 1.000000000000000000 ) ) ;
#8964 = PLANE ( 'NONE',  #5161 ) ;
#8965 = DIRECTION ( 'NONE',  ( 0.000000000000000000, 1.000000000000000000, -0.000000000000000000 ) ) ;
#8966 = CARTESIAN_POINT ( 'NONE',  ( -97.02230191010953320, 14.32959057974336581, -5.506109695587424468 ) ) ;
#8967 = CARTESIAN_POINT ( 'NONE',  ( 19.25377301079217318, 48.90386751168765755, -2.953553224610078409 ) ) ;
#8968 = EDGE_CURVE ( 'NONE', #8821, #1024, #1317, .T. ) ;
#8969 = ORIENTED_EDGE ( 'NONE', *, *, #9614, .T. ) ;
#8970 = VECTOR ( 'NONE', #1645, 1000.000000000000000 ) ;
#8971 = ORIENTED_EDGE ( 'NONE', *, *, #7065, .F. ) ;
#8972 = CARTESIAN_POINT ( 'NONE',  ( 13.24881560012600801, 79.17735807881510368, -1.900000000000000355 ) ) ;
#8973 = DIRECTION ( 'NONE',  ( 1.000000000000000000, 0.000000000000000000, 0.000000000000000000 ) ) ;
#8974 = DIRECTION ( 'NONE',  ( -0.000000000000000000, -0.000000000000000000, -1.000000000000000000 ) ) ;
#8975 = ORIENTED_EDGE ( 'NONE', *, *, #118, .F. ) ;
#8976 = SURFACE_STYLE_FILL_AREA ( #4274 ) ;
#8977 = CARTESIAN_POINT ( 'NONE',  ( -119.2461930688191245, 61.19623674878744168, -3.012814236801783174 ) ) ;
#8978 = CARTESIAN_POINT ( 'NONE',  ( -41.71227899999998812, 84.15268391958798588, -1.900000000000000355 ) ) ;
#8979 = VECTOR ( 'NONE', #10410, 999.9999999999998863 ) ;
#8980 = CARTESIAN_POINT ( 'NONE',  ( 19.16772100000000734, 14.98547018669192710, -0.9000000000000002442 ) ) ;
#8981 = EDGE_CURVE ( 'NONE', #10579, #10452, #462, .T. ) ;
#8982 = EDGE_CURVE ( 'NONE', #10750, #4525, #6854, .T. ) ;
#8983 = LINE ( 'NONE', #4094, #58 ) ;
#8984 = LINE ( 'NONE', #623, #6714 ) ;
#8985 = DIRECTION ( 'NONE',  ( -1.798198670589261751E-07, -0.9999999999999839018, 0.000000000000000000 ) ) ;
#8986 = ORIENTED_EDGE ( 'NONE', *, *, #5065, .T. ) ;
#8987 = VERTEX_POINT ( 'NONE', #8763 ) ;
#8988 = DIRECTION ( 'NONE',  ( -0.7071067811865802133, 3.271025955591709974E-14, -0.7071067811865149322 ) ) ;
#8989 = CARTESIAN_POINT ( 'NONE',  ( -119.2767991408833410, 27.96299781398013096, -6.439980624623485639 ) ) ;
#8990 = CIRCLE ( 'NONE', #5664, 3.693943343173990534 ) ;
#8991 = CARTESIAN_POINT ( 'NONE',  ( -71.47141012502669355, 81.83698063367125997, -3.804406303035026582 ) ) ;
#8992 = CARTESIAN_POINT ( 'NONE',  ( -41.71228894959902789, 81.13965514279601621, 5.399999999999998579 ) ) ;
#8993 = EDGE_CURVE ( 'NONE', #10474, #2386, #4682, .T. ) ;
#8994 = CARTESIAN_POINT ( 'NONE',  ( -121.3122790047357284, 13.69411797798555774, 5.399999999999998579 ) ) ;
#8995 = LINE ( 'NONE', #6351, #21 ) ;
#8996 = CARTESIAN_POINT ( 'NONE',  ( -67.92396087154244810, 81.84929211180107700, -5.720826607197057712 ) ) ;
#8997 = DIRECTION ( 'NONE',  ( 1.000000000000000000, 0.000000000000000000, 0.000000000000000000 ) ) ;
#8998 = ORIENTED_EDGE ( 'NONE', *, *, #2677, .T. ) ;
#8999 = DIRECTION ( 'NONE',  ( -0.000000000000000000, -0.000000000000000000, 1.000000000000000000 ) ) ;
#9000 = CIRCLE ( 'NONE', #994, 0.2999999999999947153 ) ;
#9001 = ORIENTED_EDGE ( 'NONE', *, *, #9852, .T. ) ;
#9002 = CARTESIAN_POINT ( 'NONE',  ( -35.03039894008744426, 81.84929030187896615, -5.629391916388085448 ) ) ;
#9003 = ORIENTED_EDGE ( 'NONE', *, *, #5075, .F. ) ;
#9004 = ORIENTED_EDGE ( 'NONE', *, *, #177, .F. ) ;
#9005 = CARTESIAN_POINT ( 'NONE',  ( -2.053778734479720924, -7.664806749193727065, -1.900000000000000355 ) ) ;
#9006 = CARTESIAN_POINT ( 'NONE',  ( 16.24218177347573189, 81.29292488912813042, 4.025770117049841446 ) ) ;
#9007 = CARTESIAN_POINT ( 'NONE',  ( 19.17284757983313881, 49.99090259755679000, -6.148416412855756796 ) ) ;
#9008 = EDGE_CURVE ( 'NONE', #12089, #3815, #8747, .T. ) ;
#9009 = VECTOR ( 'NONE', #9233, 1000.000000000000000 ) ;
#9010 = CARTESIAN_POINT ( 'NONE',  ( -1.098269895310605149, -2.651456996571960101, 4.400000000000000355 ) ) ;
#9011 = EDGE_CURVE ( 'NONE', #3460, #11594, #11724, .T. ) ;
#9012 = CARTESIAN_POINT ( 'NONE',  ( 0.8998822093974250258, 84.34571296492495662, 2.994791305150170668 ) ) ;
#9013 = CARTESIAN_POINT ( 'NONE',  ( -61.16005585450887594, 84.84411115030172823, 4.400000000000000355 ) ) ;
#9014 = ORIENTED_EDGE ( 'NONE', *, *, #7008, .T. ) ;
#9015 = LINE ( 'NONE', #7112, #9595 ) ;
#9016 = ORIENTED_EDGE ( 'NONE', *, *, #5200, .T. ) ;
#9017 = ORIENTED_EDGE ( 'NONE', *, *, #2577, .T. ) ;
#9018 = AXIS2_PLACEMENT_3D ( 'NONE', #8274, #10231, #774 ) ;
#9019 = FACE_OUTER_BOUND ( 'NONE', #1903, .T. ) ;
#9020 = FACE_OUTER_BOUND ( 'NONE', #2688, .T. ) ;
#9021 = ADVANCED_FACE ( 'NONE', ( #3203 ), #9728, .T. ) ;
#9022 = FACE_OUTER_BOUND ( 'NONE', #6778, .T. ) ;
#9023 = DIRECTION ( 'NONE',  ( -0.7071067811865426878, 0.000000000000000000, -0.7071067811865524577 ) ) ;
#9024 = AXIS2_PLACEMENT_3D ( 'NONE', #1314, #401, #1494 ) ;
#9025 = CARTESIAN_POINT ( 'NONE',  ( 19.24950997401939645, 50.37265594990724082, -3.804406304072100564 ) ) ;
#9026 = ORIENTED_EDGE ( 'NONE', *, *, #8160, .F. ) ;
#9027 = DIRECTION ( 'NONE',  ( -1.000000000000000000, 0.000000000000000000, 0.000000000000000000 ) ) ;
#9028 = ORIENTED_EDGE ( 'NONE', *, *, #2304, .T. ) ;
#9029 = VECTOR ( 'NONE', #4896, 1000.000000000000000 ) ;
#9030 = CARTESIAN_POINT ( 'NONE',  ( 0.8677339247136525158, 84.36378078824772331, 2.799999999999989164 ) ) ;
#9031 = EDGE_LOOP ( 'NONE', ( #7216, #835, #7095, #6777 ) ) ;
#9032 = DIRECTION ( 'NONE',  ( 1.000000000000000000, 0.000000000000000000, 0.000000000000000000 ) ) ;
#9033 = ADVANCED_FACE ( 'NONE', ( #6918 ), #10669, .T. ) ;
#9034 = LINE ( 'NONE', #2377, #2805 ) ;
#9035 = DIRECTION ( 'NONE',  ( 0.000000000000000000, 0.000000000000000000, 1.000000000000000000 ) ) ;
#9036 = VERTEX_POINT ( 'NONE', #6125 ) ;
#9037 = VECTOR ( 'NONE', #2047, 1000.000000000000000 ) ;
#9038 = DIRECTION ( 'NONE',  ( 0.000000000000000000, -1.000000000000000000, -1.982541115402065702E-15 ) ) ;
#9039 = DIRECTION ( 'NONE',  ( 2.646977960169688560E-23, -1.000000000000000000, 0.000000000000000000 ) ) ;
#9040 = CARTESIAN_POINT ( 'NONE',  ( -73.78728330292589987, 19.29411698796796415, -1.900000000000000355 ) ) ;
#9041 = ORIENTED_EDGE ( 'NONE', *, *, #8546, .T. ) ;
#9042 = ORIENTED_EDGE ( 'NONE', *, *, #7703, .F. ) ;
#9043 = ORIENTED_EDGE ( 'NONE', *, *, #2334, .T. ) ;
#9044 = CARTESIAN_POINT ( 'NONE',  ( -119.3983236485439789, 27.62265796582223487, -4.481602675011057357 ) ) ;
#9045 = CIRCLE ( 'NONE', #8457, 1.299999999999964295 ) ;
#9046 = EDGE_CURVE ( 'NONE', #8762, #1146, #2347, .T. ) ;
#9047 = CARTESIAN_POINT ( 'NONE',  ( -70.81861526359334391, 81.77803204902552636, -2.272870760078836039 ) ) ;
#9048 = DIRECTION ( 'NONE',  ( -0.000000000000000000, -0.000000000000000000, -1.000000000000000000 ) ) ;
#9049 = CARTESIAN_POINT ( 'NONE',  ( 15.46773318905265171, 80.27267983485985781, 2.799999999999989164 ) ) ;
#9050 = CARTESIAN_POINT ( 'NONE',  ( 13.21857130266415226, 3.193571847410091813, 7.399999999999998579 ) ) ;
#9051 = LINE ( 'NONE', #8195, #824 ) ;
#9052 = ORIENTED_EDGE ( 'NONE', *, *, #8864, .T. ) ;
#9053 = CARTESIAN_POINT ( 'NONE',  ( -31.39144887574173737, 81.75750151716830771, -2.613211991801165812 ) ) ;
#9054 = VECTOR ( 'NONE', #8235, 1000.000000000000000 ) ;
#9055 = VERTEX_POINT ( 'NONE', #4302 ) ;
#9056 = CARTESIAN_POINT ( 'NONE',  ( -33.94914638534611129, 81.84922035065467583, -6.336221091143838358 ) ) ;
#9057 = ORIENTED_EDGE ( 'NONE', *, *, #7318, .T. ) ;
#9058 = ORIENTED_EDGE ( 'NONE', *, *, #2099, .F. ) ;
#9059 = EDGE_CURVE ( 'NONE', #8294, #10599, #3382, .T. ) ;
#9060 = DIRECTION ( 'NONE',  ( -1.000000000000000000, 0.000000000000000000, 0.000000000000000000 ) ) ;
#9061 = CARTESIAN_POINT ( 'NONE',  ( 15.44692850797875749, 80.28927656088296771, 2.957902370811127390 ) ) ;
#9062 = EDGE_CURVE ( 'NONE', #4705, #9767, #11656, .T. ) ;
#9063 = DIRECTION ( 'NONE',  ( 0.000000000000000000, 0.000000000000000000, -1.000000000000000000 ) ) ;
#9064 = VECTOR ( 'NONE', #11164, 1000.000000000000000 ) ;
#9065 = PLANE ( 'NONE',  #4622 ) ;
#9066 = CARTESIAN_POINT ( 'NONE',  ( 1.152588198573847755, 84.20238261813130975, 3.310901674022197039 ) ) ;
#9067 = CARTESIAN_POINT ( 'NONE',  ( -98.00149022143841648, 14.25486713991049292, -5.846449543715206865 ) ) ;
#9068 = DIRECTION ( 'NONE',  ( 0.000000000000000000, -0.000000000000000000, -1.000000000000000000 ) ) ;
#9069 = ORIENTED_EDGE ( 'NONE', *, *, #6217, .T. ) ;
#9070 = CARTESIAN_POINT ( 'NONE',  ( -12.66226043005733537, 81.84410925728559505, 5.399999999999998579 ) ) ;
#9071 = AXIS2_PLACEMENT_3D ( 'NONE', #3631, #998, #8324 ) ;
#9072 = ORIENTED_EDGE ( 'NONE', *, *, #4612, .T. ) ;
#9073 = EDGE_CURVE ( 'NONE', #4344, #10504, #4968, .T. ) ;
#9074 = CIRCLE ( 'NONE', #3023, 0.2977672882811255306 ) ;
#9075 = ORIENTED_EDGE ( 'NONE', *, *, #8660, .F. ) ;
#9076 = DIRECTION ( 'NONE',  ( 0.000000000000000000, -0.000000000000000000, -1.000000000000000000 ) ) ;
#9077 = CARTESIAN_POINT ( 'NONE',  ( 1.467733111986475825, 79.84410671643203727, 3.399999999999993250 ) ) ;
#9078 = LINE ( 'NONE', #1750, #5778 ) ;
#9079 = CARTESIAN_POINT ( 'NONE',  ( -22.66227900000000517, 78.14411099999999522, 7.100000000000059153 ) ) ;
#9080 = CIRCLE ( 'NONE', #8295, 2.000000000000003109 ) ;
#9081 = CIRCLE ( 'NONE', #6340, 2.024999999999985256 ) ;
#9082 = CARTESIAN_POINT ( 'NONE',  ( 19.14276966232901600, 50.69905338062270772, -5.846449543848276420 ) ) ;
#9083 = EDGE_LOOP ( 'NONE', ( #8818, #11369 ) ) ;
#9084 = VERTEX_POINT ( 'NONE', #9559 ) ;
#9085 = DIRECTION ( 'NONE',  ( 0.000000000000000000, 0.000000000000000000, 1.000000000000000000 ) ) ;
#9086 = ORIENTED_EDGE ( 'NONE', *, *, #1363, .F. ) ;
#9087 = EDGE_CURVE ( 'NONE', #8590, #12042, #3990, .T. ) ;
#9088 = EDGE_CURVE ( 'NONE', #8421, #2984, #2343, .T. ) ;
#9089 = DIRECTION ( 'NONE',  ( 1.000000000000000000, 0.000000000000000000, 0.000000000000000000 ) ) ;
#9090 = VECTOR ( 'NONE', #9882, 1000.000000000000000 ) ;
#9091 = CARTESIAN_POINT ( 'NONE',  ( -119.3122720196896722, 31.06910750985031910, -4.400000000000000355 ) ) ;
#9092 = ORIENTED_EDGE ( 'NONE', *, *, #6056, .F. ) ;
#9093 = CARTESIAN_POINT ( 'NONE',  ( -12.66226043005733537, 81.84410925728559505, -1.900000000000000355 ) ) ;
#9094 = DIRECTION ( 'NONE',  ( 0.1830126982250943057, 0.6830127028748483875, 0.7071067811865225927 ) ) ;
#9095 = PLANE ( 'NONE',  #9347 ) ;
#9096 = ORIENTED_EDGE ( 'NONE', *, *, #2238, .T. ) ;
#9097 = VECTOR ( 'NONE', #5410, 1000.000000000000227 ) ;
#9098 = CARTESIAN_POINT ( 'NONE',  ( -24.25596907173089534, -1.746331978793705941, -3.828807813818992489 ) ) ;
#9099 = DIRECTION ( 'NONE',  ( -0.000000000000000000, 0.000000000000000000, 1.000000000000000000 ) ) ;
#9100 = EDGE_CURVE ( 'NONE', #2760, #12033, #277, .T. ) ;
#9101 = CARTESIAN_POINT ( 'NONE',  ( -79.51228598030135686, 22.99411099999999664, 4.400000000000000355 ) ) ;
#9102 = FACE_OUTER_BOUND ( 'NONE', #1192, .T. ) ;
#9103 = VERTEX_POINT ( 'NONE', #2162 ) ;
#9104 = VERTEX_POINT ( 'NONE', #3200 ) ;
#9105 = EDGE_LOOP ( 'NONE', ( #2328, #10767, #8243, #11928 ) ) ;
#9106 = AXIS2_PLACEMENT_3D ( 'NONE', #6546, #10288, #8441 ) ;
#9107 = CARTESIAN_POINT ( 'NONE',  ( -119.4050957359482226, 29.15418935799907985, -5.787188417063730661 ) ) ;
#9108 = CARTESIAN_POINT ( 'NONE',  ( -22.36452166131000041, 78.13965514279601621, -1.900000000000000355 ) ) ;
#9109 = PLANE ( 'NONE',  #4562 ) ;
#9110 = CARTESIAN_POINT ( 'NONE',  ( 19.30071180931899022, 16.90386751168637858, -3.293894456394166337 ) ) ;
#9111 = LINE ( 'NONE', #61, #1581 ) ;
#9112 = CARTESIAN_POINT ( 'NONE',  ( -68.20904897746409290, 81.84928529546107256, -5.988402165416619738 ) ) ;
#9113 = CARTESIAN_POINT ( 'NONE',  ( -79.51228598030134265, 23.29411100000000090, 4.400000000000000355 ) ) ;
#9114 = VECTOR ( 'NONE', #4782, 1000.000000000000000 ) ;
#9115 = ORIENTED_EDGE ( 'NONE', *, *, #3647, .F. ) ;
#9116 = CARTESIAN_POINT ( 'NONE',  ( -32.86023200621512785, 82.02094073957138676, -4.995599230561261983 ) ) ;
#9117 = EDGE_LOOP ( 'NONE', ( #1440, #4129 ) ) ;
#9118 = EDGE_CURVE ( 'NONE', #9499, #8215, #5883, .T. ) ;
#9119 = CARTESIAN_POINT ( 'NONE',  ( -33.43142950036545358, 81.84921655131648777, -2.399999999999996803 ) ) ;
#9120 = ORIENTED_EDGE ( 'NONE', *, *, #1742, .F. ) ;
#9121 = ORIENTED_EDGE ( 'NONE', *, *, #10255, .T. ) ;
#9122 = CARTESIAN_POINT ( 'NONE',  ( 0.000000000000000000, 22.99411100000003216, 7.399999999999998579 ) ) ;
#9123 = LINE ( 'NONE', #10047, #266 ) ;
#9124 = AXIS2_PLACEMENT_3D ( 'NONE', #5143, #392, #2391 ) ;
#9125 = CARTESIAN_POINT ( 'NONE',  ( -119.3173869313201578, 57.08218697399338737, -4.663093176307357979 ) ) ;
#9126 = CARTESIAN_POINT ( 'NONE',  ( 1.341670427461527870, 84.09352456505729378, 3.386630382707191966 ) ) ;
#9127 = CARTESIAN_POINT ( 'NONE',  ( -98.49108504056943048, 14.10141029371545152, -4.314918151673849067 ) ) ;
#9128 = CARTESIAN_POINT ( 'NONE',  ( -99.58164130730411046, 14.28900868037078631, -6.335804148295906657 ) ) ;
#9129 = ORIENTED_EDGE ( 'NONE', *, *, #4181, .F. ) ;
#9130 = CARTESIAN_POINT ( 'NONE',  ( -30.71227899999999167, 7.232599173267165504, 4.400000000000000355 ) ) ;
#9131 = EDGE_CURVE ( 'NONE', #3610, #11684, #9612, .T. ) ;
#9132 = EDGE_CURVE ( 'NONE', #3584, #1509, #9739, .T. ) ;
#9133 = CARTESIAN_POINT ( 'NONE',  ( 19.16059063371679727, 19.02545081132303295, -3.804406304071138667 ) ) ;
#9134 = VERTEX_POINT ( 'NONE', #11546 ) ;
#9135 = ORIENTED_EDGE ( 'NONE', *, *, #4937, .T. ) ;
#9136 = CARTESIAN_POINT ( 'NONE',  ( -61.16005585450887594, 0.000000000000000000, 4.400000000000000355 ) ) ;
#9137 = DIRECTION ( 'NONE',  ( 0.000000000000000000, 0.000000000000000000, -1.000000000000000000 ) ) ;
#9138 = CARTESIAN_POINT ( 'NONE',  ( -119.3174531313219120, 60.38993411704687730, -2.892531371176457977 ) ) ;
#9139 = CARTESIAN_POINT ( 'NONE',  ( -43.41540507968174012, 85.84410401969522297, 5.399999999999998579 ) ) ;
#9140 = CARTESIAN_POINT ( 'NONE',  ( -49.66227899999999096, 20.69411099999999948, 7.099999999999989875 ) ) ;
#9141 = AXIS2_PLACEMENT_3D ( 'NONE', #11532, #526, #3326 ) ;
#9142 = DIRECTION ( 'NONE',  ( 0.000000000000000000, 0.000000000000000000, -1.000000000000000000 ) ) ;
#9143 = AXIS2_PLACEMENT_3D ( 'NONE', #9295, #2876, #8371 ) ;
#9144 = EDGE_CURVE ( 'NONE', #548, #10490, #2179, .T. ) ;
#9145 = DIRECTION ( 'NONE',  ( 1.000000000000000000, 0.000000000000000000, 0.000000000000000000 ) ) ;
#9146 = ORIENTED_EDGE ( 'NONE', *, *, #177, .T. ) ;
#9147 = ORIENTED_EDGE ( 'NONE', *, *, #3844, .F. ) ;
#9148 = CARTESIAN_POINT ( 'NONE',  ( -32.21227899999998812, 19.69411099999999948, 7.399999999999998579 ) ) ;
#9149 = ORIENTED_EDGE ( 'NONE', *, *, #3366, .T. ) ;
#9150 = CONICAL_SURFACE ( 'NONE', #2320, 1.299999999999967848, 0.7853981633974945753 ) ;
#9151 = CIRCLE ( 'NONE', #186, 0.5000000000000004441 ) ;
#9152 = CARTESIAN_POINT ( 'NONE',  ( 12.91509952826744190, 78.84410465796825918, -1.900000000000000355 ) ) ;
#9153 = LINE ( 'NONE', #9091, #1673 ) ;
#9154 = ORIENTED_EDGE ( 'NONE', *, *, #3019, .F. ) ;
#9155 = FACE_OUTER_BOUND ( 'NONE', #10192, .T. ) ;
#9156 = LINE ( 'NONE', #6397, #6042 ) ;
#9157 = EDGE_CURVE ( 'NONE', #8592, #1582, #8152, .T. ) ;
#9158 = ADVANCED_FACE ( 'NONE', ( #7059 ), #8167, .T. ) ;
#9159 = ORIENTED_EDGE ( 'NONE', *, *, #1674, .T. ) ;
#9160 = VECTOR ( 'NONE', #4451, 1000.000000000000000 ) ;
#9161 = CARTESIAN_POINT ( 'NONE',  ( 14.86773485016851204, 89.51034585170278035, 3.399999999999993250 ) ) ;
#9162 = CARTESIAN_POINT ( 'NONE',  ( 19.16772100000000734, 14.98547018669192710, -0.9000000000000002442 ) ) ;
#9163 = CARTESIAN_POINT ( 'NONE',  ( -49.66227899999999096, 20.69411099999999948, 7.099999999999989875 ) ) ;
#9164 = PLANE ( 'NONE',  #4640 ) ;
#9165 = ORIENTED_EDGE ( 'NONE', *, *, #8129, .T. ) ;
#9166 = VERTEX_POINT ( 'NONE', #3225 ) ;
#9167 = VERTEX_POINT ( 'NONE', #9701 ) ;
#9168 = CARTESIAN_POINT ( 'NONE',  ( -119.3542778834882085, 30.17521305340542170, -3.012814236802380474 ) ) ;
#9169 = CARTESIAN_POINT ( 'NONE',  ( -119.2521431041647872, 57.62265796776650717, -6.439980624619755289 ) ) ;
#9170 = CARTESIAN_POINT ( 'NONE',  ( 19.17541124596159463, 15.59828176963251067, -2.953553224609518857 ) ) ;
#9171 = EDGE_CURVE ( 'NONE', #3815, #9723, #6873, .T. ) ;
#9172 = DIRECTION ( 'NONE',  ( -1.000000000000000000, -8.204814290039227012E-15, -0.000000000000000000 ) ) ;
#9173 = DIRECTION ( 'NONE',  ( -0.1830126982250982470, -0.6830127028748477214, -0.7071067811865220376 ) ) ;
#9174 = CARTESIAN_POINT ( 'NONE',  ( -12.74474674335479207, 12.48788592914254103, 5.399999999999998579 ) ) ;
#9175 = ORIENTED_EDGE ( 'NONE', *, *, #7304, .T. ) ;
#9176 = CARTESIAN_POINT ( 'NONE',  ( -32.04424108330033505, 81.81629273714987960, -2.613211991801165812 ) ) ;
#9177 = DIRECTION ( 'NONE',  ( -0.000000000000000000, -0.000000000000000000, -1.000000000000000000 ) ) ;
#9178 = VERTEX_POINT ( 'NONE', #5117 ) ;
#9179 = CARTESIAN_POINT ( 'NONE',  ( 19.16772100000002865, 39.98547018669192710, 1.699999999999993516 ) ) ;
#9180 = ORIENTED_EDGE ( 'NONE', *, *, #7776, .F. ) ;
#9181 = AXIS2_PLACEMENT_3D ( 'NONE', #10470, #8568, #29 ) ;
#9182 = VERTEX_POINT ( 'NONE', #4200 ) ;
#9183 = PLANE ( 'NONE',  #8043 ) ;
#9184 = CYLINDRICAL_SURFACE ( 'NONE', #8090, 1.999999999999994893 ) ;
#9185 = CARTESIAN_POINT ( 'NONE',  ( 15.41272669456943589, 80.31652193315899524, 3.051745117298137799 ) ) ;
#9186 = CARTESIAN_POINT ( 'NONE',  ( -3.193571648019223552, 11.91857164801922586, 4.400000000000000355 ) ) ;
#9187 = CARTESIAN_POINT ( 'NONE',  ( -41.41452166131000467, 81.13965514279601621, 5.399999999999998579 ) ) ;
#9188 = EDGE_CURVE ( 'NONE', #10105, #3993, #665, .T. ) ;
#9189 = CARTESIAN_POINT ( 'NONE',  ( -0.01831639601859030853, 85.24687480008269347, -1.900000000000000355 ) ) ;
#9190 = CARTESIAN_POINT ( 'NONE',  ( -98.00149022143841648, 14.25486666864811269, -2.953553224585818260 ) ) ;
#9191 = VECTOR ( 'NONE', #9571, 1000.000000000000000 ) ;
#9192 = CARTESIAN_POINT ( 'NONE',  ( -101.0097015625846097, 14.28901841306023179, -3.875176449576044124 ) ) ;
#9193 = ORIENTED_EDGE ( 'NONE', *, *, #9059, .T. ) ;
#9194 = CARTESIAN_POINT ( 'NONE',  ( -119.3173814193575595, 27.13287867001416132, -3.882041515998481351 ) ) ;
#9195 = CARTESIAN_POINT ( 'NONE',  ( 19.08111140348574963, 19.02545081132303295, -6.186789391986769360 ) ) ;
#9196 = ORIENTED_EDGE ( 'NONE', *, *, #287, .T. ) ;
#9197 = ORIENTED_EDGE ( 'NONE', *, *, #1350, .T. ) ;
#9198 = AXIS2_PLACEMENT_3D ( 'NONE', #5029, #10779, #9673 ) ;
#9199 = DIRECTION ( 'NONE',  ( 1.000000000000000000, 0.000000000000000000, 0.000000000000000000 ) ) ;
#9200 = CARTESIAN_POINT ( 'NONE',  ( -30.65551912226608522, 6.720812096966749749, 7.099999999999989875 ) ) ;
#9201 = LINE ( 'NONE', #6259, #9097 ) ;
#9202 = EDGE_CURVE ( 'NONE', #8757, #9300, #6147, .T. ) ;
#9203 = ADVANCED_FACE ( 'NONE', ( #11679 ), #9886, .T. ) ;
#9204 = DIRECTION ( 'NONE',  ( 0.02449038290409118537, 0.9997000655922809731, 0.000000000000000000 ) ) ;
#9205 = CARTESIAN_POINT ( 'NONE',  ( 19.05199444201777581, 51.02545081133818883, -6.527129240129442955 ) ) ;
#9206 = ORIENTED_EDGE ( 'NONE', *, *, #9699, .F. ) ;
#9207 = CONICAL_SURFACE ( 'NONE', #11566, 0.3999999999999906408, 0.7853981633974522758 ) ;
#9208 = EDGE_LOOP ( 'NONE', ( #5536, #6600, #4914, #9909 ) ) ;
#9209 = CARTESIAN_POINT ( 'NONE',  ( 20.16772100000000378, 40.98547018669191289, -1.900000000000000355 ) ) ;
#9210 = ORIENTED_EDGE ( 'NONE', *, *, #3234, .F. ) ;
#9211 = DIRECTION ( 'NONE',  ( 1.000000000000000000, 0.000000000000000000, 0.000000000000000000 ) ) ;
#9212 = EDGE_LOOP ( 'NONE', ( #11293, #3843, #9058, #7700 ) ) ;
#9213 = CIRCLE ( 'NONE', #3559, 1.300000000000029354 ) ;
#9214 = ADVANCED_FACE ( 'NONE', ( #484 ), #2425, .T. ) ;
#9215 = DIRECTION ( 'NONE',  ( -0.000000000000000000, -0.000000000000000000, 1.000000000000000000 ) ) ;
#9216 = CARTESIAN_POINT ( 'NONE',  ( -41.41227819873822114, 80.84188785450702142, 4.400000000000000355 ) ) ;
#9217 = ORIENTED_EDGE ( 'NONE', *, *, #3566, .T. ) ;
#9218 = CARTESIAN_POINT ( 'NONE',  ( -24.55385386369476919, -1.543075612291813004, -2.686416806403020718 ) ) ;
#9219 = PLANE ( 'NONE',  #6300 ) ;
#9220 = CIRCLE ( 'NONE', #2586, 1.300000000000037126 ) ;
#9221 = CARTESIAN_POINT ( 'NONE',  ( 19.17286085790237138, 47.98212715209437107, -6.135016129666208684 ) ) ;
#9222 = EDGE_LOOP ( 'NONE', ( #8876, #9465, #10951, #7609, #11126, #8184 ) ) ;
#9223 = ADVANCED_FACE ( 'NONE', ( #7979 ), #5296, .F. ) ;
#9224 = VERTEX_POINT ( 'NONE', #5971 ) ;
#9225 = ORIENTED_EDGE ( 'NONE', *, *, #9941, .F. ) ;
#9226 = CARTESIAN_POINT ( 'NONE',  ( -119.3940609937175452, 29.66470120570227920, -3.012814236802380918 ) ) ;
#9227 = DIRECTION ( 'NONE',  ( 0.5000000000000002220, 0.8660254037844384856, 0.000000000000000000 ) ) ;
#9228 = CARTESIAN_POINT ( 'NONE',  ( -119.4452622502932400, 57.96299781573682708, -4.481602675009021652 ) ) ;
#9229 = CARTESIAN_POINT ( 'NONE',  ( 19.29191287373491548, 15.92467787341269414, -4.995599231673178764 ) ) ;
#9230 = VECTOR ( 'NONE', #11905, 999.9999999999998863 ) ;
#9231 = CARTESIAN_POINT ( 'NONE',  ( 19.16772100000002865, 39.38547018669192568, 2.299999999999994049 ) ) ;
#9232 =( GEOMETRIC_REPRESENTATION_CONTEXT ( 3 ) GLOBAL_UNCERTAINTY_ASSIGNED_CONTEXT ( ( #9448 ) ) GLOBAL_UNIT_ASSIGNED_CONTEXT ( ( #336, #6910, #3135 ) ) REPRESENTATION_CONTEXT ( 'NONE', 'WORKASPACE' ) );
#9233 = DIRECTION ( 'NONE',  ( -0.000000000000000000, -0.000000000000000000, -1.000000000000000000 ) ) ;
#9234 = ORIENTED_EDGE ( 'NONE', *, *, #5595, .T. ) ;
#9235 = CARTESIAN_POINT ( 'NONE',  ( -31.39144887574173737, 81.84482410325368562, -4.485088766547514538 ) ) ;
#9236 = DIRECTION ( 'NONE',  ( 0.000000000000000000, 1.000000000000000000, -0.000000000000000000 ) ) ;
#9237 = VERTEX_POINT ( 'NONE', #4378 ) ;
#9238 = LINE ( 'NONE', #9415, #6576 ) ;
#9239 = ORIENTED_EDGE ( 'NONE', *, *, #1726, .T. ) ;
#9240 = EDGE_CURVE ( 'NONE', #4505, #10115, #9339, .T. ) ;
#9241 = VECTOR ( 'NONE', #1849, 1000.000000000000000 ) ;
#9242 = EDGE_LOOP ( 'NONE', ( #1102, #3920, #9147, #12008 ) ) ;
#9243 = EDGE_CURVE ( 'NONE', #7038, #2785, #1517, .T. ) ;
#9244 = EDGE_LOOP ( 'NONE', ( #2023, #6584, #7159, #12090, #5704, #4049, #8714 ) ) ;
#9245 = CARTESIAN_POINT ( 'NONE',  ( 16.75922784632616214, 81.14494295039523308, 3.076304919239797542 ) ) ;
#9246 = CARTESIAN_POINT ( 'NONE',  ( -90.21227469707440605, 76.84410589528943092, 5.399999999999998579 ) ) ;
#9247 = B_SPLINE_CURVE_WITH_KNOTS ( 'NONE', 3,
 ( #1883, #5795, #7623, #11368, #6701, #2983, #10445, #2070, #64, #3664, #1946, #369, #9938, #10628, #5909, #2478, #9706, #4081, #4997, #655, #6761, #1566, #10562, #2251, #7804, #11559, #8788, #7685, #6818, #1279 ),
 .UNSPECIFIED., .F., .F.,
 ( 4, 2, 2, 2, 2, 2, 2, 2, 2, 2, 2, 2, 2, 2, 4 ),
 ( 0.006252914650802613231, 0.006643633624004378034, 0.007034352597206143705, 0.007815790543609677649, 0.008206509516811446789, 0.008597228490013215929, 0.008987947463214986804, 0.009378666436416755944, 0.009769385409618526819, 0.01016010438282029596, 0.01055082335602206683, 0.01094154232922383597, 0.01133226130242560685, 0.01172298027562737599, 0.01250441822203091427 ),
 .UNSPECIFIED. ) ;
#9248 = DIRECTION ( 'NONE',  ( 0.000000000000000000, 0.000000000000000000, 1.000000000000000000 ) ) ;
#9249 = CARTESIAN_POINT ( 'NONE',  ( 0.8881812060032854284, 84.35227910332572776, 2.956581825549974507 ) ) ;
#9250 = CARTESIAN_POINT ( 'NONE',  ( -100.1230708671832588, 14.29527353200776396, -2.613211992813810003 ) ) ;
#9251 = VECTOR ( 'NONE', #3850, 1000.000000000000000 ) ;
#9252 = CARTESIAN_POINT ( 'NONE',  ( -119.3174262346589671, 29.33071080026744681, -6.399907423757582592 ) ) ;
#9253 = ORIENTED_EDGE ( 'NONE', *, *, #3340, .T. ) ;
#9254 = CYLINDRICAL_SURFACE ( 'NONE', #11573, 0.5000000000000004441 ) ;
#9255 = CARTESIAN_POINT ( 'NONE',  ( 19.14276966233050103, 18.69905338060969058, -5.846449543846347296 ) ) ;
#9256 = LINE ( 'NONE', #11596, #3684 ) ;
#9257 = EDGE_LOOP ( 'NONE', ( #309, #11956, #10218, #216 ) ) ;
#9258 = ORIENTED_EDGE ( 'NONE', *, *, #9436, .F. ) ;
#9259 = EDGE_CURVE ( 'NONE', #1784, #8500, #2306, .T. ) ;
#9260 = CIRCLE ( 'NONE', #5738, 3.299999999999990496 ) ;
#9261 = AXIS2_PLACEMENT_3D ( 'NONE', #11744, #7858, #2488 ) ;
#9262 = DIRECTION ( 'NONE',  ( 0.000000000000000000, -0.000000000000000000, -1.000000000000000000 ) ) ;
#9263 = CARTESIAN_POINT ( 'NONE',  ( -60.16227158493175153, 85.84411130060328787, -1.900000000000000577 ) ) ;
#9264 = DIRECTION ( 'NONE',  ( 0.000000000000000000, 1.000000000000000000, 0.000000000000000000 ) ) ;
#9265 = CARTESIAN_POINT ( 'NONE',  ( -41.46082705626150045, 80.84551033427891298, -1.900000000000000355 ) ) ;
#9266 = LINE ( 'NONE', #6261, #4849 ) ;
#9267 = DIRECTION ( 'NONE',  ( 0.000000000000000000, 0.000000000000000000, -1.000000000000000000 ) ) ;
#9268 = VECTOR ( 'NONE', #4916, 1000.000000000000114 ) ;
#9269 = ORIENTED_EDGE ( 'NONE', *, *, #8630, .F. ) ;
#9270 = CIRCLE ( 'NONE', #7503, 31.91246774335480652 ) ;
#9271 = ORIENTED_EDGE ( 'NONE', *, *, #1912, .F. ) ;
#9272 = DIRECTION ( 'NONE',  ( -0.7071067811865802133, 0.000000000000000000, -0.7071067811865149322 ) ) ;
#9273 = ORIENTED_EDGE ( 'NONE', *, *, #1035, .T. ) ;
#9274 = EDGE_CURVE ( 'NONE', #10072, #5860, #543, .T. ) ;
#9275 = DIRECTION ( 'NONE',  ( 1.000000000000000000, 0.000000000000000000, 0.000000000000000000 ) ) ;
#9276 = CARTESIAN_POINT ( 'NONE',  ( 16.86772099999999952, 77.67724262499595511, 5.399999999999998579 ) ) ;
#9277 = AXIS2_PLACEMENT_3D ( 'NONE', #174, #7552, #970 ) ;
#9278 = PLANE ( 'NONE',  #8854 ) ;
#9279 = DIRECTION ( 'NONE',  ( 1.000000000000000000, 0.000000000000000000, 0.000000000000000000 ) ) ;
#9280 = DIRECTION ( 'NONE',  ( 1.000000000000000000, 0.000000000000000000, 0.000000000000000000 ) ) ;
#9281 = VECTOR ( 'NONE', #3370, 1000.000000000000000 ) ;
#9282 = ADVANCED_FACE ( 'NONE', ( #9822 ), #11616, .F. ) ;
#9283 = ADVANCED_FACE ( 'NONE', ( #604 ), #2489, .F. ) ;
#9284 = DIRECTION ( 'NONE',  ( 0.7071067811865148212, 0.000000000000000000, -0.7071067811865802133 ) ) ;
#9285 = VERTEX_POINT ( 'NONE', #9764 ) ;
#9286 = EDGE_LOOP ( 'NONE', ( #7884, #12076, #8834, #3613 ) ) ;
#9287 = EDGE_LOOP ( 'NONE', ( #6477, #6475, #3654, #6012 ) ) ;
#9288 = CARTESIAN_POINT ( 'NONE',  ( -119.3983240304928870, 30.51555428520757474, -4.481602675011057357 ) ) ;
#9289 = CARTESIAN_POINT ( 'NONE',  ( -119.3983236488772377, 57.62265796776650006, -4.481602675009021652 ) ) ;
#9290 = CARTESIAN_POINT ( 'NONE',  ( 19.36042868553989393, 16.41427269254953458, -4.314918151748109665 ) ) ;
#9291 = DIRECTION ( 'NONE',  ( -0.2588190399164174704, -0.9659258276786804043, 0.000000000000000000 ) ) ;
#9292 = ADVANCED_FACE ( 'NONE', ( #8035 ), #11802, .T. ) ;
#9293 = CARTESIAN_POINT ( 'NONE',  ( -20.45633748240645033, -2.688128840628775329, -5.460792312993135944 ) ) ;
#9294 = CARTESIAN_POINT ( 'NONE',  ( -31.39144887574173737, 81.78398255681578632, -2.953553223573229580 ) ) ;
#9295 = CARTESIAN_POINT ( 'NONE',  ( -80.51367833427877940, 73.14410401970064868, 5.399999999999998579 ) ) ;
#9296 = ORIENTED_EDGE ( 'NONE', *, *, #9259, .F. ) ;
#9297 = AXIS2_PLACEMENT_3D ( 'NONE', #5758, #9490, #1002 ) ;
#9298 = FACE_OUTER_BOUND ( 'NONE', #7551, .T. ) ;
#9299 = VERTEX_POINT ( 'NONE', #9079 ) ;
#9300 = VERTEX_POINT ( 'NONE', #1751 ) ;
#9301 = ORIENTED_EDGE ( 'NONE', *, *, #3220, .F. ) ;
#9302 = CARTESIAN_POINT ( 'NONE',  ( -67.39144887573405640, 81.83698036600334547, -4.995599230578825711 ) ) ;
#9303 = CARTESIAN_POINT ( 'NONE',  ( -118.3122790000000322, 16.98553808041265967, -1.900000000000000355 ) ) ;
#9304 = LINE ( 'NONE', #4723, #276 ) ;
#9305 = DIRECTION ( 'NONE',  ( 1.000000000000000000, 1.922131275320561768E-16, 0.000000000000000000 ) ) ;
#9306 = PLANE ( 'NONE',  #8791 ) ;
#9307 = CARTESIAN_POINT ( 'NONE',  ( -100.7758657286020849, 14.31906907099152448, -2.953553224585818260 ) ) ;
#9308 = VECTOR ( 'NONE', #11472, 1000.000000000000000 ) ;
#9309 = ADVANCED_FACE ( 'NONE', ( #2606 ), #7241, .F. ) ;
#9310 = ADVANCED_FACE ( 'NONE', ( #6445 ), #3097, .T. ) ;
#9311 = CARTESIAN_POINT ( 'NONE',  ( -119.3173810064289455, 28.18352582435509390, -6.198030238138661829 ) ) ;
#9312 = LINE ( 'NONE', #1916, #4333 ) ;
#9313 = CARTESIAN_POINT ( 'NONE',  ( -101.0622825347106328, 14.29411798029987857, -4.399999999999999467 ) ) ;
#9314 = VERTEX_POINT ( 'NONE', #7181 ) ;
#9315 = ORIENTED_EDGE ( 'NONE', *, *, #9547, .F. ) ;
#9316 = ORIENTED_EDGE ( 'NONE', *, *, #11796, .T. ) ;
#9317 = VECTOR ( 'NONE', #4040, 1000.000000000000000 ) ;
#9318 = CYLINDRICAL_SURFACE ( 'NONE', #4380, 1.663324279939827344 ) ;
#9319 = CARTESIAN_POINT ( 'NONE',  ( 1.405186292864652783E-05, 78.14410698035698033, 7.399999999999998579 ) ) ;
#9320 = CARTESIAN_POINT ( 'NONE',  ( 0.000000000000000000, 80.84188785450702142, 4.400000000000000355 ) ) ;
#9321 = CARTESIAN_POINT ( 'NONE',  ( -23.71126027534196012, -1.867064193412581785, -5.998969439721454577 ) ) ;
#9322 = DIRECTION ( 'NONE',  ( 1.000000000000000000, 0.000000000000000000, 0.000000000000000000 ) ) ;
#9323 = CARTESIAN_POINT ( 'NONE',  ( 0.8677339247136526268, 84.36378078824770910, 2.799999999999989164 ) ) ;
#9324 = EDGE_CURVE ( 'NONE', #9905, #4705, #11050, .T. ) ;
#9325 = CARTESIAN_POINT ( 'NONE',  ( 1.602121930820903478E-06, 12.29410278256791500, 5.399999999999998579 ) ) ;
#9326 = AXIS2_PLACEMENT_3D ( 'NONE', #4086, #10507, #6881 ) ;
#9327 = ORIENTED_EDGE ( 'NONE', *, *, #9941, .T. ) ;
#9328 = ORIENTED_EDGE ( 'NONE', *, *, #4399, .T. ) ;
#9329 = CARTESIAN_POINT ( 'NONE',  ( -52.26227900109223157, -1.755882021704230134, -1.900000000000000355 ) ) ;
#9330 = ORIENTED_EDGE ( 'NONE', *, *, #10491, .T. ) ;
#9331 = CARTESIAN_POINT ( 'NONE',  ( -99.06228253471061862, 14.29411798029987857, -6.400000000000002132 ) ) ;
#9332 = CONICAL_SURFACE ( 'NONE', #5262, 0.2999999999999669598, 0.7853981633974945753 ) ;
#9333 = VECTOR ( 'NONE', #7276, 1000.000000000000000 ) ;
#9334 = CARTESIAN_POINT ( 'NONE',  ( -61.16227201969416427, 84.84411130060338735, -1.900000000000000355 ) ) ;
#9335 = DIRECTION ( 'NONE',  ( 1.000000000000000000, 0.000000000000000000, 0.000000000000000000 ) ) ;
#9336 = CARTESIAN_POINT ( 'NONE',  ( -22.66227900000000517, 79.84188785450702142, 5.399999999999998579 ) ) ;
#9337 = EDGE_CURVE ( 'NONE', #9767, #1344, #9266, .T. ) ;
#9338 = CYLINDRICAL_SURFACE ( 'NONE', #7244, 0.2999999999999947153 ) ;
#9339 = CIRCLE ( 'NONE', #9536, 0.3999999999999837019 ) ;
#9340 = AXIS2_PLACEMENT_3D ( 'NONE', #10614, #6085, #10494 ) ;
#9341 = DIRECTION ( 'NONE',  ( 1.000000000000000000, 0.000000000000000000, 0.000000000000000000 ) ) ;
#9342 = ORIENTED_EDGE ( 'NONE', *, *, #4428, .T. ) ;
#9343 = ORIENTED_EDGE ( 'NONE', *, *, #5636, .F. ) ;
#9344 = ORIENTED_EDGE ( 'NONE', *, *, #7411, .F. ) ;
#9345 = CARTESIAN_POINT ( 'NONE',  ( -119.3881592545336616, 30.51555428520757474, -4.971197494147454599 ) ) ;
#9346 = CARTESIAN_POINT ( 'NONE',  ( -119.3418134804937409, 57.28231811979603094, -4.971197494144982798 ) ) ;
#9347 = AXIS2_PLACEMENT_3D ( 'NONE', #6274, #8175, #6456 ) ;
#9348 = CARTESIAN_POINT ( 'NONE',  ( 19.20697198497597213, 15.92467787341269414, -5.846449543846347296 ) ) ;
#9349 = ADVANCED_FACE ( 'NONE', ( #10930 ), #10067, .F. ) ;
#9350 = ADVANCED_FACE ( 'NONE', ( #8223 ), #10002, .T. ) ;
#9351 = CARTESIAN_POINT ( 'NONE',  ( -61.16227201969416427, 0.000000000000000000, 4.400000000000000355 ) ) ;
#9352 = CARTESIAN_POINT ( 'NONE',  ( -20.44455566790892931, -2.644158508172964162, -2.686416805902544613 ) ) ;
#9353 = CARTESIAN_POINT ( 'NONE',  ( -34.81861526355650938, 81.77803172950318356, -6.527129238958155000 ) ) ;
#9354 = DIRECTION ( 'NONE',  ( 0.9999999999999054090, -4.347624119164473710E-07, 0.000000000000000000 ) ) ;
#9355 = EDGE_LOOP ( 'NONE', ( #10071, #6275, #1820, #9387 ) ) ;
#9356 = DIRECTION ( 'NONE',  ( 0.6123724356958163417, -0.3535533905932858323, -0.7071067811865225927 ) ) ;
#9357 = CARTESIAN_POINT ( 'NONE',  ( -79.21367833427878224, 79.84411100000001227, 4.400000000000000355 ) ) ;
#9358 = ORIENTED_EDGE ( 'NONE', *, *, #5958, .T. ) ;
#9359 = EDGE_LOOP ( 'NONE', ( #10417, #5751, #11435, #6930 ) ) ;
#9360 = ORIENTED_EDGE ( 'NONE', *, *, #2555, .F. ) ;
#9361 = ORIENTED_EDGE ( 'NONE', *, *, #2252, .T. ) ;
#9362 = DIRECTION ( 'NONE',  ( -0.000000000000000000, 0.000000000000000000, 1.000000000000000000 ) ) ;
#9363 = CARTESIAN_POINT ( 'NONE',  ( 1.892453000393756968, 77.25013512635990764, 4.400000000000000355 ) ) ;
#9364 = DIRECTION ( 'NONE',  ( 8.177564888979274936E-15, -0.7071067811865802133, -0.7071067811865149322 ) ) ;
#9365 = FACE_OUTER_BOUND ( 'NONE', #9286, .T. ) ;
#9366 = CARTESIAN_POINT ( 'NONE',  ( 19.16772100000000734, 50.98547018669193420, -0.9000000000000002442 ) ) ;
#9367 = CARTESIAN_POINT ( 'NONE',  ( -100.4494682978926647, 14.25211254255876980, -5.506109695587424468 ) ) ;
#9368 = DIRECTION ( 'NONE',  ( -0.000000000000000000, 0.000000000000000000, 1.000000000000000000 ) ) ;
#9369 = ORIENTED_EDGE ( 'NONE', *, *, #8981, .F. ) ;
#9370 = CARTESIAN_POINT ( 'NONE',  ( 14.97780355301539146, 80.65885252981171050, 3.389818983275768804 ) ) ;
#9371 = AXIS2_PLACEMENT_3D ( 'NONE', #3194, #5086, #11713 ) ;
#9372 = ORIENTED_EDGE ( 'NONE', *, *, #6254, .T. ) ;
#9373 = CARTESIAN_POINT ( 'NONE',  ( 19.26054507361133261, 18.37265594989637307, -4.314918151748109665 ) ) ;
#9374 = VERTEX_POINT ( 'NONE', #1692 ) ;
#9375 = VERTEX_POINT ( 'NONE', #782 ) ;
#9376 = EDGE_CURVE ( 'NONE', #3458, #11214, #6601, .T. ) ;
#9377 = EDGE_CURVE ( 'NONE', #6493, #5167, #8344, .T. ) ;
#9378 = DIRECTION ( 'NONE',  ( 0.000000000000000000, 0.000000000000000000, -1.000000000000000000 ) ) ;
#9379 = CARTESIAN_POINT ( 'NONE',  ( -35.43142950036546068, 81.84411100000002648, -1.900000000000000577 ) ) ;
#9380 = CARTESIAN_POINT ( 'NONE',  ( 0.000000000000000000, 72.84411100000001227, -1.900000000000000355 ) ) ;
#9381 = CARTESIAN_POINT ( 'NONE',  ( -20.84785177085267094, -2.634271337207205743, -5.403343034597596350 ) ) ;
#9382 = CIRCLE ( 'NONE', #3138, 0.2977672882890219919 ) ;
#9383 = DIRECTION ( 'NONE',  ( 1.000000000000000000, 0.000000000000000000, 0.000000000000000000 ) ) ;
#9384 = CARTESIAN_POINT ( 'NONE',  ( 0.6872975320074249383, 85.10292829479902821, 4.159622132044216158 ) ) ;
#9385 = FACE_OUTER_BOUND ( 'NONE', #700, .T. ) ;
#9386 = ORIENTED_EDGE ( 'NONE', *, *, #6983, .F. ) ;
#9387 = ORIENTED_EDGE ( 'NONE', *, *, #302, .F. ) ;
#9388 = LINE ( 'NONE', #3035, #8750 ) ;
#9389 = VECTOR ( 'NONE', #7833, 1000.000000000000000 ) ;
#9390 = LINE ( 'NONE', #1087, #2649 ) ;
#9391 = ADVANCED_FACE ( 'NONE', ( #5350 ), #3651, .F. ) ;
#9392 = ADVANCED_FACE ( 'NONE', ( #4500 ), #395, .T. ) ;
#9393 = DIRECTION ( 'NONE',  ( -4.263949503082959419E-15, -1.000000000000000000, 0.000000000000000000 ) ) ;
#9394 = DIRECTION ( 'NONE',  ( 1.134431389167281103E-06, 0.9999999999993565147, -0.000000000000000000 ) ) ;
#9395 = CARTESIAN_POINT ( 'NONE',  ( -75.81228330292589135, 19.29411698796796415, 5.399999999999998579 ) ) ;
#9396 = FACE_OUTER_BOUND ( 'NONE', #3396, .T. ) ;
#9397 = VECTOR ( 'NONE', #3840, 1000.000000000000000 ) ;
#9398 = CARTESIAN_POINT ( 'NONE',  ( 15.18359082457480547, -1.465830875177938086, -1.500000000000023981 ) ) ;
#9399 = LINE ( 'NONE', #6640, #7639 ) ;
#9400 = CARTESIAN_POINT ( 'NONE',  ( 19.17284425494672817, 47.04949560944412212, -4.918753542823901981 ) ) ;
#9401 = ORIENTED_EDGE ( 'NONE', *, *, #3930, .T. ) ;
#9402 = VECTOR ( 'NONE', #5090, 1000.000000000000000 ) ;
#9403 = ORIENTED_EDGE ( 'NONE', *, *, #7595, .F. ) ;
#9404 = EDGE_CURVE ( 'NONE', #9375, #1174, #1200, .T. ) ;
#9405 = VERTEX_POINT ( 'NONE', #5777 ) ;
#9406 = CARTESIAN_POINT ( 'NONE',  ( 3.239070619147446539, 12.08837637957416966, 7.099999999999989875 ) ) ;
#9407 = CARTESIAN_POINT ( 'NONE',  ( -119.3983236961941117, 57.62265796776650006, -4.318403959652662216 ) ) ;
#9408 = DIRECTION ( 'NONE',  ( -2.335877759801061346E-06, -0.9999999999972718490, 0.000000000000000000 ) ) ;
#9409 = VECTOR ( 'NONE', #5814, 1000.000000000000000 ) ;
#9410 = CARTESIAN_POINT ( 'NONE',  ( -21.14752719612492271, -2.637739579808951795, -4.481602674841692391 ) ) ;
#9411 = CARTESIAN_POINT ( 'NONE',  ( -34.00262168677546981, 81.82491201618822174, -2.272870760029102044 ) ) ;
#9412 = CARTESIAN_POINT ( 'NONE',  ( -121.3122790047357142, 16.94879718977744076, 6.400000000000025224 ) ) ;
#9413 = ORIENTED_EDGE ( 'NONE', *, *, #9510, .T. ) ;
#9414 = CARTESIAN_POINT ( 'NONE',  ( -121.3122790047357000, 16.94879718977744432, -1.900000000000000355 ) ) ;
#9415 = CARTESIAN_POINT ( 'NONE',  ( -80.21227900000000943, 73.15268391958734640, 5.399999999999998579 ) ) ;
#9416 = EDGE_LOOP ( 'NONE', ( #11883, #2759, #3667, #3091, #1052, #5526, #10230, #1745, #10729, #10204, #11960 ) ) ;
#9417 = ORIENTED_EDGE ( 'NONE', *, *, #803, .T. ) ;
#9418 = EDGE_CURVE ( 'NONE', #745, #10178, #4004, .T. ) ;
#9419 = ORIENTED_EDGE ( 'NONE', *, *, #9953, .T. ) ;
#9420 = ORIENTED_EDGE ( 'NONE', *, *, #9144, .T. ) ;
#9421 = VECTOR ( 'NONE', #10422, 1000.000000000000000 ) ;
#9422 = DIRECTION ( 'NONE',  ( 6.584418764838352724E-17, 1.000000000000000000, 0.000000000000000000 ) ) ;
#9423 = CARTESIAN_POINT ( 'NONE',  ( -41.41227819873825666, 0.000000000000000000, 7.399999999999998579 ) ) ;
#9424 = CARTESIAN_POINT ( 'NONE',  ( -11.03726043005733359, 81.84410925728559505, 5.399999999999998579 ) ) ;
#9425 = AXIS2_PLACEMENT_3D ( 'NONE', #10947, #9039, #4397 ) ;
#9426 = DIRECTION ( 'NONE',  ( -1.000000000000000000, 0.000000000000000000, 0.000000000000000000 ) ) ;
#9427 = LINE ( 'NONE', #6608, #3715 ) ;
#9428 = CARTESIAN_POINT ( 'NONE',  ( -101.1022631593114767, 14.35424689497531148, -5.846449543715206865 ) ) ;
#9429 = LINE ( 'NONE', #4846, #11359 ) ;
#9430 = CARTESIAN_POINT ( 'NONE',  ( 15.27360907699461734, 80.42685728723436966, 3.242354284822656751 ) ) ;
#9431 = CIRCLE ( 'NONE', #5724, 1.624999999999999778 ) ;
#9432 = ORIENTED_EDGE ( 'NONE', *, *, #6306, .T. ) ;
#9433 = DIRECTION ( 'NONE',  ( -0.000000000000000000, -0.000000000000000000, -1.000000000000000000 ) ) ;
#9434 = ORIENTED_EDGE ( 'NONE', *, *, #1619, .T. ) ;
#9435 = ORIENTED_EDGE ( 'NONE', *, *, #9377, .T. ) ;
#9436 = EDGE_CURVE ( 'NONE', #7955, #2648, #5897, .T. ) ;
#9437 = EDGE_CURVE ( 'NONE', #67, #2984, #8588, .T. ) ;
#9438 = CARTESIAN_POINT ( 'NONE',  ( 16.50447752050400752, 12.46043432054700340, 5.399999999999998579 ) ) ;
#9439 = CARTESIAN_POINT ( 'NONE',  ( -35.43142950036546068, 80.84411100000002648, 0.5999999999999998668 ) ) ;
#9440 = LINE ( 'NONE', #10362, #1234 ) ;
#9441 = CARTESIAN_POINT ( 'NONE',  ( -50.66227850179976855, 19.69411099999997816, 4.400000000000000355 ) ) ;
#9442 = AXIS2_PLACEMENT_3D ( 'NONE', #2615, #6396, #1940 ) ;
#9443 = DIRECTION ( 'NONE',  ( 1.000000000000000000, 0.000000000000000000, 0.000000000000000000 ) ) ;
#9444 = CARTESIAN_POINT ( 'NONE',  ( 0.6432785689416024022, 85.11198009362597361, 4.127552803588302233 ) ) ;
#9445 = CARTESIAN_POINT ( 'NONE',  ( -119.3122720196896722, 61.06910750985031910, 0.5999999999999998668 ) ) ;
#9446 = ORIENTED_EDGE ( 'NONE', *, *, #9640, .F. ) ;
#9447 = EDGE_CURVE ( 'NONE', #11563, #3458, #5657, .T. ) ;
#9448 = UNCERTAINTY_MEASURE_WITH_UNIT (LENGTH_MEASURE( 1.000000000000000082E-05 ), #336, 'distance_accuracy_value', 'NONE');
#9449 = ORIENTED_EDGE ( 'NONE', *, *, #7554, .F. ) ;
#9450 = AXIS2_PLACEMENT_3D ( 'NONE', #2901, #2960, #6679 ) ;
#9451 = CARTESIAN_POINT ( 'NONE',  ( -31.21227899999999167, 0.000000000000000000, 7.099999999999989875 ) ) ;
#9452 = EDGE_LOOP ( 'NONE', ( #1686, #1252, #1827, #1267 ) ) ;
#9453 = VECTOR ( 'NONE', #10897, 1000.000000000000000 ) ;
#9454 = DIRECTION ( 'NONE',  ( 0.9999999999999839018, -1.798198670589262545E-07, 0.000000000000000000 ) ) ;
#9455 = PLANE ( 'NONE',  #2240 ) ;
#9456 = CARTESIAN_POINT ( 'NONE',  ( -119.9122790047357228, 12.29411797798554673, 5.399999999999998579 ) ) ;
#9457 = CARTESIAN_POINT ( 'NONE',  ( -3.612278999999986251, -8.178346098526645248E-16, 7.100000000000059153 ) ) ;
#9458 = CARTESIAN_POINT ( 'NONE',  ( -11.07501078178511378, 2.967540131413831439, 4.400000000000000355 ) ) ;
#9459 = CARTESIAN_POINT ( 'NONE',  ( 19.16772100000002865, 39.38547018669192568, 2.299999999999994049 ) ) ;
#9460 = AXIS2_PLACEMENT_3D ( 'NONE', #6301, #10790, #10045 ) ;
#9461 = CARTESIAN_POINT ( 'NONE',  ( 19.14276976823825294, 47.27188566584293028, -2.953553224610078409 ) ) ;
#9462 = EDGE_CURVE ( 'NONE', #6552, #1796, #3945, .T. ) ;
#9463 = EDGE_CURVE ( 'NONE', #7424, #1537, #8647, .T. ) ;
#9464 = DIRECTION ( 'NONE',  ( 0.000000000000000000, 0.000000000000000000, 1.000000000000000000 ) ) ;
#9465 = ORIENTED_EDGE ( 'NONE', *, *, #2486, .T. ) ;
#9466 = CARTESIAN_POINT ( 'NONE',  ( -88.58727469707440605, 76.84410589528943092, 4.400000000000000355 ) ) ;
#9467 = ORIENTED_EDGE ( 'NONE', *, *, #10391, .T. ) ;
#9468 = AXIS2_PLACEMENT_3D ( 'NONE', #10339, #1962, #5687 ) ;
#9469 = VERTEX_POINT ( 'NONE', #1444 ) ;
#9470 = DIRECTION ( 'NONE',  ( -0.000000000000000000, 0.000000000000000000, 1.000000000000000000 ) ) ;
#9471 = CARTESIAN_POINT ( 'NONE',  ( -119.3051416533695033, 59.66470120652153497, -2.360019375376344986 ) ) ;
#9472 = CARTESIAN_POINT ( 'NONE',  ( 19.19726294591591653, 17.55666237311303490, -2.613211992824872265 ) ) ;
#9473 = VERTEX_POINT ( 'NONE', #5105 ) ;
#9474 = DIRECTION ( 'NONE',  ( -0.9999999999999837907, 1.798198670589262281E-07, 0.000000000000000000 ) ) ;
#9475 = VECTOR ( 'NONE', #1091, 1000.000000000000000 ) ;
#9476 = VECTOR ( 'NONE', #4287, 1000.000000000000114 ) ;
#9477 = EDGE_CURVE ( 'NONE', #9473, #5018, #2354, .T. ) ;
#9478 = CARTESIAN_POINT ( 'NONE',  ( -21.45514934197850110, -2.470828860737937394, -6.113584520649762766 ) ) ;
#9479 = CARTESIAN_POINT ( 'NONE',  ( -33.51302554070682760, 81.97710129075746011, -5.506109694575008540 ) ) ;
#9480 = DIRECTION ( 'NONE',  ( -1.798198670589261486E-07, -0.9999999999999839018, -0.000000000000000000 ) ) ;
#9481 = LINE ( 'NONE', #11197, #10237 ) ;
#9482 = CARTESIAN_POINT ( 'NONE',  ( -70.65070329373307345, 81.84928476493156779, -5.990741301849693556 ) ) ;
#9483 = ORIENTED_EDGE ( 'NONE', *, *, #11033, .F. ) ;
#9484 = ORIENTED_EDGE ( 'NONE', *, *, #1000, .T. ) ;
#9485 = AXIS2_PLACEMENT_3D ( 'NONE', #422, #4135, #7855 ) ;
#9486 = CARTESIAN_POINT ( 'NONE',  ( -70.81228330292587714, 19.29411698796796415, -2.400000000000000355 ) ) ;
#9487 = LINE ( 'NONE', #6481, #11627 ) ;
#9488 = CARTESIAN_POINT ( 'NONE',  ( -119.3173775709870341, 57.06910750985031910, -4.400000000000001243 ) ) ;
#9489 = CARTESIAN_POINT ( 'NONE',  ( -41.71227819873822540, 0.000000000000000000, 4.400000000000000355 ) ) ;
#9490 = DIRECTION ( 'NONE',  ( 0.7059241926891944852, 0.7082873951836987647, -0.000000000000000000 ) ) ;
#9491 = LINE ( 'NONE', #88, #2356 ) ;
#9492 = CARTESIAN_POINT ( 'NONE',  ( -99.63347472111917114, 14.26457608730861892, -2.613211992813810003 ) ) ;
#9493 = EDGE_CURVE ( 'NONE', #8574, #10178, #9873, .T. ) ;
#9494 = CARTESIAN_POINT ( 'NONE',  ( -118.6122720196896410, 0.000000000000000000, 7.399999999999998579 ) ) ;
#9495 = AXIS2_PLACEMENT_3D ( 'NONE', #1371, #6966, #2336 ) ;
#9496 = ORIENTED_EDGE ( 'NONE', *, *, #10558, .F. ) ;
#9497 = CARTESIAN_POINT ( 'NONE',  ( 15.21401744352654362, 80.47387895706664551, 3.290410941466706429 ) ) ;
#9498 = CARTESIAN_POINT ( 'NONE',  ( -23.36227899999999025, 22.99411099999999308, 7.100000000000059153 ) ) ;
#9499 = VERTEX_POINT ( 'NONE', #9689 ) ;
#9500 = ORIENTED_EDGE ( 'NONE', *, *, #10187, .T. ) ;
#9501 = DIRECTION ( 'NONE',  ( 1.492741799624945840E-62, 0.000000000000000000, -1.000000000000000000 ) ) ;
#9502 = CARTESIAN_POINT ( 'NONE',  ( 10.15859082457480866, -5.795957894100131291, -1.900000000000000355 ) ) ;
#9503 = FACE_OUTER_BOUND ( 'NONE', #2448, .T. ) ;
#9504 = CONICAL_SURFACE ( 'NONE', #4433, 0.2999999999999669598, 0.7853981633974945753 ) ;
#9505 = CARTESIAN_POINT ( 'NONE',  ( -4.612278999999991136, 20.29411100000000445, 7.100000000000059153 ) ) ;
#9506 = DIRECTION ( 'NONE',  ( 0.000000000000000000, -0.000000000000000000, -1.000000000000000000 ) ) ;
#9507 = CARTESIAN_POINT ( 'NONE',  ( 1.383947673298182801, 84.95838741939012095, 4.443782485975363628 ) ) ;
#9508 = ADVANCED_FACE ( 'NONE', ( #5164 ), #9150, .F. ) ;
#9509 = LINE ( 'NONE', #11542, #9971 ) ;
#9510 = EDGE_CURVE ( 'NONE', #4775, #8134, #8890, .T. ) ;
#9511 = VERTEX_POINT ( 'NONE', #1505 ) ;
#9512 = ORIENTED_EDGE ( 'NONE', *, *, #8523, .T. ) ;
#9513 = VECTOR ( 'NONE', #7641, 1000.000000000000000 ) ;
#9514 = PLANE ( 'NONE',  #10516 ) ;
#9515 = ORIENTED_EDGE ( 'NONE', *, *, #11395, .F. ) ;
#9516 = CARTESIAN_POINT ( 'NONE',  ( -0.01831639601858987831, 85.24687480008267926, 2.799999999999980727 ) ) ;
#9517 = ADVANCED_FACE ( 'NONE', ( #470 ), #7786, .F. ) ;
#9518 = LINE ( 'NONE', #9456, #10449 ) ;
#9519 = DIRECTION ( 'NONE',  ( 0.000000000000000000, 1.000000000000000000, -0.000000000000000000 ) ) ;
#9520 = CARTESIAN_POINT ( 'NONE',  ( -42.11227899999997959, 24.29411099999999379, 7.100000000000059153 ) ) ;
#9521 = DIRECTION ( 'NONE',  ( 0.000000000000000000, 0.000000000000000000, -1.000000000000000000 ) ) ;
#9522 = VECTOR ( 'NONE', #7746, 1000.000000000000000 ) ;
#9523 = CARTESIAN_POINT ( 'NONE',  ( 19.17216772283187609, 47.27188566584292317, -5.506109695707693596 ) ) ;
#9524 = LINE ( 'NONE', #3719, #4522 ) ;
#9525 = VERTEX_POINT ( 'NONE', #3152 ) ;
#9526 = VECTOR ( 'NONE', #1523, 1000.000000000000000 ) ;
#9527 = FACE_OUTER_BOUND ( 'NONE', #3886, .T. ) ;
#9528 = VERTEX_POINT ( 'NONE', #5224 ) ;
#9529 = ORIENTED_EDGE ( 'NONE', *, *, #10946, .F. ) ;
#9530 = ORIENTED_EDGE ( 'NONE', *, *, #3060, .F. ) ;
#9531 = ADVANCED_FACE ( 'NONE', ( #6986 ), #6862, .F. ) ;
#9532 = LINE ( 'NONE', #3174, #6480 ) ;
#9533 = ADVANCED_FACE ( 'NONE', ( #7908 ), #8710, .T. ) ;
#9534 = CARTESIAN_POINT ( 'NONE',  ( -119.4050956706084747, 58.98401874329225336, -5.787188417060550094 ) ) ;
#9535 = CARTESIAN_POINT ( 'NONE',  ( 19.35960282299949142, 17.06706622704304266, -3.804406304071138667 ) ) ;
#9536 = AXIS2_PLACEMENT_3D ( 'NONE', #6940, #6091, #1338 ) ;
#9537 = VECTOR ( 'NONE', #9720, 1000.000000000000000 ) ;
#9538 = CARTESIAN_POINT ( 'NONE',  ( -21.44481746220304075, -2.432269757996282866, -2.360019375323725743 ) ) ;
#9539 = CARTESIAN_POINT ( 'NONE',  ( -33.51302554070683470, 81.97710188126475828, -3.293894455345293792 ) ) ;
#9540 = DIRECTION ( 'NONE',  ( 0.000000000000000000, 1.000000000000000000, 0.000000000000000000 ) ) ;
#9541 = CARTESIAN_POINT ( 'NONE',  ( 0.7919254536082596108, -14.76588198835745835, 6.733333514976044043 ) ) ;
#9542 = CARTESIAN_POINT ( 'NONE',  ( -22.66227900000000517, 79.15268391958781535, 5.399999999999998579 ) ) ;
#9543 = ORIENTED_EDGE ( 'NONE', *, *, #1011, .T. ) ;
#9544 = ORIENTED_EDGE ( 'NONE', *, *, #7667, .F. ) ;
#9545 = VECTOR ( 'NONE', #5525, 999.9999999999998863 ) ;
#9546 = DIRECTION ( 'NONE',  ( -1.000000000000000000, 0.000000000000000000, 0.000000000000000000 ) ) ;
#9547 = EDGE_CURVE ( 'NONE', #1537, #6406, #10610, .T. ) ;
#9548 = CARTESIAN_POINT ( 'NONE',  ( -69.34982682536841025, 81.83175441521113669, -6.527129238957629198 ) ) ;
#9549 = CARTESIAN_POINT ( 'NONE',  ( -121.3122720203380140, 71.13595499523700028, 5.399999999999998579 ) ) ;
#9550 = DIRECTION ( 'NONE',  ( 0.000000000000000000, 0.000000000000000000, 1.000000000000000000 ) ) ;
#9551 = DIRECTION ( 'NONE',  ( 1.000000000000000000, -0.000000000000000000, 0.000000000000000000 ) ) ;
#9552 = PRODUCT_DEFINITION_SHAPE ( 'NONE', 'NONE',  #923 ) ;
#9553 = CARTESIAN_POINT ( 'NONE',  ( -26.88201655090441378, 19.12402100968364849, 7.399999999999998579 ) ) ;
#9554 = DIRECTION ( 'NONE',  ( 1.000000000000000000, 0.000000000000000000, 0.000000000000000000 ) ) ;
#9555 = FACE_OUTER_BOUND ( 'NONE', #9083, .T. ) ;
#9556 = VECTOR ( 'NONE', #8068, 1000.000000000000114 ) ;
#9557 = ORIENTED_EDGE ( 'NONE', *, *, #7936, .F. ) ;
#9558 = CARTESIAN_POINT ( 'NONE',  ( -32.21227899999998812, 19.69411099999999948, 4.400000000000000355 ) ) ;
#9559 = CARTESIAN_POINT ( 'NONE',  ( -42.71227739747914143, 85.84410401969522297, -1.900000000000000355 ) ) ;
#9560 = CARTESIAN_POINT ( 'NONE',  ( -118.3122720196896722, 57.06910750985032621, 0.5999999999999998668 ) ) ;
#9561 = VERTEX_POINT ( 'NONE', #2233 ) ;
#9562 = VERTEX_POINT ( 'NONE', #7966 ) ;
#9563 = ADVANCED_FACE ( 'NONE', ( #8022 ), #11788, .T. ) ;
#9564 = CARTESIAN_POINT ( 'NONE',  ( 19.16772100000002865, 26.58547018669192852, 2.299999999999991829 ) ) ;
#9565 = DIRECTION ( 'NONE',  ( -2.679728807195012331E-07, -0.9999999999999641398, 0.000000000000000000 ) ) ;
#9566 = CARTESIAN_POINT ( 'NONE',  ( -7.662260430057335370, 81.84410925728559505, -2.400000000000000355 ) ) ;
#9567 = CARTESIAN_POINT ( 'NONE',  ( -121.3122790047357853, 5.172694317801044824E-13, 5.399999999999998579 ) ) ;
#9568 = DIRECTION ( 'NONE',  ( 0.9999999999999836797, -1.798198627038045005E-07, 0.000000000000000000 ) ) ;
#9569 = DIRECTION ( 'NONE',  ( 1.000000000000000000, 0.000000000000000000, 0.000000000000000000 ) ) ;
#9570 = CARTESIAN_POINT ( 'NONE',  ( 1.278215689720208159, 84.98047991920131494, 4.423095885758542067 ) ) ;
#9571 = DIRECTION ( 'NONE',  ( 0.7071067811865426878, 8.659560562354873694E-17, -0.7071067811865524577 ) ) ;
#9572 = ORIENTED_EDGE ( 'NONE', *, *, #11239, .F. ) ;
#9573 = ORIENTED_EDGE ( 'NONE', *, *, #3862, .T. ) ;
#9574 = EDGE_CURVE ( 'NONE', #10342, #10749, #7048, .T. ) ;
#9575 = EDGE_CURVE ( 'NONE', #3473, #5372, #8990, .T. ) ;
#9576 = CARTESIAN_POINT ( 'NONE',  ( 20.16772100000000378, 24.98547018669194131, 5.399999999999998579 ) ) ;
#9577 = DIRECTION ( 'NONE',  ( -1.000000000000000000, -3.750753461571469916E-15, 0.000000000000000000 ) ) ;
#9578 = CARTESIAN_POINT ( 'NONE',  ( -95.21227469707440605, 76.84410589528943092, -2.400000000000000355 ) ) ;
#9579 = CARTESIAN_POINT ( 'NONE',  ( 16.78148455482656587, 81.13854131990272833, -1.900000000000000355 ) ) ;
#9580 = CARTESIAN_POINT ( 'NONE',  ( 19.21555116110073413, 47.27188566584293028, -4.314918151749314923 ) ) ;
#9581 = AXIS2_PLACEMENT_3D ( 'NONE', #2177, #11354, #5898 ) ;
#9582 = DIRECTION ( 'NONE',  ( 1.000000000000000000, 2.646977960169688560E-23, 0.000000000000000000 ) ) ;
#9583 = VERTEX_POINT ( 'NONE', #353 ) ;
#9584 = DIRECTION ( 'NONE',  ( -0.000000000000000000, 0.000000000000000000, 1.000000000000000000 ) ) ;
#9585 = EDGE_CURVE ( 'NONE', #4540, #11417, #413, .T. ) ;
#9586 = DIRECTION ( 'NONE',  ( -0.000000000000000000, -0.000000000000000000, -1.000000000000000000 ) ) ;
#9587 = ORIENTED_EDGE ( 'NONE', *, *, #8355, .F. ) ;
#9588 = CARTESIAN_POINT ( 'NONE',  ( -119.2999154380061668, 31.19623674881176356, -4.481602675011056469 ) ) ;
#9589 = VECTOR ( 'NONE', #9796, 1000.000000000000000 ) ;
#9590 = CARTESIAN_POINT ( 'NONE',  ( -119.3542776740914633, 60.17521305394346598, -5.787188417060549206 ) ) ;
#9591 = CARTESIAN_POINT ( 'NONE',  ( -23.60170619910201140, -1.934544780661546115, -3.012814236987701566 ) ) ;
#9592 = ADVANCED_FACE ( 'NONE', ( #4982 ), #4062, .F. ) ;
#9593 = CARTESIAN_POINT ( 'NONE',  ( -34.00262168677546981, 81.82491196154981594, -6.527129238958155000 ) ) ;
#9594 = CARTESIAN_POINT ( 'NONE',  ( -61.46005585450884467, 0.000000000000000000, 7.399999999999998579 ) ) ;
#9595 = VECTOR ( 'NONE', #6877, 1000.000000000000000 ) ;
#9596 = CARTESIAN_POINT ( 'NONE',  ( 0.6264728054686607983, -15.05525824661052603, 6.400000000000025224 ) ) ;
#9597 = DIRECTION ( 'NONE',  ( 1.000000000000000000, 0.000000000000000000, 0.000000000000000000 ) ) ;
#9598 = ORIENTED_EDGE ( 'NONE', *, *, #5393, .F. ) ;
#9599 = EDGE_LOOP ( 'NONE', ( #6690, #8609, #5612, #7983 ) ) ;
#9600 = CARTESIAN_POINT ( 'NONE',  ( -31.47813173473463522, 0.9441179802997372583, 7.399999999999998579 ) ) ;
#9601 = CARTESIAN_POINT ( 'NONE',  ( -69.51302554072671569, 82.03599282286364769, -3.804406303035026582 ) ) ;
#9602 = DIRECTION ( 'NONE',  ( -0.9997000655922851919, 0.02449038290391794895, 0.000000000000000000 ) ) ;
#9603 = CARTESIAN_POINT ( 'NONE',  ( 11.01773275234658023, 77.84410499915232151, -1.799999999999999378 ) ) ;
#9604 = AXIS2_PLACEMENT_3D ( 'NONE', #275, #10414, #7773 ) ;
#9605 = CARTESIAN_POINT ( 'NONE',  ( 2.632810802181388283E-15, 39.98547018669192710, -1.900000000000000355 ) ) ;
#9606 = DIRECTION ( 'NONE',  ( -0.9999999999999837907, 1.798198670589261751E-07, -3.043374519257555043E-16 ) ) ;
#9607 = CARTESIAN_POINT ( 'NONE',  ( -95.61227469707439752, 76.84410589528943092, -2.400000000000000355 ) ) ;
#9608 = CARTESIAN_POINT ( 'NONE',  ( 0.6410695738816653000, 85.11245033788767955, 4.129254892364042639 ) ) ;
#9609 = ORIENTED_EDGE ( 'NONE', *, *, #257, .F. ) ;
#9610 = ADVANCED_FACE ( 'NONE', ( #3211 ), #6821, .F. ) ;
#9611 = CARTESIAN_POINT ( 'NONE',  ( 15.18845157367909593, 80.49400457167745060, 3.307191932239030852 ) ) ;
#9612 = LINE ( 'NONE', #1248, #10725 ) ;
#9613 = ORIENTED_EDGE ( 'NONE', *, *, #3982, .T. ) ;
#9614 = EDGE_CURVE ( 'NONE', #3064, #11017, #2236, .T. ) ;
#9615 = FACE_OUTER_BOUND ( 'NONE', #3173, .T. ) ;
#9616 = EDGE_LOOP ( 'NONE', ( #7675, #9937, #9778, #1760 ) ) ;
#9617 = AXIS2_PLACEMENT_3D ( 'NONE', #252, #11375, #4027 ) ;
#9618 = VERTEX_POINT ( 'NONE', #4610 ) ;
#9619 = CARTESIAN_POINT ( 'NONE',  ( -17.66226043005733715, 81.84410925728559505, -1.900000000000000355 ) ) ;
#9620 = CARTESIAN_POINT ( 'NONE',  ( -60.16005585450886883, 85.84410401969522297, 7.100000000000059153 ) ) ;
#9621 = CARTESIAN_POINT ( 'NONE',  ( -60.46227900000000233, 28.29411099999999735, 7.100000000000059153 ) ) ;
#9622 = CARTESIAN_POINT ( 'NONE',  ( -61.46005585450888020, 80.84411100000001227, 7.100000000000059153 ) ) ;
#9623 = CARTESIAN_POINT ( 'NONE',  ( 19.16772100000002865, 39.38547018669192568, 1.699999999999993516 ) ) ;
#9624 = PLANE ( 'NONE',  #299 ) ;
#9625 = CARTESIAN_POINT ( 'NONE',  ( 1.390161070976110524, 84.06539527819363400, 3.395279484898744204 ) ) ;
#9626 = VECTOR ( 'NONE', #8399, 1000.000000000000000 ) ;
#9627 = DIRECTION ( 'NONE',  ( 1.000000000000000000, -6.584418764838352724E-17, -0.000000000000000000 ) ) ;
#9628 = ORIENTED_EDGE ( 'NONE', *, *, #344, .T. ) ;
#9629 = EDGE_CURVE ( 'NONE', #8086, #7805, #10113, .T. ) ;
#9630 = ORIENTED_EDGE ( 'NONE', *, *, #8690, .F. ) ;
#9631 = ORIENTED_EDGE ( 'NONE', *, *, #1459, .T. ) ;
#9632 = VECTOR ( 'NONE', #12019, 1000.000000000000000 ) ;
#9633 = CARTESIAN_POINT ( 'NONE',  ( -61.76227900000000659, 23.29411100000000090, 4.400000000000000355 ) ) ;
#9634 = CARTESIAN_POINT ( 'NONE',  ( -53.46030958397999910, 20.49838296832900397, 5.399999999999998579 ) ) ;
#9635 = CARTESIAN_POINT ( 'NONE',  ( -42.11227899999989432, -1.579527762339131149E-13, 7.100000000000059153 ) ) ;
#9636 = DIRECTION ( 'NONE',  ( -4.081702296416033352E-15, -1.000000000000000000, 0.000000000000000000 ) ) ;
#9637 = CARTESIAN_POINT ( 'NONE',  ( 19.12355185916610623, 47.92467787340755336, -6.527129240129442955 ) ) ;
#9638 = CIRCLE ( 'NONE', #10627, 1.300000000000029354 ) ;
#9639 = DIRECTION ( 'NONE',  ( 0.8660254062730191604, -0.4999999956896519770, 0.000000000000000000 ) ) ;
#9640 = EDGE_CURVE ( 'NONE', #8422, #11355, #3451, .T. ) ;
#9641 = VERTEX_POINT ( 'NONE', #3514 ) ;
#9642 = B_SPLINE_CURVE_WITH_KNOTS ( 'NONE', 3,
 ( #4247, #11964, #3574, #5396 ),
 .UNSPECIFIED., .F., .F.,
 ( 4, 4 ),
 ( 0.000000000000000000, 1.000000000000000000 ),
 .UNSPECIFIED. ) ;
#9643 = ORIENTED_EDGE ( 'NONE', *, *, #2138, .F. ) ;
#9644 = DIRECTION ( 'NONE',  ( 1.000000000000000000, 0.000000000000000000, 0.000000000000000000 ) ) ;
#9645 = CYLINDRICAL_SURFACE ( 'NONE', #1143, 0.2977672882811116528 ) ;
#9646 = VECTOR ( 'NONE', #9696, 1000.000000000000000 ) ;
#9647 = CARTESIAN_POINT ( 'NONE',  ( -42.60274304593206551, -125.2924481354811519, 7.399999999999998579 ) ) ;
#9648 = CARTESIAN_POINT ( 'NONE',  ( -119.3051415204873535, 58.47350827951455443, -2.360019375376344986 ) ) ;
#9649 = CARTESIAN_POINT ( 'NONE',  ( 19.12355185771969701, 18.04625851918303781, -6.527129240127193199 ) ) ;
#9650 = CARTESIAN_POINT ( 'NONE',  ( -23.60170614461184613, -1.934544578562549688, -5.787188417143703134 ) ) ;
#9651 = ADVANCED_FACE ( 'NONE', ( #7348 ), #1620, .F. ) ;
#9652 = EDGE_CURVE ( 'NONE', #7531, #11313, #5518, .T. ) ;
#9653 = VECTOR ( 'NONE', #7102, 1000.000000000000000 ) ;
#9654 = DIRECTION ( 'NONE',  ( 0.000000000000000000, 0.000000000000000000, 1.000000000000000000 ) ) ;
#9655 = AXIS2_PLACEMENT_3D ( 'NONE', #4158, #384, #6105 ) ;
#9656 = FACE_OUTER_BOUND ( 'NONE', #1567, .T. ) ;
#9657 = B_SPLINE_CURVE_WITH_KNOTS ( 'NONE', 3,
 ( #1629, #10000, #6381, #1749, #5409, #5468, #838, #7604, #5711, #9321, #6623, #1926, #11223, #4858, #3704, #1077, #958, #1137, #8521, #5653, #2843, #3881, #11162, #9381, #4683, #6561, #5775, #2778, #1988, #8585 ),
 .UNSPECIFIED., .F., .F.,
 ( 4, 2, 2, 2, 2, 2, 2, 2, 2, 2, 2, 2, 2, 2, 4 ),
 ( 2.602085213965210642E-18, 0.0003908071656751657664, 0.0007816143313503289307, 0.001172421497025492041, 0.001563228662700655259, 0.002344842994050981479, 0.003126457325401307916, 0.003517264491076471135, 0.003908071656751633920, 0.004298878822426797572, 0.004689685988101960357, 0.005080493153777124009, 0.005471300319452286794, 0.005862107485127450446, 0.006252914650802613231 ),
 .UNSPECIFIED. ) ;
#9658 = FACE_OUTER_BOUND ( 'NONE', #8775, .T. ) ;
#9659 = CARTESIAN_POINT ( 'NONE',  ( -71.43133692412315838, 81.84926521509596853, -4.661603290416108436 ) ) ;
#9660 = ORIENTED_EDGE ( 'NONE', *, *, #2937, .T. ) ;
#9661 = ORIENTED_EDGE ( 'NONE', *, *, #2782, .T. ) ;
#9662 = EDGE_LOOP ( 'NONE', ( #945, #2163, #6479, #6993, #1421, #10811, #9369, #2432, #1828, #3748, #8651, #8407, #7442, #1654, #7719, #11127, #7366 ) ) ;
#9663 = CARTESIAN_POINT ( 'NONE',  ( -119.1965455144380996, 26.94197826950643559, -6.439980624623484751 ) ) ;
#9664 = CARTESIAN_POINT ( 'NONE',  ( -68.86023200622652496, 82.02094073957069043, -4.995599230578825711 ) ) ;
#9665 = FACE_OUTER_BOUND ( 'NONE', #2502, .T. ) ;
#9666 = LINE ( 'NONE', #6903, #7865 ) ;
#9667 = CIRCLE ( 'NONE', #1283, 0.4000000000000114575 ) ;
#9668 = EDGE_CURVE ( 'NONE', #4036, #5465, #1793, .T. ) ;
#9669 = VECTOR ( 'NONE', #1147, 1000.000000000000227 ) ;
#9670 = DIRECTION ( 'NONE',  ( -1.798198670589261751E-07, -0.9999999999999839018, 0.000000000000000000 ) ) ;
#9671 = FACE_OUTER_BOUND ( 'NONE', #5642, .T. ) ;
#9672 = CARTESIAN_POINT ( 'NONE',  ( -24.45427002420597873, -1.662613326955466819, -4.400000000000000355 ) ) ;
#9673 = DIRECTION ( 'NONE',  ( -0.9999999999999206191, 3.984065844030486389E-07, 0.000000000000000000 ) ) ;
#9674 = ORIENTED_EDGE ( 'NONE', *, *, #791, .F. ) ;
#9675 = CARTESIAN_POINT ( 'NONE',  ( -53.46685758666355781, 23.29411100000000800, 4.400000000000000355 ) ) ;
#9676 = DIRECTION ( 'NONE',  ( 0.000000000000000000, -0.7071067811865822117, 0.7071067811865128228 ) ) ;
#9677 = ORIENTED_EDGE ( 'NONE', *, *, #9447, .F. ) ;
#9678 = ORIENTED_EDGE ( 'NONE', *, *, #7680, .F. ) ;
#9679 = CARTESIAN_POINT ( 'NONE',  ( -52.26227900109224578, -0.3558820217042309442, 5.399999999999998579 ) ) ;
#9680 = ORIENTED_EDGE ( 'NONE', *, *, #7554, .T. ) ;
#9681 = ORIENTED_EDGE ( 'NONE', *, *, #6955, .T. ) ;
#9682 = DIRECTION ( 'NONE',  ( 0.000000000000000000, 0.000000000000000000, 1.000000000000000000 ) ) ;
#9683 = CARTESIAN_POINT ( 'NONE',  ( 15.31534862898456772, 80.39383495446628558, 3.200033901863022834 ) ) ;
#9684 = DIRECTION ( 'NONE',  ( 0.000000000000000000, 1.000000000000000000, 0.000000000000000000 ) ) ;
#9685 = EDGE_CURVE ( 'NONE', #4702, #9525, #7166, .T. ) ;
#9686 = CARTESIAN_POINT ( 'NONE',  ( -23.36227899999999025, 23.29411099999999735, 7.100000000000059153 ) ) ;
#9687 = DIRECTION ( 'NONE',  ( 1.000000000000000000, 0.000000000000000000, 0.000000000000000000 ) ) ;
#9688 = EDGE_CURVE ( 'NONE', #1264, #7231, #4102, .T. ) ;
#9689 = CARTESIAN_POINT ( 'NONE',  ( 15.46773318905264993, 80.27267983485984360, -1.900000000000000355 ) ) ;
#9690 = VECTOR ( 'NONE', #6321, 1000.000000000000000 ) ;
#9691 = CARTESIAN_POINT ( 'NONE',  ( 19.17286085790232519, 15.98212715209434975, -6.135016129666221119 ) ) ;
#9692 = VERTEX_POINT ( 'NONE', #9933 ) ;
#9693 = ORIENTED_EDGE ( 'NONE', *, *, #9202, .T. ) ;
#9694 = VERTEX_POINT ( 'NONE', #11908 ) ;
#9695 = CIRCLE ( 'NONE', #3056, 2.000000000000001776 ) ;
#9696 = DIRECTION ( 'NONE',  ( -1.000000000000000000, 0.000000000000000000, 0.000000000000000000 ) ) ;
#9697 = DIRECTION ( 'NONE',  ( -0.000000000000000000, 0.000000000000000000, 1.000000000000000000 ) ) ;
#9698 = DIRECTION ( 'NONE',  ( 0.000000000000000000, 0.000000000000000000, -1.000000000000000000 ) ) ;
#9699 = EDGE_CURVE ( 'NONE', #8806, #10846, #5276, .T. ) ;
#9700 = CARTESIAN_POINT ( 'NONE',  ( -79.51228598030135686, 22.99411099999999664, 4.400000000000000355 ) ) ;
#9701 = CARTESIAN_POINT ( 'NONE',  ( -20.33174767357483148, -1.731963658942457629, -4.400000000000000355 ) ) ;
#9702 = CARTESIAN_POINT ( 'NONE',  ( -97.67509411766214100, 14.32193639644277816, -6.186789391842989261 ) ) ;
#9703 = CARTESIAN_POINT ( 'NONE',  ( 19.17541101809132087, 47.59828176962523827, -5.846449543848276420 ) ) ;
#9704 = CARTESIAN_POINT ( 'NONE',  ( 19.14276943027791944, 15.27188566585233787, -5.846449543846347296 ) ) ;
#9705 = CIRCLE ( 'NONE', #3461, 0.2977672882890219919 ) ;
#9706 = CARTESIAN_POINT ( 'NONE',  ( -22.77554966409294579, -2.117758132260593840, -2.412787784173212380 ) ) ;
#9707 = ORIENTED_EDGE ( 'NONE', *, *, #9046, .F. ) ;
#9708 = ORIENTED_EDGE ( 'NONE', *, *, #5734, .T. ) ;
#9709 = VERTEX_POINT ( 'NONE', #9189 ) ;
#9710 = DIRECTION ( 'NONE',  ( 0.000000000000000000, 0.000000000000000000, -1.000000000000000000 ) ) ;
#9711 = ORIENTED_EDGE ( 'NONE', *, *, #5020, .F. ) ;
#9712 = LINE ( 'NONE', #2435, #10257 ) ;
#9713 = AXIS2_PLACEMENT_3D ( 'NONE', #8803, #3182, #2267 ) ;
#9714 =( LENGTH_UNIT ( ) NAMED_UNIT ( * ) SI_UNIT ( .MILLI., .METRE. ) );
#9715 = ADVANCED_FACE ( 'NONE', ( #4549 ), #151, .T. ) ;
#9716 = CARTESIAN_POINT ( 'NONE',  ( -119.3506888589361807, 59.66470120652153497, -2.686416806089064302 ) ) ;
#9717 = CARTESIAN_POINT ( 'NONE',  ( -3.612278999999990692, 21.29411100000000090, 4.400000000000000355 ) ) ;
#9718 = CARTESIAN_POINT ( 'NONE',  ( -22.65897987453357487, -2.361174869904116402, -4.481602675025771809 ) ) ;
#9719 = CARTESIAN_POINT ( 'NONE',  ( -35.14501269426892804, 81.75442062783420738, -2.272870760029102044 ) ) ;
#9720 = DIRECTION ( 'NONE',  ( -2.972808245359312093E-08, -0.9999999999999995559, -0.000000000000000000 ) ) ;
#9721 = CARTESIAN_POINT ( 'NONE',  ( -67.43142950036545358, 80.84411100000002648, -4.400000000000000355 ) ) ;
#9722 = CARTESIAN_POINT ( 'NONE',  ( -117.3122790000496707, 72.84410401970065152, 7.100000000000059153 ) ) ;
#9723 = VERTEX_POINT ( 'NONE', #3806 ) ;
#9724 = VERTEX_POINT ( 'NONE', #10349 ) ;
#9725 = CARTESIAN_POINT ( 'NONE',  ( -8.062260430057325067, 81.84410925728559505, -2.400000000000000355 ) ) ;
#9726 = ADVANCED_FACE ( 'NONE', ( #1853 ), #4726, .T. ) ;
#9727 = CARTESIAN_POINT ( 'NONE',  ( -68.04424108330115928, 81.81629276335800682, -6.186789390833933311 ) ) ;
#9728 = CONICAL_SURFACE ( 'NONE', #4090, 0.2999999999999669598, 0.7853981633974945753 ) ;
#9729 = CARTESIAN_POINT ( 'NONE',  ( 16.05859082457480724, 2.864296143744261336, -2.400000000000000355 ) ) ;
#9730 = ADVANCED_FACE ( 'NONE', ( #942 ), #6632, .F. ) ;
#9731 = CARTESIAN_POINT ( 'NONE',  ( 18.16772100000000378, 25.98547018669193065, -1.900000000000000355 ) ) ;
#9732 = VECTOR ( 'NONE', #5747, 1000.000000000000000 ) ;
#9733 = DIRECTION ( 'NONE',  ( 0.000000000000000000, 0.000000000000000000, -1.000000000000000000 ) ) ;
#9734 = DIRECTION ( 'NONE',  ( 0.000000000000000000, 0.000000000000000000, -1.000000000000000000 ) ) ;
#9735 = LINE ( 'NONE', #9672, #3506 ) ;
#9736 = PLANE ( 'NONE',  #9198 ) ;
#9737 = ORIENTED_EDGE ( 'NONE', *, *, #8300, .T. ) ;
#9738 = CARTESIAN_POINT ( 'NONE',  ( -33.43142950036545358, 80.84411100000002648, -6.400000000000002132 ) ) ;
#9739 = LINE ( 'NONE', #1266, #771 ) ;
#9740 = ORIENTED_EDGE ( 'NONE', *, *, #2026, .T. ) ;
#9741 = VECTOR ( 'NONE', #10746, 999.9999999999998863 ) ;
#9742 = ORIENTED_EDGE ( 'NONE', *, *, #4704, .T. ) ;
#9743 = VECTOR ( 'NONE', #6992, 1000.000000000000000 ) ;
#9744 = ORIENTED_EDGE ( 'NONE', *, *, #10988, .T. ) ;
#9745 = CARTESIAN_POINT ( 'NONE',  ( -69.43142950036545358, 80.84411100000002648, -4.400000000000000355 ) ) ;
#9746 = ORIENTED_EDGE ( 'NONE', *, *, #10789, .T. ) ;
#9747 = ORIENTED_EDGE ( 'NONE', *, *, #891, .F. ) ;
#9748 = DIRECTION ( 'NONE',  ( 1.000000000000000000, -6.584418764838352724E-17, -0.000000000000000000 ) ) ;
#9749 = CARTESIAN_POINT ( 'NONE',  ( 15.35272367820861561, 80.36420662583115870, 3.153804912661126725 ) ) ;
#9750 = FACE_OUTER_BOUND ( 'NONE', #9359, .T. ) ;
#9751 = CARTESIAN_POINT ( 'NONE',  ( -60.46227900000000233, 27.99411099999999664, 7.100000000000059153 ) ) ;
#9752 = CARTESIAN_POINT ( 'NONE',  ( -6.995627292624884679E-07, -1.755901525349087278, 5.399999999999998579 ) ) ;
#9753 = AXIS2_PLACEMENT_3D ( 'NONE', #677, #3600, #5307 ) ;
#9754 = LINE ( 'NONE', #1392, #9785 ) ;
#9755 = ORIENTED_EDGE ( 'NONE', *, *, #6277, .T. ) ;
#9756 = ORIENTED_EDGE ( 'NONE', *, *, #10347, .T. ) ;
#9757 = DIRECTION ( 'NONE',  ( 0.000000000000000000, -1.000000000000000000, 0.000000000000000000 ) ) ;
#9758 = ORIENTED_EDGE ( 'NONE', *, *, #5543, .F. ) ;
#9759 = EDGE_CURVE ( 'NONE', #8680, #758, #5759, .T. ) ;
#9760 = EDGE_CURVE ( 'NONE', #3700, #5493, #9427, .T. ) ;
#9761 = DIRECTION ( 'NONE',  ( 0.000000000000000000, 0.000000000000000000, 1.000000000000000000 ) ) ;
#9762 = DIRECTION ( 'NONE',  ( 0.000000000000000000, 0.000000000000000000, -1.000000000000000000 ) ) ;
#9763 = LINE ( 'NONE', #5970, #11031 ) ;
#9764 = CARTESIAN_POINT ( 'NONE',  ( -84.81227469707441458, 76.84410589528943092, -2.400000000000000355 ) ) ;
#9765 = CARTESIAN_POINT ( 'NONE',  ( -97.02230191010953320, 14.38072757601387863, -6.186789391842989261 ) ) ;
#9766 = CARTESIAN_POINT ( 'NONE',  ( 19.36042915541918319, 49.55666237311857003, -4.485088767641717489 ) ) ;
#9767 = VERTEX_POINT ( 'NONE', #1123 ) ;
#9768 = EDGE_LOOP ( 'NONE', ( #11791, #5887, #968, #3908, #7203 ) ) ;
#9769 = EDGE_CURVE ( 'NONE', #11139, #1040, #3745, .T. ) ;
#9770 = AXIS2_PLACEMENT_3D ( 'NONE', #8772, #4123, #1261 ) ;
#9771 = EDGE_CURVE ( 'NONE', #6109, #8074, #9491, .T. ) ;
#9772 = CARTESIAN_POINT ( 'NONE',  ( -42.11227899999997959, 24.29411099999999379, 4.400000000000000355 ) ) ;
#9773 = CARTESIAN_POINT ( 'NONE',  ( -41.71228894959902789, 81.13965514279601621, 5.399999999999998579 ) ) ;
#9774 = DIRECTION ( 'NONE',  ( 0.8660254062730191604, -0.4999999956896518660, 0.000000000000000000 ) ) ;
#9775 = CARTESIAN_POINT ( 'NONE',  ( -119.2562879489639585, 60.85589551717273338, -6.113584520840151804 ) ) ;
#9776 = DIRECTION ( 'NONE',  ( 5.801679822862757361E-15, -0.7071067811865148212, 0.7071067811865802133 ) ) ;
#9777 = VECTOR ( 'NONE', #1142, 1000.000000000000000 ) ;
#9778 = ORIENTED_EDGE ( 'NONE', *, *, #2293, .F. ) ;
#9779 = CARTESIAN_POINT ( 'NONE',  ( -23.62525485390798252, -2.022429559208941630, -4.318403959793135627 ) ) ;
#9780 = CARTESIAN_POINT ( 'NONE',  ( -35.47141012498134671, 81.72838444198177399, -6.527129238958155000 ) ) ;
#9781 = EDGE_CURVE ( 'NONE', #816, #11485, #10227, .T. ) ;
#9782 = CARTESIAN_POINT ( 'NONE',  ( 16.78148455482655876, 81.13854131990267149, 5.399999999999998579 ) ) ;
#9783 = CARTESIAN_POINT ( 'NONE',  ( -60.16005585450887594, 84.84411115030172823, 7.100000000000059153 ) ) ;
#9784 = ORIENTED_EDGE ( 'NONE', *, *, #3341, .F. ) ;
#9785 = VECTOR ( 'NONE', #1507, 1000.000000000000000 ) ;
#9786 = ORIENTED_EDGE ( 'NONE', *, *, #10874, .T. ) ;
#9787 = ORIENTED_EDGE ( 'NONE', *, *, #9493, .T. ) ;
#9788 = CARTESIAN_POINT ( 'NONE',  ( -119.4364644470110051, 28.47350827803907336, -3.339211667515420423 ) ) ;
#9789 = CARTESIAN_POINT ( 'NONE',  ( -70.49221783287669041, 81.84295566619556439, -2.613211991846879023 ) ) ;
#9790 = CARTESIAN_POINT ( 'NONE',  ( 1.892453000393756968, 77.25013512635990764, 5.399999999999998579 ) ) ;
#9791 = CARTESIAN_POINT ( 'NONE',  ( -60.76227899999999948, 24.29411100000000445, 4.400000000000000355 ) ) ;
#9792 = LINE ( 'NONE', #9605, #1312 ) ;
#9793 = CYLINDRICAL_SURFACE ( 'NONE', #7420, 1.000000000000000888 ) ;
#9794 = CARTESIAN_POINT ( 'NONE',  ( -118.3122790891198974, 16.29411810919371817, 5.399999999999998579 ) ) ;
#9795 = VECTOR ( 'NONE', #913, 1000.000000000000000 ) ;
#9796 = DIRECTION ( 'NONE',  ( 0.000000000000000000, 0.000000000000000000, 1.000000000000000000 ) ) ;
#9797 = ORIENTED_EDGE ( 'NONE', *, *, #2963, .F. ) ;
#9798 = LINE ( 'NONE', #580, #3361 ) ;
#9799 = VERTEX_POINT ( 'NONE', #3869 ) ;
#9800 = EDGE_CURVE ( 'NONE', #8574, #9724, #272, .T. ) ;
#9801 = PLANE ( 'NONE',  #6602 ) ;
#9802 = EDGE_LOOP ( 'NONE', ( #6765, #6354, #4763, #8701, #7972 ) ) ;
#9803 = ORIENTED_EDGE ( 'NONE', *, *, #5483, .F. ) ;
#9804 = VECTOR ( 'NONE', #8737, 1000.000000000000000 ) ;
#9805 = CARTESIAN_POINT ( 'NONE',  ( -23.06227899999999309, 21.29411100000000090, 4.400000000000000355 ) ) ;
#9806 = CARTESIAN_POINT ( 'NONE',  ( 15.27416642513693290, 80.42641579024413545, 3.241807058721320800 ) ) ;
#9807 = FACE_OUTER_BOUND ( 'NONE', #11641, .T. ) ;
#9808 = DIRECTION ( 'NONE',  ( 1.000000000000000000, 0.000000000000000000, 0.000000000000000000 ) ) ;
#9809 = DIRECTION ( 'NONE',  ( 1.000000000000000000, 0.000000000000000000, 0.000000000000000000 ) ) ;
#9810 = CARTESIAN_POINT ( 'NONE',  ( 19.17287227546737682, 14.99842786915766801, -4.662232016104582932 ) ) ;
#9811 = ORIENTED_EDGE ( 'NONE', *, *, #1863, .F. ) ;
#9812 = B_SPLINE_CURVE_WITH_KNOTS ( 'NONE', 3,
 ( #6549, #6730, #5701, #8508, #5761, #9608, #1914, #4790, #4728, #5640, #1975, #7592 ),
 .UNSPECIFIED., .F., .F.,
 ( 4, 2, 2, 2, 2, 4 ),
 ( 0.000000000000000000, 0.2499999999999957256, 0.3749999999999952260, 0.4999999999999947820, 0.7499999999999973355, 1.000000000000000000 ),
 .UNSPECIFIED. ) ;
#9813 = STYLED_ITEM ( 'NONE', ( #5248 ), #346 ) ;
#9814 = ORIENTED_EDGE ( 'NONE', *, *, #8474, .F. ) ;
#9815 = EDGE_CURVE ( 'NONE', #6552, #10188, #11333, .T. ) ;
#9816 = EDGE_CURVE ( 'NONE', #7565, #8789, #10549, .T. ) ;
#9817 = ORIENTED_EDGE ( 'NONE', *, *, #11672, .T. ) ;
#9818 = CARTESIAN_POINT ( 'NONE',  ( 19.17282655129768543, 16.98547018669193065, -6.399999999999995914 ) ) ;
#9819 = CIRCLE ( 'NONE', #11389, 0.8999999999999980238 ) ;
#9820 = CARTESIAN_POINT ( 'NONE',  ( -116.6041236809246584, 12.29411797798555916, 6.400000000000025224 ) ) ;
#9821 = LINE ( 'NONE', #1456, #2430 ) ;
#9822 = FACE_OUTER_BOUND ( 'NONE', #4586, .T. ) ;
#9823 = ADVANCED_FACE ( 'NONE', ( #7527 ), #8201, .T. ) ;
#9824 = CARTESIAN_POINT ( 'NONE',  ( 19.20972686378948424, 50.37265594990724082, -3.293894456394887094 ) ) ;
#9825 = ORIENTED_EDGE ( 'NONE', *, *, #10132, .F. ) ;
#9826 = ORIENTED_EDGE ( 'NONE', *, *, #8160, .T. ) ;
#9827 = VECTOR ( 'NONE', #1488, 1000.000000000000114 ) ;
#9828 = DIRECTION ( 'NONE',  ( 1.000000000000000000, 0.000000000000000000, 0.000000000000000000 ) ) ;
#9829 = EDGE_LOOP ( 'NONE', ( #4337, #8862, #9413, #11405 ) ) ;
#9830 = FACE_OUTER_BOUND ( 'NONE', #7452, .T. ) ;
#9831 = CARTESIAN_POINT ( 'NONE',  ( -119.2521433144905814, 60.51555428555816718, -2.360019375376344541 ) ) ;
#9832 = LINE ( 'NONE', #4091, #7584 ) ;
#9833 = ADVANCED_FACE ( 'NONE', ( #5576 ), #9306, .T. ) ;
#9834 = AXIS2_PLACEMENT_3D ( 'NONE', #4767, #6527, #1716 ) ;
#9835 = EDGE_CURVE ( 'NONE', #9084, #1298, #210, .T. ) ;
#9836 = ORIENTED_EDGE ( 'NONE', *, *, #6319, .F. ) ;
#9837 = CARTESIAN_POINT ( 'NONE',  ( -23.94185056642491816, -1.889003300865859325, -4.481602675182018380 ) ) ;
#9838 = DIRECTION ( 'NONE',  ( 1.000000000000000000, 0.000000000000000000, 0.000000000000000000 ) ) ;
#9839 = CARTESIAN_POINT ( 'NONE',  ( -90.21227469707440605, 76.84410589528943092, -1.900000000000000577 ) ) ;
#9840 = DIRECTION ( 'NONE',  ( 1.000000000000000000, 0.000000000000000000, 0.000000000000000000 ) ) ;
#9841 = AXIS2_PLACEMENT_3D ( 'NONE', #12093, #9501, #11344 ) ;
#9842 = ORIENTED_EDGE ( 'NONE', *, *, #2418, .T. ) ;
#9843 = AXIS2_PLACEMENT_3D ( 'NONE', #2547, #6260, #4981 ) ;
#9844 = EDGE_LOOP ( 'NONE', ( #5402, #1296, #8958, #5217, #3308 ) ) ;
#9845 = LINE ( 'NONE', #1133, #3814 ) ;
#9846 = ORIENTED_EDGE ( 'NONE', *, *, #110, .T. ) ;
#9847 = CARTESIAN_POINT ( 'NONE',  ( -119.2873204499530999, 27.62265796582223132, -6.113584520843606818 ) ) ;
#9848 = CARTESIAN_POINT ( 'NONE',  ( -71.14501269431004005, 81.75442062783491792, -2.272870760078836039 ) ) ;
#9849 = CARTESIAN_POINT ( 'NONE',  ( -119.3122720196896722, 27.06910750985032976, -4.400000000000000355 ) ) ;
#9850 = CARTESIAN_POINT ( 'NONE',  ( -42.60274304593206551, -125.2924481354811519, 6.400000000000025224 ) ) ;
#9851 = CARTESIAN_POINT ( 'NONE',  ( -98.05802870027207518, 14.28897794308514690, -2.665436706866997074 ) ) ;
#9852 = EDGE_CURVE ( 'NONE', #2675, #5737, #6547, .T. ) ;
#9853 = CARTESIAN_POINT ( 'NONE',  ( -119.3122720196896722, 57.06910750985032621, -4.400000000000000355 ) ) ;
#9854 = LINE ( 'NONE', #11831, #11122 ) ;
#9855 = AXIS2_PLACEMENT_3D ( 'NONE', #321, #1534, #442 ) ;
#9856 = DIRECTION ( 'NONE',  ( 1.000000000000000000, 0.000000000000000000, 0.000000000000000000 ) ) ;
#9857 = SURFACE_SIDE_STYLE ('',( #5150 ) ) ;
#9858 = ORIENTED_EDGE ( 'NONE', *, *, #7788, .F. ) ;
#9859 = DIRECTION ( 'NONE',  ( -0.9914448441888145114, 0.1305263227529890879, 0.000000000000000000 ) ) ;
#9860 = ORIENTED_EDGE ( 'NONE', *, *, #6760, .T. ) ;
#9861 = ORIENTED_EDGE ( 'NONE', *, *, #7952, .T. ) ;
#9862 = CARTESIAN_POINT ( 'NONE',  ( -34.43477253496281065, 81.84925085820717072, -2.664983870333623717 ) ) ;
#9863 = ORIENTED_EDGE ( 'NONE', *, *, #6513, .F. ) ;
#9864 = DIRECTION ( 'NONE',  ( -0.000000000000000000, -0.000000000000000000, -1.000000000000000000 ) ) ;
#9865 = ORIENTED_EDGE ( 'NONE', *, *, #7248, .T. ) ;
#9866 = VECTOR ( 'NONE', #11486, 1000.000000000000000 ) ;
#9867 = VECTOR ( 'NONE', #11072, 1000.000000000000000 ) ;
#9868 = FACE_OUTER_BOUND ( 'NONE', #11748, .T. ) ;
#9869 = CARTESIAN_POINT ( 'NONE',  ( 15.11205036447826267, 80.55400550405278182, 3.348343902811028894 ) ) ;
#9870 = DIRECTION ( 'NONE',  ( 0.000000000000000000, 0.000000000000000000, 1.000000000000000000 ) ) ;
#9871 = LINE ( 'NONE', #9010, #7924 ) ;
#9872 = EDGE_CURVE ( 'NONE', #4189, #2970, #10289, .T. ) ;
#9873 = LINE ( 'NONE', #10795, #3496 ) ;
#9874 = CARTESIAN_POINT ( 'NONE',  ( 19.17287521496940172, 14.98556276293433420, -4.138396709582883304 ) ) ;
#9875 = AXIS2_PLACEMENT_3D ( 'NONE', #11285, #3027, #5836 ) ;
#9876 = ORIENTED_EDGE ( 'NONE', *, *, #5838, .T. ) ;
#9877 = EDGE_LOOP ( 'NONE', ( #1188, #6961, #11914, #464 ) ) ;
#9878 = EDGE_LOOP ( 'NONE', ( #3627, #10293 ) ) ;
#9879 = DIRECTION ( 'NONE',  ( 0.000000000000000000, 1.000000000000000000, 0.000000000000000000 ) ) ;
#9880 = AXIS2_PLACEMENT_3D ( 'NONE', #12036, #10001, #9264 ) ;
#9881 = CARTESIAN_POINT ( 'NONE',  ( 19.17288732231094528, 18.57542208692485630, -5.620313964450772914 ) ) ;
#9882 = DIRECTION ( 'NONE',  ( -0.000000000000000000, -0.000000000000000000, -1.000000000000000000 ) ) ;
#9883 = EDGE_CURVE ( 'NONE', #2679, #5691, #11540, .T. ) ;
#9884 = EDGE_CURVE ( 'NONE', #4574, #10980, #4901, .T. ) ;
#9885 = CARTESIAN_POINT ( 'NONE',  ( 20.16772100000000378, 26.58547018669192852, 1.699999999999992184 ) ) ;
#9886 = PLANE ( 'NONE',  #961 ) ;
#9887 = CARTESIAN_POINT ( 'NONE',  ( 19.30071123034644032, 48.90386751168765045, -5.506109695707693596 ) ) ;
#9888 = VERTEX_POINT ( 'NONE', #8752 ) ;
#9889 = CIRCLE ( 'NONE', #4424, 1.000000000000000888 ) ;
#9890 = EDGE_LOOP ( 'NONE', ( #8317, #4671, #3872, #3109, #4520, #10847 ) ) ;
#9891 = DIRECTION ( 'NONE',  ( 0.000000000000000000, 0.000000000000000000, 1.000000000000000000 ) ) ;
#9892 = DIRECTION ( 'NONE',  ( 0.000000000000000000, -0.000000000000000000, -1.000000000000000000 ) ) ;
#9893 = ORIENTED_EDGE ( 'NONE', *, *, #6094, .T. ) ;
#9894 = EDGE_CURVE ( 'NONE', #11702, #9561, #10531, .T. ) ;
#9895 = CARTESIAN_POINT ( 'NONE',  ( -20.33174767357483148, -1.731963658942457407, 0.6000000000000015321 ) ) ;
#9896 = CARTESIAN_POINT ( 'NONE',  ( -119.2930730360295115, 61.19623674878744168, -3.828807813583582131 ) ) ;
#9897 = CARTESIAN_POINT ( 'NONE',  ( -60.46227900000000233, 28.29411099999999735, 4.400000000000000355 ) ) ;
#9898 = AXIS2_PLACEMENT_3D ( 'NONE', #3191, #4958, #5083 ) ;
#9899 = ORIENTED_EDGE ( 'NONE', *, *, #6306, .F. ) ;
#9900 = DIRECTION ( 'NONE',  ( -1.798198670589261751E-07, -0.9999999999999837907, -0.000000000000000000 ) ) ;
#9901 = CARTESIAN_POINT ( 'NONE',  ( -6.644480841275860250, -10.47247108150072314, 6.733333324495095695 ) ) ;
#9902 = AXIS2_PLACEMENT_3D ( 'NONE', #329, #4230, #5932 ) ;
#9903 = CARTESIAN_POINT ( 'NONE',  ( -80.81228598030135402, 16.29411100000000090, 7.100000000000059153 ) ) ;
#9904 = CARTESIAN_POINT ( 'NONE',  ( -22.06227899999998954, 20.29411100000000090, 4.400000000000000355 ) ) ;
#9905 = VERTEX_POINT ( 'NONE', #2277 ) ;
#9906 = EDGE_CURVE ( 'NONE', #8254, #2406, #1240, .T. ) ;
#9907 = ORIENTED_EDGE ( 'NONE', *, *, #10892, .T. ) ;
#9908 = ADVANCED_FACE ( 'NONE', ( #11522 ), #4233, .T. ) ;
#9909 = ORIENTED_EDGE ( 'NONE', *, *, #5472, .F. ) ;
#9910 = CARTESIAN_POINT ( 'NONE',  ( -119.3418134801628980, 27.28231811766432813, -4.971197494147453710 ) ) ;
#9911 = CARTESIAN_POINT ( 'NONE',  ( -71.47141012502669355, 81.83698050078972130, -4.995599230578825711 ) ) ;
#9912 = CARTESIAN_POINT ( 'NONE',  ( -8.562260430057330396, 81.84410925728559505, -1.900000000000000355 ) ) ;
#9913 = DIRECTION ( 'NONE',  ( -0.000000000000000000, 0.000000000000000000, 1.000000000000000000 ) ) ;
#9914 = DIRECTION ( 'NONE',  ( -0.000000000000000000, -1.982541115402065307E-15, 1.000000000000000000 ) ) ;
#9915 = CARTESIAN_POINT ( 'NONE',  ( -101.0622825347106328, 14.29411798029987857, -1.900000000000000355 ) ) ;
#9916 = CARTESIAN_POINT ( 'NONE',  ( -71.43142950036546779, 81.84411100000002648, 0.5999999999999998668 ) ) ;
#9917 = AXIS2_PLACEMENT_3D ( 'NONE', #8257, #5684, #17 ) ;
#9918 = CARTESIAN_POINT ( 'NONE',  ( -42.71227739747914143, 84.84410401969522297, 7.399999999999998579 ) ) ;
#9919 = VERTEX_POINT ( 'NONE', #7890 ) ;
#9920 = DIRECTION ( 'NONE',  ( 1.000000000000000000, 0.000000000000000000, 0.000000000000000000 ) ) ;
#9921 = ORIENTED_EDGE ( 'NONE', *, *, #6916, .F. ) ;
#9922 = VERTEX_POINT ( 'NONE', #7830 ) ;
#9923 = DIRECTION ( 'NONE',  ( 0.000000000000000000, -1.000000000000000000, 0.000000000000000000 ) ) ;
#9924 = VERTEX_POINT ( 'NONE', #6003 ) ;
#9925 = ORIENTED_EDGE ( 'NONE', *, *, #1931, .F. ) ;
#9926 = EDGE_CURVE ( 'NONE', #5376, #10130, #6064, .T. ) ;
#9927 = AXIS2_PLACEMENT_3D ( 'NONE', #10297, #1919, #3874 ) ;
#9928 = AXIS2_PLACEMENT_3D ( 'NONE', #3594, #7310, #7186 ) ;
#9929 = FACE_OUTER_BOUND ( 'NONE', #1007, .T. ) ;
#9930 = CARTESIAN_POINT ( 'NONE',  ( 16.78148290835846623, 81.13854178069851741, 2.856053065845932437 ) ) ;
#9931 = CARTESIAN_POINT ( 'NONE',  ( -97.06228253471061862, 14.29411798029987857, -4.400000000000000355 ) ) ;
#9932 = CARTESIAN_POINT ( 'NONE',  ( -41.11227899999998670, 24.29411099999999379, 4.400000000000000355 ) ) ;
#9933 = CARTESIAN_POINT ( 'NONE',  ( -117.3122790891199116, 14.99411798029978904, 7.399999999999998579 ) ) ;
#9934 = CARTESIAN_POINT ( 'NONE',  ( -100.0641344046364196, 14.28897852377270539, -2.664091216875273727 ) ) ;
#9935 = AXIS2_PLACEMENT_3D ( 'NONE', #11732, #4187, #8950 ) ;
#9936 = VECTOR ( 'NONE', #11692, 1000.000000000000000 ) ;
#9937 = ORIENTED_EDGE ( 'NONE', *, *, #9906, .F. ) ;
#9938 = CARTESIAN_POINT ( 'NONE',  ( -22.02243230753144942, -2.319526297256300662, -2.464120143539268781 ) ) ;
#9939 = ORIENTED_EDGE ( 'NONE', *, *, #11961, .T. ) ;
#9940 = ORIENTED_EDGE ( 'NONE', *, *, #10924, .F. ) ;
#9941 = EDGE_CURVE ( 'NONE', #10952, #10102, #5877, .T. ) ;
#9942 = DIRECTION ( 'NONE',  ( 0.000000000000000000, 0.000000000000000000, 1.000000000000000000 ) ) ;
#9943 = VECTOR ( 'NONE', #4108, 1000.000000000000000 ) ;
#9944 = PLANE ( 'NONE',  #893 ) ;
#9945 = LINE ( 'NONE', #5056, #3242 ) ;
#9946 = CARTESIAN_POINT ( 'NONE',  ( -101.0622825347106328, 14.29411798029987857, -4.399999999999999467 ) ) ;
#9947 = DIRECTION ( 'NONE',  ( 1.000000000000000000, 0.000000000000000000, 0.000000000000000000 ) ) ;
#9948 = CARTESIAN_POINT ( 'NONE',  ( 19.20697270338889240, 50.04625851919181656, -2.953553224610078409 ) ) ;
#9949 = ORIENTED_EDGE ( 'NONE', *, *, #10063, .T. ) ;
#9950 = CIRCLE ( 'NONE', #11900, 1.000000000000006883 ) ;
#9951 = CARTESIAN_POINT ( 'NONE',  ( -118.3122811893314434, 1.524973922286212459E-05, -1.900000000000000355 ) ) ;
#9952 = EDGE_LOOP ( 'NONE', ( #11939, #7337, #3074, #3680 ) ) ;
#9953 = EDGE_CURVE ( 'NONE', #790, #10078, #5935, .T. ) ;
#9954 = FACE_OUTER_BOUND ( 'NONE', #5461, .T. ) ;
#9955 = DIRECTION ( 'NONE',  ( 0.000000000000000000, 1.000000000000000000, 0.000000000000000000 ) ) ;
#9956 = ORIENTED_EDGE ( 'NONE', *, *, #5764, .F. ) ;
#9957 = CARTESIAN_POINT ( 'NONE',  ( -119.2256625369051335, 60.85589551717273338, -6.439980624619755289 ) ) ;
#9958 = FACE_OUTER_BOUND ( 'NONE', #1872, .T. ) ;
#9959 = ORIENTED_EDGE ( 'NONE', *, *, #4399, .F. ) ;
#9960 = AXIS2_PLACEMENT_3D ( 'NONE', #10971, #8143, #1679 ) ;
#9961 = FACE_OUTER_BOUND ( 'NONE', #8542, .T. ) ;
#9962 = CARTESIAN_POINT ( 'NONE',  ( 0.000000000000000000, 85.84411115030172823, 5.399999999999998579 ) ) ;
#9963 = ADVANCED_FACE ( 'NONE', ( #5026 ), #2545, .T. ) ;
#9964 = ADVANCED_FACE ( 'NONE', ( #9671 ), #1373, .F. ) ;
#9965 = LINE ( 'NONE', #8056, #2044 ) ;
#9966 = FACE_OUTER_BOUND ( 'NONE', #990, .T. ) ;
#9967 = ORIENTED_EDGE ( 'NONE', *, *, #1956, .F. ) ;
#9968 = VERTEX_POINT ( 'NONE', #517 ) ;
#9969 = ORIENTED_EDGE ( 'NONE', *, *, #2457, .F. ) ;
#9970 = CARTESIAN_POINT ( 'NONE',  ( -119.1965454617054831, 26.94197826950643559, -2.360019375376300577 ) ) ;
#9971 = VECTOR ( 'NONE', #5658, 1000.000000000000000 ) ;
#9972 = CARTESIAN_POINT ( 'NONE',  ( -71.47141012502669355, 81.75750140115562203, -2.613211991846879023 ) ) ;
#9973 = DIRECTION ( 'NONE',  ( -0.000000000000000000, -0.000000000000000000, -1.000000000000000000 ) ) ;
#9974 = LINE ( 'NONE', #4756, #10561 ) ;
#9975 = DIRECTION ( 'NONE',  ( 1.000000000000000000, 1.668003342285354967E-15, 0.000000000000000000 ) ) ;
#9976 = ADVANCED_FACE ( 'NONE', ( #454 ), #11650, .T. ) ;
#9977 = CARTESIAN_POINT ( 'NONE',  ( -42.41227899999994833, 24.29411099999999379, 7.399999999999998579 ) ) ;
#9978 = EDGE_LOOP ( 'NONE', ( #9467, #908, #1992, #2077 ) ) ;
#9979 = CARTESIAN_POINT ( 'NONE',  ( -32.86023200621512785, 81.96524021275941152, -3.293894455345293792 ) ) ;
#9980 = CIRCLE ( 'NONE', #6078, 1.000000000000000888 ) ;
#9981 = ORIENTED_EDGE ( 'NONE', *, *, #10872, .F. ) ;
#9982 = CARTESIAN_POINT ( 'NONE',  ( -34.65140895874662874, 81.84928495424885853, -2.809833865155749510 ) ) ;
#9983 = EDGE_LOOP ( 'NONE', ( #9121, #49, #8182, #11599 ) ) ;
#9984 = ORIENTED_EDGE ( 'NONE', *, *, #4126, .T. ) ;
#9985 = LINE ( 'NONE', #4304, #7306 ) ;
#9986 = CARTESIAN_POINT ( 'NONE',  ( 15.45741291947034313, 81.51485094744164428, 4.428506790411301353 ) ) ;
#9987 = DIRECTION ( 'NONE',  ( 1.000000000000000000, 0.000000000000000000, 0.000000000000000000 ) ) ;
#9988 = VECTOR ( 'NONE', #796, 1000.000000000000000 ) ;
#9989 = CARTESIAN_POINT ( 'NONE',  ( -119.3173844784753328, 60.07532783037304114, -6.147970622113702710 ) ) ;
#9990 = DIRECTION ( 'NONE',  ( 0.000000000000000000, 0.000000000000000000, 1.000000000000000000 ) ) ;
#9991 = CARTESIAN_POINT ( 'NONE',  ( -98.98067985970040183, 14.16112775590455897, -5.506109695587424468 ) ) ;
#9992 = EDGE_CURVE ( 'NONE', #6975, #3183, #10163, .T. ) ;
#9993 = ADVANCED_FACE ( 'NONE', ( #2156 ), #6967, .T. ) ;
#9994 = CARTESIAN_POINT ( 'NONE',  ( -101.0493248522448226, 14.28896670476433606, -4.662232016104945309 ) ) ;
#9995 = VERTEX_POINT ( 'NONE', #2215 ) ;
#9996 = LINE ( 'NONE', #2129, #2569 ) ;
#9997 = ORIENTED_EDGE ( 'NONE', *, *, #12006, .T. ) ;
#9998 = EDGE_LOOP ( 'NONE', ( #6864, #323, #9921, #5554 ) ) ;
#9999 = DIRECTION ( 'NONE',  ( 0.09229604794198398299, 0.7010573724983738542, 0.7071067811865244801 ) ) ;
#10000 = CARTESIAN_POINT ( 'NONE',  ( -24.45559143677532532, -1.667544905909002395, -4.532144654175068510 ) ) ;
#10001 = DIRECTION ( 'NONE',  ( 1.000000000000000000, 2.646977960169688560E-23, 0.000000000000000000 ) ) ;
#10002 = PLANE ( 'NONE',  #7188 ) ;
#10003 = AXIS2_PLACEMENT_3D ( 'NONE', #5996, #6721, #5872 ) ;
#10004 = EDGE_CURVE ( 'NONE', #10599, #9995, #7028, .T. ) ;
#10005 = CARTESIAN_POINT ( 'NONE',  ( 19.30461124986285171, 50.04625851919180946, -4.485088767641717489 ) ) ;
#10006 = ORIENTED_EDGE ( 'NONE', *, *, #9011, .T. ) ;
#10007 = VERTEX_POINT ( 'NONE', #2395 ) ;
#10008 = CARTESIAN_POINT ( 'NONE',  ( -42.60274304593206551, -125.2924481354811519, 3.399999999999993250 ) ) ;
#10009 = ORIENTED_EDGE ( 'NONE', *, *, #10557, .T. ) ;
#10010 = PRESENTATION_LAYER_ASSIGNMENT (  '', '', ( #9813 ) ) ;
#10011 = CARTESIAN_POINT ( 'NONE',  ( -119.3122720196896722, 57.06910750985032621, 0.5999999999999998668 ) ) ;
#10012 = ORIENTED_EDGE ( 'NONE', *, *, #11336, .T. ) ;
#10013 = PLANE ( 'NONE',  #4358 ) ;
#10014 = CARTESIAN_POINT ( 'NONE',  ( -119.2999154380286768, 61.19623674878743458, -4.481602675009021652 ) ) ;
#10015 = CARTESIAN_POINT ( 'NONE',  ( -0.000000000000000000, 80.84410401969522297, -1.900000000000000355 ) ) ;
#10016 = ADVANCED_FACE ( 'NONE', ( #2337 ), #9793, .F. ) ;
#10017 = ORIENTED_EDGE ( 'NONE', *, *, #870, .F. ) ;
#10018 = CIRCLE ( 'NONE', #11799, 32.91246774335479586 ) ;
#10019 = CARTESIAN_POINT ( 'NONE',  ( -24.55996494904555405, -1.565882493917531759, -3.012814237104407766 ) ) ;
#10020 = DIRECTION ( 'NONE',  ( 9.214753901773032622E-08, 0.7071067811865493491, 0.7071067811865395791 ) ) ;
#10021 = AXIS2_PLACEMENT_3D ( 'NONE', #4339, #9099, #3606 ) ;
#10022 = CARTESIAN_POINT ( 'NONE',  ( -14.68726043005737658, 81.84410925728559505, -1.900000000000000355 ) ) ;
#10023 = DIRECTION ( 'NONE',  ( -2.972808245359312093E-08, -0.9999999999999995559, 0.000000000000000000 ) ) ;
#10024 = EDGE_LOOP ( 'NONE', ( #10463, #786, #3440, #7245, #7536, #5259 ) ) ;
#10025 = ORIENTED_EDGE ( 'NONE', *, *, #10033, .T. ) ;
#10026 = ORIENTED_EDGE ( 'NONE', *, *, #3131, .T. ) ;
#10027 = CARTESIAN_POINT ( 'NONE',  ( -119.3418137152126945, 27.28231811766432457, -3.828807813584977904 ) ) ;
#10028 = CONICAL_SURFACE ( 'NONE', #11991, 2.024999999999971045, 0.7853981633974412846 ) ;
#10029 = CARTESIAN_POINT ( 'NONE',  ( -70.49221783287669041, 81.96830382999308995, -3.804406303035026582 ) ) ;
#10030 = DIRECTION ( 'NONE',  ( 1.000000000000000000, 0.000000000000000000, 0.000000000000000000 ) ) ;
#10031 = CARTESIAN_POINT ( 'NONE',  ( 19.12355185916640465, 15.92467787341269414, -6.527129240127193199 ) ) ;
#10032 = EDGE_CURVE ( 'NONE', #5799, #7721, #609, .T. ) ;
#10033 = EDGE_CURVE ( 'NONE', #5271, #4036, #333, .T. ) ;
#10034 = LINE ( 'NONE', #11012, #7034 ) ;
#10035 = LINE ( 'NONE', #3501, #11917 ) ;
#10036 = CARTESIAN_POINT ( 'NONE',  ( -17.66226043005733715, 81.84410925728559505, -2.400000000000000355 ) ) ;
#10037 = CONICAL_SURFACE ( 'NONE', #5546, 1.000000000000000888, 0.7853981633974916887 ) ;
#10038 = EDGE_LOOP ( 'NONE', ( #10989, #9360, #4445, #3415 ) ) ;
#10039 = CARTESIAN_POINT ( 'NONE',  ( -32.86023200621512785, 81.87365260484841656, -2.613211991801165812 ) ) ;
#10040 = ORIENTED_EDGE ( 'NONE', *, *, #5474, .T. ) ;
#10041 = CARTESIAN_POINT ( 'NONE',  ( -4.612279000000002682, 76.84411099999999806, 7.399999999999998579 ) ) ;
#10042 = ORIENTED_EDGE ( 'NONE', *, *, #7967, .T. ) ;
#10043 = VERTEX_POINT ( 'NONE', #809 ) ;
#10044 = EDGE_CURVE ( 'NONE', #9182, #6208, #9111, .T. ) ;
#10045 = DIRECTION ( 'NONE',  ( -1.000000000000000000, 0.000000000000000000, 0.000000000000000000 ) ) ;
#10046 = CARTESIAN_POINT ( 'NONE',  ( 15.42432519311134698, 80.30728707767391938, 3.024287190857805285 ) ) ;
#10047 = CARTESIAN_POINT ( 'NONE',  ( -60.16227158493175153, 85.84411130060328787, -1.900000000000000577 ) ) ;
#10048 = VECTOR ( 'NONE', #4663, 1000.000000000000227 ) ;
#10049 = AXIS2_PLACEMENT_3D ( 'NONE', #7058, #7919, #603 ) ;
#10050 = CARTESIAN_POINT ( 'NONE',  ( -119.3174513222390800, 60.29849942623904013, -5.998969439721464347 ) ) ;
#10051 = DIRECTION ( 'NONE',  ( 1.922131275320561768E-16, -1.000000000000000000, 0.000000000000000000 ) ) ;
#10052 = CARTESIAN_POINT ( 'NONE',  ( -98.00149022143841648, 14.16992608479495885, -4.995599231573638832 ) ) ;
#10053 = CYLINDRICAL_SURFACE ( 'NONE', #4514, 0.2977672882890324280 ) ;
#10054 = ORIENTED_EDGE ( 'NONE', *, *, #6159, .F. ) ;
#10055 = FACE_OUTER_BOUND ( 'NONE', #9662, .T. ) ;
#10056 = CARTESIAN_POINT ( 'NONE',  ( 19.20972686379067440, 18.37265594989637307, -3.293894456394166337 ) ) ;
#10057 = VECTOR ( 'NONE', #10743, 1000.000000000000000 ) ;
#10058 = ORIENTED_EDGE ( 'NONE', *, *, #11921, .T. ) ;
#10059 = AXIS2_PLACEMENT_3D ( 'NONE', #7190, #4572, #8292 ) ;
#10060 = ORIENTED_EDGE ( 'NONE', *, *, #1406, .T. ) ;
#10061 = CARTESIAN_POINT ( 'NONE',  ( 16.46459492032245819, 77.84410401969823567, 4.400000000000000355 ) ) ;
#10062 = ADVANCED_FACE ( 'NONE', ( #1546 ), #691, .F. ) ;
#10063 = EDGE_CURVE ( 'NONE', #4461, #3711, #1032, .T. ) ;
#10064 = CARTESIAN_POINT ( 'NONE',  ( -10.72336560610671974, 1.876585942086530734, 7.099999999999991651 ) ) ;
#10065 = FACE_OUTER_BOUND ( 'NONE', #1887, .T. ) ;
#10066 = LINE ( 'NONE', #9140, #9690 ) ;
#10067 = PLANE ( 'NONE',  #378 ) ;
#10068 = AXIS2_PLACEMENT_3D ( 'NONE', #1151, #2125, #864 ) ;
#10069 = CIRCLE ( 'NONE', #10451, 2.798033192550029913 ) ;
#10070 = CARTESIAN_POINT ( 'NONE',  ( 19.16059063371476157, 51.02545081133819593, -3.804406304072100564 ) ) ;
#10071 = ORIENTED_EDGE ( 'NONE', *, *, #891, .T. ) ;
#10072 = VERTEX_POINT ( 'NONE', #4529 ) ;
#10073 = DIRECTION ( 'NONE',  ( 1.000000000000000000, 0.000000000000000000, 0.000000000000000000 ) ) ;
#10074 = ORIENTED_EDGE ( 'NONE', *, *, #10063, .F. ) ;
#10075 = AXIS2_PLACEMENT_3D ( 'NONE', #1868, #5591, #959 ) ;
#10076 = ADVANCED_FACE ( 'NONE', ( #8251 ), #2519, .T. ) ;
#10077 = FACE_OUTER_BOUND ( 'NONE', #345, .T. ) ;
#10078 = VERTEX_POINT ( 'NONE', #9915 ) ;
#10079 = CARTESIAN_POINT ( 'NONE',  ( -60.76227899999999948, 27.99411099999999664, 7.100000000000059153 ) ) ;
#10080 = CARTESIAN_POINT ( 'NONE',  ( -49.66227902055459964, 2.244117980299764170, 7.099999999999989875 ) ) ;
#10081 = AXIS2_PLACEMENT_3D ( 'NONE', #10609, #8827, #8771 ) ;
#10082 = CARTESIAN_POINT ( 'NONE',  ( -24.57386932094074083, -1.617774317989345345, -4.481602675258991475 ) ) ;
#10083 = DIRECTION ( 'NONE',  ( 1.000000000000000000, 0.000000000000000000, 0.000000000000000000 ) ) ;
#10084 = FACE_OUTER_BOUND ( 'NONE', #2284, .T. ) ;
#10085 = CARTESIAN_POINT ( 'NONE',  ( 19.17282026024340169, 48.34072956823375478, -2.502238565025160177 ) ) ;
#10086 = ORIENTED_EDGE ( 'NONE', *, *, #7289, .F. ) ;
#10087 = ORIENTED_EDGE ( 'NONE', *, *, #2664, .T. ) ;
#10088 = EDGE_CURVE ( 'NONE', #8987, #10298, #9974, .T. ) ;
#10089 = CARTESIAN_POINT ( 'NONE',  ( 16.78148129756174356, 81.13854225692359989, 2.911122056453808504 ) ) ;
#10090 = EDGE_LOOP ( 'NONE', ( #6489, #1757, #4589, #8148, #5108, #9756, #9661 ) ) ;
#10091 = AXIS2_PLACEMENT_3D ( 'NONE', #11332, #6784, #8504 ) ;
#10092 = CARTESIAN_POINT ( 'NONE',  ( -119.4891022947077630, 29.66470120570228275, -4.971197494147455487 ) ) ;
#10093 = CARTESIAN_POINT ( 'NONE',  ( -119.2844537831327472, 57.28231811979603094, -5.787188417060549206 ) ) ;
#10094 = CARTESIAN_POINT ( 'NONE',  ( 19.13990276325586848, 15.59828176963251067, -6.186789391986769360 ) ) ;
#10095 = LINE ( 'NONE', #1718, #7429 ) ;
#10096 = PLANE ( 'NONE',  #7571 ) ;
#10097 = CARTESIAN_POINT ( 'NONE',  ( 19.16772100000000734, 50.98547018669193420, -4.400000000000000355 ) ) ;
#10098 = AXIS2_PLACEMENT_3D ( 'NONE', #7476, #955, #4738 ) ;
#10099 = VERTEX_POINT ( 'NONE', #9398 ) ;
#10100 = CARTESIAN_POINT ( 'NONE',  ( -32.37063718707962323, 81.88336216689526736, -2.953553223573229580 ) ) ;
#10101 = LINE ( 'NONE', #6474, #12088 ) ;
#10102 = VERTEX_POINT ( 'NONE', #1603 ) ;
#10103 = CARTESIAN_POINT ( 'NONE',  ( -34.07548013978981771, 81.84921035482352636, -2.501998392118700565 ) ) ;
#10104 = ORIENTED_EDGE ( 'NONE', *, *, #11239, .T. ) ;
#10105 = VERTEX_POINT ( 'NONE', #11243 ) ;
#10106 = EDGE_CURVE ( 'NONE', #7069, #338, #8995, .T. ) ;
#10107 = EDGE_CURVE ( 'NONE', #6072, #8089, #8210, .T. ) ;
#10108 = ORIENTED_EDGE ( 'NONE', *, *, #6095, .F. ) ;
#10109 = CARTESIAN_POINT ( 'NONE',  ( -117.3122790891199116, 16.29411798029975955, -1.900000000000000577 ) ) ;
#10110 = LINE ( 'NONE', #8079, #6499 ) ;
#10111 = VECTOR ( 'NONE', #12013, 1000.000000000000114 ) ;
#10112 = CARTESIAN_POINT ( 'NONE',  ( -119.3173810064254070, 58.18352582435509390, -6.198030238138658277 ) ) ;
#10113 = LINE ( 'NONE', #11848, #2150 ) ;
#10114 = FACE_OUTER_BOUND ( 'NONE', #490, .T. ) ;
#10115 = VERTEX_POINT ( 'NONE', #1944 ) ;
#10116 = CARTESIAN_POINT ( 'NONE',  ( -119.3174262501383822, 29.19928569181797684, -2.399889642447598170 ) ) ;
#10117 = ORIENTED_EDGE ( 'NONE', *, *, #7204, .T. ) ;
#10118 = CARTESIAN_POINT ( 'NONE',  ( 19.08111140116362847, 19.02545081132303295, -2.613211992824872265 ) ) ;
#10119 = VECTOR ( 'NONE', #10697, 1000.000000000000000 ) ;
#10120 = VERTEX_POINT ( 'NONE', #9049 ) ;
#10121 = ORIENTED_EDGE ( 'NONE', *, *, #11030, .T. ) ;
#10122 = EDGE_CURVE ( 'NONE', #1796, #12033, #7498, .T. ) ;
#10123 = LINE ( 'NONE', #10923, #119 ) ;
#10124 = CARTESIAN_POINT ( 'NONE',  ( -119.3174378504843816, 60.28689870187331934, -2.808135428405189149 ) ) ;
#10125 = CARTESIAN_POINT ( 'NONE',  ( 19.17283899505396860, 17.87304024532037516, -2.603006585896515901 ) ) ;
#10126 = CARTESIAN_POINT ( 'NONE',  ( -10.79990231918527854, 1.691810046604684148, 7.399999999999998579 ) ) ;
#10127 = CARTESIAN_POINT ( 'NONE',  ( 0.9306114553749903484, 84.32842198201261397, 3.068120587896882245 ) ) ;
#10128 = VECTOR ( 'NONE', #8616, 1000.000000000000000 ) ;
#10129 = CARTESIAN_POINT ( 'NONE',  ( 19.21555133693139439, 50.69905338062270772, -4.314918151749314923 ) ) ;
#10130 = VERTEX_POINT ( 'NONE', #8067 ) ;
#10131 = EDGE_CURVE ( 'NONE', #3233, #10760, #2860, .T. ) ;
#10132 = EDGE_CURVE ( 'NONE', #2311, #548, #9000, .T. ) ;
#10133 = ORIENTED_EDGE ( 'NONE', *, *, #5820, .T. ) ;
#10134 = CARTESIAN_POINT ( 'NONE',  ( -0.000000000000000000, 15.29411099999999912, -1.900000000000000355 ) ) ;
#10135 = ORIENTED_EDGE ( 'NONE', *, *, #10044, .F. ) ;
#10136 = AXIS2_PLACEMENT_3D ( 'NONE', #8735, #617, #3357 ) ;
#10137 = DIRECTION ( 'NONE',  ( 1.000000000000000000, 0.000000000000000000, 0.000000000000000000 ) ) ;
#10138 = ORIENTED_EDGE ( 'NONE', *, *, #1524, .F. ) ;
#10139 = CARTESIAN_POINT ( 'NONE',  ( -61.16227900000001938, 81.15268391958792904, -1.900000000000000355 ) ) ;
#10140 = CARTESIAN_POINT ( 'NONE',  ( 3.193571330174634237, -11.91857111360542376, -1.900000000000000577 ) ) ;
#10141 = VECTOR ( 'NONE', #4902, 1000.000000000000000 ) ;
#10142 = EDGE_CURVE ( 'NONE', #7069, #2360, #5670, .T. ) ;
#10143 = ADVANCED_FACE ( 'NONE', ( #4471 ), #5383, .T. ) ;
#10144 = CARTESIAN_POINT ( 'NONE',  ( -22.66227900000000517, 0.000000000000000000, 5.399999999999998579 ) ) ;
#10145 = DIRECTION ( 'NONE',  ( -1.000000000000000000, 0.000000000000000000, 0.000000000000000000 ) ) ;
#10146 = FACE_OUTER_BOUND ( 'NONE', #6507, .T. ) ;
#10147 = LINE ( 'NONE', #915, #10704 ) ;
#10148 = EDGE_LOOP ( 'NONE', ( #3936, #6236, #3065, #4536, #6193, #4411, #7032, #10276, #4224, #10615, #6879, #6448, #2815, #5596, #359, #6705, #581, #9755, #11450, #6948 ) ) ;
#10149 = ORIENTED_EDGE ( 'NONE', *, *, #5393, .T. ) ;
#10150 = ORIENTED_EDGE ( 'NONE', *, *, #7915, .T. ) ;
#10151 = CARTESIAN_POINT ( 'NONE',  ( -119.5041538427019248, 29.66470120570228275, -4.318403959654538049 ) ) ;
#10152 = CARTESIAN_POINT ( 'NONE',  ( -119.3542771542221033, 57.96299781573682708, -5.787188417060549206 ) ) ;
#10153 = CARTESIAN_POINT ( 'NONE',  ( 19.14852172858261525, 16.41427269254953458, -2.272870761040224785 ) ) ;
#10154 = DIRECTION ( 'NONE',  ( 1.798198670589262545E-07, 0.9999999999999839018, -0.000000000000000000 ) ) ;
#10155 = EDGE_CURVE ( 'NONE', #1344, #7998, #9382, .T. ) ;
#10156 = CARTESIAN_POINT ( 'NONE',  ( -119.3122720196896722, 59.06910750985032621, -4.400000000000000355 ) ) ;
#10157 = ORIENTED_EDGE ( 'NONE', *, *, #1913, .F. ) ;
#10158 = CARTESIAN_POINT ( 'NONE',  ( -33.34982682535063248, 81.93016262910649061, -5.846449542702723434 ) ) ;
#10159 = CARTESIAN_POINT ( 'NONE',  ( 1.732438226296531932E-06, 13.29410278256789191, 7.399999999999998579 ) ) ;
#10160 = ORIENTED_EDGE ( 'NONE', *, *, #10501, .F. ) ;
#10161 = CARTESIAN_POINT ( 'NONE',  ( -4.612278999999991136, 20.29411100000000445, 7.100000000000059153 ) ) ;
#10162 = ORIENTED_EDGE ( 'NONE', *, *, #6094, .F. ) ;
#10163 = CIRCLE ( 'NONE', #4886, 0.1999999999999710343 ) ;
#10164 = ORIENTED_EDGE ( 'NONE', *, *, #5243, .T. ) ;
#10165 = DIRECTION ( 'NONE',  ( 0.000000000000000000, 1.000000000000000000, 0.000000000000000000 ) ) ;
#10166 = CARTESIAN_POINT ( 'NONE',  ( 16.67072547875194388, 81.17037157551170878, 3.396499598217238347 ) ) ;
#10167 = DIRECTION ( 'NONE',  ( -1.000000000000000000, -1.988221748970553008E-16, 0.000000000000000000 ) ) ;
#10168 = CARTESIAN_POINT ( 'NONE',  ( 4.992269790801675100, -14.04141564360380556, 7.399999999999998579 ) ) ;
#10169 = CARTESIAN_POINT ( 'NONE',  ( 1.059353723871396591, 84.25555174908504341, 3.239981219226179210 ) ) ;
#10170 = CARTESIAN_POINT ( 'NONE',  ( -100.1230708671832588, 14.16992512844994678, -3.804406304015837570 ) ) ;
#10171 = VECTOR ( 'NONE', #10428, 1000.000000000000000 ) ;
#10172 = EDGE_CURVE ( 'NONE', #7656, #9905, #10898, .T. ) ;
#10173 = DIRECTION ( 'NONE',  ( -0.000000000000000000, -0.000000000000000000, -1.000000000000000000 ) ) ;
#10174 = ORIENTED_EDGE ( 'NONE', *, *, #175, .F. ) ;
#10175 = CARTESIAN_POINT ( 'NONE',  ( -119.3173868281627392, 27.08175783311016716, -4.139799358718684985 ) ) ;
#10176 = CARTESIAN_POINT ( 'NONE',  ( 19.20613761280188214, 18.69905338060969058, -4.995599231673178764 ) ) ;
#10177 = ORIENTED_EDGE ( 'NONE', *, *, #6539, .F. ) ;
#10178 = VERTEX_POINT ( 'NONE', #6290 ) ;
#10179 = ORIENTED_EDGE ( 'NONE', *, *, #6073, .F. ) ;
#10180 = AXIS2_PLACEMENT_3D ( 'NONE', #1493, #11652, #2339 ) ;
#10181 = CARTESIAN_POINT ( 'NONE',  ( -8.801865990316345645, 15.31473555090441785, 7.099999999999990763 ) ) ;
#10182 = CARTESIAN_POINT ( 'NONE',  ( -48.95412369941298891, -1.755882021704150420, 6.400000000000025224 ) ) ;
#10183 = CARTESIAN_POINT ( 'NONE',  ( -13.08858891146492986, -3.672762158219245343, 5.399999999999998579 ) ) ;
#10184 = DIRECTION ( 'NONE',  ( -2.317727724994325245E-06, -0.9999999999973140374, 0.000000000000000000 ) ) ;
#10185 = EDGE_CURVE ( 'NONE', #1508, #6975, #10034, .T. ) ;
#10186 = CARTESIAN_POINT ( 'NONE',  ( -61.45782314279001213, 81.14186833868102156, -1.900000000000000355 ) ) ;
#10187 = EDGE_CURVE ( 'NONE', #1449, #7384, #10095, .T. ) ;
#10188 = VERTEX_POINT ( 'NONE', #5908 ) ;
#10189 = VECTOR ( 'NONE', #429, 1000.000000000000000 ) ;
#10190 = ORIENTED_EDGE ( 'NONE', *, *, #11001, .T. ) ;
#10191 = DIRECTION ( 'NONE',  ( 1.000000000000000000, -3.373720608312339192E-14, 0.000000000000000000 ) ) ;
#10192 = EDGE_LOOP ( 'NONE', ( #5062, #2359, #3975, #10450 ) ) ;
#10193 = LINE ( 'NONE', #2059, #4398 ) ;
#10194 = DIRECTION ( 'NONE',  ( -0.000000000000000000, -0.000000000000000000, -1.000000000000000000 ) ) ;
#10195 = EDGE_CURVE ( 'NONE', #5647, #11355, #7802, .T. ) ;
#10196 = VECTOR ( 'NONE', #6121, 1000.000000000000000 ) ;
#10197 = FACE_OUTER_BOUND ( 'NONE', #2222, .T. ) ;
#10198 = DIRECTION ( 'NONE',  ( 1.000000000000000000, 0.000000000000000000, 0.000000000000000000 ) ) ;
#10199 = DIRECTION ( 'NONE',  ( -0.8660254037844385966, 0.5000000000000003331, 0.000000000000000000 ) ) ;
#10200 = AXIS2_PLACEMENT_3D ( 'NONE', #11316, #1952, #5917 ) ;
#10201 = DIRECTION ( 'NONE',  ( -1.000000000000000000, 0.000000000000000000, 0.000000000000000000 ) ) ;
#10202 = LINE ( 'NONE', #11246, #753 ) ;
#10203 = ORIENTED_EDGE ( 'NONE', *, *, #2486, .F. ) ;
#10204 = ORIENTED_EDGE ( 'NONE', *, *, #5621, .F. ) ;
#10205 = ORIENTED_EDGE ( 'NONE', *, *, #9418, .F. ) ;
#10206 = ADVANCED_FACE ( 'NONE', ( #7740 ), #11416, .T. ) ;
#10207 = CARTESIAN_POINT ( 'NONE',  ( -119.4491623347223737, 29.15418935799908695, -3.339211667515420867 ) ) ;
#10208 = EDGE_CURVE ( 'NONE', #5691, #2679, #420, .T. ) ;
#10209 = FACE_OUTER_BOUND ( 'NONE', #5099, .T. ) ;
#10210 = CARTESIAN_POINT ( 'NONE',  ( 19.34455073944161185, 16.41427269254953458, -4.995599231673178764 ) ) ;
#10211 = AXIS2_PLACEMENT_3D ( 'NONE', #43, #4739, #6681 ) ;
#10212 = DIRECTION ( 'NONE',  ( -0.9659258276786805153, 0.2588190399164175259, 0.000000000000000000 ) ) ;
#10213 = LINE ( 'NONE', #9113, #3733 ) ;
#10214 = CARTESIAN_POINT ( 'NONE',  ( -32.04424108330033505, 81.88611613449072024, -5.506109694575008540 ) ) ;
#10215 = DIRECTION ( 'NONE',  ( 0.000000000000000000, 0.000000000000000000, 1.000000000000000000 ) ) ;
#10216 = ORIENTED_EDGE ( 'NONE', *, *, #5621, .T. ) ;
#10217 = CYLINDRICAL_SURFACE ( 'NONE', #741, 1.000000000000000888 ) ;
#10218 = ORIENTED_EDGE ( 'NONE', *, *, #1676, .T. ) ;
#10219 = VECTOR ( 'NONE', #3256, 1000.000000000000000 ) ;
#10220 = EDGE_LOOP ( 'NONE', ( #11674, #11061, #6945, #906 ) ) ;
#10221 = VERTEX_POINT ( 'NONE', #4439 ) ;
#10222 = EDGE_CURVE ( 'NONE', #3669, #7743, #8602, .T. ) ;
#10223 = FACE_OUTER_BOUND ( 'NONE', #1383, .T. ) ;
#10224 = CARTESIAN_POINT ( 'NONE',  ( -61.46005585450888020, 80.84411100000001227, 4.400000000000000355 ) ) ;
#10225 = CARTESIAN_POINT ( 'NONE',  ( -61.46005585450888020, 81.14411100000012311, 7.399999999999998579 ) ) ;
#10226 = CARTESIAN_POINT ( 'NONE',  ( -119.3122720196896722, 57.06910750985032621, -4.400000000000000355 ) ) ;
#10227 = LINE ( 'NONE', #5821, #1186 ) ;
#10228 = CARTESIAN_POINT ( 'NONE',  ( -100.1230708671832588, 14.21518925603306904, -3.293894456357826073 ) ) ;
#10229 = DIRECTION ( 'NONE',  ( 2.972808245359312093E-08, 0.9999999999999995559, 0.000000000000000000 ) ) ;
#10230 = ORIENTED_EDGE ( 'NONE', *, *, #8605, .F. ) ;
#10231 = DIRECTION ( 'NONE',  ( -0.000000000000000000, 0.000000000000000000, 1.000000000000000000 ) ) ;
#10232 = CARTESIAN_POINT ( 'NONE',  ( 19.10164204905914787, 18.37265594989637307, -2.272870761040224785 ) ) ;
#10233 = ORIENTED_EDGE ( 'NONE', *, *, #5175, .F. ) ;
#10234 = EDGE_LOOP ( 'NONE', ( #4205, #8832, #10535, #6555 ) ) ;
#10235 = ORIENTED_EDGE ( 'NONE', *, *, #5283, .T. ) ;
#10236 = AXIS2_PLACEMENT_3D ( 'NONE', #6143, #7174, #9879 ) ;
#10237 = VECTOR ( 'NONE', #1113, 1000.000000000000000 ) ;
#10238 = ADVANCED_FACE ( 'NONE', ( #3707 ), #5534, .F. ) ;
#10239 = DIRECTION ( 'NONE',  ( 0.000000000000000000, -0.000000000000000000, -1.000000000000000000 ) ) ;
#10240 = DIRECTION ( 'NONE',  ( -1.000000000000000000, 0.000000000000000000, -1.492741799624945840E-62 ) ) ;
#10241 = FACE_OUTER_BOUND ( 'NONE', #4127, .T. ) ;
#10242 = DIRECTION ( 'NONE',  ( 0.000000000000000000, 0.000000000000000000, -1.000000000000000000 ) ) ;
#10243 = PLANE ( 'NONE',  #9843 ) ;
#10244 = CARTESIAN_POINT ( 'NONE',  ( 1.153524201340411892, 84.20184726945255704, 3.311519386990915415 ) ) ;
#10245 = DIRECTION ( 'NONE',  ( -0.000000000000000000, 0.000000000000000000, 1.000000000000000000 ) ) ;
#10246 = AXIS2_PLACEMENT_3D ( 'NONE', #10911, #11784, #2469 ) ;
#10247 = ORIENTED_EDGE ( 'NONE', *, *, #7968, .T. ) ;
#10248 = VECTOR ( 'NONE', #7640, 1000.000000000000000 ) ;
#10249 = EDGE_LOOP ( 'NONE', ( #11578, #8212, #7714, #8835 ) ) ;
#10250 = CYLINDRICAL_SURFACE ( 'NONE', #11902, 1.625000000000001332 ) ;
#10251 = EDGE_LOOP ( 'NONE', ( #7251, #7487, #9631, #612, #10564, #7732, #5528, #4703 ) ) ;
#10252 = DIRECTION ( 'NONE',  ( -0.000000000000000000, -0.000000000000000000, 1.000000000000000000 ) ) ;
#10253 = EDGE_CURVE ( 'NONE', #11112, #7185, #842, .T. ) ;
#10254 = FACE_BOUND ( 'NONE', #1856, .T. ) ;
#10255 = EDGE_CURVE ( 'NONE', #9968, #761, #7622, .T. ) ;
#10256 = AXIS2_PLACEMENT_3D ( 'NONE', #1689, #5348, #4623 ) ;
#10257 = VECTOR ( 'NONE', #6157, 1000.000000000000000 ) ;
#10258 = DIRECTION ( 'NONE',  ( -0.9999999999999914513, 1.303162954756303595E-07, 0.000000000000000000 ) ) ;
#10259 = CARTESIAN_POINT ( 'NONE',  ( 20.16772100000000378, 26.58547018669192852, 3.299999999999978950 ) ) ;
#10260 = CARTESIAN_POINT ( 'NONE',  ( -61.46005585450888020, 81.14411100000012311, 7.399999999999998579 ) ) ;
#10261 = CARTESIAN_POINT ( 'NONE',  ( -75.81228330292589135, 19.29411698796796415, -1.499999999999999556 ) ) ;
#10262 = VECTOR ( 'NONE', #9762, 1000.000000000000000 ) ;
#10263 = EDGE_CURVE ( 'NONE', #9561, #3875, #4113, .T. ) ;
#10264 = CARTESIAN_POINT ( 'NONE',  ( 19.17290615266982456, 47.66423935524876754, -5.907241982422448245 ) ) ;
#10265 = ORIENTED_EDGE ( 'NONE', *, *, #2417, .T. ) ;
#10266 = FACE_OUTER_BOUND ( 'NONE', #11037, .T. ) ;
#10267 = CARTESIAN_POINT ( 'NONE',  ( -119.5049797052305820, 29.15418935799908695, -4.971197494147455487 ) ) ;
#10268 = CARTESIAN_POINT ( 'NONE',  ( -119.3881589510648382, 57.62265796776650006, -4.971197494144983686 ) ) ;
#10269 = CARTESIAN_POINT ( 'NONE',  ( 19.37782435910754586, 17.06706622704304266, -4.485088767640433183 ) ) ;
#10270 = CIRCLE ( 'NONE', #4999, 0.3000000000000016542 ) ;
#10271 = CARTESIAN_POINT ( 'NONE',  ( 19.10759208439602830, 14.94548956207215262, -5.846449543846347296 ) ) ;
#10272 = CARTESIAN_POINT ( 'NONE',  ( -20.80634763772579277, -2.679412328511556307, -4.481602674800139852 ) ) ;
#10273 = ADVANCED_FACE ( 'NONE', ( #964 ), #225, .F. ) ;
#10274 = CARTESIAN_POINT ( 'NONE',  ( -35.14501269426892804, 81.84855825043197797, -3.293894455345293792 ) ) ;
#10275 = CARTESIAN_POINT ( 'NONE',  ( -79.21367833427878224, 80.84411100000001227, 4.400000000000000355 ) ) ;
#10276 = ORIENTED_EDGE ( 'NONE', *, *, #3538, .T. ) ;
#10277 = EDGE_CURVE ( 'NONE', #2012, #11775, #6069, .T. ) ;
#10278 = AXIS2_PLACEMENT_3D ( 'NONE', #332, #10656, #5145 ) ;
#10279 = DIRECTION ( 'NONE',  ( 0.000000000000000000, -1.000000000000000000, 0.000000000000000000 ) ) ;
#10280 = DIRECTION ( 'NONE',  ( 0.000000000000000000, 1.000000000000000000, -0.000000000000000000 ) ) ;
#10281 = ORIENTED_EDGE ( 'NONE', *, *, #426, .T. ) ;
#10282 = ORIENTED_EDGE ( 'NONE', *, *, #11567, .T. ) ;
#10283 = ORIENTED_EDGE ( 'NONE', *, *, #2878, .T. ) ;
#10284 = ORIENTED_EDGE ( 'NONE', *, *, #10768, .F. ) ;
#10285 = CARTESIAN_POINT ( 'NONE',  ( -42.11227899999997959, 24.29411099999999379, 4.400000000000000355 ) ) ;
#10286 = PLANE ( 'NONE',  #10884 ) ;
#10287 = LINE ( 'NONE', #149, #4758 ) ;
#10288 = DIRECTION ( 'NONE',  ( 0.5503044575086875057, -0.8349640735062012764, 0.000000000000000000 ) ) ;
#10289 = LINE ( 'NONE', #6486, #4692 ) ;
#10290 = CARTESIAN_POINT ( 'NONE',  ( -99.14387857505511192, 14.08401462123647896, -4.485088767559852307 ) ) ;
#10291 = VECTOR ( 'NONE', #1502, 1000.000000000000000 ) ;
#10292 = CARTESIAN_POINT ( 'NONE',  ( -119.3173713749037148, 27.17110590196911701, -5.044050639424556337 ) ) ;
#10293 = ORIENTED_EDGE ( 'NONE', *, *, #5050, .T. ) ;
#10294 = CARTESIAN_POINT ( 'NONE',  ( -79.81230579313090345, 9.303372419931343461E-05, 5.399999999999998579 ) ) ;
#10295 = EDGE_CURVE ( 'NONE', #2387, #2728, #7242, .T. ) ;
#10296 = ORIENTED_EDGE ( 'NONE', *, *, #1942, .F. ) ;
#10297 = CARTESIAN_POINT ( 'NONE',  ( -10.83707281764268515, 1.923685030425932752, 7.399999999999998579 ) ) ;
#10298 = VERTEX_POINT ( 'NONE', #3528 ) ;
#10299 = ORIENTED_EDGE ( 'NONE', *, *, #4414, .F. ) ;
#10300 = ORIENTED_EDGE ( 'NONE', *, *, #4079, .T. ) ;
#10301 = VECTOR ( 'NONE', #5688, 1000.000000000000114 ) ;
#10302 = CARTESIAN_POINT ( 'NONE',  ( -80.50915292031825743, 72.84410401970066573, -1.900000000000000355 ) ) ;
#10303 = CARTESIAN_POINT ( 'NONE',  ( 19.16772100000001444, 77.67724262499595511, 7.399999999999998579 ) ) ;
#10304 = DIRECTION ( 'NONE',  ( -0.000000000000000000, -0.000000000000000000, -1.000000000000000000 ) ) ;
#10305 = CARTESIAN_POINT ( 'NONE',  ( -33.43142950036545358, 81.84411100000002648, -2.399999999999997247 ) ) ;
#10306 = CARTESIAN_POINT ( 'NONE',  ( -31.44456444327036593, 81.84926224870822864, -4.136645919049815490 ) ) ;
#10307 = DIRECTION ( 'NONE',  ( 0.9999999999999836797, -1.798198627038042358E-07, 0.000000000000000000 ) ) ;
#10308 = CARTESIAN_POINT ( 'NONE',  ( 0.5577206620816405058, 85.12954732481789222, 4.058469065721777902 ) ) ;
#10309 = CARTESIAN_POINT ( 'NONE',  ( 19.17283035194681062, 16.46775330171148610, -2.463778908856114835 ) ) ;
#10310 = VECTOR ( 'NONE', #4519, 1000.000000000000000 ) ;
#10311 = ORIENTED_EDGE ( 'NONE', *, *, #2123, .T. ) ;
#10312 = ADVANCED_FACE ( 'NONE', ( #6324 ), #3726, .F. ) ;
#10313 = FACE_OUTER_BOUND ( 'NONE', #5521, .T. ) ;
#10314 = FACE_OUTER_BOUND ( 'NONE', #4747, .T. ) ;
#10315 = VECTOR ( 'NONE', #11383, 1000.000000000000000 ) ;
#10316 = FACE_OUTER_BOUND ( 'NONE', #9890, .T. ) ;
#10317 = LINE ( 'NONE', #364, #863 ) ;
#10318 = CARTESIAN_POINT ( 'NONE',  ( -116.6208519195873805, 72.84411100000001227, 5.399999999999998579 ) ) ;
#10319 = CARTESIAN_POINT ( 'NONE',  ( -41.41452166131000467, 81.13965514279601621, -1.900000000000000355 ) ) ;
#10320 = CARTESIAN_POINT ( 'NONE',  ( -61.16367833427879930, 81.09556294374289109, 5.399999999999998579 ) ) ;
#10321 = ADVANCED_FACE ( 'NONE', ( #4501 ), #11053, .F. ) ;
#10322 = VECTOR ( 'NONE', #6999, 1000.000000000000000 ) ;
#10323 = VECTOR ( 'NONE', #10883, 1000.000000000000000 ) ;
#10324 = CARTESIAN_POINT ( 'NONE',  ( 19.17287521496940172, 46.98556276293432177, -4.138396709582881527 ) ) ;
#10325 = ORIENTED_EDGE ( 'NONE', *, *, #11046, .T. ) ;
#10326 = EDGE_LOOP ( 'NONE', ( #10265, #2912, #8232, #10973 ) ) ;
#10327 = ORIENTED_EDGE ( 'NONE', *, *, #11863, .F. ) ;
#10328 = CARTESIAN_POINT ( 'NONE',  ( -119.3601023192575354, 28.98401874209802287, -2.686416806089340970 ) ) ;
#10329 = CARTESIAN_POINT ( 'NONE',  ( -119.2999154350526680, 56.94197827182565419, -4.481602675009021652 ) ) ;
#10330 = CIRCLE ( 'NONE', #969, 0.3999999999999837019 ) ;
#10331 = CARTESIAN_POINT ( 'NONE',  ( -22.66227900000000517, 0.000000000000000000, -1.900000000000000355 ) ) ;
#10332 = CARTESIAN_POINT ( 'NONE',  ( -21.14489645043115473, -2.627921502723760128, -3.828807813440087138 ) ) ;
#10333 = EDGE_CURVE ( 'NONE', #3584, #6920, #2943, .T. ) ;
#10334 = ADVANCED_FACE ( 'NONE', ( #4806 ), #7729, .F. ) ;
#10335 = CARTESIAN_POINT ( 'NONE',  ( -34.00262168677546981, 81.91999865104584444, -2.953553223573229580 ) ) ;
#10336 = DIRECTION ( 'NONE',  ( 0.9997000655922851919, -0.02449038290391794895, 0.000000000000000000 ) ) ;
#10337 = VERTEX_POINT ( 'NONE', #4923 ) ;
#10338 = VECTOR ( 'NONE', #7271, 999.9999999999998863 ) ;
#10339 = CARTESIAN_POINT ( 'NONE',  ( 4.862499999999998934, 8.422097051803667966, 4.400000000000000355 ) ) ;
#10340 = FACE_OUTER_BOUND ( 'NONE', #8575, .T. ) ;
#10341 = ORIENTED_EDGE ( 'NONE', *, *, #3160, .T. ) ;
#10342 = VERTEX_POINT ( 'NONE', #8460 ) ;
#10343 = VERTEX_POINT ( 'NONE', #7608 ) ;
#10344 = CARTESIAN_POINT ( 'NONE',  ( -67.39144887573405640, 81.83698076703245761, -3.804406303035026582 ) ) ;
#10345 = CARTESIAN_POINT ( 'NONE',  ( -94.81227469707442879, 76.84410589528943092, -2.400000000000000355 ) ) ;
#10346 = DIRECTION ( 'NONE',  ( 1.000000000000000000, 8.204814290039227012E-15, 0.000000000000000000 ) ) ;
#10347 = EDGE_CURVE ( 'NONE', #4331, #10563, #6686, .T. ) ;
#10348 = FACE_OUTER_BOUND ( 'NONE', #5662, .T. ) ;
#10349 = CARTESIAN_POINT ( 'NONE',  ( 11.01773293216644589, 78.84410499915246362, 0.09999999999999982514 ) ) ;
#10350 = CARTESIAN_POINT ( 'NONE',  ( -100.7758657286020707, 14.31906940894000613, -5.846449543715206865 ) ) ;
#10351 = DIRECTION ( 'NONE',  ( 0.000000000000000000, 0.000000000000000000, -1.000000000000000000 ) ) ;
#10352 = VERTEX_POINT ( 'NONE', #8650 ) ;
#10353 = LINE ( 'NONE', #6732, #7841 ) ;
#10354 = AXIS2_PLACEMENT_3D ( 'NONE', #1060, #2889, #8628 ) ;
#10355 = VERTEX_POINT ( 'NONE', #4862 ) ;
#10356 = LINE ( 'NONE', #1979, #6622 ) ;
#10357 = ORIENTED_EDGE ( 'NONE', *, *, #2542, .F. ) ;
#10358 = ORIENTED_EDGE ( 'NONE', *, *, #10976, .T. ) ;
#10359 = ORIENTED_EDGE ( 'NONE', *, *, #8561, .T. ) ;
#10360 = LINE ( 'NONE', #10420, #683 ) ;
#10361 = CARTESIAN_POINT ( 'NONE',  ( -23.06227899999998598, 22.99411099999999308, 4.400000000000000355 ) ) ;
#10362 = CARTESIAN_POINT ( 'NONE',  ( -41.11227899999998670, 23.29411099999999735, 7.100000000000059153 ) ) ;
#10363 = EDGE_CURVE ( 'NONE', #7627, #952, #11479, .T. ) ;
#10364 = DIRECTION ( 'NONE',  ( 1.000000000000000000, 0.000000000000000000, 0.000000000000000000 ) ) ;
#10365 = AXIS2_PLACEMENT_3D ( 'NONE', #8285, #903, #9267 ) ;
#10366 = CARTESIAN_POINT ( 'NONE',  ( -31.44421728453875886, 81.84926233103720961, -4.660680505185551326 ) ) ;
#10367 = ADVANCED_FACE ( 'NONE', ( #7670 ), #109, .F. ) ;
#10368 = CARTESIAN_POINT ( 'NONE',  ( 0.3327881061467792279, 85.17555732995283790, 3.822128067618726366 ) ) ;
#10369 = CARTESIAN_POINT ( 'NONE',  ( 15.58359082457477740, -1.465830875177938086, -1.900000000000000577 ) ) ;
#10370 = ORIENTED_EDGE ( 'NONE', *, *, #1525, .T. ) ;
#10371 = EDGE_LOOP ( 'NONE', ( #10551, #6283 ) ) ;
#10372 = DIRECTION ( 'NONE',  ( -0.9999999999999839018, 1.798198651385038809E-07, 0.000000000000000000 ) ) ;
#10373 = ORIENTED_EDGE ( 'NONE', *, *, #8301, .T. ) ;
#10374 = AXIS2_PLACEMENT_3D ( 'NONE', #10796, #2295, #5165 ) ;
#10375 = CARTESIAN_POINT ( 'NONE',  ( -119.9122790047357228, 12.29411797798554673, -1.900000000000000355 ) ) ;
#10376 = DIRECTION ( 'NONE',  ( -0.2588190399164174704, -0.9659258276786804043, 0.000000000000000000 ) ) ;
#10377 = CARTESIAN_POINT ( 'NONE',  ( -2.693571648019224440, 12.78459705180366335, 7.099999999999989875 ) ) ;
#10378 = EDGE_CURVE ( 'NONE', #4462, #7214, #8589, .T. ) ;
#10379 = LINE ( 'NONE', #303, #8861 ) ;
#10380 = LINE ( 'NONE', #2920, #3694 ) ;
#10381 = CIRCLE ( 'NONE', #6655, 214.8027930341397962 ) ;
#10382 = CARTESIAN_POINT ( 'NONE',  ( 19.14276943027668665, 47.27188566584292317, -5.846449543848276420 ) ) ;
#10383 = DIRECTION ( 'NONE',  ( 0.7071067811865523467, -2.102092927635701987E-08, 0.7071067811865424657 ) ) ;
#10384 = ORIENTED_EDGE ( 'NONE', *, *, #5051, .F. ) ;
#10385 = DIRECTION ( 'NONE',  ( -0.000000000000000000, -0.000000000000000000, -1.000000000000000000 ) ) ;
#10386 = ORIENTED_EDGE ( 'NONE', *, *, #4888, .T. ) ;
#10387 = CIRCLE ( 'NONE', #8234, 2.000000000000007994 ) ;
#10388 = ORIENTED_EDGE ( 'NONE', *, *, #11876, .T. ) ;
#10389 = ORIENTED_EDGE ( 'NONE', *, *, #1276, .F. ) ;
#10390 = CARTESIAN_POINT ( 'NONE',  ( -119.2225816475087186, 31.19623674881175646, -2.686416806089340081 ) ) ;
#10391 = EDGE_CURVE ( 'NONE', #3793, #1298, #1991, .T. ) ;
#10392 = CARTESIAN_POINT ( 'NONE',  ( -119.4891017592706675, 58.47350827951456154, -4.971197494144984574 ) ) ;
#10393 = CARTESIAN_POINT ( 'NONE',  ( -22.06227899999998954, 20.29411100000000090, 4.400000000000000355 ) ) ;
#10394 = VECTOR ( 'NONE', #6099, 1000.000000000000000 ) ;
#10395 = CARTESIAN_POINT ( 'NONE',  ( -21.47442657435883007, -2.542772471597000816, -3.339211667429257790 ) ) ;
#10396 = CARTESIAN_POINT ( 'NONE',  ( -34.81861526355650938, 81.81629280773456969, -6.186789390830439217 ) ) ;
#10397 = CARTESIAN_POINT ( 'NONE',  ( 3.420368254067676084, 89.51034791016537895, -1.900000000000000355 ) ) ;
#10398 = CARTESIAN_POINT ( 'NONE',  ( -61.45782314279001213, 81.14186833868102156, 5.399999999999998579 ) ) ;
#10399 = CARTESIAN_POINT ( 'NONE',  ( -79.81227900000004638, 22.98553808041251401, 5.399999999999998579 ) ) ;
#10400 = VERTEX_POINT ( 'NONE', #7546 ) ;
#10401 = VERTEX_POINT ( 'NONE', #3887 ) ;
#10402 = DIRECTION ( 'NONE',  ( -0.2588190399164183031, -0.9659258276786801822, 0.000000000000000000 ) ) ;
#10403 = VECTOR ( 'NONE', #350, 1000.000000000000000 ) ;
#10404 = ADVANCED_FACE ( 'NONE', ( #1081 ), #294, .T. ) ;
#10405 = DIRECTION ( 'NONE',  ( -2.646977960169688560E-23, 1.000000000000000000, 0.000000000000000000 ) ) ;
#10406 = DIRECTION ( 'NONE',  ( 0.000000000000000000, 1.000000000000000000, -0.000000000000000000 ) ) ;
#10407 = EDGE_CURVE ( 'NONE', #3000, #3584, #9509, .T. ) ;
#10408 = CARTESIAN_POINT ( 'NONE',  ( -31.43142950036545358, 81.84411100000002648, 0.5999999999999998668 ) ) ;
#10409 = CARTESIAN_POINT ( 'NONE',  ( 18.16772100000000378, 76.15268391958780114, -1.900000000000000355 ) ) ;
#10410 = DIRECTION ( 'NONE',  ( 0.9999999999999839018, -1.798198670589262016E-07, 3.043374519257555043E-16 ) ) ;
#10411 = CARTESIAN_POINT ( 'NONE',  ( -99.63347472111917114, 14.31331701771095943, -2.272870761041802190 ) ) ;
#10412 = DIRECTION ( 'NONE',  ( 0.000000000000000000, 1.000000000000000000, 0.000000000000000000 ) ) ;
#10413 = ORIENTED_EDGE ( 'NONE', *, *, #4498, .T. ) ;
#10414 = DIRECTION ( 'NONE',  ( 1.492741799624945840E-62, 0.000000000000000000, -1.000000000000000000 ) ) ;
#10415 = CIRCLE ( 'NONE', #671, 1.625000000000001332 ) ;
#10416 = CARTESIAN_POINT ( 'NONE',  ( -88.18727469707442879, 76.84410589528943092, -1.900000000000000577 ) ) ;
#10417 = ORIENTED_EDGE ( 'NONE', *, *, #3750, .T. ) ;
#10418 = ADVANCED_FACE ( 'NONE', ( #9385 ), #11414, .F. ) ;
#10419 = ORIENTED_EDGE ( 'NONE', *, *, #1709, .T. ) ;
#10420 = CARTESIAN_POINT ( 'NONE',  ( -50.66227899999999806, 19.69411099999998171, 7.099999999999989875 ) ) ;
#10421 = DIRECTION ( 'NONE',  ( -0.000000000000000000, -0.000000000000000000, -1.000000000000000000 ) ) ;
#10422 = DIRECTION ( 'NONE',  ( -0.9999999999998941957, 4.600815823238228621E-07, 0.000000000000000000 ) ) ;
#10423 = DIRECTION ( 'NONE',  ( -1.000000000000000000, 0.000000000000000000, 0.000000000000000000 ) ) ;
#10424 = CIRCLE ( 'NONE', #11210, 1.899999999999999467 ) ;
#10425 = CARTESIAN_POINT ( 'NONE',  ( -17.66226043005733715, 81.84410925728559505, -2.400000000000000355 ) ) ;
#10426 = DIRECTION ( 'NONE',  ( -0.9914448441888145114, 0.1305263227529890879, 0.000000000000000000 ) ) ;
#10427 = CARTESIAN_POINT ( 'NONE',  ( 1.467733862929055055, 84.02018910072324331, 3.399999999999993250 ) ) ;
#10428 = DIRECTION ( 'NONE',  ( 1.000000000000000000, 0.000000000000000000, 0.000000000000000000 ) ) ;
#10429 = EDGE_LOOP ( 'NONE', ( #2942, #11693, #9129, #6797, #9860, #8091, #7899, #6107, #4285 ) ) ;
#10430 = AXIS2_PLACEMENT_3D ( 'NONE', #6380, #9076, #9199 ) ;
#10431 = CARTESIAN_POINT ( 'NONE',  ( -92.23727469707439752, 76.84410589528943092, -1.900000000000000355 ) ) ;
#10432 = ORIENTED_EDGE ( 'NONE', *, *, #8831, .F. ) ;
#10433 = ADVANCED_FACE ( 'NONE', ( #11289 ), #3031, .F. ) ;
#10434 = VECTOR ( 'NONE', #3836, 1000.000000000000000 ) ;
#10435 = EDGE_CURVE ( 'NONE', #6451, #6357, #3153, .T. ) ;
#10436 = CARTESIAN_POINT ( 'NONE',  ( 3.420366156245672862, 77.84410636530978422, -1.900000000000000355 ) ) ;
#10437 = DIRECTION ( 'NONE',  ( 0.000000000000000000, 0.000000000000000000, 1.000000000000000000 ) ) ;
#10438 = CARTESIAN_POINT ( 'NONE',  ( -33.43142950036545358, 81.84411100000002648, -4.400000000000000355 ) ) ;
#10439 = CARTESIAN_POINT ( 'NONE',  ( -8.422097051803664414, 4.862499999999999822, 7.099999999999989875 ) ) ;
#10440 = FACE_OUTER_BOUND ( 'NONE', #8183, .T. ) ;
#10441 = FACE_OUTER_BOUND ( 'NONE', #3445, .T. ) ;
#10442 = AXIS2_PLACEMENT_3D ( 'NONE', #10109, #6127, #822 ) ;
#10443 = VECTOR ( 'NONE', #11260, 1000.000000000000000 ) ;
#10444 = CARTESIAN_POINT ( 'NONE',  ( 19.13224870690607915, 46.94548956206062940, -3.293894456394887094 ) ) ;
#10445 = CARTESIAN_POINT ( 'NONE',  ( -20.97879405040011136, -2.599234054440653807, -3.171301069026906561 ) ) ;
#10446 = ORIENTED_EDGE ( 'NONE', *, *, #9574, .T. ) ;
#10447 = EDGE_CURVE ( 'NONE', #431, #4569, #1263, .T. ) ;
#10448 = LINE ( 'NONE', #7808, #8149 ) ;
#10449 = VECTOR ( 'NONE', #8412, 1000.000000000000000 ) ;
#10450 = ORIENTED_EDGE ( 'NONE', *, *, #2647, .F. ) ;
#10451 = AXIS2_PLACEMENT_3D ( 'NONE', #6691, #6453, #235 ) ;
#10452 = VERTEX_POINT ( 'NONE', #354 ) ;
#10453 = DIRECTION ( 'NONE',  ( -1.288939666242958913E-07, -0.9999999999999916733, 0.000000000000000000 ) ) ;
#10454 = CARTESIAN_POINT ( 'NONE',  ( -119.4364648497080310, 59.66470120652153497, -3.339211667514504267 ) ) ;
#10455 = CIRCLE ( 'NONE', #8302, 0.3000000000000016542 ) ;
#10456 = CARTESIAN_POINT ( 'NONE',  ( -21.11879751507319014, -2.530518947465465907, -2.686416805984659817 ) ) ;
#10457 = CARTESIAN_POINT ( 'NONE',  ( -33.51302554070683470, 82.05421446603892832, -4.314918150661483764 ) ) ;
#10458 = CARTESIAN_POINT ( 'NONE',  ( 18.16772100000000378, 18.98547018669192354, -4.400000000000000355 ) ) ;
#10459 = EDGE_CURVE ( 'NONE', #10099, #99, #4744, .T. ) ;
#10460 = CARTESIAN_POINT ( 'NONE',  ( -79.81087966572216885, 23.04265905621959121, 5.399999999999998579 ) ) ;
#10461 = DIRECTION ( 'NONE',  ( -0.000000000000000000, 0.000000000000000000, 1.000000000000000000 ) ) ;
#10462 = ORIENTED_EDGE ( 'NONE', *, *, #4839, .F. ) ;
#10463 = ORIENTED_EDGE ( 'NONE', *, *, #1206, .T. ) ;
#10464 = CIRCLE ( 'NONE', #10075, 1.299999999999967848 ) ;
#10465 = CYLINDRICAL_SURFACE ( 'NONE', #11585, 1.999999999999994893 ) ;
#10466 = CARTESIAN_POINT ( 'NONE',  ( -69.51302554072671569, 81.93016267642062189, -5.846449542710238312 ) ) ;
#10467 = DIRECTION ( 'NONE',  ( 1.000000000000000000, 1.273190734878014299E-16, 0.000000000000000000 ) ) ;
#10468 = DIRECTION ( 'NONE',  ( 0.000000000000000000, 0.000000000000000000, -1.000000000000000000 ) ) ;
#10469 = CYLINDRICAL_SURFACE ( 'NONE', #533, 1.697767288277062914 ) ;
#10470 = CARTESIAN_POINT ( 'NONE',  ( 2.939168329610159613, -10.97058647013408894, 7.399999999999998579 ) ) ;
#10471 = LINE ( 'NONE', #7712, #10141 ) ;
#10472 = CARTESIAN_POINT ( 'NONE',  ( -49.66227902055459964, 2.244117980299764170, 7.399999999999998579 ) ) ;
#10473 = VECTOR ( 'NONE', #633, 1000.000000000000000 ) ;
#10474 = VERTEX_POINT ( 'NONE', #7789 ) ;
#10475 = CARTESIAN_POINT ( 'NONE',  ( 15.06542870958806724, 80.59050446905456511, 3.366621409506478368 ) ) ;
#10476 = EDGE_CURVE ( 'NONE', #10352, #9888, #2081, .T. ) ;
#10477 = ADVANCED_FACE ( 'NONE', ( #6081 ), #11607, .F. ) ;
#10478 = LINE ( 'NONE', #11403, #2504 ) ;
#10479 = CARTESIAN_POINT ( 'NONE',  ( -9.060685030232763282, 14.34880972322573633, 7.099999999999989875 ) ) ;
#10480 = ORIENTED_EDGE ( 'NONE', *, *, #8259, .F. ) ;
#10481 = ORIENTED_EDGE ( 'NONE', *, *, #550, .T. ) ;
#10482 = CARTESIAN_POINT ( 'NONE',  ( -22.06227899999998954, 21.29411100000000090, 7.100000000000059153 ) ) ;
#10483 = DIRECTION ( 'NONE',  ( 0.000000000000000000, -0.000000000000000000, -1.000000000000000000 ) ) ;
#10484 = DIRECTION ( 'NONE',  ( 0.9238794774093685991, -0.3826835653928608028, 0.000000000000000000 ) ) ;
#10485 = VECTOR ( 'NONE', #3272, 1000.000000000000000 ) ;
#10486 = CARTESIAN_POINT ( 'NONE',  ( 5.317732932166536308, 78.84410602412569347, -1.800000000000000933 ) ) ;
#10487 = CARTESIAN_POINT ( 'NONE',  ( 0.8677187544297788602, -1.560330710661023431E-07, -1.900000000000000355 ) ) ;
#10488 = CARTESIAN_POINT ( 'NONE',  ( -18.53678797901153175, 4.966917262572588143, -1.900000000000000355 ) ) ;
#10489 = DIRECTION ( 'NONE',  ( 1.000000000000000000, 0.000000000000000000, 0.000000000000000000 ) ) ;
#10490 = VERTEX_POINT ( 'NONE', #9013 ) ;
#10491 = EDGE_CURVE ( 'NONE', #4344, #11825, #6136, .T. ) ;
#10492 = ORIENTED_EDGE ( 'NONE', *, *, #1884, .T. ) ;
#10493 = VECTOR ( 'NONE', #11513, 1000.000000000000000 ) ;
#10494 = DIRECTION ( 'NONE',  ( 1.000000000000000000, 0.000000000000000000, 0.000000000000000000 ) ) ;
#10495 = DIRECTION ( 'NONE',  ( 0.000000000000000000, -1.000000000000000000, 0.000000000000000000 ) ) ;
#10496 = DIRECTION ( 'NONE',  ( -0.000000000000000000, 0.000000000000000000, 1.000000000000000000 ) ) ;
#10497 = DIRECTION ( 'NONE',  ( 0.000000000000000000, -0.000000000000000000, -1.000000000000000000 ) ) ;
#10498 = FACE_OUTER_BOUND ( 'NONE', #566, .T. ) ;
#10499 = CARTESIAN_POINT ( 'NONE',  ( -79.51228598030135686, 22.99411099999999664, 7.100000000000059153 ) ) ;
#10500 = CIRCLE ( 'NONE', #11697, 1.000000000000000888 ) ;
#10501 = EDGE_CURVE ( 'NONE', #7925, #7397, #6863, .T. ) ;
#10502 = CARTESIAN_POINT ( 'NONE',  ( 19.30461069455765966, 47.92467787340755336, -4.485088767641717489 ) ) ;
#10503 = CARTESIAN_POINT ( 'NONE',  ( 0.8677339247136525158, 84.36378078824772331, 2.799999999999989164 ) ) ;
#10504 = VERTEX_POINT ( 'NONE', #653 ) ;
#10505 = VECTOR ( 'NONE', #10990, 1000.000000000000000 ) ;
#10506 = PLANE ( 'NONE',  #2438 ) ;
#10507 = DIRECTION ( 'NONE',  ( 0.9999999999761979286, -6.899580080555520343E-06, 0.000000000000000000 ) ) ;
#10508 = EDGE_LOOP ( 'NONE', ( #8943, #11158 ) ) ;
#10509 = VERTEX_POINT ( 'NONE', #8891 ) ;
#10510 = DIRECTION ( 'NONE',  ( -0.2588190399164182476, -0.9659258276786801822, 0.000000000000000000 ) ) ;
#10511 = CARTESIAN_POINT ( 'NONE',  ( -119.3912007692104140, 60.17521305394346598, -3.339211667514503823 ) ) ;
#10512 = CARTESIAN_POINT ( 'NONE',  ( 19.30461124986393173, 18.04625851918304136, -4.485088767640433183 ) ) ;
#10513 = ADVANCED_FACE ( 'NONE', ( #6928 ), #10679, .F. ) ;
#10514 = EDGE_CURVE ( 'NONE', #310, #10401, #534, .T. ) ;
#10515 = VECTOR ( 'NONE', #5592, 1000.000000000000000 ) ;
#10516 = AXIS2_PLACEMENT_3D ( 'NONE', #4864, #8591, #358 ) ;
#10517 = CARTESIAN_POINT ( 'NONE',  ( -23.93921983671356912, -1.879185283427845965, -3.828807813780413571 ) ) ;
#10518 = CARTESIAN_POINT ( 'NONE',  ( -33.51302554070683470, 81.93016307208191051, -2.953553223573229580 ) ) ;
#10519 = DIRECTION ( 'NONE',  ( 0.9659258276786804043, -0.2588190399164175814, 0.000000000000000000 ) ) ;
#10520 = FACE_OUTER_BOUND ( 'NONE', #3740, .T. ) ;
#10521 = CARTESIAN_POINT ( 'NONE',  ( -70.31839698019473417, 81.84922870884668100, -6.197352947779856791 ) ) ;
#10522 = ORIENTED_EDGE ( 'NONE', *, *, #5093, .F. ) ;
#10523 = ORIENTED_EDGE ( 'NONE', *, *, #3946, .F. ) ;
#10524 = CIRCLE ( 'NONE', #7003, 0.2999999999999947153 ) ;
#10525 = FACE_OUTER_BOUND ( 'NONE', #2743, .T. ) ;
#10526 = CARTESIAN_POINT ( 'NONE',  ( -68.86023200622652496, 81.82491178127534681, -6.527129238957629198 ) ) ;
#10527 = CARTESIAN_POINT ( 'NONE',  ( -85.61227469707438331, 76.84410589528943092, -2.400000000000000355 ) ) ;
#10528 = CARTESIAN_POINT ( 'NONE',  ( -70.41228330292589987, 19.29411698796796415, -2.400000000000000355 ) ) ;
#10529 = PLANE ( 'NONE',  #1506 ) ;
#10530 = EDGE_CURVE ( 'NONE', #9103, #7547, #2414, .T. ) ;
#10531 = LINE ( 'NONE', #396, #11934 ) ;
#10532 = PLANE ( 'NONE',  #7787 ) ;
#10533 = DIRECTION ( 'NONE',  ( 1.492741799624945840E-62, 0.000000000000000000, -1.000000000000000000 ) ) ;
#10534 = AXIS2_PLACEMENT_3D ( 'NONE', #10728, #6013, #6977 ) ;
#10535 = ORIENTED_EDGE ( 'NONE', *, *, #469, .F. ) ;
#10536 = CARTESIAN_POINT ( 'NONE',  ( 14.98033837864626250, 80.65687670134077791, 3.389344947465766200 ) ) ;
#10537 = ORIENTED_EDGE ( 'NONE', *, *, #2895, .F. ) ;
#10538 = CARTESIAN_POINT ( 'NONE',  ( -10.63726043005729416, 81.84410925728559505, -1.900000000000000577 ) ) ;
#10539 = ORIENTED_EDGE ( 'NONE', *, *, #5805, .F. ) ;
#10540 = ORIENTED_EDGE ( 'NONE', *, *, #4133, .F. ) ;
#10541 = CARTESIAN_POINT ( 'NONE',  ( -9.060685030232763282, 14.34880972322573633, 4.400000000000000355 ) ) ;
#10542 = CARTESIAN_POINT ( 'NONE',  ( -60.16005585450886883, 85.84411115030172823, 7.100000000000059153 ) ) ;
#10543 = DIRECTION ( 'NONE',  ( 0.000000000000000000, 0.000000000000000000, -1.000000000000000000 ) ) ;
#10544 = CARTESIAN_POINT ( 'NONE',  ( -4.612279000000576445, 78.14410780973889814, 7.399999999999998579 ) ) ;
#10545 = DIRECTION ( 'NONE',  ( 1.000000000000000000, 0.000000000000000000, 0.000000000000000000 ) ) ;
#10546 = EDGE_CURVE ( 'NONE', #3323, #1552, #9754, .T. ) ;
#10547 = DIRECTION ( 'NONE',  ( -1.798198670589261751E-07, -0.9999999999999839018, 0.000000000000000000 ) ) ;
#10548 = CARTESIAN_POINT ( 'NONE',  ( 1.225732166089384734, 84.99142536618039401, 4.410180079733601488 ) ) ;
#10549 = CIRCLE ( 'NONE', #3126, 1.999999999999994893 ) ;
#10550 = CARTESIAN_POINT ( 'NONE',  ( -42.71227739747914143, 86.14410401969519171, 7.399999999999998579 ) ) ;
#10551 = ORIENTED_EDGE ( 'NONE', *, *, #6787, .T. ) ;
#10552 = EDGE_LOOP ( 'NONE', ( #2498, #10359, #6836, #4616 ) ) ;
#10553 = ORIENTED_EDGE ( 'NONE', *, *, #3785, .T. ) ;
#10554 = AXIS2_PLACEMENT_3D ( 'NONE', #3500, #7089, #6175 ) ;
#10555 = LINE ( 'NONE', #5172, #6149 ) ;
#10556 = CARTESIAN_POINT ( 'NONE',  ( 19.16772100000000734, 50.98547018669193420, -1.900000000000000355 ) ) ;
#10557 = EDGE_CURVE ( 'NONE', #8419, #8074, #8085, .T. ) ;
#10558 = EDGE_CURVE ( 'NONE', #9103, #11312, #7026, .T. ) ;
#10559 = CARTESIAN_POINT ( 'NONE',  ( -40.39384565921501036, -1.755885432175285921, -1.900000000000000355 ) ) ;
#10560 = CARTESIAN_POINT ( 'NONE',  ( 19.10164154355435784, 47.59828176962523827, -2.272870761040460152 ) ) ;
#10561 = VECTOR ( 'NONE', #3557, 1000.000000000000114 ) ;
#10562 = CARTESIAN_POINT ( 'NONE',  ( -23.79957987296323196, -1.843400901959139748, -2.892531371176464638 ) ) ;
#10563 = VERTEX_POINT ( 'NONE', #2769 ) ;
#10564 = ORIENTED_EDGE ( 'NONE', *, *, #8017, .T. ) ;
#10565 = PLANE ( 'NONE',  #9326 ) ;
#10566 = EDGE_CURVE ( 'NONE', #7368, #8987, #10972, .T. ) ;
#10567 = DIRECTION ( 'NONE',  ( -0.000000000000000000, 0.000000000000000000, 1.000000000000000000 ) ) ;
#10568 = ORIENTED_EDGE ( 'NONE', *, *, #3077, .F. ) ;
#10569 = DIRECTION ( 'NONE',  ( 1.000000000000000000, 0.000000000000000000, 0.000000000000000000 ) ) ;
#10570 = VECTOR ( 'NONE', #5460, 1000.000000000000000 ) ;
#10571 = CARTESIAN_POINT ( 'NONE',  ( -119.3601023192768196, 58.98401874329225336, -2.686416806089064302 ) ) ;
#10572 = CARTESIAN_POINT ( 'NONE',  ( 19.20572189717120892, 17.06706622704304266, -2.613211992824872265 ) ) ;
#10573 = CARTESIAN_POINT ( 'NONE',  ( -22.49460765383082617, -2.405218161927013654, -4.481602675005754044 ) ) ;
#10574 = DIRECTION ( 'NONE',  ( 0.000000000000000000, -0.000000000000000000, -1.000000000000000000 ) ) ;
#10575 = DIRECTION ( 'NONE',  ( 1.000000000000000000, 0.000000000000000000, 0.000000000000000000 ) ) ;
#10576 = AXIS2_PLACEMENT_3D ( 'NONE', #1857, #1797, #5403 ) ;
#10577 = DIRECTION ( 'NONE',  ( 1.000000000000000000, 0.000000000000000000, 0.000000000000000000 ) ) ;
#10578 = CARTESIAN_POINT ( 'NONE',  ( -71.17940012247969150, 81.84922345798297272, -5.406220320521867073 ) ) ;
#10579 = VERTEX_POINT ( 'NONE', #5401 ) ;
#10580 = EDGE_CURVE ( 'NONE', #4383, #8821, #11969, .T. ) ;
#10581 = ORIENTED_EDGE ( 'NONE', *, *, #10363, .F. ) ;
#10582 = EDGE_CURVE ( 'NONE', #7424, #341, #8218, .T. ) ;
#10583 = LINE ( 'NONE', #4038, #5706 ) ;
#10584 = CARTESIAN_POINT ( 'NONE',  ( -68.37063718708466808, 81.84295511634282150, -2.613211991846879023 ) ) ;
#10585 = DIRECTION ( 'NONE',  ( -0.9999999999999995559, 2.972808245359312093E-08, 0.000000000000000000 ) ) ;
#10586 = FACE_OUTER_BOUND ( 'NONE', #3722, .T. ) ;
#10587 = AXIS2_PLACEMENT_3D ( 'NONE', #11571, #8800, #6051 ) ;
#10588 = DIRECTION ( 'NONE',  ( -1.000000000000000000, 0.000000000000000000, 0.000000000000000000 ) ) ;
#10589 = CARTESIAN_POINT ( 'NONE',  ( 11.01773293216644589, 78.84410499915246362, 0.09999999999999982514 ) ) ;
#10590 = CARTESIAN_POINT ( 'NONE',  ( -67.49481618432240282, 81.84923464247280833, -4.916232099582887649 ) ) ;
#10591 = LINE ( 'NONE', #6066, #7631 ) ;
#10592 = FILL_AREA_STYLE ('',( #1376 ) ) ;
#10593 = ORIENTED_EDGE ( 'NONE', *, *, #4960, .F. ) ;
#10594 = CARTESIAN_POINT ( 'NONE',  ( 15.05206012594523557, 80.60095537375046604, 3.371066898057168526 ) ) ;
#10595 = CARTESIAN_POINT ( 'NONE',  ( 15.46773318905265526, 80.27267983485982938, -1.900000000000000577 ) ) ;
#10596 = ORIENTED_EDGE ( 'NONE', *, *, #2607, .T. ) ;
#10597 = ORIENTED_EDGE ( 'NONE', *, *, #1742, .T. ) ;
#10598 = LINE ( 'NONE', #281, #1544 ) ;
#10599 = VERTEX_POINT ( 'NONE', #2713 ) ;
#10600 = DIRECTION ( 'NONE',  ( -1.000000000000000000, 0.000000000000000000, 0.000000000000000000 ) ) ;
#10601 = CIRCLE ( 'NONE', #9617, 0.2977672882890324280 ) ;
#10602 = ORIENTED_EDGE ( 'NONE', *, *, #5541, .T. ) ;
#10603 = ADVANCED_FACE ( 'NONE', ( #10114 ), #10053, .T. ) ;
#10604 = VERTEX_POINT ( 'NONE', #711 ) ;
#10605 = CYLINDRICAL_SURFACE ( 'NONE', #3802, 2.000000000000001776 ) ;
#10606 = CARTESIAN_POINT ( 'NONE',  ( 15.22923283018288210, 80.46188620433979111, 3.279269303702289307 ) ) ;
#10607 = PLANE ( 'NONE',  #8648 ) ;
#10608 = DIRECTION ( 'NONE',  ( 1.000000000000000000, 0.000000000000000000, 0.000000000000000000 ) ) ;
#10609 = CARTESIAN_POINT ( 'NONE',  ( -23.36227899999999025, 22.99411099999999308, 4.400000000000000355 ) ) ;
#10610 = LINE ( 'NONE', #4310, #6793 ) ;
#10611 = CARTESIAN_POINT ( 'NONE',  ( 19.17283877214863708, 16.09900256493870785, -6.197605764689816610 ) ) ;
#10612 = VERTEX_POINT ( 'NONE', #10917 ) ;
#10613 = ORIENTED_EDGE ( 'NONE', *, *, #1524, .T. ) ;
#10614 = CARTESIAN_POINT ( 'NONE',  ( -22.36227900000000091, 78.14411099999999522, 4.400000000000000355 ) ) ;
#10615 = ORIENTED_EDGE ( 'NONE', *, *, #5636, .T. ) ;
#10616 = EDGE_CURVE ( 'NONE', #1565, #9036, #7616, .T. ) ;
#10617 = AXIS2_PLACEMENT_3D ( 'NONE', #1970, #8382, #6428 ) ;
#10618 = CARTESIAN_POINT ( 'NONE',  ( -52.26227900109224578, -0.3558820217042309442, 7.399999999999998579 ) ) ;
#10619 = DIRECTION ( 'NONE',  ( -0.000000000000000000, 0.000000000000000000, 1.000000000000000000 ) ) ;
#10620 = PLANE ( 'NONE',  #902 ) ;
#10621 = CARTESIAN_POINT ( 'NONE',  ( -79.21227201969415432, 79.84411100000001227, 5.399999999999998579 ) ) ;
#10622 = CARTESIAN_POINT ( 'NONE',  ( -6.810036434708690578, -10.76178768431326560, 6.400000000000025224 ) ) ;
#10623 = CARTESIAN_POINT ( 'NONE',  ( -97.67509411766214100, 14.28642802017782643, -5.846449543715206865 ) ) ;
#10624 = CARTESIAN_POINT ( 'NONE',  ( 19.30461077097769618, 47.92467787340756047, -4.314918151749314923 ) ) ;
#10625 = CARTESIAN_POINT ( 'NONE',  ( 19.16843416615926188, 14.94548956207215262, -4.314918151748109665 ) ) ;
#10626 = CONICAL_SURFACE ( 'NONE', #1062, 0.2999999999999669598, 0.7853981633974945753 ) ;
#10627 = AXIS2_PLACEMENT_3D ( 'NONE', #3481, #2559, #6273 ) ;
#10628 = CARTESIAN_POINT ( 'NONE',  ( -22.26937110155501642, -2.253388181635041843, -2.413134942904991309 ) ) ;
#10629 = ORIENTED_EDGE ( 'NONE', *, *, #10677, .T. ) ;
#10630 = ORIENTED_EDGE ( 'NONE', *, *, #6319, .T. ) ;
#10631 = ADVANCED_FACE ( 'NONE', ( #3987 ), #11398, .F. ) ;
#10632 = EDGE_CURVE ( 'NONE', #1860, #2720, #9812, .T. ) ;
#10633 = CARTESIAN_POINT ( 'NONE',  ( -53.30246461491072552, 23.29196037236716776, -1.900000000000000355 ) ) ;
#10634 = FACE_OUTER_BOUND ( 'NONE', #6010, .T. ) ;
#10635 = VECTOR ( 'NONE', #8138, 1000.000000000000114 ) ;
#10636 = CARTESIAN_POINT ( 'NONE',  ( -8.094759202554083544, 14.08999068330932225, 4.400000000000000355 ) ) ;
#10637 = CIRCLE ( 'NONE', #7893, 1.000000000000000888 ) ;
#10638 = CARTESIAN_POINT ( 'NONE',  ( -119.3051413856959613, 58.47350827951455443, -6.439980624619756178 ) ) ;
#10639 = LINE ( 'NONE', #2319, #10323 ) ;
#10640 = CARTESIAN_POINT ( 'NONE',  ( -22.62862566861116420, -2.247891429492547388, -5.787188417025191711 ) ) ;
#10641 = AXIS2_PLACEMENT_3D ( 'NONE', #8339, #10239, #1134 ) ;
#10642 = CARTESIAN_POINT ( 'NONE',  ( 0.2955378950677253758, 22.59077866104583165, 4.400000000000000355 ) ) ;
#10643 = VECTOR ( 'NONE', #11699, 1000.000000000000114 ) ;
#10644 = CARTESIAN_POINT ( 'NONE',  ( -41.11227899999998670, 22.99411100000002506, 7.399999999999998579 ) ) ;
#10645 = DIRECTION ( 'NONE',  ( -0.000000000000000000, -0.000000000000000000, -1.000000000000000000 ) ) ;
#10646 = CARTESIAN_POINT ( 'NONE',  ( -70.75364285008603815, 81.84929606358052467, -5.906246592073126855 ) ) ;
#10647 = ORIENTED_EDGE ( 'NONE', *, *, #1289, .T. ) ;
#10648 = ORIENTED_EDGE ( 'NONE', *, *, #4559, .T. ) ;
#10649 = ORIENTED_EDGE ( 'NONE', *, *, #8394, .F. ) ;
#10650 = LINE ( 'NONE', #145, #9029 ) ;
#10651 = CARTESIAN_POINT ( 'NONE',  ( -68.04424108330115928, 81.92589970062721250, -3.804406303035026582 ) ) ;
#10652 = CARTESIAN_POINT ( 'NONE',  ( 11.01773485016858345, 89.51034654400793045, 0.09999999999999982514 ) ) ;
#10653 = FACE_OUTER_BOUND ( 'NONE', #716, .T. ) ;
#10654 = AXIS2_PLACEMENT_3D ( 'NONE', #2111, #105, #10364 ) ;
#10655 = CIRCLE ( 'NONE', #11843, 0.2999999999999981570 ) ;
#10656 = DIRECTION ( 'NONE',  ( 0.000000000000000000, -1.000000000000000000, -1.982541115402065702E-15 ) ) ;
#10657 = CARTESIAN_POINT ( 'NONE',  ( -50.96227850179979413, 19.69411100891840505, 7.399999999999998579 ) ) ;
#10658 = CARTESIAN_POINT ( 'NONE',  ( -68.78703797768918093, 81.84921031013514892, -2.502179371781107609 ) ) ;
#10659 = ADVANCED_FACE ( 'NONE', ( #4904 ), #1126, .F. ) ;
#10660 = EDGE_CURVE ( 'NONE', #599, #7864, #9429, .T. ) ;
#10661 = FACE_OUTER_BOUND ( 'NONE', #4493, .T. ) ;
#10662 = PRODUCT_CONTEXT ( 'NONE', #1947, 'mechanical' ) ;
#10663 = ORIENTED_EDGE ( 'NONE', *, *, #4485, .T. ) ;
#10664 = DIRECTION ( 'NONE',  ( 1.000000000000000000, 0.000000000000000000, 0.000000000000000000 ) ) ;
#10665 = ORIENTED_EDGE ( 'NONE', *, *, #549, .T. ) ;
#10666 = EDGE_LOOP ( 'NONE', ( #3888, #4720, #7959, #1728 ) ) ;
#10667 = CONICAL_SURFACE ( 'NONE', #8499, 1.900000000000000133, 0.7853981633974653764 ) ;
#10668 = ORIENTED_EDGE ( 'NONE', *, *, #6237, .F. ) ;
#10669 = CYLINDRICAL_SURFACE ( 'NONE', #10534, 2.000000000000001776 ) ;
#10670 = ORIENTED_EDGE ( 'NONE', *, *, #7401, .F. ) ;
#10671 = DIRECTION ( 'NONE',  ( 0.8660254062730192715, -0.4999999956896519215, 0.000000000000000000 ) ) ;
#10672 = LINE ( 'NONE', #2288, #1889 ) ;
#10673 = FACE_OUTER_BOUND ( 'NONE', #2189, .T. ) ;
#10674 = CARTESIAN_POINT ( 'NONE',  ( -60.46227900000000233, 28.29411099999999735, 7.100000000000059153 ) ) ;
#10675 = DIRECTION ( 'NONE',  ( 0.000000000000000000, 0.000000000000000000, -1.000000000000000000 ) ) ;
#10676 = AXIS2_PLACEMENT_3D ( 'NONE', #7918, #6202, #5969 ) ;
#10677 = EDGE_CURVE ( 'NONE', #6824, #758, #9980, .T. ) ;
#10678 = EDGE_CURVE ( 'NONE', #2984, #8254, #4121, .T. ) ;
#10679 = CYLINDRICAL_SURFACE ( 'NONE', #10374, 1.000000000000000000 ) ;
#10680 = ORIENTED_EDGE ( 'NONE', *, *, #1805, .F. ) ;
#10681 = ORIENTED_EDGE ( 'NONE', *, *, #4254, .T. ) ;
#10682 = PLANE ( 'NONE',  #5841 ) ;
#10683 = VERTEX_POINT ( 'NONE', #8632 ) ;
#10684 = AXIS2_PLACEMENT_3D ( 'NONE', #7347, #3690, #2765 ) ;
#10685 = DIRECTION ( 'NONE',  ( -0.000000000000000000, -0.000000000000000000, -1.000000000000000000 ) ) ;
#10686 = CARTESIAN_POINT ( 'NONE',  ( -79.81228598030135402, 16.29411100000000090, 7.100000000000059153 ) ) ;
#10687 = CARTESIAN_POINT ( 'NONE',  ( -118.3122720196896722, 0.000000000000000000, 7.100000000000059153 ) ) ;
#10688 = DIRECTION ( 'NONE',  ( 0.7071067811865148212, -2.886199372580347017E-15, 0.7071067811865802133 ) ) ;
#10689 = DIRECTION ( 'NONE',  ( 1.000000000000000000, 0.000000000000000000, 0.000000000000000000 ) ) ;
#10690 = CARTESIAN_POINT ( 'NONE',  ( -97.34869801388583710, 14.24628787069679881, -4.485088767559852307 ) ) ;
#10691 = EDGE_CURVE ( 'NONE', #1565, #11342, #93, .T. ) ;
#10692 = CARTESIAN_POINT ( 'NONE',  ( 19.30071188146335714, 49.06706622704539456, -3.293894456394887094 ) ) ;
#10693 = AXIS2_PLACEMENT_3D ( 'NONE', #8502, #7460, #1119 ) ;
#10694 = ORIENTED_EDGE ( 'NONE', *, *, #1894, .T. ) ;
#10695 = ORIENTED_EDGE ( 'NONE', *, *, #2334, .F. ) ;
#10696 = ORIENTED_EDGE ( 'NONE', *, *, #4541, .T. ) ;
#10697 = DIRECTION ( 'NONE',  ( 0.000000000000000000, 0.7071067811865721087, 0.7071067811865230368 ) ) ;
#10698 = DIRECTION ( 'NONE',  ( -0.7071067811865298092, 0.000000000000000000, -0.7071067811865651143 ) ) ;
#10699 = AXIS2_PLACEMENT_3D ( 'NONE', #2527, #5327, #4416 ) ;
#10700 = FACE_OUTER_BOUND ( 'NONE', #5870, .T. ) ;
#10701 = CARTESIAN_POINT ( 'NONE',  ( -119.3418139655570371, 60.85589551717273338, -3.828807813583582131 ) ) ;
#10702 = ADVANCED_FACE ( 'NONE', ( #8570 ), #4966, .T. ) ;
#10703 = CARTESIAN_POINT ( 'NONE',  ( -23.62218482817356247, -2.010972067253746776, -4.971197494260895411 ) ) ;
#10704 = VECTOR ( 'NONE', #2624, 1000.000000000000000 ) ;
#10705 = CARTESIAN_POINT ( 'NONE',  ( -118.6122720196896410, 0.000000000000000000, 7.399999999999998579 ) ) ;
#10706 = CARTESIAN_POINT ( 'NONE',  ( -22.35370608041266749, 77.84411100000002648, -1.900000000000000355 ) ) ;
#10707 = CARTESIAN_POINT ( 'NONE',  ( -41.71227819873822540, 81.14188785450703278, 4.400000000000000355 ) ) ;
#10708 = ORIENTED_EDGE ( 'NONE', *, *, #12064, .F. ) ;
#10709 = ORIENTED_EDGE ( 'NONE', *, *, #5146, .T. ) ;
#10710 = CARTESIAN_POINT ( 'NONE',  ( -22.36227900000003643, 78.14411099999999522, 7.399999999999998579 ) ) ;
#10711 = CARTESIAN_POINT ( 'NONE',  ( -119.4364638934115703, 28.47350827803907336, -5.460792313283851840 ) ) ;
#10712 = CARTESIAN_POINT ( 'NONE',  ( -68.37063718708466808, 81.96830331992006791, -3.804406303035026582 ) ) ;
#10713 = VECTOR ( 'NONE', #2404, 1000.000000000000000 ) ;
#10714 = CARTESIAN_POINT ( 'NONE',  ( -61.76227900000000659, 22.99411100000003216, 7.399999999999998579 ) ) ;
#10715 = DIRECTION ( 'NONE',  ( 1.000000000000000000, 0.000000000000000000, 0.000000000000000000 ) ) ;
#10716 = VECTOR ( 'NONE', #9236, 1000.000000000000000 ) ;
#10717 = CARTESIAN_POINT ( 'NONE',  ( -97.47233063447782797, 14.28895165768791919, -5.620313964451044697 ) ) ;
#10718 = EDGE_CURVE ( 'NONE', #6071, #10739, #2100, .T. ) ;
#10719 = ADVANCED_FACE ( 'NONE', ( #32 ), #5823, .F. ) ;
#10720 = DIRECTION ( 'NONE',  ( -1.000000000000000000, -1.018552587902411439E-15, 0.000000000000000000 ) ) ;
#10721 = CARTESIAN_POINT ( 'NONE',  ( -68.91347101636425521, 81.84922040096029150, -2.463771160163764851 ) ) ;
#10722 = CARTESIAN_POINT ( 'NONE',  ( 19.16772100000002865, 39.98547018669192710, 1.699999999999993516 ) ) ;
#10723 = ORIENTED_EDGE ( 'NONE', *, *, #11728, .F. ) ;
#10724 = DIRECTION ( 'NONE',  ( 1.000000000000000000, 0.000000000000000000, 0.000000000000000000 ) ) ;
#10725 = VECTOR ( 'NONE', #6009, 1000.000000000000000 ) ;
#10726 = CIRCLE ( 'NONE', #10919, 1.299999999999967848 ) ;
#10727 = ORIENTED_EDGE ( 'NONE', *, *, #4736, .T. ) ;
#10728 = CARTESIAN_POINT ( 'NONE',  ( -33.43142950036545358, 81.84411100000002648, -4.400000000000000355 ) ) ;
#10729 = ORIENTED_EDGE ( 'NONE', *, *, #6649, .F. ) ;
#10730 = ADVANCED_FACE ( 'NONE', ( #9555 ), #1183, .T. ) ;
#10731 = CARTESIAN_POINT ( 'NONE',  ( -3.312279000000019291, -7.499133936465594029E-16, 7.399999999999998579 ) ) ;
#10732 = DIRECTION ( 'NONE',  ( -0.000000000000000000, -0.000000000000000000, -1.000000000000000000 ) ) ;
#10733 = FACE_OUTER_BOUND ( 'NONE', #3988, .T. ) ;
#10734 = LINE ( 'NONE', #2353, #8123 ) ;
#10735 = DIRECTION ( 'NONE',  ( 1.000000000000000000, -0.000000000000000000, 0.000000000000000000 ) ) ;
#10736 = VECTOR ( 'NONE', #912, 1000.000000000000000 ) ;
#10737 = CARTESIAN_POINT ( 'NONE',  ( 19.17286045606254419, 15.98361831676613853, -2.664091216875290602 ) ) ;
#10738 = ORIENTED_EDGE ( 'NONE', *, *, #11406, .F. ) ;
#10739 = VERTEX_POINT ( 'NONE', #3073 ) ;
#10740 = ORIENTED_EDGE ( 'NONE', *, *, #9324, .F. ) ;
#10741 = ADVANCED_FACE ( 'NONE', ( #6788 ), #2830, .F. ) ;
#10742 = EDGE_CURVE ( 'NONE', #3508, #338, #6006, .T. ) ;
#10743 = DIRECTION ( 'NONE',  ( 0.000000000000000000, 1.000000000000000000, -0.000000000000000000 ) ) ;
#10744 = CARTESIAN_POINT ( 'NONE',  ( -119.3122720196896722, 27.06910750985032976, 0.5999999999999998668 ) ) ;
#10745 = CARTESIAN_POINT ( 'NONE',  ( 11.91857130266412312, 3.193571847410091813, 7.399999999999998579 ) ) ;
#10746 = DIRECTION ( 'NONE',  ( -0.8660254062730192715, 0.4999999956896520326, 0.000000000000000000 ) ) ;
#10747 = CARTESIAN_POINT ( 'NONE',  ( -97.67509411766214100, 14.20129427035023717, -4.314918151673849067 ) ) ;
#10748 = CARTESIAN_POINT ( 'NONE',  ( 19.25377262888507701, 48.90386751168765045, -5.846449543848276420 ) ) ;
#10749 = VERTEX_POINT ( 'NONE', #11525 ) ;
#10750 = VERTEX_POINT ( 'NONE', #1430 ) ;
#10751 = VECTOR ( 'NONE', #10776, 1000.000000000000000 ) ;
#10752 = CARTESIAN_POINT ( 'NONE',  ( 16.46996554466863216, 76.14634522601235744, 4.400000000000000355 ) ) ;
#10753 = EDGE_CURVE ( 'NONE', #5625, #9968, #2460, .T. ) ;
#10754 = LINE ( 'NONE', #5003, #6726 ) ;
#10755 = DIRECTION ( 'NONE',  ( -0.000000000000000000, 0.000000000000000000, 1.000000000000000000 ) ) ;
#10756 = DIRECTION ( 'NONE',  ( -0.000000000000000000, -0.000000000000000000, -1.000000000000000000 ) ) ;
#10757 = CARTESIAN_POINT ( 'NONE',  ( -6.657723614853343882E-13, 81.14411100000063470, 7.399999999999998579 ) ) ;
#10758 = B_SPLINE_CURVE_WITH_KNOTS ( 'NONE', 3,
 ( #11360, #6571, #7369, #2789 ),
 .UNSPECIFIED., .F., .F.,
 ( 4, 4 ),
 ( 0.000000000000000000, 0.001414219312101426063 ),
 .UNSPECIFIED. ) ;
#10759 = VECTOR ( 'NONE', #5225, 1000.000000000000000 ) ;
#10760 = VERTEX_POINT ( 'NONE', #7030 ) ;
#10761 = CARTESIAN_POINT ( 'NONE',  ( -23.14348487917101593, -2.196905849674073874, -3.828807813683499539 ) ) ;
#10762 = LINE ( 'NONE', #4155, #11782 ) ;
#10763 = CARTESIAN_POINT ( 'NONE',  ( -33.43142950036545358, 80.84411100000002648, -4.400000000000000355 ) ) ;
#10764 = DIRECTION ( 'NONE',  ( -0.000000000000000000, 0.000000000000000000, 1.000000000000000000 ) ) ;
#10765 = ORIENTED_EDGE ( 'NONE', *, *, #3735, .T. ) ;
#10766 = CIRCLE ( 'NONE', #5103, 1.999999999999994893 ) ;
#10767 = ORIENTED_EDGE ( 'NONE', *, *, #4362, .F. ) ;
#10768 = EDGE_CURVE ( 'NONE', #3218, #10782, #4235, .T. ) ;
#10769 = CARTESIAN_POINT ( 'NONE',  ( 6.242186189043171482E-06, 23.29409667233048609, -1.900000000000000355 ) ) ;
#10770 = ORIENTED_EDGE ( 'NONE', *, *, #1619, .F. ) ;
#10771 = CARTESIAN_POINT ( 'NONE',  ( -119.3515230046401001, 27.62265796582223132, -5.460792313283850952 ) ) ;
#10772 = CARTESIAN_POINT ( 'NONE',  ( -70.00262168680170305, 81.91999865105084666, -2.953553223614921563 ) ) ;
#10773 = CARTESIAN_POINT ( 'NONE',  ( -4.612278999999991136, 19.99411100000003572, 7.399999999999998579 ) ) ;
#10774 = CYLINDRICAL_SURFACE ( 'NONE', #11807, 1.625000000000001332 ) ;
#10775 = CARTESIAN_POINT ( 'NONE',  ( 19.16772100000000734, 16.98547018669192710, -4.400000000000000355 ) ) ;
#10776 = DIRECTION ( 'NONE',  ( 0.000000000000000000, -1.000000000000000000, 0.000000000000000000 ) ) ;
#10777 = CARTESIAN_POINT ( 'NONE',  ( -67.53305664230340710, 81.84921370989209777, -5.042969283921723722 ) ) ;
#10778 = AXIS2_PLACEMENT_3D ( 'NONE', #4410, #7449, #3788 ) ;
#10779 = DIRECTION ( 'NONE',  ( -2.817159975007645502E-07, -0.7071067811864869546, 0.7071067811865520136 ) ) ;
#10780 = EDGE_LOOP ( 'NONE', ( #1584, #5049, #2538, #3169 ) ) ;
#10781 = CARTESIAN_POINT ( 'NONE',  ( -24.45427002420597873, -1.662613326955466819, -4.400000000000000355 ) ) ;
#10782 = VERTEX_POINT ( 'NONE', #3134 ) ;
#10783 = VERTEX_POINT ( 'NONE', #6847 ) ;
#10784 = EDGE_LOOP ( 'NONE', ( #9026, #5261, #3338, #5899 ) ) ;
#10785 = CARTESIAN_POINT ( 'NONE',  ( -97.06228253471061862, 14.29411798029987857, -4.400000000000000355 ) ) ;
#10786 = ORIENTED_EDGE ( 'NONE', *, *, #12075, .T. ) ;
#10787 = EDGE_CURVE ( 'NONE', #6851, #11462, #10591, .T. ) ;
#10788 = ORIENTED_EDGE ( 'NONE', *, *, #1334, .T. ) ;
#10789 = EDGE_CURVE ( 'NONE', #1318, #11563, #2217, .T. ) ;
#10790 = DIRECTION ( 'NONE',  ( -0.000000000000000000, -0.000000000000000000, -1.000000000000000000 ) ) ;
#10791 = LINE ( 'NONE', #6128, #10291 ) ;
#10792 = FACE_OUTER_BOUND ( 'NONE', #8462, .T. ) ;
#10793 = CARTESIAN_POINT ( 'NONE',  ( 19.26054471625955600, 15.59828176963251067, -4.314918151748109665 ) ) ;
#10794 = FACE_OUTER_BOUND ( 'NONE', #520, .T. ) ;
#10795 = CARTESIAN_POINT ( 'NONE',  ( 5.317734850168672089, 89.51034756898117450, 0.09999999999999853451 ) ) ;
#10796 = CARTESIAN_POINT ( 'NONE',  ( -3.193571648019223552, 11.91857164801922586, 4.400000000000000355 ) ) ;
#10797 = ORIENTED_EDGE ( 'NONE', *, *, #2262, .T. ) ;
#10798 = ADVANCED_FACE ( 'NONE', ( #10661 ), #4046, .F. ) ;
#10799 =( GEOMETRIC_REPRESENTATION_CONTEXT ( 3 ) GLOBAL_UNCERTAINTY_ASSIGNED_CONTEXT ( ( #546 ) ) GLOBAL_UNIT_ASSIGNED_CONTEXT ( ( #9714, #11690, #4214 ) ) REPRESENTATION_CONTEXT ( 'NONE', 'WORKASPACE' ) );
#10800 = ORIENTED_EDGE ( 'NONE', *, *, #256, .T. ) ;
#10801 = EDGE_LOOP ( 'NONE', ( #7790, #8452, #9234, #11501, #3503, #5275 ) ) ;
#10802 = CARTESIAN_POINT ( 'NONE',  ( 19.17290779662371847, 18.21416911766501912, -5.999467284029314840 ) ) ;
#10803 = VECTOR ( 'NONE', #5589, 1000.000000000000000 ) ;
#10804 = LINE ( 'NONE', #5173, #8699 ) ;
#10805 = CYLINDRICAL_SURFACE ( 'NONE', #9261, 0.3000000000000016542 ) ;
#10806 = DIRECTION ( 'NONE',  ( 0.000000000000000000, -0.000000000000000000, -1.000000000000000000 ) ) ;
#10807 = CARTESIAN_POINT ( 'NONE',  ( -97.67509411766214100, 14.25211275188232030, -5.506109695587424468 ) ) ;
#10808 = CARTESIAN_POINT ( 'NONE',  ( 19.20972653176329459, 50.37265594990723372, -5.506109695707693596 ) ) ;
#10809 = ADVANCED_FACE ( 'NONE', ( #1309 ), #9736, .T. ) ;
#10810 = EDGE_CURVE ( 'NONE', #10760, #688, #6256, .T. ) ;
#10811 = ORIENTED_EDGE ( 'NONE', *, *, #11625, .F. ) ;
#10812 = ORIENTED_EDGE ( 'NONE', *, *, #5319, .T. ) ;
#10813 = VECTOR ( 'NONE', #7765, 1000.000000000000114 ) ;
#10814 = B_SPLINE_CURVE_WITH_KNOTS ( 'NONE', 3,
 ( #6115, #6000, #3373, #11770, #2214, #2276, #1239, #8811, #10717, #7088, #4961, #4232, #5085, #7027, #8870, #452, #394, #10836, #4169, #8004, #11649, #8751, #3257, #7828, #516, #9851, #7889, #8932, #5876, #6904 ),
 .UNSPECIFIED., .F., .F.,
 ( 4, 2, 2, 2, 2, 2, 2, 2, 2, 2, 2, 2, 2, 2, 4 ),
 ( 0.006252914650801550712, 0.006643633624003175871, 0.007034352597204801896, 0.007815790543608052213, 0.008206509516809675636, 0.008597228490011300794, 0.008987947463212925953, 0.009378666436414549376, 0.009769385409616172800, 0.01016010438281779969, 0.01055082335601942485, 0.01094154232922105001, 0.01133226130242267690, 0.01172298027562430206, 0.01250441822202755238 ),
 .UNSPECIFIED. ) ;
#10815 = LINE ( 'NONE', #2433, #306 ) ;
#10816 = CARTESIAN_POINT ( 'NONE',  ( 19.16772100000000734, 18.98547018669193065, -0.9000000000000002442 ) ) ;
#10817 = CARTESIAN_POINT ( 'NONE',  ( -119.3122720196896722, 27.06910750985032976, -1.900000000000000355 ) ) ;
#10818 = SURFACE_STYLE_USAGE ( .BOTH. , #495 ) ;
#10819 = CARTESIAN_POINT ( 'NONE',  ( 15.46773485016850636, 89.51034574381083075, 2.799999999999989164 ) ) ;
#10820 = CARTESIAN_POINT ( 'NONE',  ( 19.16772100000000734, 18.98547018669193776, -4.400000000000000355 ) ) ;
#10821 = VECTOR ( 'NONE', #6467, 1000.000000000000000 ) ;
#10822 = ORIENTED_EDGE ( 'NONE', *, *, #738, .F. ) ;
#10823 = EDGE_CURVE ( 'NONE', #10599, #11141, #7953, .T. ) ;
#10824 = PLANE ( 'NONE',  #3156 ) ;
#10825 = CARTESIAN_POINT ( 'NONE',  ( -35.47141012498134671, 81.78398234834226344, -5.846449542702723434 ) ) ;
#10826 = CARTESIAN_POINT ( 'NONE',  ( -22.41082705626149973, 77.84551033427889877, -1.900000000000000355 ) ) ;
#10827 = FACE_OUTER_BOUND ( 'NONE', #11229, .T. ) ;
#10828 = AXIS2_PLACEMENT_3D ( 'NONE', #6619, #4798, #6496 ) ;
#10829 = VERTEX_POINT ( 'NONE', #6909 ) ;
#10830 = CIRCLE ( 'NONE', #12010, 0.6000000000000000888 ) ;
#10831 = ORIENTED_EDGE ( 'NONE', *, *, #8829, .F. ) ;
#10832 = DIRECTION ( 'NONE',  ( 0.000000000000000000, 0.000000000000000000, -1.000000000000000000 ) ) ;
#10833 = CARTESIAN_POINT ( 'NONE',  ( -119.3940602684276655, 28.47350827803906981, -5.787188417063730661 ) ) ;
#10834 = CARTESIAN_POINT ( 'NONE',  ( -71.14501269431004005, 81.89194133692120658, -4.314918150687090836 ) ) ;
#10835 = DIRECTION ( 'NONE',  ( -0.6123724338663648625, 0.3535533937619872447, -0.7071067811865232589 ) ) ;
#10836 = CARTESIAN_POINT ( 'NONE',  ( -97.12566921866755365, 14.28899433889869286, -3.883767900417910202 ) ) ;
#10837 = B_SPLINE_SURFACE_WITH_KNOTS ( 'NONE', 5, 5, ( 
 ( #2934, #2017, #10271, #6876, #368, #2250, #10625, #5975, #8722, #11557, #7803, #4078 ),
 ( #1342, #3166, #9704, #5558, #5500, #7964, #12063, #6468, #11188, #11078, #1717, #6528 ),
 ( #8249, #10094, #5439, #11011, #1832, #1660, #10793, #11729, #6131, #9170, #5381, #2410 ),
 ( #10031, #808, #9348, #4528, #9229, #7445, #8367, #12004, #5616, #1892, #4469, #3616 ),
 ( #2693, #866, #985, #3332, #10210, #7328, #9290, #11131, #6412, #2632, #7045, #10153 ),
 ( #1774, #4593, #3728, #922, #8311, #3674, #6349, #7389, #9110, #750, #8192, #11948 ),
 ( #2749, #2808, #4646, #12, #3556, #10269, #7268, #9535, #11252, #2870, #10572, #11442 ),
 ( #7751, #11505, #2199, #1166, #8486, #134, #5919, #8550, #2141, #6711, #9472, #6769 ),
 ( #9649, #3851, #195, #7633, #11377, #10512, #2718, #97, #7295, #4674, #1009, #36 ),
 ( #3582, #5645, #1744, #11040, #1858, #12030, #9373, #11155, #10056, #5404, #1683, #10232 ),
 ( #11972, #8214, #9255, #6436, #10176, #3697, #2598, #5464, #8276, #6313, #2833, #892 ),
 ( #4491, #9195, #5583, #3752, #2661, #4731, #6492, #9133, #831, #6376, #10118, #8392 ) ),
 .UNSPECIFIED., .F., .F., .F.,
 ( 6, 3, 3, 6 ),
 ( 6, 3, 3, 6 ),
 ( -2.039980624677142806, -0.4080001057762592254, 0.4079934710070745041, 2.039980624573741963 ),
 ( -2.127129240121099496, -0.4254299994189874035, 0.4254230800426315184, 2.127129238965868918 ),
 .UNSPECIFIED. ) ;
#10838 = DIRECTION ( 'NONE',  ( -6.899580080555519496E-06, -0.9999999999761978176, 0.000000000000000000 ) ) ;
#10839 = DIRECTION ( 'NONE',  ( 0.000000000000000000, 0.000000000000000000, 1.000000000000000000 ) ) ;
#10840 = VECTOR ( 'NONE', #6364, 999.9999999999998863 ) ;
#10841 = VECTOR ( 'NONE', #6213, 1000.000000000000000 ) ;
#10842 = EDGE_CURVE ( 'NONE', #3793, #6617, #4707, .T. ) ;
#10843 = DIRECTION ( 'NONE',  ( -0.000000000000000000, -0.000000000000000000, 1.000000000000000000 ) ) ;
#10844 = ORIENTED_EDGE ( 'NONE', *, *, #4428, .F. ) ;
#10845 = CARTESIAN_POINT ( 'NONE',  ( -41.41227819873822114, 81.14188785450701857, 7.100000000000059153 ) ) ;
#10846 = VERTEX_POINT ( 'NONE', #2397 ) ;
#10847 = ORIENTED_EDGE ( 'NONE', *, *, #6856, .F. ) ;
#10848 = DIRECTION ( 'NONE',  ( -2.972808245359312093E-08, -0.9999999999999995559, 0.000000000000000000 ) ) ;
#10849 = ORIENTED_EDGE ( 'NONE', *, *, #8060, .F. ) ;
#10850 = VERTEX_POINT ( 'NONE', #8754 ) ;
#10851 = CIRCLE ( 'NONE', #4784, 0.2999999999999947153 ) ;
#10852 = AXIS2_PLACEMENT_3D ( 'NONE', #5859, #9586, #1221 ) ;
#10853 = FACE_OUTER_BOUND ( 'NONE', #6179, .T. ) ;
#10854 = CARTESIAN_POINT ( 'NONE',  ( 16.73722622027739604, 81.15126834313923609, 3.184495305877603322 ) ) ;
#10855 = CARTESIAN_POINT ( 'NONE',  ( 19.17283580847304947, 49.24567082797326378, -6.387349676740155857 ) ) ;
#10856 = CARTESIAN_POINT ( 'NONE',  ( -10.29035290421449922, 1.626585942086532066, 7.099999999999989875 ) ) ;
#10857 = CARTESIAN_POINT ( 'NONE',  ( -60.76227899999999948, 0.000000000000000000, 4.400000000000000355 ) ) ;
#10858 = CARTESIAN_POINT ( 'NONE',  ( -98.49108504056941626, 14.31331725288005075, -6.527129239970771657 ) ) ;
#10859 = EDGE_CURVE ( 'NONE', #2311, #3323, #1375, .T. ) ;
#10860 = CARTESIAN_POINT ( 'NONE',  ( -99.70702315316887621, 14.28901872055384104, -2.502238565025176165 ) ) ;
#10861 = VECTOR ( 'NONE', #2230, 1000.000000000000000 ) ;
#10862 = ORIENTED_EDGE ( 'NONE', *, *, #469, .T. ) ;
#10863 = CARTESIAN_POINT ( 'NONE',  ( -80.81228598030135402, 16.29411100000000090, 7.399999999999998579 ) ) ;
#10864 = ORIENTED_EDGE ( 'NONE', *, *, #453, .F. ) ;
#10865 = ORIENTED_EDGE ( 'NONE', *, *, #1500, .T. ) ;
#10866 = CARTESIAN_POINT ( 'NONE',  ( -119.3174383420009832, 57.84879354539958740, -2.810048099767076035 ) ) ;
#10867 = VECTOR ( 'NONE', #2844, 1000.000000000000000 ) ;
#10868 = DIRECTION ( 'NONE',  ( -0.000000000000000000, -0.000000000000000000, -1.000000000000000000 ) ) ;
#10869 = DIRECTION ( 'NONE',  ( 9.214753901773078944E-08, 0.7071067811865457964, 0.7071067811865432429 ) ) ;
#10870 = DIRECTION ( 'NONE',  ( 1.000000000000000000, 0.000000000000000000, 0.000000000000000000 ) ) ;
#10871 = DIRECTION ( 'NONE',  ( -0.000000000000000000, 0.000000000000000000, 1.000000000000000000 ) ) ;
#10872 = EDGE_CURVE ( 'NONE', #3682, #10401, #10766, .T. ) ;
#10873 = CARTESIAN_POINT ( 'NONE',  ( 19.35960282299959090, 49.06706622704539456, -3.804406304072100564 ) ) ;
#10874 = EDGE_CURVE ( 'NONE', #9178, #7264, #4324, .T. ) ;
#10875 = ORIENTED_EDGE ( 'NONE', *, *, #4878, .F. ) ;
#10876 = CARTESIAN_POINT ( 'NONE',  ( -32.21227899999998812, 20.69411099999999948, 4.400000000000000355 ) ) ;
#10877 = ORIENTED_EDGE ( 'NONE', *, *, #2893, .F. ) ;
#10878 = CARTESIAN_POINT ( 'NONE',  ( 13.58242439704542015, 79.51071891853614204, -1.900000000000000355 ) ) ;
#10879 = PLANE ( 'NONE',  #7125 ) ;
#10880 = EDGE_LOOP ( 'NONE', ( #12014, #11685, #9925, #11720 ) ) ;
#10881 = EDGE_CURVE ( 'NONE', #8500, #6097, #8936, .T. ) ;
#10882 = DIRECTION ( 'NONE',  ( -0.9659258276786804043, 0.2588190399164175259, 0.000000000000000000 ) ) ;
#10883 = DIRECTION ( 'NONE',  ( 0.000000000000000000, 1.000000000000000000, 1.694065894508601171E-16 ) ) ;
#10884 = AXIS2_PLACEMENT_3D ( 'NONE', #11268, #937, #10467 ) ;
#10885 = PLANE ( 'NONE',  #5685 ) ;
#10886 = LINE ( 'NONE', #2506, #8843 ) ;
#10887 = AXIS2_PLACEMENT_3D ( 'NONE', #8879, #11722, #5274 ) ;
#10888 = CARTESIAN_POINT ( 'NONE',  ( 17.79561669601521601, 80.84410378035410361, 6.400000000000025224 ) ) ;
#10889 = ORIENTED_EDGE ( 'NONE', *, *, #330, .T. ) ;
#10890 = EDGE_LOOP ( 'NONE', ( #2672, #6974 ) ) ;
#10891 = ORIENTED_EDGE ( 'NONE', *, *, #1998, .T. ) ;
#10892 = EDGE_CURVE ( 'NONE', #6183, #6357, #8009, .T. ) ;
#10893 = CARTESIAN_POINT ( 'NONE',  ( -119.3199620377618828, 27.62265796582223132, -5.787188417063728885 ) ) ;
#10894 = EDGE_CURVE ( 'NONE', #1071, #9995, #3376, .T. ) ;
#10895 = CARTESIAN_POINT ( 'NONE',  ( -70.49221783287669041, 81.92303974946302958, -3.293894455382963660 ) ) ;
#10896 = DIRECTION ( 'NONE',  ( 1.798198673297579190E-07, 0.9999999999999837907, 0.000000000000000000 ) ) ;
#10897 = DIRECTION ( 'NONE',  ( -0.000000000000000000, -0.000000000000000000, 1.000000000000000000 ) ) ;
#10898 = LINE ( 'NONE', #8127, #11757 ) ;
#10899 = DIRECTION ( 'NONE',  ( 0.000000000000000000, 1.000000000000000000, -0.000000000000000000 ) ) ;
#10900 = VECTOR ( 'NONE', #4271, 1000.000000000000000 ) ;
#10901 = DIRECTION ( 'NONE',  ( 0.2588190399164174704, 0.9659258276786804043, 0.000000000000000000 ) ) ;
#10902 = VERTEX_POINT ( 'NONE', #8693 ) ;
#10903 = CARTESIAN_POINT ( 'NONE',  ( -31.39144887574173737, 81.80863812126123946, -5.506109694575008540 ) ) ;
#10904 = ORIENTED_EDGE ( 'NONE', *, *, #6541, .F. ) ;
#10905 = CARTESIAN_POINT ( 'NONE',  ( -34.07617011882389590, 81.84921025963724617, -6.297761434974769479 ) ) ;
#10906 = ORIENTED_EDGE ( 'NONE', *, *, #11424, .T. ) ;
#10907 = VERTEX_POINT ( 'NONE', #639 ) ;
#10908 = CIRCLE ( 'NONE', #10934, 1.299999999999967848 ) ;
#10909 = VECTOR ( 'NONE', #727, 1000.000000000000000 ) ;
#10910 = EDGE_CURVE ( 'NONE', #11941, #8151, #5678, .T. ) ;
#10911 = CARTESIAN_POINT ( 'NONE',  ( 0.2955378950677253758, 22.59077866104583165, 5.399999999999998579 ) ) ;
#10912 = CARTESIAN_POINT ( 'NONE',  ( 16.52300328232032101, 81.21272624400609175, 3.690895891671180262 ) ) ;
#10913 = CARTESIAN_POINT ( 'NONE',  ( 19.17290779662371492, 50.21416911766503688, -5.999467284029312175 ) ) ;
#10914 = CARTESIAN_POINT ( 'NONE',  ( -119.3174570830760644, 60.57535410192386394, -5.722213349720147058 ) ) ;
#10915 = CARTESIAN_POINT ( 'NONE',  ( 1.032448868572954037, 84.27083205190099591, 3.213382123787989375 ) ) ;
#10916 = CARTESIAN_POINT ( 'NONE',  ( -98.98067985970040183, 14.25611733434240236, -6.186789391842989261 ) ) ;
#10917 = CARTESIAN_POINT ( 'NONE',  ( -24.19545098428956820, -0.6966874992767836394, -1.900000000000000355 ) ) ;
#10918 = VECTOR ( 'NONE', #4432, 1000.000000000000000 ) ;
#10919 = AXIS2_PLACEMENT_3D ( 'NONE', #967, #3710, #4689 ) ;
#10920 = EDGE_LOOP ( 'NONE', ( #7701, #5718, #7600, #3381 ) ) ;
#10921 = DIRECTION ( 'NONE',  ( -1.000000000000000000, -2.264040540203754199E-16, 0.000000000000000000 ) ) ;
#10922 = ORIENTED_EDGE ( 'NONE', *, *, #1743, .F. ) ;
#10923 = CARTESIAN_POINT ( 'NONE',  ( -80.21367833427878224, 73.14410401970066289, 7.100000000000059153 ) ) ;
#10924 = EDGE_CURVE ( 'NONE', #9767, #11925, #3542, .T. ) ;
#10925 = CYLINDRICAL_SURFACE ( 'NONE', #3209, 69.21297688990915731 ) ;
#10926 = CIRCLE ( 'NONE', #3, 1.300000000000028466 ) ;
#10927 = CARTESIAN_POINT ( 'NONE',  ( 19.17282996490177993, 18.78352588614053786, -3.514435372220737985 ) ) ;
#10928 = CARTESIAN_POINT ( 'NONE',  ( 15.46773311198623801, 79.84410419895390021, 2.799999999999989164 ) ) ;
#10929 = CARTESIAN_POINT ( 'NONE',  ( -116.6041234854502164, 13.29411797798552719, 7.399999999999998579 ) ) ;
#10930 = FACE_OUTER_BOUND ( 'NONE', #445, .T. ) ;
#10931 = CARTESIAN_POINT ( 'NONE',  ( 19.11173691707324096, 50.69905338062270772, -6.186789391988859244 ) ) ;
#10932 = ORIENTED_EDGE ( 'NONE', *, *, #12091, .T. ) ;
#10933 = ORIENTED_EDGE ( 'NONE', *, *, #1763, .T. ) ;
#10934 = AXIS2_PLACEMENT_3D ( 'NONE', #5524, #12087, #7413 ) ;
#10935 = LINE ( 'NONE', #5301, #5829 ) ;
#10936 = ORIENTED_EDGE ( 'NONE', *, *, #3660, .T. ) ;
#10937 = EDGE_CURVE ( 'NONE', #608, #8419, #3560, .T. ) ;
#10938 = CARTESIAN_POINT ( 'NONE',  ( -6.810036434708691466, -10.76178768431326560, 5.399999999999998579 ) ) ;
#10939 = VERTEX_POINT ( 'NONE', #9977 ) ;
#10940 = EDGE_CURVE ( 'NONE', #340, #8515, #11014, .T. ) ;
#10941 = CARTESIAN_POINT ( 'NONE',  ( -71.71228330292588282, 19.29411698796796415, -1.900000000000000355 ) ) ;
#10942 = DIRECTION ( 'NONE',  ( 0.2588190399164175259, 0.9659258276786805153, 0.000000000000000000 ) ) ;
#10943 = CARTESIAN_POINT ( 'NONE',  ( -10.91470738880314784, 1.414646203381845879, 7.099999999999988987 ) ) ;
#10944 = VECTOR ( 'NONE', #11587, 1000.000000000000000 ) ;
#10945 = CARTESIAN_POINT ( 'NONE',  ( -24.24112326201484180, -1.690926661168242751, -3.012814237065578826 ) ) ;
#10946 = EDGE_CURVE ( 'NONE', #4189, #4297, #6414, .T. ) ;
#10947 = CARTESIAN_POINT ( 'NONE',  ( -119.3122720196896722, 27.06910750985032976, 0.5999999999999998668 ) ) ;
#10948 = CARTESIAN_POINT ( 'NONE',  ( -20.59056671349124912, -2.697889486621138033, 0.6000000000000015321 ) ) ;
#10949 = DIRECTION ( 'NONE',  ( 0.000000000000000000, 0.000000000000000000, 1.000000000000000000 ) ) ;
#10950 = ORIENTED_EDGE ( 'NONE', *, *, #595, .T. ) ;
#10951 = ORIENTED_EDGE ( 'NONE', *, *, #3454, .F. ) ;
#10952 = VERTEX_POINT ( 'NONE', #8313 ) ;
#10953 = CARTESIAN_POINT ( 'NONE',  ( -119.2521431040774900, 27.62265796582223132, -6.439980624623484751 ) ) ;
#10954 = AXIS2_PLACEMENT_3D ( 'NONE', #1564, #8024, #11734 ) ;
#10955 = CARTESIAN_POINT ( 'NONE',  ( -70.00262168680170305, 81.82491201619409082, -2.272870760078836039 ) ) ;
#10956 = FACE_OUTER_BOUND ( 'NONE', #5475, .T. ) ;
#10957 = CARTESIAN_POINT ( 'NONE',  ( -22.41082705626149973, 77.84551033427889877, 5.399999999999998579 ) ) ;
#10958 = CARTESIAN_POINT ( 'NONE',  ( -79.21367833427878224, 81.14411099999999522, 7.399999999999998579 ) ) ;
#10959 = LINE ( 'NONE', #8253, #3349 ) ;
#10960 = ORIENTED_EDGE ( 'NONE', *, *, #10447, .T. ) ;
#10961 = EDGE_CURVE ( 'NONE', #10504, #9692, #10959, .T. ) ;
#10962 = CARTESIAN_POINT ( 'NONE',  ( -32.86023200621512785, 82.03681868551977630, -4.314918150661483764 ) ) ;
#10963 = VECTOR ( 'NONE', #398, 1000.000000000000114 ) ;
#10964 = ORIENTED_EDGE ( 'NONE', *, *, #7008, .F. ) ;
#10965 = EDGE_CURVE ( 'NONE', #7064, #10474, #7273, .T. ) ;
#10966 = ORIENTED_EDGE ( 'NONE', *, *, #9872, .F. ) ;
#10967 = ORIENTED_EDGE ( 'NONE', *, *, #2737, .T. ) ;
#10968 = DIRECTION ( 'NONE',  ( 0.000000000000000000, 0.000000000000000000, 1.000000000000000000 ) ) ;
#10969 = CARTESIAN_POINT ( 'NONE',  ( 19.17287523044875996, 50.98558054424432129, -4.269821818032320415 ) ) ;
#10970 = DIRECTION ( 'NONE',  ( 1.492741799624945840E-62, 0.000000000000000000, -1.000000000000000000 ) ) ;
#10971 = CARTESIAN_POINT ( 'NONE',  ( -41.41452166131000467, 81.13965514279601621, 5.399999999999998579 ) ) ;
#10972 = LINE ( 'NONE', #7292, #10570 ) ;
#10973 = ORIENTED_EDGE ( 'NONE', *, *, #754, .F. ) ;
#10974 = CARTESIAN_POINT ( 'NONE',  ( -41.40370608041266109, 80.84411100000004069, 4.400000000000000355 ) ) ;
#10975 = ORIENTED_EDGE ( 'NONE', *, *, #10106, .F. ) ;
#10976 = EDGE_CURVE ( 'NONE', #5376, #2398, #626, .T. ) ;
#10977 = CARTESIAN_POINT ( 'NONE',  ( 18.16772100000000378, 25.98547018669193065, 1.699999999999992184 ) ) ;
#10978 = ORIENTED_EDGE ( 'NONE', *, *, #11920, .F. ) ;
#10979 = CIRCLE ( 'NONE', #834, 1.000000000000000000 ) ;
#10980 = VERTEX_POINT ( 'NONE', #10097 ) ;
#10981 = CARTESIAN_POINT ( 'NONE',  ( -119.3174533738509950, 57.74602453489644205, -2.894526451477524187 ) ) ;
#10982 = CARTESIAN_POINT ( 'NONE',  ( 19.17290211163222224, 18.49293881551546193, -3.079173392803512321 ) ) ;
#10983 = DIRECTION ( 'NONE',  ( 0.000000000000000000, -0.000000000000000000, -1.000000000000000000 ) ) ;
#10984 = CARTESIAN_POINT ( 'NONE',  ( -41.71247404278456372, 9.667815756732757850E-05, 5.399999999999998579 ) ) ;
#10985 = AXIS2_PLACEMENT_3D ( 'NONE', #7824, #3921, #7644 ) ;
#10986 = CARTESIAN_POINT ( 'NONE',  ( 19.20613783928858354, 50.69905338062270772, -3.804406304072100564 ) ) ;
#10987 = ORIENTED_EDGE ( 'NONE', *, *, #11696, .T. ) ;
#10988 = EDGE_CURVE ( 'NONE', #643, #6809, #2579, .T. ) ;
#10989 = ORIENTED_EDGE ( 'NONE', *, *, #10459, .F. ) ;
#10990 = DIRECTION ( 'NONE',  ( -0.000000000000000000, -0.000000000000000000, -1.000000000000000000 ) ) ;
#10991 = ORIENTED_EDGE ( 'NONE', *, *, #10195, .T. ) ;
#10992 = DIRECTION ( 'NONE',  ( -0.000000000000000000, 0.000000000000000000, 1.000000000000000000 ) ) ;
#10993 = CONICAL_SURFACE ( 'NONE', #7269, 0.3999999999999906408, 0.7853981633974533860 ) ;
#10994 = LINE ( 'NONE', #10938, #297 ) ;
#10995 = ORIENTED_EDGE ( 'NONE', *, *, #3592, .T. ) ;
#10996 = CARTESIAN_POINT ( 'NONE',  ( 11.53359082457483531, -1.465830875177938308, -1.900000000000000355 ) ) ;
#10997 = LINE ( 'NONE', #11177, #2714 ) ;
#10998 = VECTOR ( 'NONE', #7827, 1000.000000000000000 ) ;
#10999 = DIRECTION ( 'NONE',  ( -0.000000000000000000, -0.000000000000000000, -1.000000000000000000 ) ) ;
#11000 = ADVANCED_FACE ( 'NONE', ( #7213 ), #5443, .T. ) ;
#11001 = EDGE_CURVE ( 'NONE', #9924, #6566, #11159, .T. ) ;
#11002 = LINE ( 'NONE', #2622, #4557 ) ;
#11003 = CARTESIAN_POINT ( 'NONE',  ( -41.11227899999998670, 24.29411099999999379, 4.400000000000000355 ) ) ;
#11004 = CARTESIAN_POINT ( 'NONE',  ( 19.17287521188796617, 46.98542408692748751, -4.529738564453989369 ) ) ;
#11005 = VERTEX_POINT ( 'NONE', #6292 ) ;
#11006 = ORIENTED_EDGE ( 'NONE', *, *, #11579, .F. ) ;
#11007 = CARTESIAN_POINT ( 'NONE',  ( -90.21227469707440605, 76.84410589528943092, 4.400000000000000355 ) ) ;
#11008 = ORIENTED_EDGE ( 'NONE', *, *, #8993, .T. ) ;
#11009 = CARTESIAN_POINT ( 'NONE',  ( -119.3167192957967160, 30.17521305340542170, -6.113584520843606818 ) ) ;
#11010 = CARTESIAN_POINT ( 'NONE',  ( -119.2461928820823118, 56.94197827182565419, -5.787188417060548318 ) ) ;
#11011 = CARTESIAN_POINT ( 'NONE',  ( 19.20972613436422805, 15.59828176963251067, -5.506109695705925233 ) ) ;
#11012 = CARTESIAN_POINT ( 'NONE',  ( -30.61636122544018690, 7.018245550223420892, 7.399999999999998579 ) ) ;
#11013 = LINE ( 'NONE', #9916, #1346 ) ;
#11014 = LINE ( 'NONE', #8069, #1974 ) ;
#11015 = EDGE_CURVE ( 'NONE', #2012, #9167, #3620, .T. ) ;
#11016 = AXIS2_PLACEMENT_3D ( 'NONE', #11220, #1014, #221 ) ;
#11017 = VERTEX_POINT ( 'NONE', #7333 ) ;
#11018 = CARTESIAN_POINT ( 'NONE',  ( -31.39144887574173737, 81.72838444120469603, -2.272870760029102044 ) ) ;
#11019 = AXIS2_PLACEMENT_3D ( 'NONE', #11801, #11615, #423 ) ;
#11020 = FACE_OUTER_BOUND ( 'NONE', #1695, .T. ) ;
#11021 = ORIENTED_EDGE ( 'NONE', *, *, #11492, .F. ) ;
#11022 = LINE ( 'NONE', #5449, #7950 ) ;
#11023 = VERTEX_POINT ( 'NONE', #5385 ) ;
#11024 = ORIENTED_EDGE ( 'NONE', *, *, #10881, .T. ) ;
#11025 = ORIENTED_EDGE ( 'NONE', *, *, #6501, .T. ) ;
#11026 = CARTESIAN_POINT ( 'NONE',  ( -22.36227900000003643, 79.84188785450702142, 7.399999999999998579 ) ) ;
#11027 = CARTESIAN_POINT ( 'NONE',  ( 15.45974480259031658, 80.27905461157038758, 2.899589198641606913 ) ) ;
#11028 = FACE_OUTER_BOUND ( 'NONE', #6737, .T. ) ;
#11029 = AXIS2_PLACEMENT_3D ( 'NONE', #1614, #4419, #8204 ) ;
#11030 = EDGE_CURVE ( 'NONE', #5451, #3521, #11080, .T. ) ;
#11031 = VECTOR ( 'NONE', #4199, 999.9999999999998863 ) ;
#11032 = CARTESIAN_POINT ( 'NONE',  ( 1.467734850168745275, 89.51034826128898203, 3.399999999999993250 ) ) ;
#11033 = EDGE_CURVE ( 'NONE', #2643, #9166, #10213, .T. ) ;
#11034 = DIRECTION ( 'NONE',  ( -0.7071067811865524577, 2.453269466693447530E-15, -0.7071067811865426878 ) ) ;
#11035 = CARTESIAN_POINT ( 'NONE',  ( -98.00149022143841648, 14.33828711934217814, -2.272870761041802190 ) ) ;
#11036 = DIRECTION ( 'NONE',  ( 1.000000000000000000, 0.000000000000000000, 0.000000000000000000 ) ) ;
#11037 = EDGE_LOOP ( 'NONE', ( #245, #6221, #5339, #1070 ) ) ;
#11038 = CARTESIAN_POINT ( 'NONE',  ( 19.16772100000000734, 14.98547018669192710, -1.900000000000000355 ) ) ;
#11039 = VERTEX_POINT ( 'NONE', #868 ) ;
#11040 = CARTESIAN_POINT ( 'NONE',  ( 19.20972653176479028, 18.37265594989637307, -5.506109695705925233 ) ) ;
#11041 = CIRCLE ( 'NONE', #111, 2.024999999999985256 ) ;
#11042 = VERTEX_POINT ( 'NONE', #4473 ) ;
#11043 = VECTOR ( 'NONE', #11819, 1000.000000000000000 ) ;
#11044 = ORIENTED_EDGE ( 'NONE', *, *, #3005, .F. ) ;
#11045 = CARTESIAN_POINT ( 'NONE',  ( -119.3174017016487909, 58.06629826689223961, -2.664636395701011740 ) ) ;
#11046 = EDGE_CURVE ( 'NONE', #6978, #12042, #5270, .T. ) ;
#11047 = FACE_OUTER_BOUND ( 'NONE', #598, .T. ) ;
#11048 = LINE ( 'NONE', #6382, #4615 ) ;
#11049 = EDGE_CURVE ( 'NONE', #10846, #8806, #7054, .T. ) ;
#11050 = LINE ( 'NONE', #10984, #5630 ) ;
#11051 = AXIS2_PLACEMENT_3D ( 'NONE', #10486, #1197, #8341 ) ;
#11052 = AXIS2_PLACEMENT_3D ( 'NONE', #3659, #7371, #4573 ) ;
#11053 = PLANE ( 'NONE',  #618 ) ;
#11054 = ORIENTED_EDGE ( 'NONE', *, *, #7065, .T. ) ;
#11055 = ORIENTED_EDGE ( 'NONE', *, *, #2979, .F. ) ;
#11056 = CARTESIAN_POINT ( 'NONE',  ( -60.76227899999999948, 27.99411099999999664, 4.400000000000000355 ) ) ;
#11057 = ORIENTED_EDGE ( 'NONE', *, *, #7915, .F. ) ;
#11058 = DIRECTION ( 'NONE',  ( -0.000000000000000000, -0.000000000000000000, -1.000000000000000000 ) ) ;
#11059 = CIRCLE ( 'NONE', #4804, 1.000000000000000000 ) ;
#11060 = DIRECTION ( 'NONE',  ( -1.798198670589261751E-07, -0.9999999999999839018, 0.000000000000000000 ) ) ;
#11061 = ORIENTED_EDGE ( 'NONE', *, *, #8765, .T. ) ;
#11062 = EDGE_CURVE ( 'NONE', #12101, #340, #9051, .T. ) ;
#11063 = CARTESIAN_POINT ( 'NONE',  ( -22.66227900000000517, 79.84410401969522297, -1.900000000000000577 ) ) ;
#11064 = CARTESIAN_POINT ( 'NONE',  ( -118.3122720196896722, 16.29411099999937917, 7.100000000000059153 ) ) ;
#11065 = AXIS2_PLACEMENT_3D ( 'NONE', #3391, #6190, #7785 ) ;
#11066 = DIRECTION ( 'NONE',  ( 1.000000000000000000, 0.000000000000000000, 0.000000000000000000 ) ) ;
#11067 = FACE_OUTER_BOUND ( 'NONE', #1499, .T. ) ;
#11068 = DIRECTION ( 'NONE',  ( 0.000000000000000000, 0.000000000000000000, 1.000000000000000000 ) ) ;
#11069 = CARTESIAN_POINT ( 'NONE',  ( 19.17282998673893957, 47.18743994855331181, -5.285581685495222892 ) ) ;
#11070 = ORIENTED_EDGE ( 'NONE', *, *, #5442, .F. ) ;
#11071 = ORIENTED_EDGE ( 'NONE', *, *, #6759, .T. ) ;
#11072 = DIRECTION ( 'NONE',  ( -0.7071067811865513475, 8.659560562354980929E-17, 0.7071067811865436870 ) ) ;
#11073 = ORIENTED_EDGE ( 'NONE', *, *, #11265, .T. ) ;
#11074 = VECTOR ( 'NONE', #4799, 1000.000000000000000 ) ;
#11075 = CARTESIAN_POINT ( 'NONE',  ( -119.2521433144964220, 30.51555428520757474, -2.360019375376301021 ) ) ;
#11076 = ADVANCED_FACE ( 'NONE', ( #695 ), #1410, .F. ) ;
#11077 = CARTESIAN_POINT ( 'NONE',  ( -119.2873204501044881, 57.62265796776650006, -6.113584520840152692 ) ) ;
#11078 = CARTESIAN_POINT ( 'NONE',  ( 19.14276976823931165, 15.27188566585233787, -2.953553224609518857 ) ) ;
#11079 = CARTESIAN_POINT ( 'NONE',  ( -118.3122790000000322, 16.29411810919372172, 5.399999999999998579 ) ) ;
#11080 = LINE ( 'NONE', #2696, #9009 ) ;
#11081 = AXIS2_PLACEMENT_3D ( 'NONE', #8859, #1594, #4284 ) ;
#11082 = ORIENTED_EDGE ( 'NONE', *, *, #3928, .F. ) ;
#11083 = CARTESIAN_POINT ( 'NONE',  ( -32.86023200621512785, 81.91999793128996998, -5.846449542702723434 ) ) ;
#11084 = LINE ( 'NONE', #1780, #5429 ) ;
#11085 = ORIENTED_EDGE ( 'NONE', *, *, #10632, .T. ) ;
#11086 = DIRECTION ( 'NONE',  ( -1.000000000000000000, 0.000000000000000000, 0.000000000000000000 ) ) ;
#11087 = ORIENTED_EDGE ( 'NONE', *, *, #11728, .T. ) ;
#11088 = EDGE_LOOP ( 'NONE', ( #10164, #10058, #8755, #7263 ) ) ;
#11089 = CARTESIAN_POINT ( 'NONE',  ( -61.76227899999942395, 23.29411322294798126, 4.400000000000000355 ) ) ;
#11090 = ADVANCED_FACE ( 'NONE', ( #11193 ), #1372, .F. ) ;
#11091 = CARTESIAN_POINT ( 'NONE',  ( -67.39144887573405640, 81.75750151716765401, -2.613211991846879023 ) ) ;
#11092 = CARTESIAN_POINT ( 'NONE',  ( 15.48377489164797893, 81.50744807716351659, 4.422702193742867216 ) ) ;
#11093 = CARTESIAN_POINT ( 'NONE',  ( 19.17282655129768543, 48.98547018669192710, -6.399999999999994138 ) ) ;
#11094 = CIRCLE ( 'NONE', #6395, 0.9999999999999986677 ) ;
#11095 = LINE ( 'NONE', #12022, #2861 ) ;
#11096 = CARTESIAN_POINT ( 'NONE',  ( 0.9473568551356835732, 84.31896050679310406, 3.101261024412685696 ) ) ;
#11097 = CARTESIAN_POINT ( 'NONE',  ( -100.9982571119583099, 14.28899472519565883, -4.918753542824359393 ) ) ;
#11098 = EDGE_LOOP ( 'NONE', ( #4142, #4021, #7169 ) ) ;
#11099 = CARTESIAN_POINT ( 'NONE',  ( -119.3174378504844242, 30.28689870187329092, -2.808135428405197587 ) ) ;
#11100 = CARTESIAN_POINT ( 'NONE',  ( 10.65859082457481399, -5.795957894100131291, -2.400000000000000355 ) ) ;
#11101 = CIRCLE ( 'NONE', #560, 0.5000000000000004441 ) ;
#11102 = ORIENTED_EDGE ( 'NONE', *, *, #6240, .T. ) ;
#11103 = EDGE_CURVE ( 'NONE', #10829, #11485, #4579, .T. ) ;
#11104 = ORIENTED_EDGE ( 'NONE', *, *, #8535, .F. ) ;
#11105 = PLANE ( 'NONE',  #10236 ) ;
#11106 = CARTESIAN_POINT ( 'NONE',  ( 19.17282655130631497, 16.98547018668785569, -2.400000000000005240 ) ) ;
#11107 = CARTESIAN_POINT ( 'NONE',  ( -99.06228253471061862, 14.29411798029987857, -4.400000000000000355 ) ) ;
#11108 = VECTOR ( 'NONE', #7727, 1000.000000000000000 ) ;
#11109 = DIRECTION ( 'NONE',  ( 0.000000000000000000, -1.000000000000000000, -1.694065894508601171E-16 ) ) ;
#11110 = VECTOR ( 'NONE', #2995, 1000.000000000000000 ) ;
#11111 = DIRECTION ( 'NONE',  ( -0.000000000000000000, -0.000000000000000000, 1.000000000000000000 ) ) ;
#11112 = VERTEX_POINT ( 'NONE', #5253 ) ;
#11113 = ORIENTED_EDGE ( 'NONE', *, *, #6435, .T. ) ;
#11114 = DIRECTION ( 'NONE',  ( 0.000000000000000000, 0.000000000000000000, 1.000000000000000000 ) ) ;
#11115 = ORIENTED_EDGE ( 'NONE', *, *, #4757, .T. ) ;
#11116 = EDGE_CURVE ( 'NONE', #11313, #2528, #7832, .T. ) ;
#11117 = EDGE_CURVE ( 'NONE', #10846, #2679, #7075, .T. ) ;
#11118 = CIRCLE ( 'NONE', #3499, 1.000000000000000888 ) ;
#11119 = LINE ( 'NONE', #1583, #11418 ) ;
#11120 = LINE ( 'NONE', #4696, #2999 ) ;
#11121 = LINE ( 'NONE', #4576, #8773 ) ;
#11122 = VECTOR ( 'NONE', #7153, 1000.000000000000000 ) ;
#11123 = CARTESIAN_POINT ( 'NONE',  ( -42.60274304593206551, -125.2924481354811519, -1.900000000000000355 ) ) ;
#11124 = ADVANCED_FACE ( 'NONE', ( #9961 ), #10824, .T. ) ;
#11125 = CARTESIAN_POINT ( 'NONE',  ( 19.17283582309637069, 48.72338935089999978, -2.412967911105906804 ) ) ;
#11126 = ORIENTED_EDGE ( 'NONE', *, *, #11920, .T. ) ;
#11127 = ORIENTED_EDGE ( 'NONE', *, *, #6045, .T. ) ;
#11128 = ORIENTED_EDGE ( 'NONE', *, *, #11001, .F. ) ;
#11129 = CARTESIAN_POINT ( 'NONE',  ( -119.3129851431140906, 28.98401874209802287, -2.360019375376301465 ) ) ;
#11130 = CARTESIAN_POINT ( 'NONE',  ( -119.2930729813686241, 56.94197827182566840, -3.828807813583582131 ) ) ;
#11131 = CARTESIAN_POINT ( 'NONE',  ( 19.34455127500732630, 16.41427269254953458, -3.804406304071138667 ) ) ;
#11132 = DIRECTION ( 'NONE',  ( -0.000000000000000000, -0.000000000000000000, -1.000000000000000000 ) ) ;
#11133 = DIRECTION ( 'NONE',  ( 0.000000000000000000, -1.000000000000000000, 0.000000000000000000 ) ) ;
#11134 = CARTESIAN_POINT ( 'NONE',  ( -32.04424108330033505, 81.92589924883145613, -4.995599230561261983 ) ) ;
#11135 = CARTESIAN_POINT ( 'NONE',  ( -74.18728330292589135, 19.29411698796796415, 5.399999999999998579 ) ) ;
#11136 = EDGE_LOOP ( 'NONE', ( #8361, #7340, #1380, #7489, #6822 ) ) ;
#11137 = EDGE_CURVE ( 'NONE', #3233, #8422, #5113, .T. ) ;
#11138 = DIRECTION ( 'NONE',  ( 0.000000000000000000, 0.000000000000000000, 1.000000000000000000 ) ) ;
#11139 = VERTEX_POINT ( 'NONE', #2621 ) ;
#11140 = VECTOR ( 'NONE', #8007, 1000.000000000000000 ) ;
#11141 = VERTEX_POINT ( 'NONE', #4338 ) ;
#11142 = CARTESIAN_POINT ( 'NONE',  ( -117.3122790891199116, 16.29411798029975955, 5.399999999999998579 ) ) ;
#11143 = CARTESIAN_POINT ( 'NONE',  ( 20.16772100000000378, 0.000000000000000000, -1.900000000000000355 ) ) ;
#11144 = CARTESIAN_POINT ( 'NONE',  ( -49.66227902055459964, 1.244117980299763726, -1.900000000000000355 ) ) ;
#11145 = CARTESIAN_POINT ( 'NONE',  ( 19.17283899505393663, 49.87304024532036806, -2.603006585896516345 ) ) ;
#11146 = FACE_OUTER_BOUND ( 'NONE', #2882, .T. ) ;
#11147 = CARTESIAN_POINT ( 'NONE',  ( 1.302026010733317030, 84.11645676096323143, 3.376745882623155115 ) ) ;
#11148 = CARTESIAN_POINT ( 'NONE',  ( -100.4494682978926647, 14.32193599323764133, -6.186789391842989261 ) ) ;
#11149 = VECTOR ( 'NONE', #9627, 1000.000000000000000 ) ;
#11150 = CARTESIAN_POINT ( 'NONE',  ( -119.3173715866860078, 29.59393106027460618, -6.347419027873924868 ) ) ;
#11151 = ORIENTED_EDGE ( 'NONE', *, *, #11378, .T. ) ;
#11152 = CARTESIAN_POINT ( 'NONE',  ( -52.66227900109225857, 0.000000000000000000, 7.399999999999998579 ) ) ;
#11153 = EDGE_CURVE ( 'NONE', #3320, #3136, #3544, .T. ) ;
#11154 = EDGE_CURVE ( 'NONE', #6719, #11810, #7257, .T. ) ;
#11155 = CARTESIAN_POINT ( 'NONE',  ( 19.24950997402077846, 18.37265594989637307, -3.804406304071138667 ) ) ;
#11156 = ORIENTED_EDGE ( 'NONE', *, *, #7506, .F. ) ;
#11157 = ORIENTED_EDGE ( 'NONE', *, *, #7635, .F. ) ;
#11158 = ORIENTED_EDGE ( 'NONE', *, *, #4372, .T. ) ;
#11159 = CIRCLE ( 'NONE', #7435, 0.3999999999999906408 ) ;
#11160 = DIRECTION ( 'NONE',  ( -1.000000000000000000, 0.000000000000000000, 0.000000000000000000 ) ) ;
#11161 = CARTESIAN_POINT ( 'NONE',  ( -80.21367833427878224, 73.14410401970066289, 4.400000000000000355 ) ) ;
#11162 = CARTESIAN_POINT ( 'NONE',  ( -20.98777494676939526, -2.596814335139196572, -5.619979458381441084 ) ) ;
#11163 = CARTESIAN_POINT ( 'NONE',  ( -23.66227900000001583, 81.14188785450699015, 7.399999999999998579 ) ) ;
#11164 = DIRECTION ( 'NONE',  ( 0.000000000000000000, -1.000000000000000000, 0.000000000000000000 ) ) ;
#11165 = CARTESIAN_POINT ( 'NONE',  ( 1.170242804356119715, 84.19227771969663365, 3.321417329060880164 ) ) ;
#11166 = EDGE_CURVE ( 'NONE', #3064, #9469, #679, .T. ) ;
#11167 = CARTESIAN_POINT ( 'NONE',  ( 19.13224840237664282, 51.02545081133818883, -5.506109695707693596 ) ) ;
#11168 = ORIENTED_EDGE ( 'NONE', *, *, #1885, .F. ) ;
#11169 = CONICAL_SURFACE ( 'NONE', #5890, 0.2999999999999669598, 0.7853981633974945753 ) ;
#11170 = ORIENTED_EDGE ( 'NONE', *, *, #6501, .F. ) ;
#11171 = DIRECTION ( 'NONE',  ( 0.000000000000000000, -0.000000000000000000, -1.000000000000000000 ) ) ;
#11172 = ORIENTED_EDGE ( 'NONE', *, *, #7024, .T. ) ;
#11173 = CARTESIAN_POINT ( 'NONE',  ( -22.66228598029826813, 78.14098492032248089, 5.399999999999998579 ) ) ;
#11174 = CARTESIAN_POINT ( 'NONE',  ( -70.49221783287669041, 81.79994213281149484, -2.272870760078836039 ) ) ;
#11175 = AXIS2_PLACEMENT_3D ( 'NONE', #3265, #4298, #9920 ) ;
#11176 = CARTESIAN_POINT ( 'NONE',  ( -30.73838426455058581, 7.034310204429431224, 7.399999999999998579 ) ) ;
#11177 = CARTESIAN_POINT ( 'NONE',  ( -120.3122790047357427, 13.69411797798555419, 7.399999999999998579 ) ) ;
#11178 = EDGE_CURVE ( 'NONE', #11594, #8226, #638, .T. ) ;
#11179 = ADVANCED_FACE ( 'NONE', ( #2683 ), #1531, .F. ) ;
#11180 = CARTESIAN_POINT ( 'NONE',  ( -120.3122790047357427, 13.69411797798555419, 7.399999999999998579 ) ) ;
#11181 = AXIS2_PLACEMENT_3D ( 'NONE', #9486, #326, #205 ) ;
#11182 = CARTESIAN_POINT ( 'NONE',  ( 1.408057658815224963E-05, 72.84408845748393446, 5.399999999999998579 ) ) ;
#11183 = ORIENTED_EDGE ( 'NONE', *, *, #11942, .T. ) ;
#11184 = ORIENTED_EDGE ( 'NONE', *, *, #9769, .F. ) ;
#11185 = VERTEX_POINT ( 'NONE', #3422 ) ;
#11186 = CARTESIAN_POINT ( 'NONE',  ( -119.3418136247182986, 30.85589551700965316, -4.971197494147453710 ) ) ;
#11187 = CARTESIAN_POINT ( 'NONE',  ( 16.78148455482655166, 81.13854131990267149, 2.799999999999981171 ) ) ;
#11188 = CARTESIAN_POINT ( 'NONE',  ( 19.17216827610222296, 15.27188566585233787, -3.293894456394166337 ) ) ;
#11189 = AXIS2_PLACEMENT_3D ( 'NONE', #7133, #3354, #7988 ) ;
#11190 = ADVANCED_FACE ( 'NONE', ( #7140 ), #10885, .F. ) ;
#11191 = DIRECTION ( 'NONE',  ( 0.000000000000000000, 0.000000000000000000, 1.000000000000000000 ) ) ;
#11192 =( GEOMETRIC_REPRESENTATION_CONTEXT ( 3 ) GLOBAL_UNCERTAINTY_ASSIGNED_CONTEXT ( ( #8348 ) ) GLOBAL_UNIT_ASSIGNED_CONTEXT ( ( #2340, #1310, #11716 ) ) REPRESENTATION_CONTEXT ( 'NONE', 'WORKASPACE' ) );
#11193 = FACE_OUTER_BOUND ( 'NONE', #1922, .T. ) ;
#11194 = CARTESIAN_POINT ( 'NONE',  ( -35.14501269426892804, 81.89194129958144686, -4.485088766547514538 ) ) ;
#11195 = LINE ( 'NONE', #3624, #7182 ) ;
#11196 = ORIENTED_EDGE ( 'NONE', *, *, #4109, .F. ) ;
#11197 = CARTESIAN_POINT ( 'NONE',  ( 18.16772100000000378, 50.98547018669193420, -0.9000000000000002442 ) ) ;
#11198 = CARTESIAN_POINT ( 'NONE',  ( 1.602121930820903478E-06, 12.29410278256791500, -1.900000000000000355 ) ) ;
#11199 = ORIENTED_EDGE ( 'NONE', *, *, #2361, .F. ) ;
#11200 = VECTOR ( 'NONE', #2824, 1000.000000000000000 ) ;
#11201 = EDGE_LOOP ( 'NONE', ( #5611, #11973, #8620, #2774, #8608, #11338 ) ) ;
#11202 = ORIENTED_EDGE ( 'NONE', *, *, #10155, .F. ) ;
#11203 = CARTESIAN_POINT ( 'NONE',  ( -67.71784497951759363, 81.89194109547177902, -4.485088766571109886 ) ) ;
#11204 = LINE ( 'NONE', #207, #1706 ) ;
#11205 = CARTESIAN_POINT ( 'NONE',  ( -60.16005585450886883, 85.84411115030172823, 4.400000000000000355 ) ) ;
#11206 = CARTESIAN_POINT ( 'NONE',  ( -116.3122720203380709, 71.13595435076683771, 7.399999999999998579 ) ) ;
#11207 = ADVANCED_FACE ( 'NONE', ( #4395 ), #8116, .T. ) ;
#11208 = DIRECTION ( 'NONE',  ( 0.000000000000000000, 0.000000000000000000, 1.000000000000000000 ) ) ;
#11209 = CARTESIAN_POINT ( 'NONE',  ( -99.63347472111917114, 14.10140974025095417, -4.314918151673849067 ) ) ;
#11210 = AXIS2_PLACEMENT_3D ( 'NONE', #4392, #11755, #4335 ) ;
#11211 = CARTESIAN_POINT ( 'NONE',  ( 0.000000000000000000, 0.000000000000000000, 4.400000000000000355 ) ) ;
#11212 = EDGE_LOOP ( 'NONE', ( #5273, #4510, #6299, #6197 ) ) ;
#11213 = PLANE ( 'NONE',  #8037 ) ;
#11214 = VERTEX_POINT ( 'NONE', #4 ) ;
#11215 = LINE ( 'NONE', #8450, #4065 ) ;
#11216 = ORIENTED_EDGE ( 'NONE', *, *, #7416, .T. ) ;
#11217 = ORIENTED_EDGE ( 'NONE', *, *, #5513, .F. ) ;
#11218 = VECTOR ( 'NONE', #163, 1000.000000000000227 ) ;
#11219 = AXIS2_PLACEMENT_3D ( 'NONE', #10621, #7619, #2244 ) ;
#11220 = CARTESIAN_POINT ( 'NONE',  ( -22.06227899999998954, 21.29411100000000090, 7.100000000000059153 ) ) ;
#11221 = DIRECTION ( 'NONE',  ( -0.000000000000000000, 0.000000000000000000, 1.000000000000000000 ) ) ;
#11222 = DIRECTION ( 'NONE',  ( 0.000000000000000000, -0.7071067811865761055, 0.7071067811865188180 ) ) ;
#11223 = CARTESIAN_POINT ( 'NONE',  ( -22.77644175263811377, -2.117522083683855527, -6.399907423757588809 ) ) ;
#11224 = DIRECTION ( 'NONE',  ( -0.000000000000000000, -0.000000000000000000, -1.000000000000000000 ) ) ;
#11225 = EDGE_CURVE ( 'NONE', #9237, #9709, #10381, .T. ) ;
#11226 = CARTESIAN_POINT ( 'NONE',  ( 1.258320371926914039, 84.14168380920978052, 3.362609541629138832 ) ) ;
#11227 = DIRECTION ( 'NONE',  ( -0.2588190399164175259, -0.9659258276786805153, 0.000000000000000000 ) ) ;
#11228 = AXIS2_PLACEMENT_3D ( 'NONE', #4606, #1968, #10405 ) ;
#11229 = EDGE_LOOP ( 'NONE', ( #6210, #7051, #4047, #11247 ) ) ;
#11230 = AXIS2_PLACEMENT_3D ( 'NONE', #11881, #3487, #11995 ) ;
#11231 = ORIENTED_EDGE ( 'NONE', *, *, #8559, .F. ) ;
#11232 = LINE ( 'NONE', #2851, #8760 ) ;
#11233 = ORIENTED_EDGE ( 'NONE', *, *, #1468, .F. ) ;
#11234 = LINE ( 'NONE', #3769, #8884 ) ;
#11235 = FACE_OUTER_BOUND ( 'NONE', #10148, .T. ) ;
#11236 = AXIS2_PLACEMENT_3D ( 'NONE', #11676, #10619, #540 ) ;
#11237 = AXIS2_PLACEMENT_3D ( 'NONE', #7613, #2733, #3830 ) ;
#11238 = CARTESIAN_POINT ( 'NONE',  ( -80.51367833427875098, 0.000000000000000000, 7.399999999999998579 ) ) ;
#11239 = EDGE_CURVE ( 'NONE', #8228, #10563, #9399, .T. ) ;
#11240 = EDGE_CURVE ( 'NONE', #4538, #2372, #1822, .T. ) ;
#11241 = DIRECTION ( 'NONE',  ( -0.000000000000000000, -0.000000000000000000, 1.000000000000000000 ) ) ;
#11242 = LINE ( 'NONE', #6575, #3893 ) ;
#11243 = CARTESIAN_POINT ( 'NONE',  ( -61.16227201969416427, 84.14098492032249510, -1.900000000000000355 ) ) ;
#11244 = FACE_OUTER_BOUND ( 'NONE', #11958, .T. ) ;
#11245 = VECTOR ( 'NONE', #6801, 1000.000000000000000 ) ;
#11246 = CARTESIAN_POINT ( 'NONE',  ( -7.165133098003762364E-22, 27.06910750985032976, -1.900000000000000355 ) ) ;
#11247 = ORIENTED_EDGE ( 'NONE', *, *, #6170, .F. ) ;
#11248 = ADVANCED_FACE ( 'NONE', ( #8358 ), #9338, .T. ) ;
#11249 = VERTEX_POINT ( 'NONE', #3901 ) ;
#11250 = CARTESIAN_POINT ( 'NONE',  ( -119.4364648497900561, 29.66470120570228275, -3.339211667515420423 ) ) ;
#11251 = LINE ( 'NONE', #6410, #9251 ) ;
#11252 = CARTESIAN_POINT ( 'NONE',  ( 19.30071188146332162, 17.06706622704304266, -3.293894456394166337 ) ) ;
#11253 = CIRCLE ( 'NONE', #9880, 1.999999999999994893 ) ;
#11254 = CARTESIAN_POINT ( 'NONE',  ( -61.16246856241581042, 0.0001428680500498684261, 5.399999999999998579 ) ) ;
#11255 = CARTESIAN_POINT ( 'NONE',  ( -20.80415823903652850, -2.671241381423337113, -4.971197493917685506 ) ) ;
#11256 = CARTESIAN_POINT ( 'NONE',  ( -34.81861526355650938, 81.92589997394259171, -3.804406303003389223 ) ) ;
#11257 = CARTESIAN_POINT ( 'NONE',  ( 19.16772100000002865, 25.98547018669193065, -1.900000000000000355 ) ) ;
#11258 = ORIENTED_EDGE ( 'NONE', *, *, #821, .F. ) ;
#11259 = CONICAL_SURFACE ( 'NONE', #2280, 213.8027930341398246, 0.7853981633974482790 ) ;
#11260 = DIRECTION ( 'NONE',  ( -0.000000000000000000, -0.000000000000000000, -1.000000000000000000 ) ) ;
#11261 = PLANE ( 'NONE',  #1519 ) ;
#11262 = ORIENTED_EDGE ( 'NONE', *, *, #11783, .T. ) ;
#11263 = EDGE_CURVE ( 'NONE', #7264, #9178, #4713, .T. ) ;
#11264 = ORIENTED_EDGE ( 'NONE', *, *, #7927, .F. ) ;
#11265 = EDGE_CURVE ( 'NONE', #1996, #7505, #124, .T. ) ;
#11266 = ORIENTED_EDGE ( 'NONE', *, *, #11612, .T. ) ;
#11267 = CARTESIAN_POINT ( 'NONE',  ( 1.408057658815224963E-05, 72.84408845748393446, 5.399999999999998579 ) ) ;
#11268 = CARTESIAN_POINT ( 'NONE',  ( -1.583999485612814758E-16, 1.244117980299770165, 7.099999999999989875 ) ) ;
#11269 = CARTESIAN_POINT ( 'NONE',  ( 19.17290211163222224, 50.49293881551547258, -3.079173392803511877 ) ) ;
#11270 = CYLINDRICAL_SURFACE ( 'NONE', #7735, 0.6000000000000000888 ) ;
#11271 = CARTESIAN_POINT ( 'NONE',  ( -33.43142950036545358, 81.84411100000002648, -4.400000000000000355 ) ) ;
#11272 = CARTESIAN_POINT ( 'NONE',  ( -99.63347472111917114, 14.11728772770233675, -4.995599231573638832 ) ) ;
#11273 = AXIS2_PLACEMENT_3D ( 'NONE', #3865, #999, #1906 ) ;
#11274 = CARTESIAN_POINT ( 'NONE',  ( -7.662260430057335370, 81.84410925728559505, -2.400000000000000355 ) ) ;
#11275 = ORIENTED_EDGE ( 'NONE', *, *, #10988, .F. ) ;
#11276 = CARTESIAN_POINT ( 'NONE',  ( 0.8677331119864816200, 79.84410682432395845, -1.900000000000000577 ) ) ;
#11277 = CARTESIAN_POINT ( 'NONE',  ( 20.16772100000000378, 12.48788592914254103, 6.400000000000025224 ) ) ;
#11278 = ORIENTED_EDGE ( 'NONE', *, *, #9781, .F. ) ;
#11279 = ORIENTED_EDGE ( 'NONE', *, *, #3037, .F. ) ;
#11280 = EDGE_CURVE ( 'NONE', #6166, #5376, #9524, .T. ) ;
#11281 = VECTOR ( 'NONE', #443, 1000.000000000000114 ) ;
#11282 = LINE ( 'NONE', #2840, #2429 ) ;
#11283 = LINE ( 'NONE', #3999, #11074 ) ;
#11284 = CARTESIAN_POINT ( 'NONE',  ( 11.01773275234658023, 77.84410499915232151, -1.799999999999999378 ) ) ;
#11285 = CARTESIAN_POINT ( 'NONE',  ( -32.21227899999998812, 19.69411099999999948, 4.400000000000000355 ) ) ;
#11286 = CARTESIAN_POINT ( 'NONE',  ( -32.54385944173757395, 81.84922899476089242, -6.196993414103793896 ) ) ;
#11287 = DIRECTION ( 'NONE',  ( 0.000000000000000000, 0.000000000000000000, 1.000000000000000000 ) ) ;
#11288 = CARTESIAN_POINT ( 'NONE',  ( 1.371035102482378809, 84.07650361014830764, 3.392472189691249529 ) ) ;
#11289 = FACE_OUTER_BOUND ( 'NONE', #1432, .T. ) ;
#11290 = ORIENTED_EDGE ( 'NONE', *, *, #6626, .T. ) ;
#11291 = VERTEX_POINT ( 'NONE', #10320 ) ;
#11292 = DIRECTION ( 'NONE',  ( -0.000000000000000000, -0.000000000000000000, -1.000000000000000000 ) ) ;
#11293 = ORIENTED_EDGE ( 'NONE', *, *, #7703, .T. ) ;
#11294 = EDGE_CURVE ( 'NONE', #7955, #5342, #5549, .T. ) ;
#11295 = B_SPLINE_CURVE_WITH_KNOTS ( 'NONE', 3,
 ( #767, #2590, #6305, #3513, #6429, #6246, #3450, #4364, #10914, #10050, #9989, #7164, #1736, #2534, #1678, #1852, #5397, #10112, #12081, #885, #4484, #2653, #6484, #8207, #6368, #11966, #5456, #9125, #1618, #8082 ),
 .UNSPECIFIED., .F., .F.,
 ( 4, 2, 2, 2, 2, 2, 2, 2, 2, 2, 2, 2, 2, 2, 4 ),
 ( 8.673617379884035472E-18, 0.0003908071656751725426, 0.0007816143313503364116, 0.001172421497025500281, 0.001563228662700664150, 0.002344842994050990153, 0.003126457325401316156, 0.003517264491076479375, 0.003908071656751642593, 0.004298878822426806245, 0.004689685988101969030, 0.005080493153777131815, 0.005471300319452295467, 0.005862107485127458252, 0.006252914650802621037 ),
 .UNSPECIFIED. ) ;
#11296 = CARTESIAN_POINT ( 'NONE',  ( -61.76227900000000659, 24.29411100000000445, 4.400000000000000355 ) ) ;
#11297 = VECTOR ( 'NONE', #2103, 1000.000000000000000 ) ;
#11298 = CIRCLE ( 'NONE', #9143, 0.2999999999999947153 ) ;
#11299 = DIRECTION ( 'NONE',  ( 0.000000000000000000, 1.000000000000000000, 0.000000000000000000 ) ) ;
#11300 = DIRECTION ( 'NONE',  ( 3.750753461571469916E-15, -1.000000000000000000, 0.000000000000000000 ) ) ;
#11301 = CARTESIAN_POINT ( 'NONE',  ( -1.794959694563303731, -6.698880921515045550, -1.900000000000000355 ) ) ;
#11302 = DIRECTION ( 'NONE',  ( 0.000000000000000000, -1.000000000000000000, -1.694065894508601171E-16 ) ) ;
#11303 = CARTESIAN_POINT ( 'NONE',  ( 19.07803052847495451, 47.27188566584292317, -6.527129240129442955 ) ) ;
#11304 = DIRECTION ( 'NONE',  ( 0.9999999999999054090, -4.347624119164473710E-07, 0.000000000000000000 ) ) ;
#11305 = VECTOR ( 'NONE', #9676, 1000.000000000000114 ) ;
#11306 = ORIENTED_EDGE ( 'NONE', *, *, #11806, .T. ) ;
#11307 = AXIS2_PLACEMENT_3D ( 'NONE', #5598, #2787, #3768 ) ;
#11308 = ADVANCED_FACE ( 'NONE', ( #11244 ), #7438, .F. ) ;
#11309 = ADVANCED_FACE ( 'NONE', ( #4820 ), #9207, .T. ) ;
#11310 = CARTESIAN_POINT ( 'NONE',  ( 15.46773485016850636, 89.51034574381083075, 2.799999999999989164 ) ) ;
#11311 = CARTESIAN_POINT ( 'NONE',  ( -79.21227201969415432, 79.84411100000001227, 5.399999999999998579 ) ) ;
#11312 = VERTEX_POINT ( 'NONE', #2007 ) ;
#11313 = VERTEX_POINT ( 'NONE', #11180 ) ;
#11314 = CARTESIAN_POINT ( 'NONE',  ( 16.43674208195990971, 81.23746571512600667, 3.835509016458959586 ) ) ;
#11315 = ORIENTED_EDGE ( 'NONE', *, *, #3246, .F. ) ;
#11316 = CARTESIAN_POINT ( 'NONE',  ( -7.662260430057335370, 81.84410925728559505, -2.400000000000000355 ) ) ;
#11317 = CARTESIAN_POINT ( 'NONE',  ( -119.2767994221509866, 57.96299781573683418, -2.360019375376344541 ) ) ;
#11318 = AXIS2_PLACEMENT_3D ( 'NONE', #3482, #4393, #3541 ) ;
#11319 = DIRECTION ( 'NONE',  ( -0.9999999999999837907, 1.798198651385039339E-07, 0.000000000000000000 ) ) ;
#11320 = ADVANCED_FACE ( 'NONE', ( #6460 ), #184, .T. ) ;
#11321 = CARTESIAN_POINT ( 'NONE',  ( -21.14752720838996325, -2.637739625508526586, -4.318403959491371680 ) ) ;
#11322 = CARTESIAN_POINT ( 'NONE',  ( -33.51302554070682760, 82.05421435913035566, -4.485088766547514538 ) ) ;
#11323 = LINE ( 'NONE', #10644, #10128 ) ;
#11324 = DIRECTION ( 'NONE',  ( -0.000000000000000000, -0.000000000000000000, -1.000000000000000000 ) ) ;
#11325 = CARTESIAN_POINT ( 'NONE',  ( -8.062260430057326843, 81.84410925728559505, -2.400000000000000355 ) ) ;
#11326 = ORIENTED_EDGE ( 'NONE', *, *, #6030, .T. ) ;
#11327 = ORIENTED_EDGE ( 'NONE', *, *, #4196, .F. ) ;
#11328 = DIRECTION ( 'NONE',  ( -1.000000000000000000, 0.000000000000000000, 0.000000000000000000 ) ) ;
#11329 = CARTESIAN_POINT ( 'NONE',  ( 18.16772100000000378, 39.98547018669192710, 1.699999999999993516 ) ) ;
#11330 = LINE ( 'NONE', #9363, #5013 ) ;
#11331 = CARTESIAN_POINT ( 'NONE',  ( 19.17290617131738983, 50.30843746584938714, -2.894409693361386093 ) ) ;
#11332 = CARTESIAN_POINT ( 'NONE',  ( -10.83707281764268515, 1.923685030425932752, 7.399999999999998579 ) ) ;
#11333 = LINE ( 'NONE', #2951, #2161 ) ;
#11334 = CARTESIAN_POINT ( 'NONE',  ( -100.4494682978926647, 14.21232938241663213, -4.995599231573638832 ) ) ;
#11335 = ADVANCED_FACE ( 'NONE', ( #7499 ), #7560, .F. ) ;
#11336 = EDGE_CURVE ( 'NONE', #1557, #9104, #9247, .T. ) ;
#11337 = CARTESIAN_POINT ( 'NONE',  ( -119.3174459739199875, 27.47894137500628986, -5.619979458381434867 ) ) ;
#11338 = ORIENTED_EDGE ( 'NONE', *, *, #1084, .T. ) ;
#11339 = CARTESIAN_POINT ( 'NONE',  ( -119.3174463151646449, 30.65750967526649262, -3.177619477097980649 ) ) ;
#11340 = AXIS2_PLACEMENT_3D ( 'NONE', #6022, #1390, #8828 ) ;
#11341 = DIRECTION ( 'NONE',  ( -0.000000000000000000, 0.000000000000000000, 1.000000000000000000 ) ) ;
#11342 = VERTEX_POINT ( 'NONE', #1343 ) ;
#11343 = ORIENTED_EDGE ( 'NONE', *, *, #8487, .F. ) ;
#11344 = DIRECTION ( 'NONE',  ( -1.000000000000000000, 0.000000000000000000, 0.000000000000000000 ) ) ;
#11345 = DIRECTION ( 'NONE',  ( -1.000000000000000000, 0.000000000000000000, 0.000000000000000000 ) ) ;
#11346 = PLANE ( 'NONE',  #847 ) ;
#11347 = B_SPLINE_CURVE_WITH_KNOTS ( 'NONE', 3,
 ( #9152, #8972, #10878, #4327 ),
 .UNSPECIFIED., .F., .F.,
 ( 4, 4 ),
 ( 0.000000000000000000, 0.001414856293799998145 ),
 .UNSPECIFIED. ) ;
#11348 = FACE_OUTER_BOUND ( 'NONE', #8636, .T. ) ;
#11349 = AXIS2_PLACEMENT_3D ( 'NONE', #11923, #11227, #2848 ) ;
#11350 = CARTESIAN_POINT ( 'NONE',  ( -118.3122720196896722, 61.06910750985031910, 0.5999999999999998668 ) ) ;
#11351 = CARTESIAN_POINT ( 'NONE',  ( -5.012499826554825511, -8.681904472315222776, 7.399999999999998579 ) ) ;
#11352 = CARTESIAN_POINT ( 'NONE',  ( 1.333085736903247831, 84.09850343226176506, 3.385016072211235461 ) ) ;
#11353 = EDGE_CURVE ( 'NONE', #10683, #10939, #434, .T. ) ;
#11354 = DIRECTION ( 'NONE',  ( 1.954618001100627820E-16, -1.000000000000000000, 0.000000000000000000 ) ) ;
#11355 = VERTEX_POINT ( 'NONE', #3046 ) ;
#11356 = ORIENTED_EDGE ( 'NONE', *, *, #9404, .T. ) ;
#11357 = CARTESIAN_POINT ( 'NONE',  ( -75.81228330292589135, 19.29411698796796415, 5.399999999999998579 ) ) ;
#11358 = VERTEX_POINT ( 'NONE', #2539 ) ;
#11359 = VECTOR ( 'NONE', #10351, 1000.000000000000000 ) ;
#11360 = CARTESIAN_POINT ( 'NONE',  ( -40.39384565921501036, -1.755885432175285921, 6.400000000000025224 ) ) ;
#11361 = CARTESIAN_POINT ( 'NONE',  ( -79.81155692752541597, 23.01501315653032265, 5.399999999999998579 ) ) ;
#11362 = DIRECTION ( 'NONE',  ( -0.000000000000000000, -0.000000000000000000, -1.000000000000000000 ) ) ;
#11363 = CARTESIAN_POINT ( 'NONE',  ( -0.000000000000000000, 80.84411100000002648, -1.900000000000000355 ) ) ;
#11364 = CARTESIAN_POINT ( 'NONE',  ( -50.96227902055462522, 2.244118018946271942, 7.399999999999998579 ) ) ;
#11365 = VECTOR ( 'NONE', #10383, 999.9999999999998863 ) ;
#11366 = EDGE_CURVE ( 'NONE', #3064, #2720, #11763, .T. ) ;
#11367 = CARTESIAN_POINT ( 'NONE',  ( 19.08111151718033582, 46.94548956206062940, -2.613211992825268837 ) ) ;
#11368 = CARTESIAN_POINT ( 'NONE',  ( -20.65348733407117265, -2.686319597276507043, -3.882041515998482240 ) ) ;
#11369 = ORIENTED_EDGE ( 'NONE', *, *, #2440, .T. ) ;
#11370 = CARTESIAN_POINT ( 'NONE',  ( 19.17282655129768543, 48.98547018669192710, -6.399999999999994138 ) ) ;
#11371 = ORIENTED_EDGE ( 'NONE', *, *, #11683, .F. ) ;
#11372 = AXIS2_PLACEMENT_3D ( 'NONE', #3179, #3119, #2264 ) ;
#11373 = ORIENTED_EDGE ( 'NONE', *, *, #5748, .T. ) ;
#11374 = ORIENTED_EDGE ( 'NONE', *, *, #8836, .F. ) ;
#11375 = DIRECTION ( 'NONE',  ( -0.000000000000000000, 0.000000000000000000, 1.000000000000000000 ) ) ;
#11376 = CARTESIAN_POINT ( 'NONE',  ( -119.3912002833711767, 60.17521305394346598, -5.460792313280947496 ) ) ;
#11377 = CARTESIAN_POINT ( 'NONE',  ( 19.29191342733247438, 18.04625851918304136, -4.995599231673178764 ) ) ;
#11378 = EDGE_CURVE ( 'NONE', #916, #9694, #9996, .T. ) ;
#11379 = EDGE_CURVE ( 'NONE', #7998, #1961, #4130, .T. ) ;
#11380 = AXIS2_PLACEMENT_3D ( 'NONE', #2931, #1041, #6646 ) ;
#11381 = CARTESIAN_POINT ( 'NONE',  ( -21.97925690956848044, -2.454363966521142970, -5.460792313178614243 ) ) ;
#11382 = CARTESIAN_POINT ( 'NONE',  ( -34.81861526355650938, 81.93693502088460434, -4.485088766547514538 ) ) ;
#11383 = DIRECTION ( 'NONE',  ( -0.2484261864301030298, 0.6620305354708350132, -0.7071067811865440200 ) ) ;
#11384 = PLANE ( 'NONE',  #9468 ) ;
#11385 = CARTESIAN_POINT ( 'NONE',  ( -71.32962953971076558, 81.84921369976828487, -3.756568364489934364 ) ) ;
#11386 = EDGE_LOOP ( 'NONE', ( #8880, #3420, #10822, #3413 ) ) ;
#11387 = VERTEX_POINT ( 'NONE', #8724 ) ;
#11388 = DIRECTION ( 'NONE',  ( 0.000000000000000000, -0.000000000000000000, -1.000000000000000000 ) ) ;
#11389 = AXIS2_PLACEMENT_3D ( 'NONE', #4449, #7477, #2903 ) ;
#11390 = CARTESIAN_POINT ( 'NONE',  ( -68.37063718708466808, 81.98100077096449922, -4.314918150687090836 ) ) ;
#11391 = DIRECTION ( 'NONE',  ( 0.9999999999999837907, -1.798198670589262281E-07, 0.000000000000000000 ) ) ;
#11392 = CARTESIAN_POINT ( 'NONE',  ( 0.000000000000000000, 80.84188785450702142, 4.400000000000000355 ) ) ;
#11393 = STYLED_ITEM ( 'NONE', ( #8694 ), #3849 ) ;
#11394 = LINE ( 'NONE', #3007, #8907 ) ;
#11395 = EDGE_CURVE ( 'NONE', #5782, #5112, #7170, .T. ) ;
#11396 = DIRECTION ( 'NONE',  ( 1.000000000000000000, 5.243778698428439608E-16, 0.000000000000000000 ) ) ;
#11397 = CARTESIAN_POINT ( 'NONE',  ( -99.63347472111917114, 14.11728719215388317, -3.804406304015837570 ) ) ;
#11398 = PLANE ( 'NONE',  #6837 ) ;
#11399 = ORIENTED_EDGE ( 'NONE', *, *, #7664, .F. ) ;
#11400 = CARTESIAN_POINT ( 'NONE',  ( -119.3173775709958875, 31.06910750985032621, -4.400000000004071765 ) ) ;
#11401 = VECTOR ( 'NONE', #5635, 1000.000000000000000 ) ;
#11402 = ORIENTED_EDGE ( 'NONE', *, *, #10557, .F. ) ;
#11403 = CARTESIAN_POINT ( 'NONE',  ( -60.76227899999999948, 24.29411100000000445, 7.100000000000059153 ) ) ;
#11404 = ORIENTED_EDGE ( 'NONE', *, *, #10530, .F. ) ;
#11405 = ORIENTED_EDGE ( 'NONE', *, *, #6965, .F. ) ;
#11406 = EDGE_CURVE ( 'NONE', #4011, #6808, #9015, .T. ) ;
#11407 = CARTESIAN_POINT ( 'NONE',  ( -79.21367833427878224, 80.84411100000001227, 7.100000000000059153 ) ) ;
#11408 = FACE_OUTER_BOUND ( 'NONE', #7730, .T. ) ;
#11409 = DIRECTION ( 'NONE',  ( 1.000000000000000000, 0.000000000000000000, -0.000000000000000000 ) ) ;
#11410 = DIRECTION ( 'NONE',  ( -0.000000000000000000, 0.000000000000000000, 1.000000000000000000 ) ) ;
#11411 = AXIS2_PLACEMENT_3D ( 'NONE', #733, #6335, #4575 ) ;
#11412 = FACE_OUTER_BOUND ( 'NONE', #7050, .T. ) ;
#11413 = CARTESIAN_POINT ( 'NONE',  ( 1.314248329719274189, 84.10940296325611598, 3.380360799418540285 ) ) ;
#11414 = PLANE ( 'NONE',  #9581 ) ;
#11415 = VERTEX_POINT ( 'NONE', #4370 ) ;
#11416 = B_SPLINE_SURFACE_WITH_KNOTS ( 'NONE', 5, 5, ( 
 ( #307, #6817, #11556, #11430, #2067, #6875, #6638, #8601, #10444, #5793, #11367, #2187 ),
 ( #11303, #123, #10382, #9523, #2006, #2921, #9580, #183, #7683, #9461, #5974, #5853 ),
 ( #8721, #242, #9703, #2249, #4818, #4875, #3838, #3045, #1214, #1341, #7559, #10560 ),
 ( #9637, #11491, #6757, #2982, #8475, #10502, #10624, #2128, #4935, #4077, #4995, #8661 ),
 ( #6699, #1156, #1096, #8540, #3900, #7621, #4019, #3104, #3165, #367, #1460, #2309 ),
 ( #6207, #6152, #10748, #9887, #1518, #1403, #2490, #2428, #5060, #8967, #3407, #8100 ),
 ( #2369, #3469, #3229, #5181, #7001, #6093, #7922, #10873, #10692, #7861, #8785, #6942 ),
 ( #6040, #11618, #5240, #8845, #4265, #9766, #2549, #606, #4379, #5298, #8904, #6262 ),
 ( #5121, #545, #427, #7982, #4323, #10005, #4140, #7126, #11747, #9948, #8038, #3348 ),
 ( #486, #7062, #7183, #10808, #11803, #667, #1576, #9025, #9824, #11681, #11864, #4204 ),
 ( #3291, #10931, #9082, #7305, #8403, #8224, #10129, #10986, #48, #2783, #2727, #722 ),
 ( #9205, #6565, #1693, #11167, #7484, #6503, #6447, #10070, #3765, #11980, #5412, #8345 ) ),
 .UNSPECIFIED., .F., .F., .F.,
 ( 6, 3, 3, 6 ),
 ( 6, 3, 3, 6 ),
 ( -2.039980624688678468, -0.4080001057771203143, 0.4079934710115487029, 2.039980624588887625 ),
 ( -2.127129240123349252, -0.4254299994204333579, 0.4254230800415879088, 2.127129238965630442 ),
 .UNSPECIFIED. ) ;
#11417 = VERTEX_POINT ( 'NONE', #5976 ) ;
#11418 = VECTOR ( 'NONE', #5303, 1000.000000000000114 ) ;
#11419 = LINE ( 'NONE', #5537, #6591 ) ;
#11420 = ORIENTED_EDGE ( 'NONE', *, *, #8017, .F. ) ;
#11421 = AXIS2_PLACEMENT_3D ( 'NONE', #9700, #1400, #10870 ) ;
#11422 = DIRECTION ( 'NONE',  ( 1.000000000000000000, 0.000000000000000000, 0.000000000000000000 ) ) ;
#11423 = ADVANCED_FACE ( 'NONE', ( #11621 ), #6463, .F. ) ;
#11424 = EDGE_CURVE ( 'NONE', #7914, #2398, #8088, .T. ) ;
#11425 = CARTESIAN_POINT ( 'NONE',  ( -116.6041236157665111, 12.29411797798555028, 6.400000000000025224 ) ) ;
#11426 = DIRECTION ( 'NONE',  ( 0.000000000000000000, 0.000000000000000000, 1.000000000000000000 ) ) ;
#11427 = CARTESIAN_POINT ( 'NONE',  ( -117.3122718263922337, 72.84411113364973289, 5.399999999999998579 ) ) ;
#11428 = CIRCLE ( 'NONE', #5168, 9.395313679645695970 ) ;
#11429 = AXIS2_PLACEMENT_3D ( 'NONE', #10948, #3607, #5489 ) ;
#11430 = CARTESIAN_POINT ( 'NONE',  ( 19.13224812120023799, 46.94548956206062940, -5.506109695707693596 ) ) ;
#11431 = DIRECTION ( 'NONE',  ( 1.000000000000000000, 0.000000000000000000, 0.000000000000000000 ) ) ;
#11432 = EDGE_LOOP ( 'NONE', ( #10964, #3644, #4357, #5046 ) ) ;
#11433 = CARTESIAN_POINT ( 'NONE',  ( -119.9122790047356801, 13.29411840909209985, 7.399999999999998579 ) ) ;
#11434 = DIRECTION ( 'NONE',  ( -1.000000000000000000, 0.000000000000000000, 0.000000000000000000 ) ) ;
#11435 = ORIENTED_EDGE ( 'NONE', *, *, #6759, .F. ) ;
#11436 = CONICAL_SURFACE ( 'NONE', #10852, 2.025000000000040767, 0.7853981633974764787 ) ;
#11437 = ADVANCED_FACE ( 'NONE', ( #2188 ), #243, .T. ) ;
#11438 = CARTESIAN_POINT ( 'NONE',  ( 15.32605474253219491, 81.55180410388265955, 4.464626251984570970 ) ) ;
#11439 = ORIENTED_EDGE ( 'NONE', *, *, #3160, .F. ) ;
#11440 = CARTESIAN_POINT ( 'NONE',  ( -69.43142950036546779, 81.84921655131651619, -2.399999999999999911 ) ) ;
#11441 = CARTESIAN_POINT ( 'NONE',  ( -119.4891028140155527, 59.66470120652152787, -3.828807813583583464 ) ) ;
#11442 = CARTESIAN_POINT ( 'NONE',  ( 19.15536445292659451, 17.06706622704304266, -2.272870761040224785 ) ) ;
#11443 = CIRCLE ( 'NONE', #10068, 1.399999999999998579 ) ;
#11444 = CARTESIAN_POINT ( 'NONE',  ( -21.95705663917575734, -2.371511426545779067, -2.686416806086753706 ) ) ;
#11445 = CARTESIAN_POINT ( 'NONE',  ( -35.14501269426892804, 81.89194133692730304, -4.314918150661483764 ) ) ;
#11446 = DIRECTION ( 'NONE',  ( -0.000000000000000000, 0.000000000000000000, 1.000000000000000000 ) ) ;
#11447 = CARTESIAN_POINT ( 'NONE',  ( 12.91773485016855005, 89.51034620235017769, -1.799999999999999378 ) ) ;
#11448 = CARTESIAN_POINT ( 'NONE',  ( -69.43142950036546779, 81.84921655131651619, -2.399999999999999911 ) ) ;
#11449 = EDGE_LOOP ( 'NONE', ( #11841, #2877 ) ) ;
#11450 = ORIENTED_EDGE ( 'NONE', *, *, #7448, .T. ) ;
#11451 = EDGE_CURVE ( 'NONE', #4847, #8577, #7862, .T. ) ;
#11452 = AXIS2_PLACEMENT_3D ( 'NONE', #8709, #6562, #9568 ) ;
#11453 = CARTESIAN_POINT ( 'NONE',  ( 12.41857130266412312, 4.059597251194531076, 4.400000000000000355 ) ) ;
#11454 = CARTESIAN_POINT ( 'NONE',  ( -69.34982682536841025, 81.88211164759748328, -6.186789390833933311 ) ) ;
#11455 = DIRECTION ( 'NONE',  ( 1.000000000000000000, 0.000000000000000000, 0.000000000000000000 ) ) ;
#11456 = CARTESIAN_POINT ( 'NONE',  ( 18.16772100000000378, 39.98547018669192710, 1.699999999999993516 ) ) ;
#11457 = DIRECTION ( 'NONE',  ( 0.000000000000000000, 0.000000000000000000, -1.000000000000000000 ) ) ;
#11458 = DIRECTION ( 'NONE',  ( 0.000000000000000000, 0.000000000000000000, -1.000000000000000000 ) ) ;
#11459 = CARTESIAN_POINT ( 'NONE',  ( 18.16772100000000378, 39.98547018669192710, -1.900000000000000355 ) ) ;
#11460 = CARTESIAN_POINT ( 'NONE',  ( -11.03707281764265602, 1.923685030425932752, 7.399999999999998579 ) ) ;
#11461 = CIRCLE ( 'NONE', #10091, 0.1999999999999710343 ) ;
#11462 = VERTEX_POINT ( 'NONE', #6194 ) ;
#11463 = LINE ( 'NONE', #2102, #2578 ) ;
#11464 = DIRECTION ( 'NONE',  ( 0.000000000000000000, 0.000000000000000000, 1.000000000000000000 ) ) ;
#11465 = VERTEX_POINT ( 'NONE', #4936 ) ;
#11466 = DIRECTION ( 'NONE',  ( 0.000000000000000000, -1.000000000000000000, 0.000000000000000000 ) ) ;
#11467 = ORIENTED_EDGE ( 'NONE', *, *, #11683, .T. ) ;
#11468 = ORIENTED_EDGE ( 'NONE', *, *, #2116, .F. ) ;
#11469 = ADVANCED_FACE ( 'NONE', ( #8663 ), #11169, .T. ) ;
#11470 = EDGE_CURVE ( 'NONE', #1557, #2012, #3105, .T. ) ;
#11471 = LINE ( 'NONE', #2169, #883 ) ;
#11472 = DIRECTION ( 'NONE',  ( 0.000000000000000000, 0.000000000000000000, 1.000000000000000000 ) ) ;
#11473 = PLANE ( 'NONE',  #5714 ) ;
#11474 = VECTOR ( 'NONE', #5038, 1000.000000000000114 ) ;
#11475 = CARTESIAN_POINT ( 'NONE',  ( -67.43142950036545358, 81.84411100000002648, -4.400000000000000355 ) ) ;
#11476 = DIRECTION ( 'NONE',  ( 1.000000000000000000, 0.000000000000000000, 0.000000000000000000 ) ) ;
#11477 = CARTESIAN_POINT ( 'NONE',  ( -20.59056671349124912, -2.697889486621142030, -4.400000000000000355 ) ) ;
#11478 = CARTESIAN_POINT ( 'NONE',  ( -53.66227900109224436, 2.898797041049639311, 5.399999999999998579 ) ) ;
#11479 = LINE ( 'NONE', #3089, #2363 ) ;
#11480 = ORIENTED_EDGE ( 'NONE', *, *, #9477, .T. ) ;
#11481 = EDGE_CURVE ( 'NONE', #10829, #5979, #4553, .T. ) ;
#11482 = EDGE_LOOP ( 'NONE', ( #5064, #9899, #5855, #7780 ) ) ;
#11483 = VECTOR ( 'NONE', #11138, 1000.000000000000000 ) ;
#11484 = DIRECTION ( 'NONE',  ( -0.7071067811865148212, 0.000000000000000000, 0.7071067811865802133 ) ) ;
#11485 = VERTEX_POINT ( 'NONE', #11971 ) ;
#11486 = DIRECTION ( 'NONE',  ( 0.000000000000000000, 1.000000000000000000, -0.000000000000000000 ) ) ;
#11487 = CARTESIAN_POINT ( 'NONE',  ( -99.06228253471061862, 15.29411798029987679, -4.400000000000000355 ) ) ;
#11488 = FACE_OUTER_BOUND ( 'NONE', #8375, .T. ) ;
#11489 = CARTESIAN_POINT ( 'NONE',  ( -30.51227900000000659, 80.84411100000002648, 5.399999999999998579 ) ) ;
#11490 = VECTOR ( 'NONE', #5565, 1000.000000000000000 ) ;
#11491 = CARTESIAN_POINT ( 'NONE',  ( 19.16656516016639245, 47.92467787340755336, -6.186789391988859244 ) ) ;
#11492 = EDGE_CURVE ( 'NONE', #10120, #9499, #9312, .T. ) ;
#11493 = ADVANCED_FACE ( 'NONE', ( #1741 ), #2831, .F. ) ;
#11494 = DIRECTION ( 'NONE',  ( -1.000000000000000000, 0.000000000000000000, 0.000000000000000000 ) ) ;
#11495 = ORIENTED_EDGE ( 'NONE', *, *, #9992, .T. ) ;
#11496 = ORIENTED_EDGE ( 'NONE', *, *, #7331, .T. ) ;
#11497 = VECTOR ( 'NONE', #8312, 1000.000000000000000 ) ;
#11498 = ORIENTED_EDGE ( 'NONE', *, *, #6217, .F. ) ;
#11499 = VECTOR ( 'NONE', #2731, 1000.000000000000227 ) ;
#11500 = CARTESIAN_POINT ( 'NONE',  ( -79.51673485720000656, 22.99635366131899872, 5.399999999999998579 ) ) ;
#11501 = ORIENTED_EDGE ( 'NONE', *, *, #8410, .T. ) ;
#11502 = FACE_OUTER_BOUND ( 'NONE', #7642, .T. ) ;
#11503 = DIRECTION ( 'NONE',  ( 0.000000000000000000, 0.000000000000000000, -1.000000000000000000 ) ) ;
#11504 = CARTESIAN_POINT ( 'NONE',  ( -119.5223752763087077, 58.98401874329225336, -4.481602675009022541 ) ) ;
#11505 = CARTESIAN_POINT ( 'NONE',  ( 19.19726269555336984, 17.55666237311303490, -6.186789391986769360 ) ) ;
#11506 = AXIS2_PLACEMENT_3D ( 'NONE', #1401, #2245, #3287 ) ;
#11507 = AXIS2_PLACEMENT_3D ( 'NONE', #1529, #557, #5008 ) ;
#11508 = ADVANCED_FACE ( 'NONE', ( #10055 ), #2659, .F. ) ;
#11509 = CARTESIAN_POINT ( 'NONE',  ( -23.59198532112829838, -1.898265970848985074, -6.113584520910007036 ) ) ;
#11510 = FACE_OUTER_BOUND ( 'NONE', #8741, .T. ) ;
#11511 = CARTESIAN_POINT ( 'NONE',  ( 11.91857130266412312, 3.193571847410091813, 4.400000000000000355 ) ) ;
#11512 = LINE ( 'NONE', #1359, #694 ) ;
#11513 = DIRECTION ( 'NONE',  ( -0.000000000000000000, -0.000000000000000000, -1.000000000000000000 ) ) ;
#11514 = VERTEX_POINT ( 'NONE', #10974 ) ;
#11515 = ORIENTED_EDGE ( 'NONE', *, *, #3712, .T. ) ;
#11516 = CIRCLE ( 'NONE', #5063, 1.000000000000000888 ) ;
#11517 = CARTESIAN_POINT ( 'NONE',  ( -118.3122790000000322, 0.000000000000000000, -1.900000000000000355 ) ) ;
#11518 = CARTESIAN_POINT ( 'NONE',  ( -68.04424108330115928, 81.88611665435342957, -3.293894455382963660 ) ) ;
#11519 = PLANE ( 'NONE',  #5028 ) ;
#11520 = LINE ( 'NONE', #10528, #10998 ) ;
#11521 = FACE_OUTER_BOUND ( 'NONE', #10234, .T. ) ;
#11522 = FACE_OUTER_BOUND ( 'NONE', #11657, .T. ) ;
#11523 = CARTESIAN_POINT ( 'NONE',  ( -67.53417134045946568, 81.84921367726691699, -3.753818665945007904 ) ) ;
#11524 = ADVANCED_FACE ( 'NONE', ( #8147 ), #3519, .F. ) ;
#11525 = CARTESIAN_POINT ( 'NONE',  ( -79.21227201969416853, 80.84411100000001227, -1.900000000000000355 ) ) ;
#11526 = AXIS2_PLACEMENT_3D ( 'NONE', #5501, #10154, #9474 ) ;
#11527 = ORIENTED_EDGE ( 'NONE', *, *, #6580, .F. ) ;
#11528 = CARTESIAN_POINT ( 'NONE',  ( 15.26050771792614569, 80.43721169799894710, 3.253993434353878555 ) ) ;
#11529 = ORIENTED_EDGE ( 'NONE', *, *, #9008, .F. ) ;
#11530 = DIRECTION ( 'NONE',  ( 0.000000000000000000, 1.000000000000000000, 0.000000000000000000 ) ) ;
#11531 = ORIENTED_EDGE ( 'NONE', *, *, #5020, .T. ) ;
#11532 = CARTESIAN_POINT ( 'NONE',  ( 1.954476325396469427, 79.78193392741269463, 5.399999999999998579 ) ) ;
#11533 = EDGE_LOOP ( 'NONE', ( #833, #11087, #11275, #3490 ) ) ;
#11534 = DIRECTION ( 'NONE',  ( 2.264040540203754199E-16, -1.000000000000000000, 0.000000000000000000 ) ) ;
#11535 = CARTESIAN_POINT ( 'NONE',  ( 15.18056418895190518, 80.50021292864556699, 3.312368788081105464 ) ) ;
#11536 = PLANE ( 'NONE',  #1034 ) ;
#11537 = CARTESIAN_POINT ( 'NONE',  ( -79.81155692752541597, 23.01501315653025515, 4.400000000000000355 ) ) ;
#11538 = DIRECTION ( 'NONE',  ( -0.000000000000000000, 0.000000000000000000, 1.000000000000000000 ) ) ;
#11539 = DIRECTION ( 'NONE',  ( 1.000000000000000000, 0.000000000000000000, 0.000000000000000000 ) ) ;
#11540 = CIRCLE ( 'NONE', #5081, 0.8999999999999962474 ) ;
#11541 = ADVANCED_FACE ( 'NONE', ( #4427 ), #9254, .T. ) ;
#11542 = CARTESIAN_POINT ( 'NONE',  ( 18.16772100000000378, 26.58547018669192852, 2.299999999999991829 ) ) ;
#11543 = ADVANCED_FACE ( 'NONE', ( #890 ), #11213, .T. ) ;
#11544 = ORIENTED_EDGE ( 'NONE', *, *, #3982, .F. ) ;
#11545 = ORIENTED_EDGE ( 'NONE', *, *, #957, .F. ) ;
#11546 = CARTESIAN_POINT ( 'NONE',  ( -7.760685030232733261, 14.34880972322573633, 7.399999999999998579 ) ) ;
#11547 = ORIENTED_EDGE ( 'NONE', *, *, #635, .F. ) ;
#11548 = DIRECTION ( 'NONE',  ( 0.000000000000000000, 0.000000000000000000, -1.000000000000000000 ) ) ;
#11549 = AXIS2_PLACEMENT_3D ( 'NONE', #636, #11771, #751 ) ;
#11550 = EDGE_CURVE ( 'NONE', #4605, #1298, #6272, .T. ) ;
#11551 = DIRECTION ( 'NONE',  ( 0.000000000000000000, 0.000000000000000000, 1.000000000000000000 ) ) ;
#11552 = DIRECTION ( 'NONE',  ( 0.000000000000000000, -1.000000000000000000, 0.000000000000000000 ) ) ;
#11553 = CYLINDRICAL_SURFACE ( 'NONE', #2420, 1.000000000000000888 ) ;
#11554 = DIRECTION ( 'NONE',  ( 0.000000000000000000, 0.000000000000000000, 1.000000000000000000 ) ) ;
#11555 = CARTESIAN_POINT ( 'NONE',  ( -97.34869801388583710, 14.31906945902567685, -5.846449543715206865 ) ) ;
#11556 = CARTESIAN_POINT ( 'NONE',  ( 19.10759208439449708, 46.94548956206062940, -5.846449543848276420 ) ) ;
#11557 = CARTESIAN_POINT ( 'NONE',  ( 19.10759255686510372, 14.94548956207215262, -2.953553224609518857 ) ) ;
#11558 = AXIS2_PLACEMENT_3D ( 'NONE', #3931, #7653, #7713 ) ;
#11559 = CARTESIAN_POINT ( 'NONE',  ( -24.19920819304635984, -1.736278295735171229, -3.395746165561266405 ) ) ;
#11560 = VERTEX_POINT ( 'NONE', #5581 ) ;
#11561 = VERTEX_POINT ( 'NONE', #11038 ) ;
#11562 = DIRECTION ( 'NONE',  ( 0.2588190399164175259, 0.9659258276786805153, 0.000000000000000000 ) ) ;
#11563 = VERTEX_POINT ( 'NONE', #4490 ) ;
#11564 = EDGE_CURVE ( 'NONE', #9036, #1565, #6886, .T. ) ;
#11565 = LINE ( 'NONE', #1222, #3177 ) ;
#11566 = AXIS2_PLACEMENT_3D ( 'NONE', #4699, #6578, #8541 ) ;
#11567 = EDGE_CURVE ( 'NONE', #9285, #7849, #7253, .T. ) ;
#11568 = CARTESIAN_POINT ( 'NONE',  ( -119.4491617906633536, 59.15418935909964659, -5.460792313280947496 ) ) ;
#11569 = DIRECTION ( 'NONE',  ( 1.000000000000000000, 0.000000000000000000, 0.000000000000000000 ) ) ;
#11570 = CARTESIAN_POINT ( 'NONE',  ( -22.60478570436304580, -2.158919470174615718, -6.439980624557270161 ) ) ;
#11571 = CARTESIAN_POINT ( 'NONE',  ( -25.91609072322573226, 18.86520196976723085, 7.399999999999998579 ) ) ;
#11572 = DIRECTION ( 'NONE',  ( 1.798198670589262016E-07, 0.9999999999999839018, -0.000000000000000000 ) ) ;
#11573 = AXIS2_PLACEMENT_3D ( 'NONE', #9130, #7467, #3579 ) ;
#11574 = CARTESIAN_POINT ( 'NONE',  ( -6.633109171983228205E-13, 80.84411100000066597, -1.900000000000000355 ) ) ;
#11575 = DIRECTION ( 'NONE',  ( 1.000000000000000000, 0.000000000000000000, 0.000000000000000000 ) ) ;
#11576 = ORIENTED_EDGE ( 'NONE', *, *, #6805, .T. ) ;
#11577 = ORIENTED_EDGE ( 'NONE', *, *, #3116, .T. ) ;
#11578 = ORIENTED_EDGE ( 'NONE', *, *, #10435, .T. ) ;
#11579 = EDGE_CURVE ( 'NONE', #3320, #10120, #8959, .T. ) ;
#11580 = PLANE ( 'NONE',  #2002 ) ;
#11581 = EDGE_CURVE ( 'NONE', #3875, #4277, #10353, .T. ) ;
#11582 = CARTESIAN_POINT ( 'NONE',  ( -67.71784497951759363, 81.84855827601271017, -3.293894455382963660 ) ) ;
#11583 = DIRECTION ( 'NONE',  ( 0.02449038290391795242, 0.9997000655922853030, -0.000000000000000000 ) ) ;
#11584 = FACE_OUTER_BOUND ( 'NONE', #701, .T. ) ;
#11585 = AXIS2_PLACEMENT_3D ( 'NONE', #3001, #9546, #390 ) ;
#11586 = PLANE ( 'NONE',  #10278 ) ;
#11587 = DIRECTION ( 'NONE',  ( 1.000000000000000000, 2.646977960169688560E-23, 0.000000000000000000 ) ) ;
#11588 = CARTESIAN_POINT ( 'NONE',  ( -52.66227900109225857, -0.3558820217042209522, 7.399999999999998579 ) ) ;
#11589 = DIRECTION ( 'NONE',  ( -0.000000000000000000, -0.000000000000000000, 1.000000000000000000 ) ) ;
#11590 = DIRECTION ( 'NONE',  ( 0.000000000000000000, 0.000000000000000000, 1.000000000000000000 ) ) ;
#11591 = VERTEX_POINT ( 'NONE', #6672 ) ;
#11592 = FACE_OUTER_BOUND ( 'NONE', #9878, .T. ) ;
#11593 = DIRECTION ( 'NONE',  ( -2.317727724994325245E-06, -0.9999999999973140374, 0.000000000000000000 ) ) ;
#11594 = VERTEX_POINT ( 'NONE', #156 ) ;
#11595 = ORIENTED_EDGE ( 'NONE', *, *, #11033, .T. ) ;
#11596 = CARTESIAN_POINT ( 'NONE',  ( 19.16772100000000734, 16.98547018669192710, -2.400000000000005240 ) ) ;
#11597 = VERTEX_POINT ( 'NONE', #11276 ) ;
#11598 = AXIS2_PLACEMENT_3D ( 'NONE', #2500, #555, #1585 ) ;
#11599 = ORIENTED_EDGE ( 'NONE', *, *, #1429, .T. ) ;
#11600 = EDGE_CURVE ( 'NONE', #8320, #8590, #11463, .T. ) ;
#11601 = CARTESIAN_POINT ( 'NONE',  ( 11.01773311198631333, 79.84410499915232151, 1.099999999999898614 ) ) ;
#11602 = CARTESIAN_POINT ( 'NONE',  ( 14.94503465078185300, 80.68436147607913256, 3.396249781058555239 ) ) ;
#11603 = CARTESIAN_POINT ( 'NONE',  ( 15.18359082457480547, -1.465830875177938086, 4.400000000000000355 ) ) ;
#11604 = CARTESIAN_POINT ( 'NONE',  ( -80.21367833427878224, 73.09556294374289109, 5.399999999999998579 ) ) ;
#11605 = DIRECTION ( 'NONE',  ( -0.9999999999999206191, 3.984065844030486389E-07, 0.000000000000000000 ) ) ;
#11606 = CIRCLE ( 'NONE', #5912, 1.899999999999998357 ) ;
#11607 = PLANE ( 'NONE',  #10954 ) ;
#11608 = ORIENTED_EDGE ( 'NONE', *, *, #2664, .F. ) ;
#11609 = EDGE_LOOP ( 'NONE', ( #2431, #11952, #11439, #794 ) ) ;
#11610 = DIRECTION ( 'NONE',  ( -0.7071067811934984570, 3.107474657781720741E-12, -0.7071067811795965774 ) ) ;
#11611 = EDGE_LOOP ( 'NONE', ( #657, #1668 ) ) ;
#11612 = EDGE_CURVE ( 'NONE', #6599, #3793, #1128, .T. ) ;
#11613 = DIRECTION ( 'NONE',  ( 0.000000000000000000, 0.000000000000000000, 1.000000000000000000 ) ) ;
#11614 = PLANE ( 'NONE',  #712 ) ;
#11615 = DIRECTION ( 'NONE',  ( 1.000000000000000000, 2.646977960169688560E-23, 0.000000000000000000 ) ) ;
#11616 = PLANE ( 'NONE',  #6399 ) ;
#11617 = CARTESIAN_POINT ( 'NONE',  ( -97.02230191010954741, 14.38072757833798399, -2.613211992813810003 ) ) ;
#11618 = CARTESIAN_POINT ( 'NONE',  ( 19.19726269555279075, 49.55666237311857003, -6.186789391988859244 ) ) ;
#11619 = VECTOR ( 'NONE', #10495, 1000.000000000000000 ) ;
#11620 = VECTOR ( 'NONE', #2919, 1000.000000000000000 ) ;
#11621 = FACE_OUTER_BOUND ( 'NONE', #4998, .T. ) ;
#11622 = ORIENTED_EDGE ( 'NONE', *, *, #851, .F. ) ;
#11623 = ORIENTED_EDGE ( 'NONE', *, *, #2054, .F. ) ;
#11624 = DIRECTION ( 'NONE',  ( 1.000000000000000000, 0.000000000000000000, 0.000000000000000000 ) ) ;
#11625 = EDGE_CURVE ( 'NONE', #10452, #5493, #2773, .T. ) ;
#11626 = EDGE_CURVE ( 'NONE', #11810, #7519, #6865, .T. ) ;
#11627 = VECTOR ( 'NONE', #5693, 1000.000000000000114 ) ;
#11628 = LINE ( 'NONE', #9895, #10394 ) ;
#11629 = AXIS2_PLACEMENT_3D ( 'NONE', #7606, #2967, #6684 ) ;
#11630 = CARTESIAN_POINT ( 'NONE',  ( -119.1965454609511426, 61.19623674878744168, -6.439980624619755289 ) ) ;
#11631 = DIRECTION ( 'NONE',  ( -0.000000000000000000, 0.000000000000000000, 1.000000000000000000 ) ) ;
#11632 = CARTESIAN_POINT ( 'NONE',  ( -23.90401621403783494, -1.747803571680629720, -2.360019375623236826 ) ) ;
#11633 = AXIS2_PLACEMENT_3D ( 'NONE', #5293, #10868, #8282 ) ;
#11634 = ADVANCED_FACE ( 'NONE', ( #8573 ), #8626, .F. ) ;
#11635 = CARTESIAN_POINT ( 'NONE',  ( -35.47141012498134671, 81.78398229476444214, -2.953553223573229580 ) ) ;
#11636 = CIRCLE ( 'NONE', #8874, 2.000000000000001776 ) ;
#11637 = CARTESIAN_POINT ( 'NONE',  ( -3.312279000000023732, 21.29411100000000090, 7.399999999999998579 ) ) ;
#11638 = DIRECTION ( 'NONE',  ( -0.000000000000000000, -0.000000000000000000, -1.000000000000000000 ) ) ;
#11639 = DIRECTION ( 'NONE',  ( 0.000000000000000000, 0.000000000000000000, 1.000000000000000000 ) ) ;
#11640 = ORIENTED_EDGE ( 'NONE', *, *, #3234, .T. ) ;
#11641 = EDGE_LOOP ( 'NONE', ( #3021, #9893, #8804, #7852 ) ) ;
#11642 = EDGE_LOOP ( 'NONE', ( #11498, #11725, #10906, #11216, #11854, #1408 ) ) ;
#11643 = CARTESIAN_POINT ( 'NONE',  ( -119.3502726670612617, 27.28231811766432813, -4.481602675011056469 ) ) ;
#11644 = CARTESIAN_POINT ( 'NONE',  ( -69.34982682536841025, 82.05421425662234469, -4.485088766571109886 ) ) ;
#11645 = LINE ( 'NONE', #10773, #735 ) ;
#11646 = CARTESIAN_POINT ( 'NONE',  ( -22.06227899999998954, 20.29411100000000090, 7.100000000000059153 ) ) ;
#11647 = CIRCLE ( 'NONE', #7910, 2.000000000000001776 ) ;
#11648 = AXIS2_PLACEMENT_3D ( 'NONE', #3953, #4195, #11422 ) ;
#11649 = CARTESIAN_POINT ( 'NONE',  ( -97.32559891473931657, 14.28898883867816139, -3.399511016656952211 ) ) ;
#11650 = PLANE ( 'NONE',  #3335 ) ;
#11651 = DIRECTION ( 'NONE',  ( -0.7071067811865536790, 8.659560562355008046E-17, 0.7071067811865414665 ) ) ;
#11652 = DIRECTION ( 'NONE',  ( 1.988221748970553008E-16, -1.000000000000000000, 0.000000000000000000 ) ) ;
#11653 = ORIENTED_EDGE ( 'NONE', *, *, #9872, .T. ) ;
#11654 = EDGE_CURVE ( 'NONE', #10782, #6007, #8817, .T. ) ;
#11655 = LINE ( 'NONE', #4239, #9402 ) ;
#11656 = LINE ( 'NONE', #7836, #2121 ) ;
#11657 = EDGE_LOOP ( 'NONE', ( #4193, #6242, #8742, #4454 ) ) ;
#11658 = EDGE_CURVE ( 'NONE', #1782, #8390, #9798, .T. ) ;
#11659 = VECTOR ( 'NONE', #7421, 1000.000000000000114 ) ;
#11660 = ORIENTED_EDGE ( 'NONE', *, *, #10768, .T. ) ;
#11661 = DIRECTION ( 'NONE',  ( 1.000000000000000000, 0.000000000000000000, 0.000000000000000000 ) ) ;
#11662 = ORIENTED_EDGE ( 'NONE', *, *, #8787, .F. ) ;
#11663 = DIRECTION ( 'NONE',  ( 0.7071067811865148212, 1.600918418859254946E-16, -0.7071067811865802133 ) ) ;
#11664 = CARTESIAN_POINT ( 'NONE',  ( -116.6091529203252861, 15.29411798029975955, 5.399999999999998579 ) ) ;
#11665 = DIRECTION ( 'NONE',  ( 1.000000000000000000, 0.000000000000000000, 0.000000000000000000 ) ) ;
#11666 = DIRECTION ( 'NONE',  ( 0.000000000000000000, 0.000000000000000000, 1.000000000000000000 ) ) ;
#11667 = CARTESIAN_POINT ( 'NONE',  ( 0.000000000000000000, 0.000000000000000000, 5.399999999999998579 ) ) ;
#11668 = VECTOR ( 'NONE', #9914, 1000.000000000000000 ) ;
#11669 = CARTESIAN_POINT ( 'NONE',  ( 19.17290215918373164, 15.47758053657896404, -5.720491615503521921 ) ) ;
#11670 = VERTEX_POINT ( 'NONE', #9675 ) ;
#11671 = VERTEX_POINT ( 'NONE', #7896 ) ;
#11672 = EDGE_CURVE ( 'NONE', #4913, #8789, #11655, .T. ) ;
#11673 = DIRECTION ( 'NONE',  ( 1.000000000000000000, 0.000000000000000000, 0.000000000000000000 ) ) ;
#11674 = ORIENTED_EDGE ( 'NONE', *, *, #3184, .F. ) ;
#11675 = AXIS2_PLACEMENT_3D ( 'NONE', #5934, #9670, #1304 ) ;
#11676 = CARTESIAN_POINT ( 'NONE',  ( -60.16227201969416427, 84.84411130060338735, -1.900000000000000577 ) ) ;
#11677 = CARTESIAN_POINT ( 'NONE',  ( -30.51227900000000659, 80.84411100000002648, -1.900000000000000355 ) ) ;
#11678 = CARTESIAN_POINT ( 'NONE',  ( 15.46773318905265171, 80.27267983485985781, 2.799999999999989164 ) ) ;
#11679 = FACE_OUTER_BOUND ( 'NONE', #4007, .T. ) ;
#11680 = CARTESIAN_POINT ( 'NONE',  ( -97.34869801388583710, 14.38380845329314184, -2.272870761041802190 ) ) ;
#11681 = CARTESIAN_POINT ( 'NONE',  ( 19.17541156639897793, 50.37265594990724082, -2.953553224610078409 ) ) ;
#11682 = AXIS2_PLACEMENT_3D ( 'NONE', #9319, #8398, #4856 ) ;
#11683 = EDGE_CURVE ( 'NONE', #5465, #2235, #7157, .T. ) ;
#11684 = VERTEX_POINT ( 'NONE', #641 ) ;
#11685 = ORIENTED_EDGE ( 'NONE', *, *, #6626, .F. ) ;
#11686 = DIRECTION ( 'NONE',  ( 0.000000000000000000, 0.000000000000000000, 1.000000000000000000 ) ) ;
#11687 = DIRECTION ( 'NONE',  ( 0.7071067811865802133, 0.000000000000000000, -0.7071067811865149322 ) ) ;
#11688 = ORIENTED_EDGE ( 'NONE', *, *, #8364, .T. ) ;
#11689 = VECTOR ( 'NONE', #11086, 1000.000000000000000 ) ;
#11690 =( NAMED_UNIT ( * ) PLANE_ANGLE_UNIT ( ) SI_UNIT ( $, .RADIAN. ) );
#11691 = CARTESIAN_POINT ( 'NONE',  ( -119.2461925633188287, 61.19623674878743458, -5.787188417060548318 ) ) ;
#11692 = DIRECTION ( 'NONE',  ( -0.8660254037844387076, 0.4999999999999998890, 0.000000000000000000 ) ) ;
#11693 = ORIENTED_EDGE ( 'NONE', *, *, #7399, .T. ) ;
#11694 = CARTESIAN_POINT ( 'NONE',  ( -23.14348474460414096, -2.196905347982890166, -4.971197494202595379 ) ) ;
#11695 = ADVANCED_FACE ( 'NONE', ( #7835 ), #6008, .T. ) ;
#11696 = EDGE_CURVE ( 'NONE', #8014, #4461, #5502, .T. ) ;
#11697 = AXIS2_PLACEMENT_3D ( 'NONE', #6044, #491, #9828 ) ;
#11698 = CARTESIAN_POINT ( 'NONE',  ( -52.26227900109170577, -1.755880703713295965, 6.400000000000025224 ) ) ;
#11699 = DIRECTION ( 'NONE',  ( -0.7071067811865718866, 2.102092937857482844E-08, 0.7071067811865228148 ) ) ;
#11700 = DIRECTION ( 'NONE',  ( 0.7071067811865224817, -2.102092869460778052E-08, 0.7071067811865723307 ) ) ;
#11701 = ORIENTED_EDGE ( 'NONE', *, *, #1775, .T. ) ;
#11702 = VERTEX_POINT ( 'NONE', #11776 ) ;
#11703 = VERTEX_POINT ( 'NONE', #5031 ) ;
#11704 = B_SPLINE_CURVE_WITH_KNOTS ( 'NONE', 1,
 ( #1735, #5280 ),
 .UNSPECIFIED., .F., .F.,
 ( 2, 2 ),
 ( 0.000000000000000000, 1.000000000000000000 ),
 .UNSPECIFIED. ) ;
#11705 = CARTESIAN_POINT ( 'NONE',  ( -119.3911998140157209, 27.96299781398013096, -5.460792313283851840 ) ) ;
#11706 = CARTESIAN_POINT ( 'NONE',  ( -71.14501269431004005, 81.81915981823878781, -2.953553223614921563 ) ) ;
#11707 = VECTOR ( 'NONE', #11554, 1000.000000000000000 ) ;
#11708 = DIRECTION ( 'NONE',  ( -0.7071067811865536790, 8.659560562355008046E-17, 0.7071067811865414665 ) ) ;
#11709 = DIRECTION ( 'NONE',  ( 0.000000000000000000, 0.000000000000000000, 1.000000000000000000 ) ) ;
#11710 = AXIS2_PLACEMENT_3D ( 'NONE', #7818, #11572, #1293 ) ;
#11711 = EDGE_CURVE ( 'NONE', #1450, #9511, #6972, .T. ) ;
#11712 = DIRECTION ( 'NONE',  ( 1.000000000000000000, 0.000000000000000000, 0.000000000000000000 ) ) ;
#11713 = DIRECTION ( 'NONE',  ( 1.000000000000000000, 0.000000000000000000, 0.000000000000000000 ) ) ;
#11714 = CARTESIAN_POINT ( 'NONE',  ( -101.1022631593114767, 14.35424642251285299, -2.953553224585818260 ) ) ;
#11715 = DIRECTION ( 'NONE',  ( 1.000000000000000000, 0.000000000000000000, 0.000000000000000000 ) ) ;
#11716 =( NAMED_UNIT ( * ) SI_UNIT ( $, .STERADIAN. ) SOLID_ANGLE_UNIT ( ) );
#11717 = ORIENTED_EDGE ( 'NONE', *, *, #7981, .T. ) ;
#11718 = CARTESIAN_POINT ( 'NONE',  ( 4.319404202371442736, -12.56857137812941083, 7.399999999999998579 ) ) ;
#11719 = ORIENTED_EDGE ( 'NONE', *, *, #1676, .F. ) ;
#11720 = ORIENTED_EDGE ( 'NONE', *, *, #4559, .F. ) ;
#11721 = VECTOR ( 'NONE', #8113, 1000.000000000000114 ) ;
#11722 = DIRECTION ( 'NONE',  ( 0.000000000000000000, -0.000000000000000000, -1.000000000000000000 ) ) ;
#11723 = EDGE_LOOP ( 'NONE', ( #499, #9146, #1116, #11752 ) ) ;
#11724 = LINE ( 'NONE', #3269, #10713 ) ;
#11725 = ORIENTED_EDGE ( 'NONE', *, *, #5319, .F. ) ;
#11726 = CARTESIAN_POINT ( 'NONE',  ( 19.16772100000000734, 48.98547018669192710, -4.400000000000000355 ) ) ;
#11727 = LINE ( 'NONE', #7103, #9230 ) ;
#11728 = EDGE_CURVE ( 'NONE', #4675, #6809, #10979, .T. ) ;
#11729 = CARTESIAN_POINT ( 'NONE',  ( 19.24950970070684164, 15.59828176963251067, -3.804406304071138667 ) ) ;
#11730 = DIRECTION ( 'NONE',  ( -0.2705981441379464725, -0.6532814434752703958, -0.7071067811865235919 ) ) ;
#11731 = EDGE_CURVE ( 'NONE', #407, #4847, #3321, .T. ) ;
#11732 = CARTESIAN_POINT ( 'NONE',  ( -3.011561448594454936E-07, -0.7559015253491807584, 7.399999999999998579 ) ) ;
#11733 = CIRCLE ( 'NONE', #4670, 2.024999999999985256 ) ;
#11734 = DIRECTION ( 'NONE',  ( 1.000000000000000000, -6.584418764838352724E-17, 0.000000000000000000 ) ) ;
#11735 = ORIENTED_EDGE ( 'NONE', *, *, #7648, .F. ) ;
#11736 = ORIENTED_EDGE ( 'NONE', *, *, #7508, .F. ) ;
#11737 = B_SPLINE_SURFACE_WITH_KNOTS ( 'NONE', 5, 5, ( 
 ( #1378, #8315, #8256, #10903, #2698, #9235, #1836, #1723, #4475, #9294, #9053, #11018 ),
 ( #8197, #1667, #4599, #4412, #1608, #2524, #697, #757, #8133, #5325, #12009, #2581 ),
 ( #11895, #8370, #3623, #10214, #11134, #2641, #16, #4653, #7215, #7275, #9176, #1779 ),
 ( #3504, #12069, #2753, #6355, #5505, #871, #5445, #5387, #3731, #10100, #929, #4534 ),
 ( #6473, #3678, #11083, #11953, #9116, #3563, #10962, #6238, #9979, #6294, #10039, #813 ),
 ( #7335, #6416, #10158, #7392, #5564, #8615, #4772, #3790, #5808, #8428, #7695, #5623 ),
 ( #75, #2875, #138, #9479, #1227, #11322, #10457, #198, #9539, #10518, #5864, #5683 ),
 ( #9593, #1110, #3855, #2994, #319, #2143, #4832, #988, #6533, #10335, #8554, #9411 ),
 ( #3058, #2019, #2938, #3914, #8493, #6653, #2812, #1897, #2084, #1046, #7576, #5745 ),
 ( #9353, #10396, #7514, #4711, #7637, #11382, #7450, #11256, #4889, #4949, #258, #6713 ),
 ( #8675, #1959, #6594, #1168, #3971, #11194, #11445, #6773, #10274, #11759, #1476, #9719 ),
 ( #9780, #7754, #10825, #6892, #1415, #5135, #5011, #2323, #1357, #11635, #5194, #7817 ) ),
 .UNSPECIFIED., .F., .F., .F.,
 ( 6, 3, 3, 6 ),
 ( 6, 3, 3, 6 ),
 ( -2.039980624566289258, -0.4080001056698210338, 0.4079934711112196410, 2.039980624673300103 ),
 ( -2.127129238964249769, -0.4254299983256735196, 0.4254230811044861227, 2.127129239964805407 ),
 .UNSPECIFIED. ) ;
#11738 = CARTESIAN_POINT ( 'NONE',  ( -52.26227900109223157, -1.755882021704230134, 6.400000000000025224 ) ) ;
#11739 = ORIENTED_EDGE ( 'NONE', *, *, #6750, .F. ) ;
#11740 = DIRECTION ( 'NONE',  ( -1.000000000000000000, 0.000000000000000000, 0.000000000000000000 ) ) ;
#11741 = FACE_OUTER_BOUND ( 'NONE', #3264, .T. ) ;
#11742 = DIRECTION ( 'NONE',  ( -0.9999999999993206545, 1.165657149518714511E-06, 0.000000000000000000 ) ) ;
#11743 = EDGE_CURVE ( 'NONE', #9641, #3047, #7093, .T. ) ;
#11744 = CARTESIAN_POINT ( 'NONE',  ( -60.46227900000000233, 27.99411099999999664, 4.400000000000000355 ) ) ;
#11745 = DIRECTION ( 'NONE',  ( 0.000000000000000000, -1.000000000000000000, 0.000000000000000000 ) ) ;
#11746 = DIRECTION ( 'NONE',  ( -1.000000000000000000, 4.081702296416033352E-15, 0.000000000000000000 ) ) ;
#11747 = CARTESIAN_POINT ( 'NONE',  ( 19.24664974961197927, 50.04625851919181656, -3.293894456394887094 ) ) ;
#11748 = EDGE_LOOP ( 'NONE', ( #874, #10281, #5646, #5585 ) ) ;
#11749 = EDGE_LOOP ( 'NONE', ( #2974, #3709, #11258, #3701 ) ) ;
#11750 = CARTESIAN_POINT ( 'NONE',  ( -69.43142950036961736, 81.84921655128752604, -6.400000000000001243 ) ) ;
#11751 = CARTESIAN_POINT ( 'NONE',  ( 17.99837156823818418, 11.72904643824258386, 4.400000000000000355 ) ) ;
#11752 = ORIENTED_EDGE ( 'NONE', *, *, #327, .F. ) ;
#11753 = DIRECTION ( 'NONE',  ( -0.3535533875453845121, -0.6123724374554644356, -0.7071067811865734409 ) ) ;
#11754 = EDGE_CURVE ( 'NONE', #2400, #1021, #1613, .T. ) ;
#11755 = DIRECTION ( 'NONE',  ( 1.798198673297554574E-07, 0.9999999999999840128, 0.000000000000000000 ) ) ;
#11756 = DIRECTION ( 'NONE',  ( 0.000000000000000000, 0.000000000000000000, 1.000000000000000000 ) ) ;
#11757 = VECTOR ( 'NONE', #2575, 1000.000000000000000 ) ;
#11758 = CARTESIAN_POINT ( 'NONE',  ( -23.61126241895416911, -1.970209080508331878, -5.460792313377376139 ) ) ;
#11759 = CARTESIAN_POINT ( 'NONE',  ( -35.14501269426892804, 81.81915981823939887, -2.953553223573229580 ) ) ;
#11760 = PLANE ( 'NONE',  #3611 ) ;
#11761 = CARTESIAN_POINT ( 'NONE',  ( -52.26227900109223157, -1.755882021704230134, 5.399999999999998579 ) ) ;
#11762 = ORIENTED_EDGE ( 'NONE', *, *, #10892, .F. ) ;
#11763 = B_SPLINE_CURVE_WITH_KNOTS ( 'NONE', 1,
 ( #10503, #3961 ),
 .UNSPECIFIED., .F., .F.,
 ( 2, 2 ),
 ( 0.000000000000000000, 1.000000000000000000 ),
 .UNSPECIFIED. ) ;
#11764 = EDGE_LOOP ( 'NONE', ( #979, #4430, #6268, #1216, #11044 ) ) ;
#11765 = CARTESIAN_POINT ( 'NONE',  ( -119.2930728007864474, 26.94197826950643559, -4.971197494147453710 ) ) ;
#11766 = EDGE_CURVE ( 'NONE', #9237, #3185, #2193, .T. ) ;
#11767 = CARTESIAN_POINT ( 'NONE',  ( -70.81861526359334391, 81.88611686367184461, -3.293894455382963660 ) ) ;
#11768 = EDGE_CURVE ( 'NONE', #6920, #8333, #8877, .T. ) ;
#11769 = CYLINDRICAL_SURFACE ( 'NONE', #6897, 0.3000000000000016542 ) ;
#11770 = CARTESIAN_POINT ( 'NONE',  ( -98.54432405070934919, 14.28900857945818714, -6.336228839836223869 ) ) ;
#11771 = DIRECTION ( 'NONE',  ( 1.492741799624945840E-62, 0.000000000000000000, -1.000000000000000000 ) ) ;
#11772 = DIRECTION ( 'NONE',  ( 0.000000000000000000, 0.000000000000000000, 1.000000000000000000 ) ) ;
#11773 = VECTOR ( 'NONE', #9582, 1000.000000000000000 ) ;
#11774 = DIRECTION ( 'NONE',  ( -0.000000000000000000, -0.000000000000000000, 1.000000000000000000 ) ) ;
#11775 = VERTEX_POINT ( 'NONE', #10781 ) ;
#11776 = CARTESIAN_POINT ( 'NONE',  ( -30.10729304705025200, 7.087124999102946354, 7.099999999999989875 ) ) ;
#11777 = ORIENTED_EDGE ( 'NONE', *, *, #4079, .F. ) ;
#11778 = CARTESIAN_POINT ( 'NONE',  ( -35.43147560012982211, 81.84926521183794534, -4.270261435545294582 ) ) ;
#11779 = ORIENTED_EDGE ( 'NONE', *, *, #10491, .F. ) ;
#11780 = CARTESIAN_POINT ( 'NONE',  ( -49.66227899999999096, 20.69411099999999948, 4.400000000000000355 ) ) ;
#11781 = ORIENTED_EDGE ( 'NONE', *, *, #8536, .T. ) ;
#11782 = VECTOR ( 'NONE', #3304, 1000.000000000000000 ) ;
#11783 = EDGE_CURVE ( 'NONE', #4277, #6899, #2399, .T. ) ;
#11784 = DIRECTION ( 'NONE',  ( -0.01308111654079096783, -0.9999144385346410147, 0.000000000000000000 ) ) ;
#11785 = LINE ( 'NONE', #409, #5211 ) ;
#11786 = CARTESIAN_POINT ( 'NONE',  ( 19.17287519527608453, 50.98535841022722082, -4.533547350455245706 ) ) ;
#11787 = CARTESIAN_POINT ( 'NONE',  ( 17.94379997115632364, 11.62957402845913180, -1.900000000000000355 ) ) ;
#11788 = PLANE ( 'NONE',  #4659 ) ;
#11789 = CARTESIAN_POINT ( 'NONE',  ( -98.49108504056944469, 14.11728769901940872, -3.804406304015837570 ) ) ;
#11790 = CARTESIAN_POINT ( 'NONE',  ( -99.19442718888579691, 14.28901243419966072, -2.400000000000274358 ) ) ;
#11791 = ORIENTED_EDGE ( 'NONE', *, *, #2803, .F. ) ;
#11792 = VECTOR ( 'NONE', #6900, 1000.000000000000000 ) ;
#11793 = EDGE_LOOP ( 'NONE', ( #1463, #8202, #5226, #5212 ) ) ;
#11794 = DIRECTION ( 'NONE',  ( -0.2588190399164183586, -0.9659258276786801822, -0.000000000000000000 ) ) ;
#11795 = VERTEX_POINT ( 'NONE', #9738 ) ;
#11796 = EDGE_CURVE ( 'NONE', #11825, #11671, #5697, .T. ) ;
#11797 = CARTESIAN_POINT ( 'NONE',  ( -101.0622825347106328, 15.29411798029987679, -4.399999999999999467 ) ) ;
#11798 = CARTESIAN_POINT ( 'NONE',  ( 19.17290617131738628, 18.30843746584931964, -2.894409693361386093 ) ) ;
#11799 = AXIS2_PLACEMENT_3D ( 'NONE', #4332, #1351, #7007 ) ;
#11800 = FACE_OUTER_BOUND ( 'NONE', #2135, .T. ) ;
#11801 = CARTESIAN_POINT ( 'NONE',  ( -119.3122720196896722, 59.06910750985032621, -4.400000000000000355 ) ) ;
#11802 = PLANE ( 'NONE',  #7777 ) ;
#11803 = CARTESIAN_POINT ( 'NONE',  ( 19.24950967368031129, 50.37265594990723372, -4.995599231674704654 ) ) ;
#11804 = EDGE_LOOP ( 'NONE', ( #5632, #11070, #951, #728, #7296, #10104, #12032, #4662 ) ) ;
#11805 = VERTEX_POINT ( 'NONE', #5213 ) ;
#11806 = EDGE_CURVE ( 'NONE', #4162, #7440, #1551, .T. ) ;
#11807 = AXIS2_PLACEMENT_3D ( 'NONE', #8191, #9973, #11828 ) ;
#11808 = EDGE_CURVE ( 'NONE', #9167, #9314, #2971, .T. ) ;
#11809 = CARTESIAN_POINT ( 'NONE',  ( -35.43142950036546068, 81.84411100000002648, 0.5999999999999998668 ) ) ;
#11810 = VERTEX_POINT ( 'NONE', #2220 ) ;
#11811 = DIRECTION ( 'NONE',  ( 0.000000000000000000, -0.000000000000000000, -1.000000000000000000 ) ) ;
#11812 = ORIENTED_EDGE ( 'NONE', *, *, #1193, .F. ) ;
#11813 = CARTESIAN_POINT ( 'NONE',  ( 13.04440432680775075, 2.543571846065712627, 7.399999999999998579 ) ) ;
#11814 = DIRECTION ( 'NONE',  ( -0.000000000000000000, 0.000000000000000000, 1.000000000000000000 ) ) ;
#11815 = VECTOR ( 'NONE', #7799, 1000.000000000000000 ) ;
#11816 = DIRECTION ( 'NONE',  ( 0.000000000000000000, 0.000000000000000000, 1.000000000000000000 ) ) ;
#11817 = DIRECTION ( 'NONE',  ( -3.984065845071940926E-07, -0.9999999999999206191, 0.000000000000000000 ) ) ;
#11818 = ADVANCED_FACE ( 'NONE', ( #11592 ), #11737, .T. ) ;
#11819 = DIRECTION ( 'NONE',  ( 0.000000000000000000, 0.7071067811865721087, 0.7071067811865230368 ) ) ;
#11820 = FACE_OUTER_BOUND ( 'NONE', #7002, .T. ) ;
#11821 = CIRCLE ( 'NONE', #7496, 1.999999999999995781 ) ;
#11822 = ORIENTED_EDGE ( 'NONE', *, *, #2619, .T. ) ;
#11823 = VECTOR ( 'NONE', #11324, 1000.000000000000000 ) ;
#11824 = ORIENTED_EDGE ( 'NONE', *, *, #7815, .F. ) ;
#11825 = VERTEX_POINT ( 'NONE', #8857 ) ;
#11826 = CARTESIAN_POINT ( 'NONE',  ( -119.2521433679673493, 27.62265796582223132, -2.360019375376301021 ) ) ;
#11827 = CARTESIAN_POINT ( 'NONE',  ( -71.14501269431004005, 81.89194129957490986, -4.485088766571109886 ) ) ;
#11828 = DIRECTION ( 'NONE',  ( -1.000000000000000000, 0.000000000000000000, 0.000000000000000000 ) ) ;
#11829 = CARTESIAN_POINT ( 'NONE',  ( -77.43728330292589135, 19.29411698796796415, 5.399999999999998579 ) ) ;
#11830 = CARTESIAN_POINT ( 'NONE',  ( 12.91857130266412312, 3.193571847410091813, 4.400000000000000355 ) ) ;
#11831 = CARTESIAN_POINT ( 'NONE',  ( 8.888494782936717797, -4.876320549734168175, 4.400000000000000355 ) ) ;
#11832 = AXIS2_PLACEMENT_3D ( 'NONE', #4855, #1864, #8517 ) ;
#11833 = AXIS2_PLACEMENT_3D ( 'NONE', #1478, #5014, #563 ) ;
#11834 = CARTESIAN_POINT ( 'NONE',  ( -79.81228598030135402, 0.000000000000000000, 7.100000000000059153 ) ) ;
#11835 = VERTEX_POINT ( 'NONE', #502 ) ;
#11836 = DIRECTION ( 'NONE',  ( 0.000000000000000000, 0.000000000000000000, -1.000000000000000000 ) ) ;
#11837 = ORIENTED_EDGE ( 'NONE', *, *, #4926, .T. ) ;
#11838 = ADVANCED_FACE ( 'NONE', ( #4221 ), #1993, .F. ) ;
#11839 = CARTESIAN_POINT ( 'NONE',  ( -35.17940012247965598, 81.84922345798312904, -5.406220320521855527 ) ) ;
#11840 = EDGE_LOOP ( 'NONE', ( #8790, #6345, #11866, #2510 ) ) ;
#11841 = ORIENTED_EDGE ( 'NONE', *, *, #9883, .T. ) ;
#11842 = CIRCLE ( 'NONE', #10654, 1.000000000000000888 ) ;
#11843 = AXIS2_PLACEMENT_3D ( 'NONE', #5542, #11811, #2678 ) ;
#11844 = CARTESIAN_POINT ( 'NONE',  ( -120.3122811893314150, 1.550752713266673936E-05, 7.399999999999998579 ) ) ;
#11845 = CARTESIAN_POINT ( 'NONE',  ( 15.42797949842833560, 80.30437656779868405, 3.014997681337297397 ) ) ;
#11846 = CARTESIAN_POINT ( 'NONE',  ( 19.17284464155818213, 50.92208350273510575, -3.883767900418007013 ) ) ;
#11847 = CARTESIAN_POINT ( 'NONE',  ( -30.59025596088959276, 7.216534519061156061, 7.399999999999998579 ) ) ;
#11848 = CARTESIAN_POINT ( 'NONE',  ( -11.02841460033911503, 1.461745291721247231, 7.099999999999988987 ) ) ;
#11849 = CARTESIAN_POINT ( 'NONE',  ( -98.49108504056941626, 14.26457657269429902, -6.186789391842989261 ) ) ;
#11850 = DIRECTION ( 'NONE',  ( -1.000000000000000000, 0.000000000000000000, 0.000000000000000000 ) ) ;
#11851 = AXIS2_PLACEMENT_3D ( 'NONE', #3956, #11362, #7737 ) ;
#11852 = ORIENTED_EDGE ( 'NONE', *, *, #1094, .T. ) ;
#11853 = DIRECTION ( 'NONE',  ( 0.000000000000000000, -0.000000000000000000, -1.000000000000000000 ) ) ;
#11854 = ORIENTED_EDGE ( 'NONE', *, *, #4906, .F. ) ;
#11855 = EDGE_CURVE ( 'NONE', #9134, #1083, #9213, .T. ) ;
#11856 = EDGE_CURVE ( 'NONE', #2628, #4913, #10387, .T. ) ;
#11857 = EDGE_LOOP ( 'NONE', ( #5538, #6671, #3962, #9678 ) ) ;
#11858 = CARTESIAN_POINT ( 'NONE',  ( -119.3173814193573037, 57.13287867001420750, -3.882041515998484460 ) ) ;
#11859 = CARTESIAN_POINT ( 'NONE',  ( 19.17289529547505111, 18.20785070959394147, -2.811597834583867250 ) ) ;
#11860 = PLANE ( 'NONE',  #1290 ) ;
#11861 = DIRECTION ( 'NONE',  ( -0.000000000000000000, -0.000000000000000000, -1.000000000000000000 ) ) ;
#11862 = CARTESIAN_POINT ( 'NONE',  ( -80.81228598030135402, 16.29411100000000090, 5.399999999999998579 ) ) ;
#11863 = EDGE_CURVE ( 'NONE', #4315, #7772, #4030, .T. ) ;
#11864 = CARTESIAN_POINT ( 'NONE',  ( 19.13990314044142238, 50.37265594990724082, -2.613211992825268837 ) ) ;
#11865 = ORIENTED_EDGE ( 'NONE', *, *, #4661, .F. ) ;
#11866 = ORIENTED_EDGE ( 'NONE', *, *, #6912, .F. ) ;
#11867 = LINE ( 'NONE', #7367, #11499 ) ;
#11868 = EDGE_LOOP ( 'NONE', ( #11168, #10788, #4489, #2056 ) ) ;
#11869 = CARTESIAN_POINT ( 'NONE',  ( -80.21227900000000943, 73.15268391958734640, -1.900000000000000355 ) ) ;
#11870 = CARTESIAN_POINT ( 'NONE',  ( 2.419457762748670415, 79.84410654529303031, -1.900000000000000355 ) ) ;
#11871 = VERTEX_POINT ( 'NONE', #7076 ) ;
#11872 = DIRECTION ( 'NONE',  ( 1.000000000000000000, 0.000000000000000000, 0.000000000000000000 ) ) ;
#11873 = CARTESIAN_POINT ( 'NONE',  ( 0.000000000000000000, 80.84411100000002648, 4.400000000000000355 ) ) ;
#11874 = DIRECTION ( 'NONE',  ( -4.263949503082960208E-15, -1.000000000000000000, 0.000000000000000000 ) ) ;
#11875 = VECTOR ( 'NONE', #8583, 1000.000000000000000 ) ;
#11876 = EDGE_CURVE ( 'NONE', #4011, #11670, #6956, .T. ) ;
#11877 = EDGE_CURVE ( 'NONE', #6357, #6439, #6832, .T. ) ;
#11878 = CARTESIAN_POINT ( 'NONE',  ( -24.25815840932142109, -1.754502698303391339, -4.318403959870221520 ) ) ;
#11879 = DIRECTION ( 'NONE',  ( -0.2705981441379474162, -0.6532814434752696187, -0.7071067811865240360 ) ) ;
#11880 = VECTOR ( 'NONE', #584, 1000.000000000000000 ) ;
#11881 = CARTESIAN_POINT ( 'NONE',  ( -7.662260430057335370, 81.84410925728559505, -2.400000000000000355 ) ) ;
#11882 = FACE_OUTER_BOUND ( 'NONE', #9616, .T. ) ;
#11883 = ORIENTED_EDGE ( 'NONE', *, *, #5986, .T. ) ;
#11884 = EDGE_LOOP ( 'NONE', ( #9028, #10325, #12012, #8465, #2719 ) ) ;
#11885 = ORIENTED_EDGE ( 'NONE', *, *, #7635, .T. ) ;
#11886 = CARTESIAN_POINT ( 'NONE',  ( -119.2562878679078153, 27.28231811766432813, -6.113584520843605929 ) ) ;
#11887 = CARTESIAN_POINT ( 'NONE',  ( -70.81861526359334391, 81.88611653189029482, -5.506109694586541536 ) ) ;
#11888 = CARTESIAN_POINT ( 'NONE',  ( 13.55859082457480724, -1.465830875177938308, 4.400000000000000355 ) ) ;
#11889 = ADVANCED_FACE ( 'NONE', ( #11510 ), #3754, .T. ) ;
#11890 = DIRECTION ( 'NONE',  ( 1.000000000000000000, 0.000000000000000000, 0.000000000000000000 ) ) ;
#11891 = DIRECTION ( 'NONE',  ( 0.8660254011972055022, -0.5000000044812192845, 0.000000000000000000 ) ) ;
#11892 = VECTOR ( 'NONE', #5246, 1000.000000000000000 ) ;
#11893 = DIRECTION ( 'NONE',  ( -0.000000000000000000, 0.000000000000000000, 1.000000000000000000 ) ) ;
#11894 = ORIENTED_EDGE ( 'NONE', *, *, #9463, .T. ) ;
#11895 = CARTESIAN_POINT ( 'NONE',  ( -32.04424108330033505, 81.77803186228511834, -6.527129238958155000 ) ) ;
#11896 = ORIENTED_EDGE ( 'NONE', *, *, #9436, .T. ) ;
#11897 = CARTESIAN_POINT ( 'NONE',  ( -34.43328137029153879, 81.84925045668565247, -6.135908783124561339 ) ) ;
#11898 = ORIENTED_EDGE ( 'NONE', *, *, #438, .T. ) ;
#11899 = VERTEX_POINT ( 'NONE', #2202 ) ;
#11900 = AXIS2_PLACEMENT_3D ( 'NONE', #775, #8335, #4555 ) ;
#11901 = ORIENTED_EDGE ( 'NONE', *, *, #9688, .T. ) ;
#11902 = AXIS2_PLACEMENT_3D ( 'NONE', #11357, #11292, #1812 ) ;
#11903 = DIRECTION ( 'NONE',  ( -0.7071067811865386910, 9.114179771628540600E-08, 0.7071067811865504593 ) ) ;
#11904 = CARTESIAN_POINT ( 'NONE',  ( 16.62822913600405528, 81.18256810329653206, 3.498453399037674050 ) ) ;
#11905 = DIRECTION ( 'NONE',  ( 0.7071067811865802133, 0.000000000000000000, -0.7071067811865149322 ) ) ;
#11906 = CARTESIAN_POINT ( 'NONE',  ( -69.43142950036545358, 80.84411100000002648, -4.400000000000000355 ) ) ;
#11907 = EDGE_CURVE ( 'NONE', #2206, #7417, #10762, .T. ) ;
#11908 = CARTESIAN_POINT ( 'NONE',  ( 0.6264728054686607983, -15.05525824661052603, -1.900000000000000355 ) ) ;
#11909 = CARTESIAN_POINT ( 'NONE',  ( -100.2815563280778406, 14.28894421561162709, -2.809258698150050915 ) ) ;
#11910 = VECTOR ( 'NONE', #6914, 1000.000000000000000 ) ;
#11911 = VECTOR ( 'NONE', #11610, 1000.000000000000227 ) ;
#11912 = ORIENTED_EDGE ( 'NONE', *, *, #4910, .T. ) ;
#11913 = CARTESIAN_POINT ( 'NONE',  ( -119.3173985995227611, 27.32069109699456533, -3.394567589135132124 ) ) ;
#11914 = ORIENTED_EDGE ( 'NONE', *, *, #11117, .T. ) ;
#11915 = ORIENTED_EDGE ( 'NONE', *, *, #1699, .F. ) ;
#11916 = CARTESIAN_POINT ( 'NONE',  ( -119.3174233505753534, 59.32978801503509914, -2.412787784173222594 ) ) ;
#11917 = VECTOR ( 'NONE', #11772, 1000.000000000000000 ) ;
#11918 = CARTESIAN_POINT ( 'NONE',  ( 19.17284464155817147, 18.92208350273509865, -3.883767900418004793 ) ) ;
#11919 = CARTESIAN_POINT ( 'NONE',  ( -1.794959694563303731, -6.698880921515045550, 7.099999951071711557 ) ) ;
#11920 = EDGE_CURVE ( 'NONE', #761, #1552, #7013, .T. ) ;
#11921 = EDGE_CURVE ( 'NONE', #4369, #11042, #5120, .T. ) ;
#11922 = CARTESIAN_POINT ( 'NONE',  ( 0.8885151123451637822, 84.35211142197584877, 2.957783345591113111 ) ) ;
#11923 = CARTESIAN_POINT ( 'NONE',  ( -22.52241836884861570, -2.180251406788305424, -4.400000000000001243 ) ) ;
#11924 = VERTEX_POINT ( 'NONE', #6163 ) ;
#11925 = VERTEX_POINT ( 'NONE', #7874 ) ;
#11926 = CIRCLE ( 'NONE', #9927, 0.1999999999999710343 ) ;
#11927 = CARTESIAN_POINT ( 'NONE',  ( -41.45837294152646990, 80.84545021403724263, 4.400000000000000355 ) ) ;
#11928 = ORIENTED_EDGE ( 'NONE', *, *, #11046, .F. ) ;
#11929 = FACE_OUTER_BOUND ( 'NONE', #819, .T. ) ;
#11930 = ORIENTED_EDGE ( 'NONE', *, *, #4581, .F. ) ;
#11931 = CARTESIAN_POINT ( 'NONE',  ( -53.66227900109224436, 0.000000000000000000, 5.399999999999998579 ) ) ;
#11932 = DIRECTION ( 'NONE',  ( 1.000000000000000000, 0.000000000000000000, 0.000000000000000000 ) ) ;
#11933 = CARTESIAN_POINT ( 'NONE',  ( -61.16005585450887594, 81.14411100000002364, 7.100000000000059153 ) ) ;
#11934 = VECTOR ( 'NONE', #6785, 1000.000000000000000 ) ;
#11935 = DIRECTION ( 'NONE',  ( 1.000000000000000000, 0.000000000000000000, 0.000000000000000000 ) ) ;
#11936 = FACE_OUTER_BOUND ( 'NONE', #7913, .T. ) ;
#11937 = CARTESIAN_POINT ( 'NONE',  ( -4.612279000000576445, 78.14410780973889814, 7.399999999999998579 ) ) ;
#11938 = DIRECTION ( 'NONE',  ( -1.798198670589261486E-07, -0.9999999999999839018, -0.000000000000000000 ) ) ;
#11939 = ORIENTED_EDGE ( 'NONE', *, *, #11451, .T. ) ;
#11940 = EDGE_CURVE ( 'NONE', #5391, #8577, #1292, .T. ) ;
#11941 = VERTEX_POINT ( 'NONE', #561 ) ;
#11942 = EDGE_CURVE ( 'NONE', #10043, #9723, #8217, .T. ) ;
#11943 = VERTEX_POINT ( 'NONE', #3360 ) ;
#11944 = CARTESIAN_POINT ( 'NONE',  ( -119.3542776741684719, 30.17521305340542170, -5.787188417063728885 ) ) ;
#11945 = AXIS2_PLACEMENT_3D ( 'NONE', #8526, #229, #5779 ) ;
#11946 = CARTESIAN_POINT ( 'NONE',  ( -70.49221783287669041, 81.98100124987755066, -4.485088766571109886 ) ) ;
#11947 = CARTESIAN_POINT ( 'NONE',  ( -53.66227900109224436, 0.000000000000000000, -1.900000000000000355 ) ) ;
#11948 = CARTESIAN_POINT ( 'NONE',  ( 19.15536441831858738, 16.90386751168637858, -2.272870761040224785 ) ) ;
#11949 = DIRECTION ( 'NONE',  ( -1.288939664294365441E-07, -0.9999999999999916733, 0.000000000000000000 ) ) ;
#11950 = DIRECTION ( 'NONE',  ( 1.153406566473941999E-16, 0.000000000000000000, -1.000000000000000000 ) ) ;
#11951 = DIRECTION ( 'NONE',  ( -0.000000000000000000, -0.000000000000000000, 1.000000000000000000 ) ) ;
#11952 = ORIENTED_EDGE ( 'NONE', *, *, #3131, .F. ) ;
#11953 = CARTESIAN_POINT ( 'NONE',  ( -32.86023200621512785, 81.96523968826677731, -5.506109694575008540 ) ) ;
#11954 = DIRECTION ( 'NONE',  ( 0.000000000000000000, -0.7071067811865230368, 0.7071067811865721087 ) ) ;
#11955 = AXIS2_PLACEMENT_3D ( 'NONE', #3747, #7466, #7529 ) ;
#11956 = ORIENTED_EDGE ( 'NONE', *, *, #1885, .T. ) ;
#11957 = CARTESIAN_POINT ( 'NONE',  ( -33.56196091246293634, 81.84921655634528292, -2.399999999999999911 ) ) ;
#11958 = EDGE_LOOP ( 'NONE', ( #5927, #3734, #6976, #11151 ) ) ;
#11959 = EDGE_CURVE ( 'NONE', #1785, #7805, #8983, .T. ) ;
#11960 = ORIENTED_EDGE ( 'NONE', *, *, #4888, .F. ) ;
#11961 = EDGE_CURVE ( 'NONE', #8778, #10078, #4580, .T. ) ;
#11962 = LINE ( 'NONE', #11026, #10840 ) ;
#11963 = CARTESIAN_POINT ( 'NONE',  ( 15.43484238798335717, 80.29890921037602425, 2.996183034865334882 ) ) ;
#11964 = CARTESIAN_POINT ( 'NONE',  ( -31.45178386854079733, 1.144115653533169130, 7.200002326766580474 ) ) ;
#11965 = AXIS2_PLACEMENT_3D ( 'NONE', #6398, #8053, #11816 ) ;
#11966 = CARTESIAN_POINT ( 'NONE',  ( -119.3173713749078502, 57.17110590196908504, -5.044050639424556337 ) ) ;
#11967 = CARTESIAN_POINT ( 'NONE',  ( 1.194588940175416392, 84.17831373534031059, 3.334309251899531201 ) ) ;
#11968 = CARTESIAN_POINT ( 'NONE',  ( -98.98067985970040183, 14.25611712929986652, -2.613211992813810003 ) ) ;
#11969 = LINE ( 'NONE', #1738, #5299 ) ;
#11970 = ORIENTED_EDGE ( 'NONE', *, *, #10277, .F. ) ;
#11971 = CARTESIAN_POINT ( 'NONE',  ( -79.81227900000004638, 22.98553808041251401, 4.400000000000000355 ) ) ;
#11972 = CARTESIAN_POINT ( 'NONE',  ( 19.07803042142591110, 18.69905338060969058, -6.527129240127193199 ) ) ;
#11973 = ORIENTED_EDGE ( 'NONE', *, *, #3094, .T. ) ;
#11974 = EDGE_LOOP ( 'NONE', ( #3309, #6415, #6641, #3537, #1740, #4023, #2224 ) ) ;
#11975 = EDGE_CURVE ( 'NONE', #2058, #6855, #6092, .T. ) ;
#11976 = CARTESIAN_POINT ( 'NONE',  ( -119.3174011611568233, 60.06959649319318828, -2.663316380028563302 ) ) ;
#11977 = CARTESIAN_POINT ( 'NONE',  ( 19.17281116565752086, 17.51218032161339977, -2.453094714427260126 ) ) ;
#11978 = DIRECTION ( 'NONE',  ( 0.000000000000000000, -1.000000000000000000, 0.000000000000000000 ) ) ;
#11979 = DIRECTION ( 'NONE',  ( -1.000000000000000000, 0.000000000000000000, 0.000000000000000000 ) ) ;
#11980 = CARTESIAN_POINT ( 'NONE',  ( 19.10759229480434840, 51.02545081133819593, -2.953553224610078409 ) ) ;
#11981 = ORIENTED_EDGE ( 'NONE', *, *, #5198, .F. ) ;
#11982 = ORIENTED_EDGE ( 'NONE', *, *, #9816, .F. ) ;
#11983 = CARTESIAN_POINT ( 'NONE',  ( -22.36227900000000091, 77.84411099999999806, 7.100000000000059153 ) ) ;
#11984 = ORIENTED_EDGE ( 'NONE', *, *, #4807, .F. ) ;
#11985 = EDGE_CURVE ( 'NONE', #10902, #6332, #2684, .T. ) ;
#11986 = VECTOR ( 'NONE', #223, 1000.000000000000000 ) ;
#11987 = CARTESIAN_POINT ( 'NONE',  ( -22.35370608041266749, 77.84411100000002648, 5.399999999999998579 ) ) ;
#11988 = EDGE_LOOP ( 'NONE', ( #2645, #2673, #8337, #5154, #5435, #9981 ) ) ;
#11989 = LINE ( 'NONE', #3599, #9054 ) ;
#11990 = DIRECTION ( 'NONE',  ( -0.7071067811865503483, 8.659560562354966138E-17, 0.7071067811865445751 ) ) ;
#11991 = AXIS2_PLACEMENT_3D ( 'NONE', #450, #3006, #6724 ) ;
#11992 = DIRECTION ( 'NONE',  ( -0.000000000000000000, 0.000000000000000000, 1.000000000000000000 ) ) ;
#11993 = DIRECTION ( 'NONE',  ( 0.7071067811865536790, 0.000000000000000000, 0.7071067811865414665 ) ) ;
#11994 = EDGE_CURVE ( 'NONE', #5167, #1115, #1593, .T. ) ;
#11995 = DIRECTION ( 'NONE',  ( -1.000000000000000000, 0.000000000000000000, 0.000000000000000000 ) ) ;
#11996 = CARTESIAN_POINT ( 'NONE',  ( -40.39384565921501036, -1.755885432175285921, 5.399999999999998579 ) ) ;
#11997 = EDGE_LOOP ( 'NONE', ( #6676, #7566, #6054, #3155 ) ) ;
#11998 = EDGE_LOOP ( 'NONE', ( #11894, #10709, #9557, #8956 ) ) ;
#11999 = EDGE_LOOP ( 'NONE', ( #9940, #3249, #11901, #11912 ) ) ;
#12000 = CARTESIAN_POINT ( 'NONE',  ( -119.2521435765560369, 30.51555428520757474, -6.439980624623484751 ) ) ;
#12001 = CONICAL_SURFACE ( 'NONE', #9834, 1.300000000000029354, 0.7853981633974825849 ) ;
#12002 = LINE ( 'NONE', #8190, #4989 ) ;
#12003 = CARTESIAN_POINT ( 'NONE',  ( -119.2767991409686346, 57.96299781573683418, -6.439980624619756178 ) ) ;
#12004 = CARTESIAN_POINT ( 'NONE',  ( 19.29191332001608217, 15.92467787341269414, -3.804406304071138667 ) ) ;
#12005 = DIRECTION ( 'NONE',  ( 0.000000000000000000, 0.000000000000000000, -1.000000000000000000 ) ) ;
#12006 = EDGE_CURVE ( 'NONE', #4913, #11561, #8179, .T. ) ;
#12007 = DIRECTION ( 'NONE',  ( -1.000000000000000000, 0.000000000000000000, 0.000000000000000000 ) ) ;
#12008 = ORIENTED_EDGE ( 'NONE', *, *, #11626, .F. ) ;
#12009 = CARTESIAN_POINT ( 'NONE',  ( -31.71784497952104331, 81.78812692920362792, -2.613211991801165812 ) ) ;
#12010 = AXIS2_PLACEMENT_3D ( 'NONE', #3087, #10547, #10307 ) ;
#12011 = CARTESIAN_POINT ( 'NONE',  ( 0.000000000000000000, 20.69411099999999948, 7.099999999999989875 ) ) ;
#12012 = ORIENTED_EDGE ( 'NONE', *, *, #9087, .F. ) ;
#12013 = DIRECTION ( 'NONE',  ( 0.9999999999999914513, -1.303162954756303595E-07, 0.000000000000000000 ) ) ;
#12014 = ORIENTED_EDGE ( 'NONE', *, *, #8829, .T. ) ;
#12015 = ORIENTED_EDGE ( 'NONE', *, *, #8649, .F. ) ;
#12016 = FACE_OUTER_BOUND ( 'NONE', #1435, .T. ) ;
#12017 = CARTESIAN_POINT ( 'NONE',  ( -22.36227900000000091, 78.14411099999999522, 5.399999999999998579 ) ) ;
#12018 = CARTESIAN_POINT ( 'NONE',  ( 15.69099474717247666, 81.44913621990049535, 4.361738812511221752 ) ) ;
#12019 = DIRECTION ( 'NONE',  ( -0.000000000000000000, -0.000000000000000000, 1.000000000000000000 ) ) ;
#12020 = CIRCLE ( 'NONE', #10641, 1.000000000000000888 ) ;
#12021 = VECTOR ( 'NONE', #1229, 1000.000000000000000 ) ;
#12022 = CARTESIAN_POINT ( 'NONE',  ( 18.16772100000000378, 76.15268391958780114, 5.399999999999998579 ) ) ;
#12023 = CARTESIAN_POINT ( 'NONE',  ( 1.331492134315732434, 84.09941761118719228, 3.384350397025897017 ) ) ;
#12024 = CARTESIAN_POINT ( 'NONE',  ( -99.14387857505511192, 14.20806629698535239, -5.846449543715206865 ) ) ;
#12025 = ADVANCED_FACE ( 'NONE', ( #7198 ), #6401, .T. ) ;
#12026 = ADVANCED_FACE ( 'NONE', ( #740 ), #7672, .T. ) ;
#12027 = CARTESIAN_POINT ( 'NONE',  ( -119.3173747198666490, 28.42567587434078646, -6.298200039345449142 ) ) ;
#12028 = ORIENTED_EDGE ( 'NONE', *, *, #5849, .T. ) ;
#12029 = DIRECTION ( 'NONE',  ( -0.000000000000000000, -0.000000000000000000, 1.000000000000000000 ) ) ;
#12030 = CARTESIAN_POINT ( 'NONE',  ( 19.26054502086859088, 18.37265594989637307, -4.485088767640433183 ) ) ;
#12031 = CONICAL_SURFACE ( 'NONE', #4984, 1.000000000000006883, 0.7853981633974841392 ) ;
#12032 = ORIENTED_EDGE ( 'NONE', *, *, #10347, .F. ) ;
#12033 = VERTEX_POINT ( 'NONE', #1766 ) ;
#12034 = CARTESIAN_POINT ( 'NONE',  ( -42.11227899999999380, 27.99411100000000019, 4.400000000000000355 ) ) ;
#12035 = CARTESIAN_POINT ( 'NONE',  ( 19.17288683079477707, 18.57733475828673875, -3.182208807977015219 ) ) ;
#12036 = CARTESIAN_POINT ( 'NONE',  ( -118.3122720196896722, 59.06910750985032621, -4.400000000000000355 ) ) ;
#12037 = CARTESIAN_POINT ( 'NONE',  ( 1.018759925617496842, 84.27859663285487102, 3.198503648334062088 ) ) ;
#12038 = CONICAL_SURFACE ( 'NONE', #11051, 1.899999999999999467, 0.7853981633974582710 ) ;
#12039 = EDGE_CURVE ( 'NONE', #416, #4928, #1038, .T. ) ;
#12040 = CARTESIAN_POINT ( 'NONE',  ( -1.527229767214855311E-14, 14.99411798029990983, 7.399999999999998579 ) ) ;
#12041 = ORIENTED_EDGE ( 'NONE', *, *, #9688, .F. ) ;
#12042 = VERTEX_POINT ( 'NONE', #7320 ) ;
#12043 = CARTESIAN_POINT ( 'NONE',  ( -80.21367833427878224, 79.84411100000001227, 4.400000000000000355 ) ) ;
#12044 = VERTEX_POINT ( 'NONE', #5488 ) ;
#12045 = PLANE ( 'NONE',  #3997 ) ;
#12046 = AXIS2_PLACEMENT_3D ( 'NONE', #1198, #9506, #10545 ) ;
#12047 = CARTESIAN_POINT ( 'NONE',  ( -61.76227900000000659, 24.29411100000000445, 7.100000000000059153 ) ) ;
#12048 = ORIENTED_EDGE ( 'NONE', *, *, #1602, .T. ) ;
#12049 = CARTESIAN_POINT ( 'NONE',  ( -67.43142950036545358, 80.84411100000002648, 0.5999999999999998668 ) ) ;
#12050 = LINE ( 'NONE', #3662, #10736 ) ;
#12051 = ADVANCED_FACE ( 'NONE', ( #11936 ), #9219, .F. ) ;
#12052 = AXIS2_PLACEMENT_3D ( 'NONE', #2411, #3333, #6133 ) ;
#12053 = CARTESIAN_POINT ( 'NONE',  ( -24.56563569588264073, -1.587046009804543134, -3.339211667805740635 ) ) ;
#12054 = DIRECTION ( 'NONE',  ( 1.000000000000000000, 2.646977960169688560E-23, 0.000000000000000000 ) ) ;
#12055 = ORIENTED_EDGE ( 'NONE', *, *, #3480, .T. ) ;
#12056 = EDGE_LOOP ( 'NONE', ( #11779, #347, #10523, #8665 ) ) ;
#12057 = CARTESIAN_POINT ( 'NONE',  ( 16.69269022657272572, 81.16406903442380383, 3.346448600531178208 ) ) ;
#12058 = ORIENTED_EDGE ( 'NONE', *, *, #2716, .F. ) ;
#12059 = VECTOR ( 'NONE', #7587, 1000.000000000000000 ) ;
#12060 = CARTESIAN_POINT ( 'NONE',  ( -119.4334012326517609, 30.17521305340542526, -4.971197494147454599 ) ) ;
#12061 = FACE_OUTER_BOUND ( 'NONE', #279, .T. ) ;
#12062 = CARTESIAN_POINT ( 'NONE',  ( -119.2225815482596118, 56.94197827182565419, -6.113584520840151804 ) ) ;
#12063 = CARTESIAN_POINT ( 'NONE',  ( 19.21555116110197403, 15.27188566585233787, -4.314918151748109665 ) ) ;
#12064 = EDGE_CURVE ( 'NONE', #4067, #11358, #1649, .T. ) ;
#12065 = ADVANCED_FACE ( 'NONE', ( #11067 ), #8055, .F. ) ;
#12066 = LINE ( 'NONE', #9351, #3703 ) ;
#12067 = CARTESIAN_POINT ( 'NONE',  ( -41.41227819873822114, 81.14188785450701857, 5.399999999999998579 ) ) ;
#12068 = AXIS2_PLACEMENT_3D ( 'NONE', #2325, #10764, #6106 ) ;
#12069 = CARTESIAN_POINT ( 'NONE',  ( -32.37063718707962323, 81.84295516031291129, -6.186789390830439217 ) ) ;
#12070 = CARTESIAN_POINT ( 'NONE',  ( -119.3122720196896722, 31.06910750985031910, 0.5999999999999998668 ) ) ;
#12071 = ORIENTED_EDGE ( 'NONE', *, *, #3844, .T. ) ;
#12072 = DIRECTION ( 'NONE',  ( -0.000000000000000000, -0.000000000000000000, 1.000000000000000000 ) ) ;
#12073 = EDGE_LOOP ( 'NONE', ( #934, #1732, #2348, #6362 ) ) ;
#12074 = ORIENTED_EDGE ( 'NONE', *, *, #983, .T. ) ;
#12075 = EDGE_CURVE ( 'NONE', #9285, #10007, #11002, .T. ) ;
#12076 = ORIENTED_EDGE ( 'NONE', *, *, #8301, .F. ) ;
#12077 = CARTESIAN_POINT ( 'NONE',  ( -67.39144887573405640, 81.72838449471061040, -6.527129238957629198 ) ) ;
#12078 = CARTESIAN_POINT ( 'NONE',  ( 16.77864909813216698, 81.13935705878230920, 2.911601973887925077 ) ) ;
#12079 = CARTESIAN_POINT ( 'NONE',  ( -52.26227900109170577, -1.755880703713295965, 6.400000000000025224 ) ) ;
#12080 = VECTOR ( 'NONE', #1219, 1000.000000000000114 ) ;
#12081 = CARTESIAN_POINT ( 'NONE',  ( -119.3174015465883429, 58.06638751892899819, -6.135379275634038621 ) ) ;
#12082 = DIRECTION ( 'NONE',  ( 0.9999999999993552935, -1.135586136444816472E-06, 0.000000000000000000 ) ) ;
#12083 = CARTESIAN_POINT ( 'NONE',  ( -99.63347472111917114, 14.10140982383107833, -4.485088767559852307 ) ) ;
#12084 = CARTESIAN_POINT ( 'NONE',  ( -101.0621899584683376, 14.28896376532143364, -4.138396709583283872 ) ) ;
#12085 = ORIENTED_EDGE ( 'NONE', *, *, #4307, .F. ) ;
#12086 = CARTESIAN_POINT ( 'NONE',  ( -119.3173775709874178, 27.06910750985032266, -4.400000000000001243 ) ) ;
#12087 = DIRECTION ( 'NONE',  ( 0.000000000000000000, -0.000000000000000000, -1.000000000000000000 ) ) ;
#12088 = VECTOR ( 'NONE', #4535, 1000.000000000000000 ) ;
#12089 = VERTEX_POINT ( 'NONE', #3486 ) ;
#12090 = ORIENTED_EDGE ( 'NONE', *, *, #1792, .F. ) ;
#12091 = EDGE_CURVE ( 'NONE', #7381, #9525, #2563, .T. ) ;
#12092 = EDGE_CURVE ( 'NONE', #1943, #2528, #10886, .T. ) ;
#12093 = CARTESIAN_POINT ( 'NONE',  ( 16.05859082457480724, 2.864296143744261336, -2.400000000000000355 ) ) ;
#12094 = CARTESIAN_POINT ( 'NONE',  ( -71.43142950036546779, 0.000000000000000000, -1.900000000000000355 ) ) ;
#12095 = LINE ( 'NONE', #7240, #1688 ) ;
#12096 = CARTESIAN_POINT ( 'NONE',  ( -118.3122720196896722, 0.000000000000000000, -1.900000000000000355 ) ) ;
#12097 = DIRECTION ( 'NONE',  ( -1.115443926467510313E-32, -1.694065894508601171E-16, 1.000000000000000000 ) ) ;
#12098 = CIRCLE ( 'NONE', #2122, 0.5000000000000004441 ) ;
#12099 = CARTESIAN_POINT ( 'NONE',  ( 11.05859082457480369, -5.795957894100131291, -1.900000000000000355 ) ) ;
#12100 = ORIENTED_EDGE ( 'NONE', *, *, #594, .F. ) ;
#12101 = VERTEX_POINT ( 'NONE', #5368 ) ;
#12102 = CARTESIAN_POINT ( 'NONE',  ( -81.95516926713661121, 2.007715659309325940, -1.900000000000000355 ) ) ;
#12103 = EDGE_LOOP ( 'NONE', ( #3937, #81 ) ) ;
#12104 = VECTOR ( 'NONE', #6756, 1000.000000000000000 ) ;
#12105 = PLANE ( 'NONE',  #9277 ) ;
#12106 = EDGE_CURVE ( 'NONE', #6270, #5993, #7031, .T. ) ;
#12107 = FACE_BOUND ( 'NONE', #9117, .T. ) ;
ENDSEC;
END-ISO-10303-21;
