ISO-10303-21;
HEADER;
FILE_DESCRIPTION (( 'STEP AP214' ),
    '1' );
FILE_NAME ('EVA_MID.STP',
    '2025-03-03T06:54:53',
    ( '' ),
    ( '' ),
    'SwSTEP 2.0',
    'SolidWorks 2022',
    '' );
FILE_SCHEMA (( 'AUTOMOTIVE_DESIGN' ));
ENDSEC;

DATA;
#1 = EDGE_CURVE ( 'NONE', #703, #4359, #7473, .T. ) ;
#2 = LINE ( 'NONE', #197, #7953 ) ;
#3 = VECTOR ( 'NONE', #3485, 1000.000000000000000 ) ;
#4 = FACE_OUTER_BOUND ( 'NONE', #6882, .T. ) ;
#5 = FACE_OUTER_BOUND ( 'NONE', #5490, .T. ) ;
#6 = ORIENTED_EDGE ( 'NONE', *, *, #5144, .T. ) ;
#7 = VECTOR ( 'NONE', #8029, 1000.000000000000000 ) ;
#8 = AXIS2_PLACEMENT_3D ( 'NONE', #1349, #4466, #7005 ) ;
#9 = EDGE_LOOP ( 'NONE', ( #8125, #7788, #2331, #10 ) ) ;
#10 = ORIENTED_EDGE ( 'NONE', *, *, #1395, .T. ) ;
#11 = AXIS2_PLACEMENT_3D ( 'NONE', #1712, #476, #6177 ) ;
#12 = CARTESIAN_POINT ( 'NONE',  ( -6.487279000000012452, 37.26911099999999522, 2.000000000000000000 ) ) ;
#13 = DIRECTION ( 'NONE',  ( -1.000000000000000000, 0.000000000000000000, 0.000000000000000000 ) ) ;
#14 = AXIS2_PLACEMENT_3D ( 'NONE', #6008, #2855, #3618 ) ;
#15 = AXIS2_PLACEMENT_3D ( 'NONE', #4418, #1909, #6951 ) ;
#16 = ORIENTED_EDGE ( 'NONE', *, *, #7143, .T. ) ;
#17 = ORIENTED_EDGE ( 'NONE', *, *, #7761, .T. ) ;
#18 = LINE ( 'NONE', #6457, #4944 ) ;
#19 = AXIS2_PLACEMENT_3D ( 'NONE', #1567, #6614, #6318 ) ;
#20 = ADVANCED_FACE ( 'NONE', ( #5660 ), #1201, .F. ) ;
#21 = CIRCLE ( 'NONE', #5164, 0.3999999999999975797 ) ;
#22 = CARTESIAN_POINT ( 'NONE',  ( -39.63727900000002791, 58.91911099999999379, 2.000000000000000000 ) ) ;
#23 = DIRECTION ( 'NONE',  ( -0.000000000000000000, -0.000000000000000000, 1.000000000000000000 ) ) ;
#24 = EDGE_LOOP ( 'NONE', ( #4123, #1609, #3120, #6484 ) ) ;
#25 = EDGE_CURVE ( 'NONE', #5074, #6655, #2852, .T. ) ;
#26 = CARTESIAN_POINT ( 'NONE',  ( -44.58727900000002364, 45.26911099999999522, 5.000000000000000000 ) ) ;
#27 = ORIENTED_EDGE ( 'NONE', *, *, #5992, .F. ) ;
#28 = CARTESIAN_POINT ( 'NONE',  ( -77.73727900000001512, 45.21911099999999095, 5.000000000000000000 ) ) ;
#29 = EDGE_CURVE ( 'NONE', #266, #2980, #8193, .T. ) ;
#30 = EDGE_CURVE ( 'NONE', #1379, #2192, #8147, .T. ) ;
#31 = ORIENTED_EDGE ( 'NONE', *, *, #7890, .T. ) ;
#32 = DIRECTION ( 'NONE',  ( 1.000000000000000000, 0.000000000000000000, 0.000000000000000000 ) ) ;
#33 = EDGE_LOOP ( 'NONE', ( #2381, #3707, #6460, #7002 ) ) ;
#34 = DIRECTION ( 'NONE',  ( 1.000000000000000000, 0.000000000000000000, 0.000000000000000000 ) ) ;
#35 = DIRECTION ( 'NONE',  ( -1.000000000000000000, 0.000000000000000000, 0.000000000000000000 ) ) ;
#36 = DIRECTION ( 'NONE',  ( -0.000000000000000000, -1.000000000000000000, -0.000000000000000000 ) ) ;
#37 = EDGE_CURVE ( 'NONE', #5500, #5987, #3877, .T. ) ;
#38 = DIRECTION ( 'NONE',  ( 0.000000000000000000, 0.000000000000000000, -1.000000000000000000 ) ) ;
#39 = ORIENTED_EDGE ( 'NONE', *, *, #4366, .F. ) ;
#40 = DIRECTION ( 'NONE',  ( 0.000000000000000000, -1.000000000000000000, -0.000000000000000000 ) ) ;
#41 = CARTESIAN_POINT ( 'NONE',  ( -14.51653217275702445, -0.3137269589929864155, 2.000000000000000000 ) ) ;
#42 = VERTEX_POINT ( 'NONE', #8105 ) ;
#43 = VERTEX_POINT ( 'NONE', #5038 ) ;
#44 = LINE ( 'NONE', #3214, #4720 ) ;
#45 = DIRECTION ( 'NONE',  ( 0.000000000000000000, 0.000000000000000000, 1.000000000000000000 ) ) ;
#46 = EDGE_CURVE ( 'NONE', #2860, #2900, #6365, .T. ) ;
#47 = FACE_OUTER_BOUND ( 'NONE', #6838, .T. ) ;
#48 = LINE ( 'NONE', #2566, #6878 ) ;
#49 = CARTESIAN_POINT ( 'NONE',  ( -39.63727900000002791, 64.26911099999999522, 2.000000000000000000 ) ) ;
#50 = ORIENTED_EDGE ( 'NONE', *, *, #4287, .F. ) ;
#51 = EDGE_CURVE ( 'NONE', #968, #4581, #2474, .T. ) ;
#52 = ORIENTED_EDGE ( 'NONE', *, *, #275, .T. ) ;
#53 = ORIENTED_EDGE ( 'NONE', *, *, #6367, .T. ) ;
#54 = VECTOR ( 'NONE', #7298, 1000.000000000000000 ) ;
#55 = CARTESIAN_POINT ( 'NONE',  ( -44.58727900000002364, 82.96911099999999806, 2.000000000000000000 ) ) ;
#56 = DIRECTION ( 'NONE',  ( 0.000000000000000000, 0.000000000000000000, 1.000000000000000000 ) ) ;
#57 = EDGE_CURVE ( 'NONE', #1392, #365, #5577, .T. ) ;
#58 = CIRCLE ( 'NONE', #3600, 1.125000000000000888 ) ;
#59 = EDGE_LOOP ( 'NONE', ( #7787, #196, #7968, #7077 ) ) ;
#60 = ORIENTED_EDGE ( 'NONE', *, *, #631, .T. ) ;
#61 = DIRECTION ( 'NONE',  ( -1.000000000000000000, 0.000000000000000000, 0.000000000000000000 ) ) ;
#62 = DIRECTION ( 'NONE',  ( 1.000000000000000000, 0.000000000000000000, 0.000000000000000000 ) ) ;
#63 = DIRECTION ( 'NONE',  ( -0.000000000000000000, -0.000000000000000000, 1.000000000000000000 ) ) ;
#64 = ORIENTED_EDGE ( 'NONE', *, *, #3817, .F. ) ;
#65 = DIRECTION ( 'NONE',  ( -0.000000000000000000, -1.000000000000000000, -0.000000000000000000 ) ) ;
#66 = VECTOR ( 'NONE', #2879, 1000.000000000000000 ) ;
#67 = ORIENTED_EDGE ( 'NONE', *, *, #7605, .F. ) ;
#68 = CARTESIAN_POINT ( 'NONE',  ( -22.36227899999999735, 77.14411099999999522, 2.000000000000000000 ) ) ;
#69 = EDGE_CURVE ( 'NONE', #6758, #2353, #3132, .T. ) ;
#70 = ORIENTED_EDGE ( 'NONE', *, *, #6367, .F. ) ;
#71 = ADVANCED_FACE ( 'NONE', ( #4951 ), #1281, .F. ) ;
#72 = CARTESIAN_POINT ( 'NONE',  ( 13.57485339871645991, 7.462336869566425612, 2.000000000000000000 ) ) ;
#73 = ORIENTED_EDGE ( 'NONE', *, *, #1928, .F. ) ;
#74 = DIRECTION ( 'NONE',  ( 0.000000000000000000, 1.000000000000000000, 0.000000000000000000 ) ) ;
#75 = DIRECTION ( 'NONE',  ( 0.02449038266022485200, -0.9997000655982551942, 0.000000000000000000 ) ) ;
#76 = LINE ( 'NONE', #6474, #1564 ) ;
#77 = ADVANCED_FACE ( 'NONE', ( #1894 ), #4408, .T. ) ;
#78 = FACE_BOUND ( 'NONE', #5567, .T. ) ;
#79 = ADVANCED_FACE ( 'NONE', ( #6815 ), #1159, .T. ) ;
#80 = DIRECTION ( 'NONE',  ( 0.9659258276786804043, -0.2588190399164174704, 0.000000000000000000 ) ) ;
#81 = CARTESIAN_POINT ( 'NONE',  ( -77.33727900000002364, 44.81911099999999237, 2.000000000000000000 ) ) ;
#82 = ORIENTED_EDGE ( 'NONE', *, *, #8039, .T. ) ;
#83 = FACE_OUTER_BOUND ( 'NONE', #4976, .T. ) ;
#84 = CARTESIAN_POINT ( 'NONE',  ( -41.51053300000017998, 80.14651799999811033, 5.000000000000000000 ) ) ;
#85 = CARTESIAN_POINT ( 'NONE',  ( -12.81839899999999943, -3.020465999999999873, 5.000000000000000000 ) ) ;
#86 = AXIS2_PLACEMENT_3D ( 'NONE', #7244, #3511, #2782 ) ;
#87 = DIRECTION ( 'NONE',  ( 0.000000000000000000, 0.000000000000000000, -1.000000000000000000 ) ) ;
#88 = DIRECTION ( 'NONE',  ( -0.000000000000000000, -0.000000000000000000, 1.000000000000000000 ) ) ;
#89 = ORIENTED_EDGE ( 'NONE', *, *, #6538, .T. ) ;
#90 = ORIENTED_EDGE ( 'NONE', *, *, #5747, .T. ) ;
#91 = ORIENTED_EDGE ( 'NONE', *, *, #7600, .T. ) ;
#92 = VECTOR ( 'NONE', #1726, 1000.000000000000000 ) ;
#93 = PLANE ( 'NONE',  #278 ) ;
#94 = CARTESIAN_POINT ( 'NONE',  ( -24.36227899999998670, 80.14411099999728094, 2.000000000000000000 ) ) ;
#95 = VECTOR ( 'NONE', #1828, 1000.000000000000000 ) ;
#96 = ORIENTED_EDGE ( 'NONE', *, *, #1128, .T. ) ;
#97 = VERTEX_POINT ( 'NONE', #4313 ) ;
#98 = LINE ( 'NONE', #140, #5841 ) ;
#99 = LINE ( 'NONE', #1383, #6047 ) ;
#100 = DIRECTION ( 'NONE',  ( 0.000000000000000000, 0.000000000000000000, -1.000000000000000000 ) ) ;
#101 = ORIENTED_EDGE ( 'NONE', *, *, #5584, .F. ) ;
#102 = CARTESIAN_POINT ( 'NONE',  ( -44.18727900000002506, 82.96911099999999806, 5.000000000000000000 ) ) ;
#103 = VECTOR ( 'NONE', #5137, 1000.000000000000227 ) ;
#104 = ORIENTED_EDGE ( 'NONE', *, *, #3697, .T. ) ;
#105 = CARTESIAN_POINT ( 'NONE',  ( -96.38727900000002080, 56.26911099999999522, 5.000000000000000000 ) ) ;
#106 = ORIENTED_EDGE ( 'NONE', *, *, #2831, .F. ) ;
#107 = DIRECTION ( 'NONE',  ( -1.532579336855593627E-13, -1.000000000000000000, 0.000000000000000000 ) ) ;
#108 = CIRCLE ( 'NONE', #8030, 0.3999999999999975797 ) ;
#109 = ORIENTED_EDGE ( 'NONE', *, *, #4329, .F. ) ;
#110 = CARTESIAN_POINT ( 'NONE',  ( -41.51053300000017998, 80.14651799999811033, 2.000000000000000000 ) ) ;
#111 = DIRECTION ( 'NONE',  ( 0.000000000000000000, 1.000000000000000000, 0.000000000000000000 ) ) ;
#112 = CARTESIAN_POINT ( 'NONE',  ( -24.48673788020493092, 16.95517567409789450, 2.000000000000000000 ) ) ;
#113 = CARTESIAN_POINT ( 'NONE',  ( -6.087279000000014761, 61.26911099999998811, 5.000000000000000000 ) ) ;
#114 = AXIS2_PLACEMENT_3D ( 'NONE', #6638, #5901, #7848 ) ;
#115 = CARTESIAN_POINT ( 'NONE',  ( -20.58727900000001299, 23.16911099999999379, 2.000000000000000000 ) ) ;
#116 = PLANE ( 'NONE',  #194 ) ;
#117 = ORIENTED_EDGE ( 'NONE', *, *, #1920, .F. ) ;
#118 = CIRCLE ( 'NONE', #1176, 0.3999999999999975797 ) ;
#119 = DIRECTION ( 'NONE',  ( 0.000000000000000000, 0.000000000000000000, 1.000000000000000000 ) ) ;
#120 = CARTESIAN_POINT ( 'NONE',  ( -44.18727900000002506, 69.26911099999999522, 2.000000000000000000 ) ) ;
#121 = CARTESIAN_POINT ( 'NONE',  ( -20.58727900000001299, 55.91911099999999379, 2.000000000000000000 ) ) ;
#122 = ADVANCED_FACE ( 'NONE', ( #5744 ), #7736, .T. ) ;
#123 = VECTOR ( 'NONE', #2912, 1000.000000000000000 ) ;
#124 = FACE_OUTER_BOUND ( 'NONE', #7916, .T. ) ;
#125 = DIRECTION ( 'NONE',  ( 0.000000000000000000, 1.000000000000000000, 0.000000000000000000 ) ) ;
#126 = EDGE_LOOP ( 'NONE', ( #7933, #6537, #2534, #6543 ) ) ;
#127 = ORIENTED_EDGE ( 'NONE', *, *, #3461, .T. ) ;
#128 = ORIENTED_EDGE ( 'NONE', *, *, #7639, .T. ) ;
#129 = VECTOR ( 'NONE', #3047, 1000.000000000000000 ) ;
#130 = LINE ( 'NONE', #5718, #5822 ) ;
#131 = ADVANCED_FACE ( 'NONE', ( #1522 ), #3248, .F. ) ;
#132 = VECTOR ( 'NONE', #3440, 1000.000000000000000 ) ;
#133 = FACE_OUTER_BOUND ( 'NONE', #2123, .T. ) ;
#134 = VECTOR ( 'NONE', #698, 1000.000000000000000 ) ;
#135 = EDGE_CURVE ( 'NONE', #5896, #3680, #4421, .T. ) ;
#136 = VERTEX_POINT ( 'NONE', #7694 ) ;
#137 = EDGE_CURVE ( 'NONE', #6600, #7765, #7149, .T. ) ;
#138 = ORIENTED_EDGE ( 'NONE', *, *, #7514, .F. ) ;
#139 = ORIENTED_EDGE ( 'NONE', *, *, #1419, .F. ) ;
#140 = CARTESIAN_POINT ( 'NONE',  ( -24.48673788020493092, 16.95517567409789450, 5.000000000000000000 ) ) ;
#141 = DIRECTION ( 'NONE',  ( -1.000000000000000000, 0.000000000000000000, 0.000000000000000000 ) ) ;
#142 = LINE ( 'NONE', #1915, #4997 ) ;
#143 = EDGE_LOOP ( 'NONE', ( #7873, #6654, #1878, #5329 ) ) ;
#144 = VECTOR ( 'NONE', #7365, 1000.000000000000000 ) ;
#145 = CIRCLE ( 'NONE', #4484, 0.3999999999999975797 ) ;
#146 = DIRECTION ( 'NONE',  ( -1.000000000000000000, 0.000000000000000000, 0.000000000000000000 ) ) ;
#147 = EDGE_CURVE ( 'NONE', #1825, #4882, #2639, .T. ) ;
#148 = ORIENTED_EDGE ( 'NONE', *, *, #796, .T. ) ;
#149 = DIRECTION ( 'NONE',  ( 1.000000000000000000, 0.000000000000000000, 0.000000000000000000 ) ) ;
#151 = VERTEX_POINT ( 'NONE', #7822 ) ;
#150 = AXIS2_PLACEMENT_3D ( 'NONE', #6287, #7484, #4320 ) ;
#152 = CARTESIAN_POINT ( 'NONE',  ( -116.7105330000004102, 72.14170400000413963, 5.000000000000000000 ) ) ;
#153 = VECTOR ( 'NONE', #7180, 1000.000000000000000 ) ;
#154 = ORIENTED_EDGE ( 'NONE', *, *, #4355, .T. ) ;
#155 = LINE ( 'NONE', #2674, #3920 ) ;
#156 = DIRECTION ( 'NONE',  ( 1.000000000000000000, 0.000000000000000000, 0.000000000000000000 ) ) ;
#157 = CARTESIAN_POINT ( 'NONE',  ( -20.58727900000001299, 61.26911099999998811, 5.000000000000000000 ) ) ;
#158 = CARTESIAN_POINT ( 'NONE',  ( 3.803337000001279833, -11.46242600000072898, 2.000000000000000000 ) ) ;
#159 = AXIS2_PLACEMENT_3D ( 'NONE', #786, #4611, #7596 ) ;
#160 = ORIENTED_EDGE ( 'NONE', *, *, #2993, .F. ) ;
#161 = EDGE_CURVE ( 'NONE', #2143, #7065, #8144, .T. ) ;
#162 = DIRECTION ( 'NONE',  ( 1.000000000000000000, 0.000000000000000000, 0.000000000000000000 ) ) ;
#163 = DIRECTION ( 'NONE',  ( -0.000000000000000000, -0.000000000000000000, 1.000000000000000000 ) ) ;
#164 = VERTEX_POINT ( 'NONE', #1983 ) ;
#165 = DIRECTION ( 'NONE',  ( 0.000000000000000000, 0.000000000000000000, 1.000000000000000000 ) ) ;
#166 = DIRECTION ( 'NONE',  ( -0.000000000000000000, -0.000000000000000000, 1.000000000000000000 ) ) ;
#167 = LINE ( 'NONE', #121, #2506 ) ;
#168 = CYLINDRICAL_SURFACE ( 'NONE', #7952, 0.3999999999999975797 ) ;
#169 = CARTESIAN_POINT ( 'NONE',  ( -78.51452166130999899, 79.14856685720400264, 5.000000000000000000 ) ) ;
#170 = ORIENTED_EDGE ( 'NONE', *, *, #5712, .F. ) ;
#171 = EDGE_LOOP ( 'NONE', ( #2032, #7029, #5449, #298 ) ) ;
#172 = ORIENTED_EDGE ( 'NONE', *, *, #3678, .T. ) ;
#173 = EDGE_CURVE ( 'NONE', #6340, #858, #1487, .T. ) ;
#174 = DIRECTION ( 'NONE',  ( 0.000000000000000000, 0.000000000000000000, 1.000000000000000000 ) ) ;
#175 = LINE ( 'NONE', #3345, #1061 ) ;
#176 = VERTEX_POINT ( 'NONE', #7780 ) ;
#177 = ORIENTED_EDGE ( 'NONE', *, *, #8006, .F. ) ;
#178 = AXIS2_PLACEMENT_3D ( 'NONE', #4902, #3717, #3637 ) ;
#179 = DIRECTION ( 'NONE',  ( -0.000000000000000000, -0.000000000000000000, 1.000000000000000000 ) ) ;
#180 = CARTESIAN_POINT ( 'NONE',  ( -63.23727900000002222, 77.96911099999999806, 5.000000000000000000 ) ) ;
#181 = CARTESIAN_POINT ( 'NONE',  ( -63.63727900000002080, 40.26911099999998811, 2.000000000000000000 ) ) ;
#182 = ORIENTED_EDGE ( 'NONE', *, *, #135, .F. ) ;
#183 = CARTESIAN_POINT ( 'NONE',  ( -22.86227900000000091, 60.09411099999999806, 5.000000000000000000 ) ) ;
#184 = ORIENTED_EDGE ( 'NONE', *, *, #6145, .F. ) ;
#185 = PLANE ( 'NONE',  #1715 ) ;
#186 = EDGE_CURVE ( 'NONE', #3466, #1270, #4529, .T. ) ;
#187 = ORIENTED_EDGE ( 'NONE', *, *, #1988, .T. ) ;
#188 = ORIENTED_EDGE ( 'NONE', *, *, #7190, .T. ) ;
#189 = DIRECTION ( 'NONE',  ( -0.000000000000000000, -0.000000000000000000, 1.000000000000000000 ) ) ;
#190 = ORIENTED_EDGE ( 'NONE', *, *, #7702, .T. ) ;
#191 = CARTESIAN_POINT ( 'NONE',  ( -20.18727900000001796, 55.91911099999999379, 2.000000000000000000 ) ) ;
#192 = CARTESIAN_POINT ( 'NONE',  ( -3.312278999999718643, 19.52152838256456135, 5.000000000000000000 ) ) ;
#193 = CARTESIAN_POINT ( 'NONE',  ( -6.333840999999999610, 12.63464199999999948, 5.000000000000000000 ) ) ;
#194 = AXIS2_PLACEMENT_3D ( 'NONE', #200, #3371, #6564 ) ;
#195 = FACE_BOUND ( 'NONE', #2039, .T. ) ;
#196 = ORIENTED_EDGE ( 'NONE', *, *, #3829, .F. ) ;
#197 = CARTESIAN_POINT ( 'NONE',  ( -25.13727900000002791, 45.21911099999999095, 2.000000000000000000 ) ) ;
#198 = EDGE_LOOP ( 'NONE', ( #7706, #1650, #3445, #6091, #7587, #7111, #6768, #5693 ) ) ;
#199 = PLANE ( 'NONE',  #825 ) ;
#200 = CARTESIAN_POINT ( 'NONE',  ( -10.97071132590210496, 12.91945688020494032, 2.000000000000000000 ) ) ;
#201 = ORIENTED_EDGE ( 'NONE', *, *, #3887, .F. ) ;
#202 = CARTESIAN_POINT ( 'NONE',  ( -58.68727900000002506, 50.21911099999999095, 2.000000000000000000 ) ) ;
#203 = CARTESIAN_POINT ( 'NONE',  ( -99.06227900000000375, 53.59411099999999806, 5.000000000000000000 ) ) ;
#204 = CARTESIAN_POINT ( 'NONE',  ( -39.23727900000002933, 59.31911099999999237, 5.000000000000000000 ) ) ;
#205 = EDGE_CURVE ( 'NONE', #6560, #778, #5161, .T. ) ;
#206 = EDGE_CURVE ( 'NONE', #4801, #5337, #4489, .T. ) ;
#207 = CARTESIAN_POINT ( 'NONE',  ( -63.23727900000002222, 26.16911099999998669, 2.000000000000000000 ) ) ;
#208 = CARTESIAN_POINT ( 'NONE',  ( -77.73727900000001512, 64.26911099999999522, 2.000000000000000000 ) ) ;
#209 = EDGE_LOOP ( 'NONE', ( #3109, #6622, #3158, #5139, #4578, #2015, #5298, #6291 ) ) ;
#210 = ADVANCED_FACE ( 'NONE', ( #83 ), #5828, .F. ) ;
#211 = EDGE_LOOP ( 'NONE', ( #5376, #7200, #1621, #7100 ) ) ;
#212 = ORIENTED_EDGE ( 'NONE', *, *, #1945, .T. ) ;
#213 = EDGE_CURVE ( 'NONE', #4178, #1782, #4161, .T. ) ;
#214 = CYLINDRICAL_SURFACE ( 'NONE', #2914, 0.3999999999999975797 ) ;
#215 = PRODUCT_DEFINITION_FORMATION_WITH_SPECIFIED_SOURCE ( 'ANY', '', #7731, .NOT_KNOWN. ) ;
#216 = CARTESIAN_POINT ( 'NONE',  ( -115.8372790000000094, 31.86911099999999308, 2.000000000000000000 ) ) ;
#217 = EDGE_CURVE ( 'NONE', #6935, #5810, #618, .T. ) ;
#218 = ORIENTED_EDGE ( 'NONE', *, *, #3292, .F. ) ;
#219 = VECTOR ( 'NONE', #2726, 1000.000000000000000 ) ;
#220 = ORIENTED_EDGE ( 'NONE', *, *, #7296, .F. ) ;
#221 = DIRECTION ( 'NONE',  ( 0.000000000000000000, 0.000000000000000000, 1.000000000000000000 ) ) ;
#222 = PLANE ( 'NONE',  #3782 ) ;
#223 = VERTEX_POINT ( 'NONE', #5281 ) ;
#224 = DIRECTION ( 'NONE',  ( 0.000000000000000000, 0.000000000000000000, 1.000000000000000000 ) ) ;
#225 = VERTEX_POINT ( 'NONE', #791 ) ;
#226 = CARTESIAN_POINT ( 'NONE',  ( -115.4372790000000180, 37.21911099999999095, 2.000000000000000000 ) ) ;
#227 = AXIS2_PLACEMENT_3D ( 'NONE', #5861, #3883, #5107 ) ;
#228 = EDGE_CURVE ( 'NONE', #8078, #7157, #6558, .T. ) ;
#229 = EDGE_CURVE ( 'NONE', #4817, #5473, #6566, .T. ) ;
#230 = VERTEX_POINT ( 'NONE', #4570 ) ;
#231 = CARTESIAN_POINT ( 'NONE',  ( 2.437354000000000021, -11.82837899999999998, 2.000000000000000000 ) ) ;
#232 = EDGE_CURVE ( 'NONE', #5565, #5896, #7101, .T. ) ;
#233 = DIRECTION ( 'NONE',  ( -1.000000000000000000, -7.573197224763012245E-14, 0.000000000000000000 ) ) ;
#234 = CIRCLE ( 'NONE', #6437, 0.3999999999999975797 ) ;
#235 = FACE_OUTER_BOUND ( 'NONE', #7066, .T. ) ;
#236 = FACE_OUTER_BOUND ( 'NONE', #4626, .T. ) ;
#237 = CARTESIAN_POINT ( 'NONE',  ( 16.46772100000000094, 77.14411100000027943, 2.000000000000000000 ) ) ;
#238 = DIRECTION ( 'NONE',  ( 1.000000000000000000, 0.000000000000000000, 0.000000000000000000 ) ) ;
#239 = CARTESIAN_POINT ( 'NONE',  ( -63.63727900000002080, 59.31911099999999237, 5.000000000000000000 ) ) ;
#240 = ADVANCED_FACE ( 'NONE', ( #831 ), #5870, .F. ) ;
#241 = DIRECTION ( 'NONE',  ( 1.000000000000000000, 0.000000000000000000, 0.000000000000000000 ) ) ;
#242 = VERTEX_POINT ( 'NONE', #6687 ) ;
#243 = DIRECTION ( 'NONE',  ( 1.000000000000000000, -0.000000000000000000, -0.000000000000000000 ) ) ;
#244 = CARTESIAN_POINT ( 'NONE',  ( -96.38727900000002080, 37.21911099999999095, 2.000000000000000000 ) ) ;
#245 = AXIS2_PLACEMENT_3D ( 'NONE', #1974, #1927, #1514 ) ;
#246 = DIRECTION ( 'NONE',  ( 1.000000000000000000, -0.000000000000000000, -0.000000000000000000 ) ) ;
#247 = CARTESIAN_POINT ( 'NONE',  ( -6.487279000000012452, 22.76911099999999522, 5.000000000000000000 ) ) ;
#248 = AXIS2_PLACEMENT_3D ( 'NONE', #3230, #6420, #3749 ) ;
#249 = CARTESIAN_POINT ( 'NONE',  ( -44.18727900000002506, 82.96911099999999806, 2.000000000000000000 ) ) ;
#250 = ORIENTED_EDGE ( 'NONE', *, *, #1940, .T. ) ;
#251 = VECTOR ( 'NONE', #7554, 1000.000000000000000 ) ;
#252 = ORIENTED_EDGE ( 'NONE', *, *, #2789, .F. ) ;
#253 = ORIENTED_EDGE ( 'NONE', *, *, #7437, .F. ) ;
#254 = DIRECTION ( 'NONE',  ( 0.000000000000000000, 0.000000000000000000, 1.000000000000000000 ) ) ;
#255 = AXIS2_PLACEMENT_3D ( 'NONE', #4698, #2884, #2273 ) ;
#256 = VECTOR ( 'NONE', #2869, 1000.000000000000000 ) ;
#257 = EDGE_CURVE ( 'NONE', #3970, #2684, #1537, .T. ) ;
#258 = FACE_OUTER_BOUND ( 'NONE', #7013, .T. ) ;
#259 = ORIENTED_EDGE ( 'NONE', *, *, #3388, .T. ) ;
#260 = AXIS2_PLACEMENT_3D ( 'NONE', #1235, #7472, #2469 ) ;
#261 = ORIENTED_EDGE ( 'NONE', *, *, #2237, .F. ) ;
#262 = ORIENTED_EDGE ( 'NONE', *, *, #3938, .T. ) ;
#263 = CYLINDRICAL_SURFACE ( 'NONE', #86, 0.9977672882800908694 ) ;
#264 = EDGE_CURVE ( 'NONE', #4704, #1270, #4696, .T. ) ;
#265 = PLANE ( 'NONE',  #3536 ) ;
#266 = VERTEX_POINT ( 'NONE', #2269 ) ;
#267 = LINE ( 'NONE', #7247, #4753 ) ;
#268 = ORIENTED_EDGE ( 'NONE', *, *, #7760, .T. ) ;
#269 = DIRECTION ( 'NONE',  ( 0.5000000044811719890, 0.8660254011972328136, 0.000000000000000000 ) ) ;
#270 = VECTOR ( 'NONE', #1582, 1000.000000000000000 ) ;
#271 = CIRCLE ( 'NONE', #2644, 0.3999999999999975797 ) ;
#272 = ORIENTED_EDGE ( 'NONE', *, *, #3072, .F. ) ;
#273 = FACE_OUTER_BOUND ( 'NONE', #6513, .T. ) ;
#274 = CARTESIAN_POINT ( 'NONE',  ( -11.25355404100700873, 13.40935482724297856, 5.000000000000000000 ) ) ;
#275 = EDGE_CURVE ( 'NONE', #5013, #1353, #1278, .T. ) ;
#276 = EDGE_CURVE ( 'NONE', #4465, #3201, #7348, .T. ) ;
#277 = AXIS2_PLACEMENT_3D ( 'NONE', #1338, #56, #2609 ) ;
#278 = AXIS2_PLACEMENT_3D ( 'NONE', #12, #723, #5797 ) ;
#279 = DIRECTION ( 'NONE',  ( -0.000000000000000000, -0.000000000000000000, 1.000000000000000000 ) ) ;
#280 = DIRECTION ( 'NONE',  ( -0.000000000000000000, -1.000000000000000000, -0.000000000000000000 ) ) ;
#281 = FACE_BOUND ( 'NONE', #7343, .T. ) ;
#282 = EDGE_CURVE ( 'NONE', #5644, #3586, #6950, .T. ) ;
#283 = ORIENTED_EDGE ( 'NONE', *, *, #1659, .F. ) ;
#284 = DIRECTION ( 'NONE',  ( -0.000000000000000000, -0.000000000000000000, 1.000000000000000000 ) ) ;
#285 = CIRCLE ( 'NONE', #3437, 1.125000000000000888 ) ;
#286 = AXIS2_PLACEMENT_3D ( 'NONE', #1020, #1518, #2801 ) ;
#287 = CARTESIAN_POINT ( 'NONE',  ( -20.18727900000001796, 37.26911099999999522, 5.000000000000000000 ) ) ;
#288 = CARTESIAN_POINT ( 'NONE',  ( -25.53727900000002293, 25.76911099999999166, 2.000000000000000000 ) ) ;
#289 = EDGE_LOOP ( 'NONE', ( #1341, #4968, #6105, #2114 ) ) ;
#290 = DIRECTION ( 'NONE',  ( 0.000000000000000000, 0.000000000000000000, 1.000000000000000000 ) ) ;
#291 = CARTESIAN_POINT ( 'NONE',  ( -44.58727900000002364, 49.81911099999999237, 2.000000000000000000 ) ) ;
#292 = AXIS2_PLACEMENT_3D ( 'NONE', #6897, #1198, #1732 ) ;
#293 = CARTESIAN_POINT ( 'NONE',  ( -61.46227899999998812, 80.14411100000272370, 2.000000000000000000 ) ) ;
#294 = EDGE_CURVE ( 'NONE', #7974, #7193, #907, .T. ) ;
#295 = CARTESIAN_POINT ( 'NONE',  ( -82.68727900000001796, 36.81911099999999237, 2.000000000000000000 ) ) ;
#296 = LINE ( 'NONE', #6447, #6129 ) ;
#297 = VERTEX_POINT ( 'NONE', #6646 ) ;
#298 = ORIENTED_EDGE ( 'NONE', *, *, #4106, .T. ) ;
#299 = VERTEX_POINT ( 'NONE', #956 ) ;
#300 = DIRECTION ( 'NONE',  ( 0.000000000000000000, 0.000000000000000000, 1.000000000000000000 ) ) ;
#301 = DIRECTION ( 'NONE',  ( -0.000000000000000000, -0.000000000000000000, 1.000000000000000000 ) ) ;
#302 = VERTEX_POINT ( 'NONE', #2309 ) ;
#303 = EDGE_LOOP ( 'NONE', ( #4870, #6948, #6385, #5716 ) ) ;
#304 = VERTEX_POINT ( 'NONE', #1026 ) ;
#305 = FACE_OUTER_BOUND ( 'NONE', #1588, .T. ) ;
#306 = DIRECTION ( 'NONE',  ( 0.000000000000000000, 1.000000000000000000, 0.000000000000000000 ) ) ;
#307 = EDGE_CURVE ( 'NONE', #3923, #1259, #3492, .T. ) ;
#308 = LINE ( 'NONE', #974, #2643 ) ;
#309 = ORIENTED_EDGE ( 'NONE', *, *, #7904, .F. ) ;
#310 = DIRECTION ( 'NONE',  ( 1.000000000000000000, 0.000000000000000000, 0.000000000000000000 ) ) ;
#311 = VERTEX_POINT ( 'NONE', #5357 ) ;
#312 = CARTESIAN_POINT ( 'NONE',  ( -58.28727900000002649, 30.76911099999999522, 5.000000000000000000 ) ) ;
#313 = EDGE_CURVE ( 'NONE', #6631, #8135, #370, .T. ) ;
#314 = DIRECTION ( 'NONE',  ( 0.000000000000000000, 0.000000000000000000, 1.000000000000000000 ) ) ;
#315 = LINE ( 'NONE', #861, #1441 ) ;
#316 = EDGE_CURVE ( 'NONE', #4960, #3956, #5993, .T. ) ;
#317 = FACE_OUTER_BOUND ( 'NONE', #697, .T. ) ;
#318 = VECTOR ( 'NONE', #5607, 1000.000000000000000 ) ;
#319 = ORIENTED_EDGE ( 'NONE', *, *, #7650, .T. ) ;
#320 = DIRECTION ( 'NONE',  ( 1.000000000000000000, 0.000000000000000000, 0.000000000000000000 ) ) ;
#321 = EDGE_CURVE ( 'NONE', #1486, #5687, #4565, .T. ) ;
#322 = CARTESIAN_POINT ( 'NONE',  ( -59.46227900000000233, 85.14411099999999522, 5.000000000000000000 ) ) ;
#323 = VECTOR ( 'NONE', #3537, 1000.000000000000000 ) ;
#324 = EDGE_CURVE ( 'NONE', #2817, #5671, #4228, .T. ) ;
#325 = CARTESIAN_POINT ( 'NONE',  ( -101.3372790000000094, 37.21911099999999095, 2.000000000000000000 ) ) ;
#326 = VERTEX_POINT ( 'NONE', #4067 ) ;
#327 = CARTESIAN_POINT ( 'NONE',  ( -6.487279000000012452, 23.16911099999999379, 2.000000000000000000 ) ) ;
#328 = DIRECTION ( 'NONE',  ( -0.02449038266019302676, 0.9997000655982559714, 0.000000000000000000 ) ) ;
#329 = DIRECTION ( 'NONE',  ( -1.000000000000000000, 0.000000000000000000, 0.000000000000000000 ) ) ;
#330 = AXIS2_PLACEMENT_3D ( 'NONE', #6725, #4694, #5990 ) ;
#331 = EDGE_CURVE ( 'NONE', #3711, #5173, #1012, .T. ) ;
#332 = FACE_OUTER_BOUND ( 'NONE', #1079, .T. ) ;
#333 = EDGE_CURVE ( 'NONE', #326, #6226, #5766, .T. ) ;
#334 = CARTESIAN_POINT ( 'NONE',  ( -63.23727900000002222, 26.16911099999998669, 2.000000000000000000 ) ) ;
#335 = VERTEX_POINT ( 'NONE', #4788 ) ;
#337 = VERTEX_POINT ( 'NONE', #3530 ) ;
#336 = EDGE_CURVE ( 'NONE', #5971, #1746, #7311, .T. ) ;
#338 = VERTEX_POINT ( 'NONE', #2927 ) ;
#339 = EDGE_CURVE ( 'NONE', #4882, #6234, #5903, .T. ) ;
#340 = CARTESIAN_POINT ( 'NONE',  ( -3.812278999999717310, 18.65550297878012387, 5.000000000000000000 ) ) ;
#341 = DIRECTION ( 'NONE',  ( 0.000000000000000000, 1.000000000000000000, 0.000000000000000000 ) ) ;
#342 = ORIENTED_EDGE ( 'NONE', *, *, #6383, .T. ) ;
#343 = CARTESIAN_POINT ( 'NONE',  ( -23.36227899999621016, 78.14411099999999522, 5.000000000000000000 ) ) ;
#344 = ORIENTED_EDGE ( 'NONE', *, *, #229, .T. ) ;
#345 = ORIENTED_EDGE ( 'NONE', *, *, #2301, .T. ) ;
#346 = EDGE_LOOP ( 'NONE', ( #2292, #1034, #4665, #2016 ) ) ;
#347 = ADVANCED_FACE ( 'NONE', ( #4824 ), #450, .F. ) ;
#348 = CARTESIAN_POINT ( 'NONE',  ( -63.63727900000002080, 39.86911099999998953, 2.000000000000000000 ) ) ;
#349 = DIRECTION ( 'NONE',  ( 0.9659258276786804043, -0.2588190399164174704, 0.000000000000000000 ) ) ;
#350 = ORIENTED_EDGE ( 'NONE', *, *, #5465, .F. ) ;
#351 = DIRECTION ( 'NONE',  ( 0.9999144385346806496, -0.01308111653775370642, 0.000000000000000000 ) ) ;
#352 = ADVANCED_FACE ( 'NONE', ( #2185 ), #3045, .F. ) ;
#353 = CIRCLE ( 'NONE', #7619, 0.9999999999999970024 ) ;
#354 = ORIENTED_EDGE ( 'NONE', *, *, #3895, .T. ) ;
#355 = DIRECTION ( 'NONE',  ( 0.000000000000000000, 1.000000000000000000, 0.000000000000000000 ) ) ;
#356 = ORIENTED_EDGE ( 'NONE', *, *, #6803, .T. ) ;
#357 = ADVANCED_FACE ( 'NONE', ( #6236 ), #2385, .F. ) ;
#358 = CARTESIAN_POINT ( 'NONE',  ( -79.51468599999864750, 73.04585699999988435, 5.000000000000000000 ) ) ;
#359 = FACE_OUTER_BOUND ( 'NONE', #1211, .T. ) ;
#360 = FACE_OUTER_BOUND ( 'NONE', #1227, .T. ) ;
#361 = DIRECTION ( 'NONE',  ( 0.9659258276786804043, -0.2588190399164175259, 0.000000000000000000 ) ) ;
#362 = VECTOR ( 'NONE', #5610, 1000.000000000000000 ) ;
#363 = ORIENTED_EDGE ( 'NONE', *, *, #668, .T. ) ;
#364 = CARTESIAN_POINT ( 'NONE',  ( -21.73727899999999735, 60.09411099999999806, 5.000000000000000000 ) ) ;
#365 = VERTEX_POINT ( 'NONE', #1150 ) ;
#366 = CARTESIAN_POINT ( 'NONE',  ( -59.56053300000017714, 85.14170400000188010, 2.000000000000000000 ) ) ;
#367 = AXIS2_PLACEMENT_3D ( 'NONE', #823, #75, #1397 ) ;
#368 = CARTESIAN_POINT ( 'NONE',  ( -31.34645300000000390, 1.944111000000000145, 2.000000000000000000 ) ) ;
#369 = VERTEX_POINT ( 'NONE', #7510 ) ;
#370 = LINE ( 'NONE', #7269, #6162 ) ;
#371 = CARTESIAN_POINT ( 'NONE',  ( -47.78727900000002649, 4.119110999999994860, 2.000000000000000000 ) ) ;
#372 = CARTESIAN_POINT ( 'NONE',  ( -44.58727900000002364, 82.96911099999999806, 2.000000000000000000 ) ) ;
#373 = VECTOR ( 'NONE', #7564, 1000.000000000000000 ) ;
#374 = FACE_OUTER_BOUND ( 'NONE', #1469, .T. ) ;
#375 = LINE ( 'NONE', #2314, #7453 ) ;
#376 = ORIENTED_EDGE ( 'NONE', *, *, #7362, .T. ) ;
#377 = CIRCLE ( 'NONE', #503, 0.3999999999999975797 ) ;
#378 = ORIENTED_EDGE ( 'NONE', *, *, #3172, .T. ) ;
#379 = EDGE_LOOP ( 'NONE', ( #3907, #7288, #954, #2948 ) ) ;
#380 = FACE_OUTER_BOUND ( 'NONE', #5630, .T. ) ;
#381 = CARTESIAN_POINT ( 'NONE',  ( -23.36227899999621016, 78.14411099999999522, 2.000000000000000000 ) ) ;
#382 = ADVANCED_FACE ( 'NONE', ( #2554 ), #5569, .F. ) ;
#383 = CIRCLE ( 'NONE', #3773, 0.3999999999999975797 ) ;
#384 = CARTESIAN_POINT ( 'NONE',  ( -10.95708165697357650, 13.02298449617150666, 2.000000000000000000 ) ) ;
#385 = ORIENTED_EDGE ( 'NONE', *, *, #7295, .F. ) ;
#386 = ORIENTED_EDGE ( 'NONE', *, *, #7259, .F. ) ;
#387 = CIRCLE ( 'NONE', #2623, 0.3999999999999975797 ) ;
#388 = EDGE_LOOP ( 'NONE', ( #7291, #4762 ) ) ;
#389 = CARTESIAN_POINT ( 'NONE',  ( 9.557274015923402644, 2.853684177437181724, 5.000000000000000000 ) ) ;
#390 = VERTEX_POINT ( 'NONE', #1193 ) ;
#391 = LINE ( 'NONE', #7249, #132 ) ;
#392 = EDGE_LOOP ( 'NONE', ( #8085, #6794, #3372, #7831 ) ) ;
#393 = EDGE_CURVE ( 'NONE', #5406, #7757, #1232, .T. ) ;
#394 = AXIS2_PLACEMENT_3D ( 'NONE', #3015, #5534, #8070 ) ;
#395 = ORIENTED_EDGE ( 'NONE', *, *, #6005, .F. ) ;
#396 = ADVANCED_FACE ( 'NONE', ( #6848 ), #8183, .T. ) ;
#397 = ORIENTED_EDGE ( 'NONE', *, *, #4574, .T. ) ;
#398 = DIRECTION ( 'NONE',  ( 1.000000000000000000, 0.000000000000000000, 0.000000000000000000 ) ) ;
#399 = EDGE_CURVE ( 'NONE', #1571, #2834, #6313, .T. ) ;
#400 = CARTESIAN_POINT ( 'NONE',  ( -10.97071132590210496, 12.91945688020494032, 5.000000000000000000 ) ) ;
#401 = LINE ( 'NONE', #7378, #3657 ) ;
#402 = VECTOR ( 'NONE', #4689, 1000.000000000000000 ) ;
#403 = DIRECTION ( 'NONE',  ( -0.000000000000000000, -0.000000000000000000, 1.000000000000000000 ) ) ;
#404 = ADVANCED_FACE ( 'NONE', ( #1926 ), #4266, .F. ) ;
#405 = ORIENTED_EDGE ( 'NONE', *, *, #3145, .T. ) ;
#406 = CARTESIAN_POINT ( 'NONE',  ( -82.68727900000001796, 69.96911099999999806, 5.000000000000000000 ) ) ;
#407 = VERTEX_POINT ( 'NONE', #574 ) ;
#408 = LINE ( 'NONE', #322, #2163 ) ;
#409 = VECTOR ( 'NONE', #4218, 1000.000000000000114 ) ;
#410 = DIRECTION ( 'NONE',  ( -0.000000000000000000, -0.000000000000000000, 1.000000000000000000 ) ) ;
#411 = ORIENTED_EDGE ( 'NONE', *, *, #2391, .T. ) ;
#412 = DIRECTION ( 'NONE',  ( -1.000000000000000000, 0.000000000000000000, 0.000000000000000000 ) ) ;
#413 = DIRECTION ( 'NONE',  ( -1.000000000000000000, 0.000000000000000000, 0.000000000000000000 ) ) ;
#414 = FACE_OUTER_BOUND ( 'NONE', #4682, .T. ) ;
#415 = AXIS2_PLACEMENT_3D ( 'NONE', #7664, #4505, #7033 ) ;
#416 = AXIS2_PLACEMENT_3D ( 'NONE', #8072, #4835, #3617 ) ;
#417 = ADVANCED_FACE ( 'NONE', ( #5028 ), #6932, .F. ) ;
#418 = CARTESIAN_POINT ( 'NONE',  ( -63.63727900000002080, 63.86911099999998953, 2.000000000000000000 ) ) ;
#419 = CARTESIAN_POINT ( 'NONE',  ( -22.36452166130999686, 78.13965514279600200, 5.000000000000000000 ) ) ;
#420 = ORIENTED_EDGE ( 'NONE', *, *, #5549, .F. ) ;
#421 = AXIS2_PLACEMENT_3D ( 'NONE', #2069, #6445, #1525 ) ;
#422 = ORIENTED_EDGE ( 'NONE', *, *, #1100, .F. ) ;
#423 = VERTEX_POINT ( 'NONE', #5522 ) ;
#424 = LINE ( 'NONE', #2937, #5505 ) ;
#425 = CARTESIAN_POINT ( 'NONE',  ( -101.7372789999999867, 69.96911099999999806, 5.000000000000000000 ) ) ;
#426 = EDGE_CURVE ( 'NONE', #6750, #5752, #1935, .T. ) ;
#427 = ORIENTED_EDGE ( 'NONE', *, *, #6490, .T. ) ;
#428 = EDGE_CURVE ( 'NONE', #3518, #3105, #3086, .T. ) ;
#429 = LINE ( 'NONE', #7958, #6350 ) ;
#430 = ORIENTED_EDGE ( 'NONE', *, *, #4317, .T. ) ;
#431 = ORIENTED_EDGE ( 'NONE', *, *, #5491, .F. ) ;
#432 = VERTEX_POINT ( 'NONE', #8057 ) ;
#433 = EDGE_CURVE ( 'NONE', #4134, #4465, #1843, .T. ) ;
#434 = EDGE_CURVE ( 'NONE', #2652, #4142, #8139, .T. ) ;
#435 = DIRECTION ( 'NONE',  ( 1.000000000000000000, 0.000000000000000000, 0.000000000000000000 ) ) ;
#436 = DIRECTION ( 'NONE',  ( -0.000000000000000000, -0.000000000000000000, 1.000000000000000000 ) ) ;
#437 = EDGE_CURVE ( 'NONE', #5752, #6750, #4964, .T. ) ;
#438 = ORIENTED_EDGE ( 'NONE', *, *, #6661, .T. ) ;
#439 = CARTESIAN_POINT ( 'NONE',  ( -25.13727900000002791, 77.96911099999999806, 2.000000000000000000 ) ) ;
#440 = DIRECTION ( 'NONE',  ( 0.000000000000000000, 0.000000000000000000, -1.000000000000000000 ) ) ;
#441 = DIRECTION ( 'NONE',  ( -0.000000000000000000, -0.000000000000000000, 1.000000000000000000 ) ) ;
#442 = CARTESIAN_POINT ( 'NONE',  ( -115.8372790000000094, 50.91911099999999379, 5.000000000000000000 ) ) ;
#443 = EDGE_CURVE ( 'NONE', #407, #657, #3682, .T. ) ;
#444 = ORIENTED_EDGE ( 'NONE', *, *, #3363, .F. ) ;
#445 = CARTESIAN_POINT ( 'NONE',  ( 2.307274015923403532, -9.703684177437182257, 5.000000000000000000 ) ) ;
#446 = ORIENTED_EDGE ( 'NONE', *, *, #2977, .F. ) ;
#447 = DIRECTION ( 'NONE',  ( 0.000000000000000000, 0.000000000000000000, 1.000000000000000000 ) ) ;
#448 = CARTESIAN_POINT ( 'NONE',  ( -82.68727900000001796, 17.76911099999999166, 2.000000000000000000 ) ) ;
#449 = EDGE_LOOP ( 'NONE', ( #7299, #1579, #2812, #547 ) ) ;
#450 = PLANE ( 'NONE',  #7887 ) ;
#451 = CARTESIAN_POINT ( 'NONE',  ( -77.73727900000001512, 45.21911099999999095, 2.000000000000000000 ) ) ;
#452 = CIRCLE ( 'NONE', #3592, 0.3999999999999975797 ) ;
#453 = ADVANCED_FACE ( 'NONE', ( #4350 ), #6273, .F. ) ;
#454 = CARTESIAN_POINT ( 'NONE',  ( -10.97071132590210496, 12.91945688020494032, 5.000000000000000000 ) ) ;
#455 = EDGE_CURVE ( 'NONE', #4291, #1084, #353, .T. ) ;
#456 = AXIS2_PLACEMENT_3D ( 'NONE', #1210, #125, #7829 ) ;
#457 = ADVANCED_FACE ( 'NONE', ( #235 ), #2717, .F. ) ;
#458 = DIRECTION ( 'NONE',  ( 0.000000000000000000, 1.000000000000000000, 0.000000000000000000 ) ) ;
#459 = LINE ( 'NONE', #6038, #4936 ) ;
#460 = ORIENTED_EDGE ( 'NONE', *, *, #4240, .T. ) ;
#461 = ORIENTED_EDGE ( 'NONE', *, *, #4232, .F. ) ;
#462 = DIRECTION ( 'NONE',  ( 0.000000000000000000, 0.000000000000000000, 1.000000000000000000 ) ) ;
#463 = EDGE_CURVE ( 'NONE', #6758, #4868, #489, .T. ) ;
#464 = DIRECTION ( 'NONE',  ( -0.000000000000000000, -0.000000000000000000, 1.000000000000000000 ) ) ;
#465 = DIRECTION ( 'NONE',  ( -1.000000000000000000, 0.000000000000000000, 0.000000000000000000 ) ) ;
#466 = VECTOR ( 'NONE', #989, 1000.000000000000000 ) ;
#467 = CARTESIAN_POINT ( 'NONE',  ( -58.68727900000002506, 31.16911099999999379, 2.000000000000000000 ) ) ;
#468 = EDGE_LOOP ( 'NONE', ( #4832, #5133, #4859, #3806 ) ) ;
#469 = CARTESIAN_POINT ( 'NONE',  ( -44.18727900000002506, 31.16911099999999379, 5.000000000000000000 ) ) ;
#470 = ORIENTED_EDGE ( 'NONE', *, *, #4623, .T. ) ;
#471 = VERTEX_POINT ( 'NONE', #3241 ) ;
#472 = ORIENTED_EDGE ( 'NONE', *, *, #1105, .T. ) ;
#473 = DIRECTION ( 'NONE',  ( 0.000000000000000000, 0.000000000000000000, 1.000000000000000000 ) ) ;
#474 = FACE_BOUND ( 'NONE', #209, .T. ) ;
#475 = ORIENTED_EDGE ( 'NONE', *, *, #1155, .F. ) ;
#476 = DIRECTION ( 'NONE',  ( -0.000000000000000000, -0.000000000000000000, -1.000000000000000000 ) ) ;
#477 = DIRECTION ( 'NONE',  ( 0.000000000000000000, 0.000000000000000000, 1.000000000000000000 ) ) ;
#478 = CARTESIAN_POINT ( 'NONE',  ( -77.33727900000002364, 59.31911099999999237, 2.000000000000000000 ) ) ;
#479 = DIRECTION ( 'NONE',  ( 1.000000000000000000, 0.000000000000000000, 0.000000000000000000 ) ) ;
#480 = ORIENTED_EDGE ( 'NONE', *, *, #5728, .F. ) ;
#481 = CARTESIAN_POINT ( 'NONE',  ( -101.7372790000000151, 51.31911099999999237, 5.000000000000000000 ) ) ;
#482 = ORIENTED_EDGE ( 'NONE', *, *, #1072, .F. ) ;
#483 = DIRECTION ( 'NONE',  ( 1.000000000000000000, 0.000000000000000000, 0.000000000000000000 ) ) ;
#484 = CARTESIAN_POINT ( 'NONE',  ( -44.18727900000002506, 31.16911099999999379, 5.000000000000000000 ) ) ;
#485 = VECTOR ( 'NONE', #2064, 1000.000000000000000 ) ;
#486 = CARTESIAN_POINT ( 'NONE',  ( -45.91227899999999806, 24.49411100000000019, 5.000000000000000000 ) ) ;
#487 = LINE ( 'NONE', #451, #8036 ) ;
#488 = CARTESIAN_POINT ( 'NONE',  ( -63.23727900000002222, 58.91911099999999379, 2.000000000000000000 ) ) ;
#489 = CIRCLE ( 'NONE', #3899, 0.3999999999999975797 ) ;
#490 = EDGE_CURVE ( 'NONE', #3039, #2860, #2629, .T. ) ;
#491 = ADVANCED_FACE ( 'NONE', ( #3276 ), #5151, .T. ) ;
#492 = LINE ( 'NONE', #3008, #5966 ) ;
#493 = CARTESIAN_POINT ( 'NONE',  ( -116.6145216613000173, 71.14856685720400264, 2.000000000000000000 ) ) ;
#494 = ORIENTED_EDGE ( 'NONE', *, *, #4661, .F. ) ;
#495 = VERTEX_POINT ( 'NONE', #5772 ) ;
#496 = LINE ( 'NONE', #3013, #903 ) ;
#497 = LINE ( 'NONE', #4796, #6304 ) ;
#498 = ADVANCED_FACE ( 'NONE', ( #2675 ), #7137, .F. ) ;
#499 = CARTESIAN_POINT ( 'NONE',  ( -96.78727900000001227, 56.26911099999999522, 5.000000000000000000 ) ) ;
#500 = DIRECTION ( 'NONE',  ( 0.000000000000000000, 1.000000000000000000, 0.000000000000000000 ) ) ;
#501 = VERTEX_POINT ( 'NONE', #7092 ) ;
#502 = LINE ( 'NONE', #3183, #1070 ) ;
#503 = AXIS2_PLACEMENT_3D ( 'NONE', #5954, #7187, #6688 ) ;
#504 = PLANE ( 'NONE',  #6258 ) ;
#505 = EDGE_LOOP ( 'NONE', ( #1947, #3162, #1327, #212 ) ) ;
#506 = VERTEX_POINT ( 'NONE', #1478 ) ;
#507 = ORIENTED_EDGE ( 'NONE', *, *, #3343, .T. ) ;
#508 = DIRECTION ( 'NONE',  ( 0.8660254037844385966, -0.5000000000000001110, -0.000000000000000000 ) ) ;
#509 = CARTESIAN_POINT ( 'NONE',  ( -60.46468599999864324, 81.04585699999987014, 2.000000000000000000 ) ) ;
#510 = ORIENTED_EDGE ( 'NONE', *, *, #6783, .T. ) ;
#511 = AXIS2_PLACEMENT_3D ( 'NONE', #732, #23, #6381 ) ;
#512 = EDGE_CURVE ( 'NONE', #6234, #7744, #5195, .T. ) ;
#513 = CARTESIAN_POINT ( 'NONE',  ( -48.96673485720000230, 2.941868338680999617, 2.000000000000000000 ) ) ;
#514 = DIRECTION ( 'NONE',  ( 1.000000000000000000, 0.000000000000000000, 0.000000000000000000 ) ) ;
#515 = CARTESIAN_POINT ( 'NONE',  ( -72.36227900000000091, 80.14411100000000943, 5.000000000000000000 ) ) ;
#516 = DIRECTION ( 'NONE',  ( -0.000000000000000000, -0.000000000000000000, 1.000000000000000000 ) ) ;
#517 = VERTEX_POINT ( 'NONE', #7685 ) ;
#518 = CARTESIAN_POINT ( 'NONE',  ( -24.48673788020493092, 16.95517567409789450, 2.000000000000000000 ) ) ;
#519 = AXIS2_PLACEMENT_3D ( 'NONE', #7061, #2600, #6981 ) ;
#520 = EDGE_CURVE ( 'NONE', #3280, #365, #2057, .T. ) ;
#521 = ORIENTED_EDGE ( 'NONE', *, *, #5375, .F. ) ;
#522 = EDGE_CURVE ( 'NONE', #5009, #1141, #2756, .T. ) ;
#523 = CARTESIAN_POINT ( 'NONE',  ( -2.853684177437180836, 9.557274015923399091, 5.000000000000000000 ) ) ;
#524 = ORIENTED_EDGE ( 'NONE', *, *, #5214, .T. ) ;
#525 = DIRECTION ( 'NONE',  ( -1.000000000000000000, 0.000000000000000000, 0.000000000000000000 ) ) ;
#526 = CIRCLE ( 'NONE', #2117, 0.3999999999999975797 ) ;
#527 = DIRECTION ( 'NONE',  ( 1.000000000000000000, 0.000000000000000000, 0.000000000000000000 ) ) ;
#528 = FACE_OUTER_BOUND ( 'NONE', #2838, .T. ) ;
#529 = ADVANCED_FACE ( 'NONE', ( #1313 ), #743, .F. ) ;
#530 = EDGE_CURVE ( 'NONE', #2165, #5292, #6516, .T. ) ;
#531 = VECTOR ( 'NONE', #4728, 1000.000000000000000 ) ;
#532 = CARTESIAN_POINT ( 'NONE',  ( -115.4372790000000180, 36.81911099999999237, 2.000000000000000000 ) ) ;
#533 = EDGE_LOOP ( 'NONE', ( #7168, #876, #5592, #1147, #1865, #7297, #3042, #6918, #8079, #7880, #4261, #5288, #855, #2497, #7638, #148, #2943, #6427, #8187, #6774, #6763, #4416, #7054, #5930, #2371, #2638, #4515, #3515, #4901, #1351, #7779, #6736, #4760, #427, #342, #4323, #2040, #7133, #8000, #3497, #2011, #3144, #6670, #720, #2078, #82, #2826, #5606, #3361, #6136, #7307, #190, #5769, #1725, #2739, #3222 ) ) ;
#534 = AXIS2_PLACEMENT_3D ( 'NONE', #4046, #1580, #2245 ) ;
#535 = CARTESIAN_POINT ( 'NONE',  ( -116.6167348571999867, 16.99186833868100166, 2.000000000000000000 ) ) ;
#536 = CARTESIAN_POINT ( 'NONE',  ( -96.38727900000002080, 70.36911100000000374, 2.000000000000000000 ) ) ;
#537 = ORIENTED_EDGE ( 'NONE', *, *, #1133, .T. ) ;
#538 = CARTESIAN_POINT ( 'NONE',  ( -101.7372789999999867, 70.36911100000000374, 5.000000000000000000 ) ) ;
#539 = DIRECTION ( 'NONE',  ( -0.000000000000000000, -0.000000000000000000, 1.000000000000000000 ) ) ;
#540 = CIRCLE ( 'NONE', #6611, 0.3999999999999975797 ) ;
#542 = CARTESIAN_POINT ( 'NONE',  ( -96.78727900000001227, 37.21911099999999095, 5.000000000000000000 ) ) ;
#541 = VECTOR ( 'NONE', #4843, 1000.000000000000000 ) ;
#543 = CARTESIAN_POINT ( 'NONE',  ( -77.73727900000001512, 64.26911099999999522, 2.000000000000000000 ) ) ;
#544 = AXIS2_PLACEMENT_3D ( 'NONE', #1754, #4848, #3030 ) ;
#545 = EDGE_CURVE ( 'NONE', #6722, #3466, #860, .T. ) ;
#546 = CARTESIAN_POINT ( 'NONE',  ( -116.6122790000000009, 72.14411099999999522, 2.000000000000000000 ) ) ;
#547 = ORIENTED_EDGE ( 'NONE', *, *, #2098, .T. ) ;
#548 = AXIS2_PLACEMENT_3D ( 'NONE', #2528, #1780, #6821 ) ;
#549 = CYLINDRICAL_SURFACE ( 'NONE', #548, 3.498033192550313419 ) ;
#550 = VECTOR ( 'NONE', #948, 1000.000000000000000 ) ;
#551 = LINE ( 'NONE', #6288, #3475 ) ;
#552 = ORIENTED_EDGE ( 'NONE', *, *, #631, .F. ) ;
#553 = ORIENTED_EDGE ( 'NONE', *, *, #7903, .F. ) ;
#554 = ORIENTED_EDGE ( 'NONE', *, *, #1317, .T. ) ;
#555 = EDGE_CURVE ( 'NONE', #3039, #1084, #7810, .T. ) ;
#556 = AXIS2_PLACEMENT_3D ( 'NONE', #5705, #2430, #5527 ) ;
#557 = DIRECTION ( 'NONE',  ( 0.000000000000000000, 1.000000000000000000, 0.000000000000000000 ) ) ;
#558 = CARTESIAN_POINT ( 'NONE',  ( -77.33727900000002364, 78.36911099999998953, 2.000000000000000000 ) ) ;
#559 = ORIENTED_EDGE ( 'NONE', *, *, #1752, .T. ) ;
#560 = FACE_OUTER_BOUND ( 'NONE', #346, .T. ) ;
#561 = CARTESIAN_POINT ( 'NONE',  ( 9.357274015923401578, 2.507274015923405486, 5.000000000000000000 ) ) ;
#562 = CARTESIAN_POINT ( 'NONE',  ( 14.44087880250090095, 6.962336869566424724, 5.000000000000000000 ) ) ;
#563 = VERTEX_POINT ( 'NONE', #5736 ) ;
#564 = ADVANCED_FACE ( 'NONE', ( #6356 ), #6473, .T. ) ;
#565 = CARTESIAN_POINT ( 'NONE',  ( -101.3372790000000094, 37.21911099999999095, 5.000000000000000000 ) ) ;
#566 = ADVANCED_FACE ( 'NONE', ( #3324 ), #3845, .F. ) ;
#567 = ORIENTED_EDGE ( 'NONE', *, *, #7420, .F. ) ;
#568 = DIRECTION ( 'NONE',  ( -0.000000000000000000, -1.000000000000000000, -0.000000000000000000 ) ) ;
#569 = ORIENTED_EDGE ( 'NONE', *, *, #545, .T. ) ;
#570 = CARTESIAN_POINT ( 'NONE',  ( -82.68727900000001796, 17.76911099999999166, 5.000000000000000000 ) ) ;
#571 = VERTEX_POINT ( 'NONE', #6394 ) ;
#572 = LINE ( 'NONE', #2512, #917 ) ;
#573 = EDGE_CURVE ( 'NONE', #2867, #4726, #2206, .T. ) ;
#574 = CARTESIAN_POINT ( 'NONE',  ( -116.6122789999999867, 15.99411099999771579, 5.000000000000000000 ) ) ;
#575 = CARTESIAN_POINT ( 'NONE',  ( -23.36468599999864182, 79.24236500000012029, 2.000000000000000000 ) ) ;
#576 = CARTESIAN_POINT ( 'NONE',  ( -44.58727900000002364, 49.81911099999999237, 5.000000000000000000 ) ) ;
#577 = EDGE_CURVE ( 'NONE', #6672, #6510, #7301, .T. ) ;
#578 = CARTESIAN_POINT ( 'NONE',  ( -22.36452166130999686, 78.13965514279600200, 2.000000000000000000 ) ) ;
#579 = VECTOR ( 'NONE', #5733, 1000.000000000000000 ) ;
#580 = DIRECTION ( 'NONE',  ( 0.000000000000000000, 0.000000000000000000, -1.000000000000000000 ) ) ;
#581 = EDGE_LOOP ( 'NONE', ( #8167, #7428, #6806, #4459 ) ) ;
#582 = CARTESIAN_POINT ( 'NONE',  ( -80.51227900000000659, 22.99411100000000019, 5.000000000000000000 ) ) ;
#583 = DIRECTION ( 'NONE',  ( 0.000000000000000000, 0.000000000000000000, 1.000000000000000000 ) ) ;
#584 = CARTESIAN_POINT ( 'NONE',  ( -47.78727900000002649, 18.21911099999999450, 2.000000000000000000 ) ) ;
#585 = DIRECTION ( 'NONE',  ( 0.000000000000000000, 0.000000000000000000, 1.000000000000000000 ) ) ;
#586 = DIRECTION ( 'NONE',  ( 1.000000000000000000, 0.000000000000000000, 0.000000000000000000 ) ) ;
#587 = CYLINDRICAL_SURFACE ( 'NONE', #815, 0.3999999999999975797 ) ;
#588 = DIRECTION ( 'NONE',  ( 0.000000000000000000, 0.000000000000000000, 1.000000000000000000 ) ) ;
#589 = VERTEX_POINT ( 'NONE', #3448 ) ;
#590 = ADVANCED_FACE ( 'NONE', ( #359 ), #5982, .F. ) ;
#591 = ORIENTED_EDGE ( 'NONE', *, *, #7662, .F. ) ;
#592 = VERTEX_POINT ( 'NONE', #4730 ) ;
#593 = AXIS2_PLACEMENT_3D ( 'NONE', #493, #2845, #5035 ) ;
#594 = EDGE_CURVE ( 'NONE', #6207, #5022, #2796, .T. ) ;
#595 = DIRECTION ( 'NONE',  ( 1.000000000000000000, 0.000000000000000000, 0.000000000000000000 ) ) ;
#596 = FACE_BOUND ( 'NONE', #928, .T. ) ;
#597 = EDGE_CURVE ( 'NONE', #6631, #1483, #4840, .T. ) ;
#598 = ORIENTED_EDGE ( 'NONE', *, *, #5484, .T. ) ;
#599 = VERTEX_POINT ( 'NONE', #3483 ) ;
#600 = DIRECTION ( 'NONE',  ( -1.000000000000000000, 0.000000000000000000, 0.000000000000000000 ) ) ;
#601 = DIRECTION ( 'NONE',  ( 0.000000000000000000, 0.000000000000000000, 1.000000000000000000 ) ) ;
#602 = CARTESIAN_POINT ( 'NONE',  ( -82.68727900000001796, 50.91911099999999379, 2.000000000000000000 ) ) ;
#603 = ORIENTED_EDGE ( 'NONE', *, *, #5318, .T. ) ;
#604 = CARTESIAN_POINT ( 'NONE',  ( -58.28727900000002649, 49.81911099999999237, 2.000000000000000000 ) ) ;
#605 = ORIENTED_EDGE ( 'NONE', *, *, #3363, .T. ) ;
#606 = DIRECTION ( 'NONE',  ( -1.000000000000000000, 0.000000000000000000, 0.000000000000000000 ) ) ;
#607 = VERTEX_POINT ( 'NONE', #400 ) ;
#608 = CARTESIAN_POINT ( 'NONE',  ( -80.51227900000000659, 22.99411100000000019, 2.000000000000000000 ) ) ;
#609 = ORIENTED_EDGE ( 'NONE', *, *, #3383, .F. ) ;
#610 = ADVANCED_FACE ( 'NONE', ( #5388 ), #1597, .F. ) ;
#611 = CARTESIAN_POINT ( 'NONE',  ( -22.46053300000018638, 77.14651799999811033, 5.000000000000000000 ) ) ;
#612 = CARTESIAN_POINT ( 'NONE',  ( -6.333840999999999610, 12.63464199999999948, 5.000000000000000000 ) ) ;
#613 = CARTESIAN_POINT ( 'NONE',  ( -115.8372790000000094, 50.91911099999999379, 2.000000000000000000 ) ) ;
#614 = LINE ( 'NONE', #3004, #4746 ) ;
#615 = VERTEX_POINT ( 'NONE', #2213 ) ;
#616 = EDGE_CURVE ( 'NONE', #4437, #43, #2466, .T. ) ;
#617 = CARTESIAN_POINT ( 'NONE',  ( -99.06227900000000375, 53.59411099999999806, 5.000000000000000000 ) ) ;
#618 = CIRCLE ( 'NONE', #3625, 1.125000000000000888 ) ;
#619 = CARTESIAN_POINT ( 'NONE',  ( -4.312278999999766604, 76.14411100000025101, 5.000000000000000000 ) ) ;
#620 = ORIENTED_EDGE ( 'NONE', *, *, #4661, .T. ) ;
#621 = CARTESIAN_POINT ( 'NONE',  ( -82.68727900000001796, 32.26911099999998811, 2.000000000000000000 ) ) ;
#622 = CARTESIAN_POINT ( 'NONE',  ( -6.487279000000012452, 22.76911099999999522, 2.000000000000000000 ) ) ;
#623 = DIRECTION ( 'NONE',  ( 0.000000000000000000, 1.000000000000000000, 0.000000000000000000 ) ) ;
#624 = DIRECTION ( 'NONE',  ( 0.000000000000000000, 0.000000000000000000, 1.000000000000000000 ) ) ;
#625 = LINE ( 'NONE', #2099, #4492 ) ;
#626 = VECTOR ( 'NONE', #4015, 1000.000000000000000 ) ;
#627 = EDGE_CURVE ( 'NONE', #7907, #4793, #2139, .T. ) ;
#628 = LINE ( 'NONE', #6251, #950 ) ;
#629 = CARTESIAN_POINT ( 'NONE',  ( -22.86227900000000091, 60.09411099999999806, 5.000000000000000000 ) ) ;
#630 = ORIENTED_EDGE ( 'NONE', *, *, #1390, .T. ) ;
#631 = EDGE_CURVE ( 'NONE', #6722, #4704, #6022, .T. ) ;
#632 = AXIS2_PLACEMENT_3D ( 'NONE', #6817, #2850, #1119 ) ;
#633 = VERTEX_POINT ( 'NONE', #2871 ) ;
#634 = ORIENTED_EDGE ( 'NONE', *, *, #5581, .F. ) ;
#635 = ADVANCED_FACE ( 'NONE', ( #7257 ), #4647, .F. ) ;
#636 = EDGE_CURVE ( 'NONE', #1893, #1921, #1414, .T. ) ;
#637 = DIRECTION ( 'NONE',  ( 1.000000000000000000, 0.000000000000000000, 0.000000000000000000 ) ) ;
#638 = FACE_OUTER_BOUND ( 'NONE', #8133, .T. ) ;
#639 = CIRCLE ( 'NONE', #5246, 0.4000000000000006328 ) ;
#640 = ORIENTED_EDGE ( 'NONE', *, *, #1212, .T. ) ;
#641 = ORIENTED_EDGE ( 'NONE', *, *, #4778, .F. ) ;
#642 = CARTESIAN_POINT ( 'NONE',  ( -101.7372789999999867, 69.96911099999999806, 2.000000000000000000 ) ) ;
#643 = AXIS2_PLACEMENT_3D ( 'NONE', #945, #3449, #7302 ) ;
#644 = CARTESIAN_POINT ( 'NONE',  ( -6.487279000000012452, 42.21911099999999095, 2.000000000000000000 ) ) ;
#645 = LINE ( 'NONE', #7076, #6584 ) ;
#646 = VERTEX_POINT ( 'NONE', #4058 ) ;
#647 = DIRECTION ( 'NONE',  ( -0.000000000000000000, -0.000000000000000000, 1.000000000000000000 ) ) ;
#648 = CIRCLE ( 'NONE', #1305, 0.3999999999999975797 ) ;
#649 = EDGE_CURVE ( 'NONE', #225, #1571, #6563, .T. ) ;
#650 = EDGE_LOOP ( 'NONE', ( #2759, #4766, #7531, #363 ) ) ;
#651 = CARTESIAN_POINT ( 'NONE',  ( -20.58727900000001299, 42.21911099999999095, 5.000000000000000000 ) ) ;
#652 = AXIS2_PLACEMENT_3D ( 'NONE', #3351, #2741, #1540 ) ;
#653 = ORIENTED_EDGE ( 'NONE', *, *, #433, .T. ) ;
#654 = PLANE ( 'NONE',  #7572 ) ;
#656 = ADVANCED_FACE ( 'NONE', ( #6102 ), #1674, .F. ) ;
#655 = CIRCLE ( 'NONE', #2215, 0.3999999999999975797 ) ;
#657 = VERTEX_POINT ( 'NONE', #6063 ) ;
#658 = DIRECTION ( 'NONE',  ( 0.000000000000000000, -0.000000000000000000, 1.000000000000000000 ) ) ;
#659 = CARTESIAN_POINT ( 'NONE',  ( -6.333840999999999610, 12.63464199999999948, 5.000000000000000000 ) ) ;
#660 = FACE_OUTER_BOUND ( 'NONE', #4007, .T. ) ;
#661 = VECTOR ( 'NONE', #910, 1000.000000000000000 ) ;
#662 = DIRECTION ( 'NONE',  ( -0.9997000655982568595, -0.02449038266015602511, 0.000000000000000000 ) ) ;
#663 = EDGE_CURVE ( 'NONE', #5869, #3093, #3632, .T. ) ;
#664 = CARTESIAN_POINT ( 'NONE',  ( -14.90290250382849635, -0.2101993430264192386, 2.000000000000000000 ) ) ;
#665 = VECTOR ( 'NONE', #2297, 1000.000000000000000 ) ;
#666 = DIRECTION ( 'NONE',  ( 0.000000000000000000, -1.000000000000000000, -0.000000000000000000 ) ) ;
#667 = ORIENTED_EDGE ( 'NONE', *, *, #4480, .T. ) ;
#668 = EDGE_CURVE ( 'NONE', #4219, #4392, #3406, .T. ) ;
#669 = ORIENTED_EDGE ( 'NONE', *, *, #3628, .F. ) ;
#670 = CARTESIAN_POINT ( 'NONE',  ( -77.33727900000002364, 77.96911099999999806, 5.000000000000000000 ) ) ;
#671 = CARTESIAN_POINT ( 'NONE',  ( -82.68727900000001796, 55.86911099999999664, 2.000000000000000000 ) ) ;
#672 = CIRCLE ( 'NONE', #6868, 0.3999999999999975797 ) ;
#673 = DIRECTION ( 'NONE',  ( 1.000000000000000000, 0.000000000000000000, 0.000000000000000000 ) ) ;
#674 = VECTOR ( 'NONE', #2620, 1000.000000000000000 ) ;
#675 = CARTESIAN_POINT ( 'NONE',  ( -47.78727900000002649, 18.21911099999999450, 5.000000000000000000 ) ) ;
#676 = FACE_OUTER_BOUND ( 'NONE', #6260, .T. ) ;
#677 = ORIENTED_EDGE ( 'NONE', *, *, #4482, .T. ) ;
#678 = VECTOR ( 'NONE', #8120, 1000.000000000000000 ) ;
#679 = VECTOR ( 'NONE', #4008, 1000.000000000000000 ) ;
#680 = EDGE_LOOP ( 'NONE', ( #1906, #1006, #106, #3875 ) ) ;
#681 = EDGE_LOOP ( 'NONE', ( #4054, #4163, #7969, #5435 ) ) ;
#682 = CIRCLE ( 'NONE', #3044, 0.4000000000000010214 ) ;
#683 = PLANE ( 'NONE',  #7534 ) ;
#684 = CARTESIAN_POINT ( 'NONE',  ( -20.18727900000001796, 56.31911099999999237, 5.000000000000000000 ) ) ;
#685 = ADVANCED_FACE ( 'NONE', ( #2950 ), #2175, .T. ) ;
#686 = EDGE_CURVE ( 'NONE', #7867, #2552, #7083, .T. ) ;
#687 = VECTOR ( 'NONE', #2572, 1000.000000000000000 ) ;
#688 = EDGE_CURVE ( 'NONE', #3262, #7838, #6180, .T. ) ;
#689 = ADVANCED_FACE ( 'NONE', ( #5509 ), #6880, .F. ) ;
#690 = ORIENTED_EDGE ( 'NONE', *, *, #2946, .T. ) ;
#691 = ORIENTED_EDGE ( 'NONE', *, *, #5964, .F. ) ;
#692 = CARTESIAN_POINT ( 'NONE',  ( -39.23727900000002933, 63.86911099999998953, 2.000000000000000000 ) ) ;
#693 = VECTOR ( 'NONE', #3463, 1000.000000000000000 ) ;
#694 = VECTOR ( 'NONE', #5988, 1000.000000000000000 ) ;
#695 = FACE_OUTER_BOUND ( 'NONE', #1331, .T. ) ;
#696 = DIRECTION ( 'NONE',  ( 1.000000000000000000, -0.000000000000000000, -0.000000000000000000 ) ) ;
#697 = EDGE_LOOP ( 'NONE', ( #6813, #1252, #7997, #60 ) ) ;
#698 = DIRECTION ( 'NONE',  ( -0.000000000000000000, -0.000000000000000000, 1.000000000000000000 ) ) ;
#699 = ORIENTED_EDGE ( 'NONE', *, *, #2261, .F. ) ;
#700 = CARTESIAN_POINT ( 'NONE',  ( -25.13727900000002791, 64.26911099999999522, 5.000000000000000000 ) ) ;
#701 = EDGE_LOOP ( 'NONE', ( #6142, #5211, #5096, #2418 ) ) ;
#702 = FACE_OUTER_BOUND ( 'NONE', #5210, .T. ) ;
#703 = VERTEX_POINT ( 'NONE', #6760 ) ;
#704 = LINE ( 'NONE', #5770, #1566 ) ;
#705 = CARTESIAN_POINT ( 'NONE',  ( -115.8372789999999810, 56.26911099999999522, 2.000000000000000000 ) ) ;
#706 = CARTESIAN_POINT ( 'NONE',  ( -96.78727900000001227, 56.26911099999999522, 5.000000000000000000 ) ) ;
#707 = FACE_BOUND ( 'NONE', #8192, .T. ) ;
#708 = EDGE_CURVE ( 'NONE', #4542, #1311, #1677, .T. ) ;
#709 = DIRECTION ( 'NONE',  ( -0.000000000000000000, -0.000000000000000000, 1.000000000000000000 ) ) ;
#710 = DIRECTION ( 'NONE',  ( 8.271882292587478959E-16, -1.000000000000000000, 0.000000000000000000 ) ) ;
#711 = VERTEX_POINT ( 'NONE', #1755 ) ;
#712 = DIRECTION ( 'NONE',  ( 0.000000000000000000, 0.000000000000000000, 1.000000000000000000 ) ) ;
#713 = DIRECTION ( 'NONE',  ( -1.000000000000000000, 0.000000000000000000, 0.000000000000000000 ) ) ;
#714 = LINE ( 'NONE', #4493, #5398 ) ;
#715 = ADVANCED_FACE ( 'NONE', ( #6300 ), #3113, .F. ) ;
#716 = DIRECTION ( 'NONE',  ( 0.000000000000000000, 0.000000000000000000, 1.000000000000000000 ) ) ;
#717 = EDGE_CURVE ( 'NONE', #3395, #6409, #1791, .T. ) ;
#718 = CARTESIAN_POINT ( 'NONE',  ( -47.78727900000002649, 4.119110999999994860, 5.000000000000000000 ) ) ;
#719 = VERTEX_POINT ( 'NONE', #8128 ) ;
#720 = ORIENTED_EDGE ( 'NONE', *, *, #4900, .T. ) ;
#721 = ORIENTED_EDGE ( 'NONE', *, *, #4387, .T. ) ;
#722 = AXIS2_PLACEMENT_3D ( 'NONE', #1647, #4064, #7938 ) ;
#723 = DIRECTION ( 'NONE',  ( 0.000000000000000000, 1.000000000000000000, 0.000000000000000000 ) ) ;
#724 = LINE ( 'NONE', #94, #5284 ) ;
#725 = EDGE_CURVE ( 'NONE', #423, #7763, #7759, .T. ) ;
#726 = AXIS2_PLACEMENT_3D ( 'NONE', #914, #1990, #4499 ) ;
#727 = EDGE_LOOP ( 'NONE', ( #6041, #4354, #3879, #472 ) ) ;
#728 = ORIENTED_EDGE ( 'NONE', *, *, #6650, .T. ) ;
#729 = DIRECTION ( 'NONE',  ( 0.000000000000000000, 0.000000000000000000, 1.000000000000000000 ) ) ;
#730 = EDGE_CURVE ( 'NONE', #5987, #890, #4894, .T. ) ;
#731 = DIRECTION ( 'NONE',  ( 1.000000000000000000, 0.000000000000000000, 0.000000000000000000 ) ) ;
#732 = CARTESIAN_POINT ( 'NONE',  ( -34.08727900000002364, 17.81911099999999948, 2.000000000000000000 ) ) ;
#733 = ORIENTED_EDGE ( 'NONE', *, *, #3070, .F. ) ;
#734 = LINE ( 'NONE', #2010, #2908 ) ;
#735 = VECTOR ( 'NONE', #6483, 1000.000000000000000 ) ;
#736 = EDGE_CURVE ( 'NONE', #1116, #806, #8170, .T. ) ;
#737 = ORIENTED_EDGE ( 'NONE', *, *, #5539, .T. ) ;
#738 = DIRECTION ( 'NONE',  ( 0.000000000000000000, 0.000000000000000000, 1.000000000000000000 ) ) ;
#739 = ORIENTED_EDGE ( 'NONE', *, *, #4055, .F. ) ;
#740 = DIRECTION ( 'NONE',  ( 0.000000000000000000, -1.000000000000000000, -0.000000000000000000 ) ) ;
#741 = VERTEX_POINT ( 'NONE', #3075 ) ;
#742 = CARTESIAN_POINT ( 'NONE',  ( -44.58727900000002364, 82.96911099999999806, 5.000000000000000000 ) ) ;
#743 = PLANE ( 'NONE',  #5907 ) ;
#744 = LINE ( 'NONE', #3884, #8177 ) ;
#745 = CARTESIAN_POINT ( 'NONE',  ( -58.28727900000002649, 82.96911099999999806, 5.000000000000000000 ) ) ;
#746 = ORIENTED_EDGE ( 'NONE', *, *, #2137, .T. ) ;
#747 = CARTESIAN_POINT ( 'NONE',  ( -115.4372789999999895, 55.86911099999999664, 2.000000000000000000 ) ) ;
#748 = CARTESIAN_POINT ( 'NONE',  ( -82.28727900000001227, 18.16911099999998669, 2.000000000000000000 ) ) ;
#749 = ORIENTED_EDGE ( 'NONE', *, *, #4273, .F. ) ;
#750 = DIRECTION ( 'NONE',  ( 1.292365014155489333E-13, -1.000000000000000000, 0.000000000000000000 ) ) ;
#751 = CARTESIAN_POINT ( 'NONE',  ( -44.58727900000002364, 83.36911099999998953, 2.000000000000000000 ) ) ;
#752 = DIRECTION ( 'NONE',  ( -0.000000000000000000, -0.000000000000000000, 1.000000000000000000 ) ) ;
#753 = CIRCLE ( 'NONE', #5621, 0.4000000000000010214 ) ;
#754 = CARTESIAN_POINT ( 'NONE',  ( -20.18727900000001796, 42.21911099999999095, 5.000000000000000000 ) ) ;
#755 = DIRECTION ( 'NONE',  ( 0.000000000000000000, 0.000000000000000000, 1.000000000000000000 ) ) ;
#756 = ORIENTED_EDGE ( 'NONE', *, *, #3763, .F. ) ;
#757 = ORIENTED_EDGE ( 'NONE', *, *, #6523, .F. ) ;
#758 = ORIENTED_EDGE ( 'NONE', *, *, #336, .F. ) ;
#759 = VECTOR ( 'NONE', #7434, 1000.000000000000000 ) ;
#760 = FACE_OUTER_BOUND ( 'NONE', #3227, .T. ) ;
#761 = LINE ( 'NONE', #5132, #8067 ) ;
#762 = AXIS2_PLACEMENT_3D ( 'NONE', #4850, #2989, #2453 ) ;
#763 = ORIENTED_EDGE ( 'NONE', *, *, #3137, .F. ) ;
#764 = EDGE_LOOP ( 'NONE', ( #640, #7073, #3662, #1501 ) ) ;
#765 = DIRECTION ( 'NONE',  ( 1.000000000000000000, 0.000000000000000000, 0.000000000000000000 ) ) ;
#766 = CARTESIAN_POINT ( 'NONE',  ( -39.23727900000002933, 26.16911099999998669, 5.000000000000000000 ) ) ;
#767 = PLANE ( 'NONE',  #4319 ) ;
#768 = ORIENTED_EDGE ( 'NONE', *, *, #2977, .T. ) ;
#769 = CARTESIAN_POINT ( 'NONE',  ( -25.53727900000002293, 25.76911099999999166, 2.000000000000000000 ) ) ;
#770 = CIRCLE ( 'NONE', #5374, 0.3999999999999975797 ) ;
#771 = ADVANCED_FACE ( 'NONE', ( #3629 ), #4932, .F. ) ;
#772 = VERTEX_POINT ( 'NONE', #6833 ) ;
#773 = DIRECTION ( 'NONE',  ( -1.000000000000000000, 0.000000000000000000, 0.000000000000000000 ) ) ;
#774 = EDGE_LOOP ( 'NONE', ( #6169, #6128, #6765, #272 ) ) ;
#775 = CARTESIAN_POINT ( 'NONE',  ( -58.28727900000002649, 30.76911099999999522, 2.000000000000000000 ) ) ;
#776 = CIRCLE ( 'NONE', #8165, 0.3999999999999975797 ) ;
#777 = VERTEX_POINT ( 'NONE', #1180 ) ;
#778 = VERTEX_POINT ( 'NONE', #3668 ) ;
#779 = DIRECTION ( 'NONE',  ( 0.000000000000000000, 1.000000000000000000, 0.000000000000000000 ) ) ;
#780 = ADVANCED_FACE ( 'NONE', ( #5599 ), #3709, .F. ) ;
#781 = DIRECTION ( 'NONE',  ( 1.000000000000000000, 0.000000000000000000, 0.000000000000000000 ) ) ;
#782 = SURFACE_SIDE_STYLE ('',( #4522 ) ) ;
#783 = DIRECTION ( 'NONE',  ( -0.000000000000000000, -0.000000000000000000, -1.000000000000000000 ) ) ;
#784 = VECTOR ( 'NONE', #5269, 1000.000000000000000 ) ;
#785 = ORIENTED_EDGE ( 'NONE', *, *, #434, .T. ) ;
#786 = CARTESIAN_POINT ( 'NONE',  ( -34.08727900000002364, 4.119110999999994860, 5.000000000000000000 ) ) ;
#787 = EDGE_CURVE ( 'NONE', #926, #6305, #4334, .T. ) ;
#788 = LINE ( 'NONE', #5115, #1515 ) ;
#789 = EDGE_LOOP ( 'NONE', ( #999, #2487, #6997, #154 ) ) ;
#790 = CIRCLE ( 'NONE', #5525, 0.3999999999999975797 ) ;
#791 = CARTESIAN_POINT ( 'NONE',  ( -77.33727900000002364, 59.31911099999999237, 2.000000000000000000 ) ) ;
#792 = DIRECTION ( 'NONE',  ( 0.000000000000000000, 0.000000000000000000, 1.000000000000000000 ) ) ;
#793 = LINE ( 'NONE', #3898, #6982 ) ;
#794 = AXIS2_PLACEMENT_3D ( 'NONE', #6489, #6368, #7104 ) ;
#795 = DIRECTION ( 'NONE',  ( 1.000000000000000000, 0.000000000000000000, 0.000000000000000000 ) ) ;
#796 = EDGE_CURVE ( 'NONE', #471, #6289, #3153, .T. ) ;
#797 = CARTESIAN_POINT ( 'NONE',  ( 9.703684177437178704, 2.307274015923405752, 5.000000000000000000 ) ) ;
#798 = ORIENTED_EDGE ( 'NONE', *, *, #463, .F. ) ;
#799 = VERTEX_POINT ( 'NONE', #5011 ) ;
#800 = ORIENTED_EDGE ( 'NONE', *, *, #7730, .T. ) ;
#801 = AXIS2_PLACEMENT_3D ( 'NONE', #745, #6971, #2677 ) ;
#802 = VECTOR ( 'NONE', #2372, 1000.000000000000000 ) ;
#803 = CARTESIAN_POINT ( 'NONE',  ( -39.63727900000002791, 58.91911099999999379, 5.000000000000000000 ) ) ;
#804 = CARTESIAN_POINT ( 'NONE',  ( -34.08727900000002364, 3.719110999999997169, 2.000000000000000000 ) ) ;
#805 = VERTEX_POINT ( 'NONE', #7542 ) ;
#806 = VERTEX_POINT ( 'NONE', #1874 ) ;
#807 = EDGE_CURVE ( 'NONE', #4231, #6781, #2866, .T. ) ;
#808 = LINE ( 'NONE', #4586, #2056 ) ;
#809 = CARTESIAN_POINT ( 'NONE',  ( -34.08727900000002364, 18.21911099999999450, 5.000000000000000000 ) ) ;
#810 = CYLINDRICAL_SURFACE ( 'NONE', #2496, 0.3999999999999975797 ) ;
#811 = EDGE_LOOP ( 'NONE', ( #1624, #7242, #2846, #6588 ) ) ;
#812 = LINE ( 'NONE', #1304, #134 ) ;
#813 = ORIENTED_EDGE ( 'NONE', *, *, #3405, .T. ) ;
#814 = DIRECTION ( 'NONE',  ( -0.000000000000000000, -0.000000000000000000, 1.000000000000000000 ) ) ;
#816 = ORIENTED_EDGE ( 'NONE', *, *, #4622, .T. ) ;
#815 = AXIS2_PLACEMENT_3D ( 'NONE', #3064, #5668, #3019 ) ;
#817 = PLANE ( 'NONE',  #5198 ) ;
#818 = VECTOR ( 'NONE', #284, 1000.000000000000000 ) ;
#819 = VERTEX_POINT ( 'NONE', #3597 ) ;
#820 = EDGE_CURVE ( 'NONE', #3390, #7173, #2477, .T. ) ;
#821 = CARTESIAN_POINT ( 'NONE',  ( -115.4372790000000180, 32.26911099999998811, 5.000000000000000000 ) ) ;
#822 = AXIS2_PLACEMENT_3D ( 'NONE', #3708, #6261, #600 ) ;
#823 = CARTESIAN_POINT ( 'NONE',  ( -81.51227900000000659, 15.99411099999999841, 2.000000000000000000 ) ) ;
#824 = FACE_BOUND ( 'NONE', #1021, .T. ) ;
#825 = AXIS2_PLACEMENT_3D ( 'NONE', #5906, #1318, #80 ) ;
#826 = CYLINDRICAL_SURFACE ( 'NONE', #5031, 0.9977672882801811305 ) ;
#827 = ORIENTED_EDGE ( 'NONE', *, *, #213, .F. ) ;
#828 = FACE_OUTER_BOUND ( 'NONE', #970, .T. ) ;
#829 = DIRECTION ( 'NONE',  ( 0.000000000000000000, -0.000000000000000000, 1.000000000000000000 ) ) ;
#830 = EDGE_LOOP ( 'NONE', ( #5756, #7951, #2041, #5805 ) ) ;
#831 = FACE_OUTER_BOUND ( 'NONE', #2661, .T. ) ;
#832 = DIRECTION ( 'NONE',  ( 0.000000000000000000, 0.000000000000000000, 1.000000000000000000 ) ) ;
#833 = PLANE ( 'NONE',  #1449 ) ;
#834 = EDGE_CURVE ( 'NONE', #6954, #495, #1426, .T. ) ;
#835 = CARTESIAN_POINT ( 'NONE',  ( -39.23727900000002933, 58.91911099999999379, 2.000000000000000000 ) ) ;
#836 = LINE ( 'NONE', #5792, #5867 ) ;
#837 = VERTEX_POINT ( 'NONE', #7121 ) ;
#838 = ORIENTED_EDGE ( 'NONE', *, *, #6650, .F. ) ;
#839 = EDGE_LOOP ( 'NONE', ( #6826, #1970, #2281, #2986 ) ) ;
#840 = LINE ( 'NONE', #920, #1723 ) ;
#841 = VECTOR ( 'NONE', #6108, 1000.000000000000000 ) ;
#842 = EDGE_CURVE ( 'NONE', #4884, #5544, #7075, .T. ) ;
#843 = LINE ( 'NONE', #1535, #7273 ) ;
#844 = ORIENTED_EDGE ( 'NONE', *, *, #3052, .F. ) ;
#845 = ORIENTED_EDGE ( 'NONE', *, *, #8122, .F. ) ;
#846 = AXIS2_PLACEMENT_3D ( 'NONE', #6643, #5438, #952 ) ;
#847 = DIRECTION ( 'NONE',  ( 1.000000000000000000, 0.000000000000000000, 0.000000000000000000 ) ) ;
#848 = DIRECTION ( 'NONE',  ( -0.000000000000000000, -0.000000000000000000, -1.000000000000000000 ) ) ;
#849 = CARTESIAN_POINT ( 'NONE',  ( -39.23727900000002933, 63.86911099999998953, 5.000000000000000000 ) ) ;
#850 = ORIENTED_EDGE ( 'NONE', *, *, #5105, .F. ) ;
#851 = LINE ( 'NONE', #3396, #2121 ) ;
#852 = ORIENTED_EDGE ( 'NONE', *, *, #4671, .T. ) ;
#853 = DIRECTION ( 'NONE',  ( 0.000000000000000000, 0.000000000000000000, 1.000000000000000000 ) ) ;
#854 = AXIS2_PLACEMENT_3D ( 'NONE', #1657, #1033, #2932 ) ;
#855 = ORIENTED_EDGE ( 'NONE', *, *, #2109, .T. ) ;
#856 = VERTEX_POINT ( 'NONE', #180 ) ;
#857 = CARTESIAN_POINT ( 'NONE',  ( -96.78727900000001227, 18.16911099999998669, 2.000000000000000000 ) ) ;
#858 = VERTEX_POINT ( 'NONE', #5760 ) ;
#859 = CARTESIAN_POINT ( 'NONE',  ( -6.487279000000012452, 60.86911099999998953, 2.000000000000000000 ) ) ;
#860 = LINE ( 'NONE', #3364, #4967 ) ;
#861 = CARTESIAN_POINT ( 'NONE',  ( -115.8372789999999810, 56.26911099999999522, 5.000000000000000000 ) ) ;
#862 = VECTOR ( 'NONE', #6938, 1000.000000000000000 ) ;
#863 = LINE ( 'NONE', #7932, #3028 ) ;
#864 = ORIENTED_EDGE ( 'NONE', *, *, #7909, .T. ) ;
#865 = DIRECTION ( 'NONE',  ( 0.000000000000000000, 0.000000000000000000, 1.000000000000000000 ) ) ;
#866 = ORIENTED_EDGE ( 'NONE', *, *, #282, .F. ) ;
#867 = FACE_OUTER_BOUND ( 'NONE', #895, .T. ) ;
#868 = DIRECTION ( 'NONE',  ( 0.000000000000000000, 0.000000000000000000, 1.000000000000000000 ) ) ;
#869 = VERTEX_POINT ( 'NONE', #3833 ) ;
#870 = CARTESIAN_POINT ( 'NONE',  ( -48.96227899999998812, 1.944110999997723521, 2.000000000000000000 ) ) ;
#871 = CARTESIAN_POINT ( 'NONE',  ( -79.51227900000000659, 73.14411099999999522, 5.000000000000000000 ) ) ;
#872 = EDGE_CURVE ( 'NONE', #2353, #4801, #7225, .T. ) ;
#873 = LINE ( 'NONE', #5746, #2364 ) ;
#874 = CARTESIAN_POINT ( 'NONE',  ( -58.28727900000002649, 63.91911100000000090, 2.000000000000000000 ) ) ;
#875 = CARTESIAN_POINT ( 'NONE',  ( -25.53727900000002293, 44.81911099999999237, 2.000000000000000000 ) ) ;
#876 = ORIENTED_EDGE ( 'NONE', *, *, #3343, .F. ) ;
#877 = VERTEX_POINT ( 'NONE', #7669 ) ;
#878 = ORIENTED_EDGE ( 'NONE', *, *, #7481, .T. ) ;
#879 = CARTESIAN_POINT ( 'NONE',  ( -25.53727900000002293, 39.86911099999998953, 2.000000000000000000 ) ) ;
#880 = AXIS2_PLACEMENT_3D ( 'NONE', #5784, #3332, #5238 ) ;
#881 = EDGE_CURVE ( 'NONE', #7065, #302, #6419, .T. ) ;
#882 = DIRECTION ( 'NONE',  ( -0.000000000000000000, -0.000000000000000000, -1.000000000000000000 ) ) ;
#883 = VERTEX_POINT ( 'NONE', #4546 ) ;
#884 = VERTEX_POINT ( 'NONE', #5052 ) ;
#885 = EDGE_CURVE ( 'NONE', #3970, #5125, #6380, .T. ) ;
#886 = LINE ( 'NONE', #7837, #7644 ) ;
#887 = EDGE_CURVE ( 'NONE', #5013, #3355, #1422, .T. ) ;
#888 = ORIENTED_EDGE ( 'NONE', *, *, #1995, .F. ) ;
#889 = CARTESIAN_POINT ( 'NONE',  ( -39.63727900000002791, 39.86911099999998953, 2.000000000000000000 ) ) ;
#890 = VERTEX_POINT ( 'NONE', #3968 ) ;
#891 = CYLINDRICAL_SURFACE ( 'NONE', #5149, 0.3999999999999975797 ) ;
#892 = VECTOR ( 'NONE', #1358, 1000.000000000000000 ) ;
#893 = ORIENTED_EDGE ( 'NONE', *, *, #4288, .F. ) ;
#894 = PLANE ( 'NONE',  #7037 ) ;
#895 = EDGE_LOOP ( 'NONE', ( #2653, #2941, #4771, #2896 ) ) ;
#896 = LINE ( 'NONE', #3403, #6602 ) ;
#897 = VECTOR ( 'NONE', #4917, 1000.000000000000000 ) ;
#898 = DIRECTION ( 'NONE',  ( 0.000000000000000000, 0.000000000000000000, 1.000000000000000000 ) ) ;
#899 = PLANE ( 'NONE',  #6709 ) ;
#900 = DIRECTION ( 'NONE',  ( 1.000000000000000000, 0.000000000000000000, 0.000000000000000000 ) ) ;
#901 = VERTEX_POINT ( 'NONE', #2577 ) ;
#902 = CARTESIAN_POINT ( 'NONE',  ( -115.4372790000000180, 17.76911099999999166, 2.000000000000000000 ) ) ;
#903 = VECTOR ( 'NONE', #7478, 1000.000000000000000 ) ;
#904 = CARTESIAN_POINT ( 'NONE',  ( -77.33727900000002364, 40.26911099999998811, 5.000000000000000000 ) ) ;
#905 = DIRECTION ( 'NONE',  ( 0.4999999999999998890, 0.8660254037844387076, 0.000000000000000000 ) ) ;
#906 = ORIENTED_EDGE ( 'NONE', *, *, #4154, .T. ) ;
#907 = LINE ( 'NONE', #1067, #7483 ) ;
#908 = DIRECTION ( 'NONE',  ( 0.000000000000000000, 0.000000000000000000, 1.000000000000000000 ) ) ;
#909 = VECTOR ( 'NONE', #4731, 1000.000000000000000 ) ;
#910 = DIRECTION ( 'NONE',  ( 0.000000000000000000, 0.000000000000000000, 1.000000000000000000 ) ) ;
#911 = VECTOR ( 'NONE', #4265, 1000.000000000000000 ) ;
#912 = PLANE ( 'NONE',  #7550 ) ;
#913 = VECTOR ( 'NONE', #8045, 1000.000000000000000 ) ;
#914 = CARTESIAN_POINT ( 'NONE',  ( -28.23961395899298665, 2.949251172757027195, 2.000000000000000000 ) ) ;
#915 = ORIENTED_EDGE ( 'NONE', *, *, #3472, .T. ) ;
#916 = AXIS2_PLACEMENT_3D ( 'NONE', #5735, #5104, #4520 ) ;
#917 = VECTOR ( 'NONE', #5609, 1000.000000000000000 ) ;
#918 = ORIENTED_EDGE ( 'NONE', *, *, #2689, .T. ) ;
#919 = VERTEX_POINT ( 'NONE', #7039 ) ;
#920 = CARTESIAN_POINT ( 'NONE',  ( -60.46227900000000233, 81.14411100000000943, 5.000000000000000000 ) ) ;
#921 = VECTOR ( 'NONE', #3574, 1000.000000000000000 ) ;
#922 = DIRECTION ( 'NONE',  ( -0.000000000000000000, -0.000000000000000000, 1.000000000000000000 ) ) ;
#923 = ORIENTED_EDGE ( 'NONE', *, *, #5069, .F. ) ;
#924 = ADVANCED_FACE ( 'NONE', ( #5094 ), #7580, .F. ) ;
#925 = CIRCLE ( 'NONE', #2513, 1.125000000000000888 ) ;
#926 = VERTEX_POINT ( 'NONE', #6503 ) ;
#927 = CARTESIAN_POINT ( 'NONE',  ( -96.78727900000001227, 18.16911099999998669, 2.000000000000000000 ) ) ;
#928 = EDGE_LOOP ( 'NONE', ( #3716, #1616, #3141, #4009, #4740, #96, #3073, #7882 ) ) ;
#929 = EDGE_CURVE ( 'NONE', #7789, #501, #5642, .T. ) ;
#930 = EDGE_CURVE ( 'NONE', #6935, #223, #5803, .T. ) ;
#931 = LINE ( 'NONE', #389, #6739 ) ;
#932 = ORIENTED_EDGE ( 'NONE', *, *, #8002, .F. ) ;
#933 = LINE ( 'NONE', #6055, #5678 ) ;
#934 = VECTOR ( 'NONE', #5142, 1000.000000000000114 ) ;
#935 = VECTOR ( 'NONE', #5016, 1000.000000000000000 ) ;
#936 = EDGE_CURVE ( 'NONE', #6002, #1950, #5685, .T. ) ;
#937 = EDGE_CURVE ( 'NONE', #495, #5885, #99, .T. ) ;
#938 = ORIENTED_EDGE ( 'NONE', *, *, #4509, .F. ) ;
#939 = DIRECTION ( 'NONE',  ( 1.000000000000000000, 0.000000000000000000, 0.000000000000000000 ) ) ;
#940 = EDGE_LOOP ( 'NONE', ( #1830, #7462, #2135, #6706 ) ) ;
#941 = CARTESIAN_POINT ( 'NONE',  ( -96.38727900000002080, 70.36911100000000374, 2.000000000000000000 ) ) ;
#942 = CIRCLE ( 'NONE', #4343, 1.000000000000002665 ) ;
#943 = AXIS2_PLACEMENT_3D ( 'NONE', #3826, #1952, #7068 ) ;
#944 = DIRECTION ( 'NONE',  ( -1.000000000000000000, 0.000000000000000000, 0.000000000000000000 ) ) ;
#945 = CARTESIAN_POINT ( 'NONE',  ( -82.68727900000001796, 56.26911099999999522, 2.000000000000000000 ) ) ;
#946 = CARTESIAN_POINT ( 'NONE',  ( -117.6098719999988731, 16.89585700000010959, 5.000000000000000000 ) ) ;
#947 = VERTEX_POINT ( 'NONE', #22 ) ;
#948 = DIRECTION ( 'NONE',  ( -0.000000000000000000, -0.000000000000000000, 1.000000000000000000 ) ) ;
#949 = ADVANCED_FACE ( 'NONE', ( #2082 ), #4588, .T. ) ;
#950 = VECTOR ( 'NONE', #3139, 1000.000000000000227 ) ;
#951 = VECTOR ( 'NONE', #6325, 1000.000000000000000 ) ;
#952 = DIRECTION ( 'NONE',  ( 1.000000000000000000, 0.000000000000000000, 0.000000000000000000 ) ) ;
#953 = CARTESIAN_POINT ( 'NONE',  ( -12.81839899999999943, -3.020465999999999873, 2.000000000000000000 ) ) ;
#954 = ORIENTED_EDGE ( 'NONE', *, *, #3895, .F. ) ;
#955 = EDGE_CURVE ( 'NONE', #2933, #3280, #6957, .T. ) ;
#956 = CARTESIAN_POINT ( 'NONE',  ( -39.63727900000002791, 45.21911099999999095, 2.000000000000000000 ) ) ;
#957 = DIRECTION ( 'NONE',  ( -0.000000000000000000, -0.000000000000000000, 1.000000000000000000 ) ) ;
#958 = VECTOR ( 'NONE', #962, 1000.000000000000000 ) ;
#959 = ADVANCED_FACE ( 'NONE', ( #695 ), #3194, .F. ) ;
#960 = DIRECTION ( 'NONE',  ( -5.930678550348058356E-14, -1.000000000000000000, 0.000000000000000000 ) ) ;
#961 = EDGE_CURVE ( 'NONE', #2981, #919, #7712, .T. ) ;
#962 = DIRECTION ( 'NONE',  ( -0.000000000000000000, -0.000000000000000000, 1.000000000000000000 ) ) ;
#963 = DIRECTION ( 'NONE',  ( 0.000000000000000000, 1.000000000000000000, 0.000000000000000000 ) ) ;
#964 = ORIENTED_EDGE ( 'NONE', *, *, #6990, .T. ) ;
#965 = ORIENTED_EDGE ( 'NONE', *, *, #5984, .F. ) ;
#966 = DIRECTION ( 'NONE',  ( -0.000000000000000000, -0.000000000000000000, 1.000000000000000000 ) ) ;
#967 = LINE ( 'NONE', #6046, #3686 ) ;
#968 = VERTEX_POINT ( 'NONE', #6120 ) ;
#969 = EDGE_LOOP ( 'NONE', ( #3247, #4930, #6912, #4548 ) ) ;
#970 = EDGE_LOOP ( 'NONE', ( #5391, #2324, #2013, #5952 ) ) ;
#971 = DIRECTION ( 'NONE',  ( 1.000000000000000000, 0.000000000000000000, 0.000000000000000000 ) ) ;
#972 = DIRECTION ( 'NONE',  ( -0.000000000000000000, -0.000000000000000000, 1.000000000000000000 ) ) ;
#973 = ORIENTED_EDGE ( 'NONE', *, *, #4138, .T. ) ;
#974 = CARTESIAN_POINT ( 'NONE',  ( -115.8372790000000094, 37.21911099999999095, 5.000000000000000000 ) ) ;
#975 = EDGE_LOOP ( 'NONE', ( #1272, #7494, #3790, #250 ) ) ;
#976 = CARTESIAN_POINT ( 'NONE',  ( -96.38727900000002080, 31.86911099999999308, 2.000000000000000000 ) ) ;
#977 = EDGE_LOOP ( 'NONE', ( #6964, #6607, #2283, #356 ) ) ;
#978 = ORIENTED_EDGE ( 'NONE', *, *, #3461, .F. ) ;
#979 = CARTESIAN_POINT ( 'NONE',  ( -77.33727900000002364, 64.26911099999999522, 5.000000000000000000 ) ) ;
#980 = DIRECTION ( 'NONE',  ( 1.000000000000000000, 0.000000000000000000, 0.000000000000000000 ) ) ;
#981 = DIRECTION ( 'NONE',  ( -1.000000000000000000, 0.000000000000000000, 0.000000000000000000 ) ) ;
#982 = EDGE_CURVE ( 'NONE', #4441, #6505, #4573, .T. ) ;
#983 = FACE_OUTER_BOUND ( 'NONE', #7716, .T. ) ;
#984 = VECTOR ( 'NONE', #1817, 1000.000000000000000 ) ;
#985 = EDGE_LOOP ( 'NONE', ( #1672, #5059, #7046, #5116 ) ) ;
#986 = CARTESIAN_POINT ( 'NONE',  ( -115.4372790000000180, 31.86911099999999308, 2.000000000000000000 ) ) ;
#987 = CARTESIAN_POINT ( 'NONE',  ( -25.13727900000002791, 26.16911099999998669, 2.000000000000000000 ) ) ;
#988 = CIRCLE ( 'NONE', #2700, 0.3999999999999975797 ) ;
#989 = DIRECTION ( 'NONE',  ( 0.000000000000000000, 0.000000000000000000, 1.000000000000000000 ) ) ;
#990 = ORIENTED_EDGE ( 'NONE', *, *, #4604, .T. ) ;
#991 = DIRECTION ( 'NONE',  ( 0.000000000000000000, 0.000000000000000000, 1.000000000000000000 ) ) ;
#992 = CYLINDRICAL_SURFACE ( 'NONE', #6832, 0.3999999999999975797 ) ;
#993 = ADVANCED_FACE ( 'NONE', ( #380 ), #7281, .F. ) ;
#994 = PLANE ( 'NONE',  #2234 ) ;
#995 = PLANE ( 'NONE',  #2272 ) ;
#996 = LINE ( 'NONE', #334, #2697 ) ;
#997 = ORIENTED_EDGE ( 'NONE', *, *, #173, .T. ) ;
#998 = EDGE_LOOP ( 'NONE', ( #3548, #6998, #1268, #5636 ) ) ;
#999 = ORIENTED_EDGE ( 'NONE', *, *, #1328, .T. ) ;
#1000 = DIRECTION ( 'NONE',  ( 0.000000000000000000, 0.000000000000000000, 1.000000000000000000 ) ) ;
#1001 = EDGE_CURVE ( 'NONE', #5473, #2533, #6698, .T. ) ;
#1002 = DIRECTION ( 'NONE',  ( -0.000000000000000000, -0.000000000000000000, 1.000000000000000000 ) ) ;
#1003 = ORIENTED_EDGE ( 'NONE', *, *, #2312, .F. ) ;
#1004 = CARTESIAN_POINT ( 'NONE',  ( -25.53727900000002293, 25.76911099999999166, 5.000000000000000000 ) ) ;
#1005 = ORIENTED_EDGE ( 'NONE', *, *, #229, .F. ) ;
#1006 = ORIENTED_EDGE ( 'NONE', *, *, #1407, .F. ) ;
#1007 = EDGE_LOOP ( 'NONE', ( #7320, #2115, #3474, #4390, #2864, #6787, #1511, #5801 ) ) ;
#1008 = DIRECTION ( 'NONE',  ( 0.000000000000000000, 0.000000000000000000, 1.000000000000000000 ) ) ;
#1009 = CARTESIAN_POINT ( 'NONE',  ( -25.13727900000002791, 39.86911099999998953, 2.000000000000000000 ) ) ;
#1010 = ORIENTED_EDGE ( 'NONE', *, *, #7733, .F. ) ;
#1011 = CARTESIAN_POINT ( 'NONE',  ( -101.3372790000000094, 50.91911099999999379, 5.000000000000000000 ) ) ;
#1012 = CIRCLE ( 'NONE', #8014, 0.3999999999999975797 ) ;
#1013 = ORIENTED_EDGE ( 'NONE', *, *, #5749, .F. ) ;
#1014 = CARTESIAN_POINT ( 'NONE',  ( -42.41227899999999806, 84.14411099999999522, 2.000000000000000000 ) ) ;
#1015 = DIRECTION ( 'NONE',  ( -1.000000000000000000, 0.000000000000000000, 0.000000000000000000 ) ) ;
#1016 = CARTESIAN_POINT ( 'NONE',  ( -81.41402500000003783, 15.99651800000036594, 5.000000000000000000 ) ) ;
#1017 = CARTESIAN_POINT ( 'NONE',  ( -79.51227899999619808, 79.14411100000002364, 5.000000000000000000 ) ) ;
#1018 = VECTOR ( 'NONE', #4435, 1000.000000000000000 ) ;
#1019 = EDGE_LOOP ( 'NONE', ( #6100, #3318, #7440, #6752 ) ) ;
#1020 = CARTESIAN_POINT ( 'NONE',  ( 9.357274015923401578, 2.507274015923405486, 5.000000000000000000 ) ) ;
#1021 = EDGE_LOOP ( 'NONE', ( #2455, #4937, #5649, #3937, #2701, #2054, #182, #5883 ) ) ;
#1022 = CYLINDRICAL_SURFACE ( 'NONE', #846, 0.3999999999999975797 ) ;
#1023 = CIRCLE ( 'NONE', #2348, 0.3999999999999975797 ) ;
#1024 = DIRECTION ( 'NONE',  ( 1.000000000000000000, 0.000000000000000000, 0.000000000000000000 ) ) ;
#1025 = VERTEX_POINT ( 'NONE', #1662 ) ;
#1026 = CARTESIAN_POINT ( 'NONE',  ( -25.53727900000002293, 63.86911099999998953, 5.000000000000000000 ) ) ;
#1027 = DIRECTION ( 'NONE',  ( -1.000000000000000000, 0.000000000000000000, 0.000000000000000000 ) ) ;
#1028 = CARTESIAN_POINT ( 'NONE',  ( -6.487279000000012452, 22.76911099999999522, 2.000000000000000000 ) ) ;
#1029 = EDGE_CURVE ( 'NONE', #2652, #6017, #2212, .T. ) ;
#1030 = AXIS2_PLACEMENT_3D ( 'NONE', #5442, #4068, #328 ) ;
#1031 = EDGE_CURVE ( 'NONE', #2149, #4033, #7358, .T. ) ;
#1032 = CARTESIAN_POINT ( 'NONE',  ( -20.58727900000001299, 55.91911099999999379, 2.000000000000000000 ) ) ;
#1033 = DIRECTION ( 'NONE',  ( 0.000000000000000000, 0.000000000000000000, 1.000000000000000000 ) ) ;
#1034 = ORIENTED_EDGE ( 'NONE', *, *, #7559, .F. ) ;
#1035 = VECTOR ( 'NONE', #4186, 1000.000000000000227 ) ;
#1036 = EDGE_LOOP ( 'NONE', ( #39, #101 ) ) ;
#1037 = ORIENTED_EDGE ( 'NONE', *, *, #8006, .T. ) ;
#1038 = DIRECTION ( 'NONE',  ( 1.000000000000000000, -0.000000000000000000, 0.000000000000000000 ) ) ;
#1039 = CARTESIAN_POINT ( 'NONE',  ( -101.7372790000000151, 36.81911099999999237, 2.000000000000000000 ) ) ;
#1040 = EDGE_LOOP ( 'NONE', ( #2581, #3964, #3718, #188 ) ) ;
#1041 = CIRCLE ( 'NONE', #248, 1.125000000000000888 ) ;
#1042 = DIRECTION ( 'NONE',  ( -0.000000000000000000, -0.000000000000000000, -1.000000000000000000 ) ) ;
#1043 = EDGE_LOOP ( 'NONE', ( #3778, #2316, #827, #6201 ) ) ;
#1044 = ORIENTED_EDGE ( 'NONE', *, *, #7535, .T. ) ;
#1045 = ORIENTED_EDGE ( 'NONE', *, *, #3646, .F. ) ;
#1046 = VECTOR ( 'NONE', #1222, 1000.000000000000000 ) ;
#1047 = LINE ( 'NONE', #8119, #5290 ) ;
#1048 = FACE_BOUND ( 'NONE', #7380, .T. ) ;
#1049 = AXIS2_PLACEMENT_3D ( 'NONE', #1524, #3494, #6113 ) ;
#1050 = EDGE_CURVE ( 'NONE', #6124, #2666, #6740, .T. ) ;
#1051 = ORIENTED_EDGE ( 'NONE', *, *, #4700, .F. ) ;
#1052 = ORIENTED_EDGE ( 'NONE', *, *, #3037, .T. ) ;
#1053 = LINE ( 'NONE', #2827, #2499 ) ;
#1054 = CARTESIAN_POINT ( 'NONE',  ( -58.28727900000002649, 82.96911099999999806, 2.000000000000000000 ) ) ;
#1055 = DIRECTION ( 'NONE',  ( 0.000000000000000000, 0.000000000000000000, 1.000000000000000000 ) ) ;
#1056 = VECTOR ( 'NONE', #3316, 1000.000000000000000 ) ;
#1057 = VECTOR ( 'NONE', #516, 1000.000000000000000 ) ;
#1058 = FACE_OUTER_BOUND ( 'NONE', #1631, .T. ) ;
#1059 = ORIENTED_EDGE ( 'NONE', *, *, #5316, .F. ) ;
#1060 = CARTESIAN_POINT ( 'NONE',  ( -44.58727900000002364, 68.86911100000000374, 2.000000000000000000 ) ) ;
#1062 = ORIENTED_EDGE ( 'NONE', *, *, #1234, .F. ) ;
#1061 = VECTOR ( 'NONE', #1377, 1000.000000000000000 ) ;
#1063 = LINE ( 'NONE', #7854, #1629 ) ;
#1064 = CIRCLE ( 'NONE', #7665, 0.3999999999999975797 ) ;
#1065 = DIRECTION ( 'NONE',  ( 0.000000000000000000, 0.000000000000000000, 1.000000000000000000 ) ) ;
#1066 = ORIENTED_EDGE ( 'NONE', *, *, #5113, .F. ) ;
#1067 = CARTESIAN_POINT ( 'NONE',  ( -96.78727900000001227, 18.16911099999998669, 5.000000000000000000 ) ) ;
#1068 = DIRECTION ( 'NONE',  ( 0.000000000000000000, 0.000000000000000000, -1.000000000000000000 ) ) ;
#1069 = FACE_OUTER_BOUND ( 'NONE', #2276, .T. ) ;
#1070 = VECTOR ( 'NONE', #8113, 1000.000000000000000 ) ;
#1071 = CIRCLE ( 'NONE', #5695, 0.3999999999999975797 ) ;
#1072 = EDGE_CURVE ( 'NONE', #3824, #326, #5889, .T. ) ;
#1073 = CARTESIAN_POINT ( 'NONE',  ( -100.1872790000000037, 53.59411099999999806, 2.000000000000000000 ) ) ;
#1074 = DIRECTION ( 'NONE',  ( 0.000000000000000000, 1.000000000000000000, 0.000000000000000000 ) ) ;
#1075 = ORIENTED_EDGE ( 'NONE', *, *, #232, .T. ) ;
#1076 = EDGE_CURVE ( 'NONE', #1182, #4378, #3762, .T. ) ;
#1077 = AXIS2_PLACEMENT_3D ( 'NONE', #664, #3173, #2557 ) ;
#1078 = AXIS2_PLACEMENT_3D ( 'NONE', #6601, #2218, #6068 ) ;
#1079 = EDGE_LOOP ( 'NONE', ( #7721, #1145, #5036, #3661 ) ) ;
#1080 = DIRECTION ( 'NONE',  ( -1.000000000000000000, 0.000000000000000000, 0.000000000000000000 ) ) ;
#1081 = LINE ( 'NONE', #6504, #7114 ) ;
#1082 = EDGE_CURVE ( 'NONE', #2693, #1660, #497, .T. ) ;
#1083 = LINE ( 'NONE', #3582, #6223 ) ;
#1084 = VERTEX_POINT ( 'NONE', #340 ) ;
#1085 = EDGE_CURVE ( 'NONE', #2485, #1348, #5494, .T. ) ;
#1086 = PLANE ( 'NONE',  #6084 ) ;
#1087 = ORIENTED_EDGE ( 'NONE', *, *, #2985, .T. ) ;
#1088 = ORIENTED_EDGE ( 'NONE', *, *, #7733, .T. ) ;
#1089 = ORIENTED_EDGE ( 'NONE', *, *, #4020, .T. ) ;
#1090 = VERTEX_POINT ( 'NONE', #4833 ) ;
#1091 = FACE_OUTER_BOUND ( 'NONE', #3272, .T. ) ;
#1092 = EDGE_CURVE ( 'NONE', #6450, #5303, #3580, .T. ) ;
#1093 = FACE_BOUND ( 'NONE', #1007, .T. ) ;
#1094 = ORIENTED_EDGE ( 'NONE', *, *, #4077, .F. ) ;
#1095 = DIRECTION ( 'NONE',  ( -0.000000000000000000, -0.000000000000000000, 1.000000000000000000 ) ) ;
#1096 = EDGE_CURVE ( 'NONE', #6116, #5408, #3255, .T. ) ;
#1097 = DIRECTION ( 'NONE',  ( 1.000000000000000000, 0.000000000000000000, 0.000000000000000000 ) ) ;
#1098 = CARTESIAN_POINT ( 'NONE',  ( -100.1872790000000037, 34.54411100000000090, 5.000000000000000000 ) ) ;
#1099 = CARTESIAN_POINT ( 'NONE',  ( -44.58727900000002364, 30.76911099999999522, 5.000000000000000000 ) ) ;
#1100 = EDGE_CURVE ( 'NONE', #8034, #615, #7443, .T. ) ;
#1101 = ORIENTED_EDGE ( 'NONE', *, *, #137, .F. ) ;
#1102 = CARTESIAN_POINT ( 'NONE',  ( 13.57485339871645991, 7.462336869566425612, 2.000000000000000000 ) ) ;
#1103 = ORIENTED_EDGE ( 'NONE', *, *, #5342, .F. ) ;
#1104 = PLANE ( 'NONE',  #1110 ) ;
#1105 = EDGE_CURVE ( 'NONE', #7325, #7570, #424, .T. ) ;
#1106 = CARTESIAN_POINT ( 'NONE',  ( -77.33727900000002364, 45.21911099999999095, 2.000000000000000000 ) ) ;
#1107 = ORIENTED_EDGE ( 'NONE', *, *, #2422, .T. ) ;
#1108 = DIRECTION ( 'NONE',  ( 0.000000000000000000, 0.000000000000000000, -1.000000000000000000 ) ) ;
#1109 = DIRECTION ( 'NONE',  ( -1.000000000000000000, 0.000000000000000000, 0.000000000000000000 ) ) ;
#1110 = AXIS2_PLACEMENT_3D ( 'NONE', #608, #4301, #6845 ) ;
#1111 = DIRECTION ( 'NONE',  ( 0.000000000000000000, 0.000000000000000000, 1.000000000000000000 ) ) ;
#1112 = ADVANCED_FACE ( 'NONE', ( #1618 ), #1774, .F. ) ;
#1113 = VECTOR ( 'NONE', #7192, 1000.000000000000000 ) ;
#1114 = LINE ( 'NONE', #3610, #6359 ) ;
#1115 = DIRECTION ( 'NONE',  ( -0.000000000000000000, -0.000000000000000000, -1.000000000000000000 ) ) ;
#1116 = VERTEX_POINT ( 'NONE', #5367 ) ;
#1117 = ORIENTED_EDGE ( 'NONE', *, *, #3441, .F. ) ;
#1118 = CARTESIAN_POINT ( 'NONE',  ( -44.58727900000002364, 68.86911100000000374, 2.000000000000000000 ) ) ;
#1119 = DIRECTION ( 'NONE',  ( 0.000000000000000000, 0.000000000000000000, -1.000000000000000000 ) ) ;
#1120 = CARTESIAN_POINT ( 'NONE',  ( -6.087279000000014761, 23.16911099999999379, 5.000000000000000000 ) ) ;
#1121 = VECTOR ( 'NONE', #4271, 1000.000000000000000 ) ;
#1122 = DIRECTION ( 'NONE',  ( -0.8660254037844387076, 0.5000000000000000000, 0.000000000000000000 ) ) ;
#1123 = DIRECTION ( 'NONE',  ( 0.000000000000000000, 0.000000000000000000, 1.000000000000000000 ) ) ;
#1124 = DIRECTION ( 'NONE',  ( 0.8779737183685903945, -0.4787088361979868756, 0.000000000000000000 ) ) ;
#1125 = VERTEX_POINT ( 'NONE', #7405 ) ;
#1126 = EDGE_LOOP ( 'NONE', ( #8160, #1005, #1711, #91 ) ) ;
#1127 = ORIENTED_EDGE ( 'NONE', *, *, #7096, .T. ) ;
#1128 = EDGE_CURVE ( 'NONE', #6371, #3868, #234, .T. ) ;
#1129 = CARTESIAN_POINT ( 'NONE',  ( -44.18727900000002506, 50.21911099999999095, 2.000000000000000000 ) ) ;
#1130 = EDGE_CURVE ( 'NONE', #5616, #2192, #6657, .T. ) ;
#1131 = PLANE ( 'NONE',  #3807 ) ;
#1132 = ORIENTED_EDGE ( 'NONE', *, *, #5628, .F. ) ;
#1133 = EDGE_CURVE ( 'NONE', #2854, #5635, #6777, .T. ) ;
#1134 = ADVANCED_FACE ( 'NONE', ( #1811 ), #3134, .F. ) ;
#1135 = VERTEX_POINT ( 'NONE', #7479 ) ;
#1136 = ADVANCED_FACE ( 'NONE', ( #1244 ), #5663, .F. ) ;
#1137 = DIRECTION ( 'NONE',  ( 1.000000000000000000, 0.000000000000000000, 0.000000000000000000 ) ) ;
#1138 = DIRECTION ( 'NONE',  ( 1.000000000000000000, 0.000000000000000000, 0.000000000000000000 ) ) ;
#1139 = DIRECTION ( 'NONE',  ( 0.8660254062730188274, -0.4999999956896525322, 0.000000000000000000 ) ) ;
#1140 = DIRECTION ( 'NONE',  ( -1.000000000000000000, 0.000000000000000000, 0.000000000000000000 ) ) ;
#1141 = VERTEX_POINT ( 'NONE', #6283 ) ;
#1142 = DIRECTION ( 'NONE',  ( -0.000000000000000000, -0.000000000000000000, 1.000000000000000000 ) ) ;
#1143 = VECTOR ( 'NONE', #1938, 1000.000000000000114 ) ;
#1144 = EDGE_CURVE ( 'NONE', #6511, #4116, #3732, .T. ) ;
#1145 = ORIENTED_EDGE ( 'NONE', *, *, #5243, .F. ) ;
#1146 = DIRECTION ( 'NONE',  ( -0.000000000000000000, -0.000000000000000000, 1.000000000000000000 ) ) ;
#1147 = ORIENTED_EDGE ( 'NONE', *, *, #7090, .F. ) ;
#1148 = DIRECTION ( 'NONE',  ( -1.532579336855593627E-13, -1.000000000000000000, 0.000000000000000000 ) ) ;
#1149 = VECTOR ( 'NONE', #4147, 1000.000000000000000 ) ;
#1150 = CARTESIAN_POINT ( 'NONE',  ( -101.7372790000000151, 36.81911099999999237, 5.000000000000000000 ) ) ;
#1151 = FACE_OUTER_BOUND ( 'NONE', #7504, .T. ) ;
#1152 = CARTESIAN_POINT ( 'NONE',  ( -44.18727900000002506, 50.21911099999999095, 2.000000000000000000 ) ) ;
#1153 = ORIENTED_EDGE ( 'NONE', *, *, #3887, .T. ) ;
#1154 = VECTOR ( 'NONE', #4521, 1000.000000000000000 ) ;
#1155 = EDGE_CURVE ( 'NONE', #571, #805, #770, .T. ) ;
#1156 = DIRECTION ( 'NONE',  ( -0.000000000000000000, -0.000000000000000000, 1.000000000000000000 ) ) ;
#1157 = CYLINDRICAL_SURFACE ( 'NONE', #2037, 1.125000000000000888 ) ;
#1158 = ORIENTED_EDGE ( 'NONE', *, *, #7755, .F. ) ;
#1159 = PLANE ( 'NONE',  #2451 ) ;
#1160 = LINE ( 'NONE', #4314, #373 ) ;
#1161 = CARTESIAN_POINT ( 'NONE',  ( -33.68727900000002506, 4.119110999999994860, 5.000000000000000000 ) ) ;
#1162 = AXIS2_PLACEMENT_3D ( 'NONE', #6816, #8106, #4913 ) ;
#1163 = DIRECTION ( 'NONE',  ( -0.02449038266015774942, -0.9997000655982568595, 0.000000000000000000 ) ) ;
#1164 = CIRCLE ( 'NONE', #5779, 0.4000000000000010214 ) ;
#1165 = DIRECTION ( 'NONE',  ( -0.000000000000000000, -0.000000000000000000, 1.000000000000000000 ) ) ;
#1166 = CARTESIAN_POINT ( 'NONE',  ( -47.78727900000002649, 3.719110999999997169, 5.000000000000000000 ) ) ;
#1167 = DIRECTION ( 'NONE',  ( -0.000000000000000000, -0.000000000000000000, 1.000000000000000000 ) ) ;
#1168 = ORIENTED_EDGE ( 'NONE', *, *, #5541, .T. ) ;
#1169 = ORIENTED_EDGE ( 'NONE', *, *, #4020, .F. ) ;
#1170 = ORIENTED_EDGE ( 'NONE', *, *, #7493, .T. ) ;
#1171 = DIRECTION ( 'NONE',  ( 0.000000000000000000, 1.000000000000000000, 0.000000000000000000 ) ) ;
#1172 = PRESENTATION_LAYER_ASSIGNMENT (  '', '', ( #6186 ) ) ;
#1173 = CARTESIAN_POINT ( 'NONE',  ( -20.58727900000001299, 74.96911099999999806, 2.000000000000000000 ) ) ;
#1174 = AXIS2_PLACEMENT_3D ( 'NONE', #3204, #2716, #2754 ) ;
#1175 = ORIENTED_EDGE ( 'NONE', *, *, #7608, .F. ) ;
#1176 = AXIS2_PLACEMENT_3D ( 'NONE', #7753, #5256, #465 ) ;
#1177 = LINE ( 'NONE', #1220, #4349 ) ;
#1178 = EDGE_CURVE ( 'NONE', #589, #799, #2999, .T. ) ;
#1179 = ADVANCED_FACE ( 'NONE', ( #4953 ), #8149, .F. ) ;
#1180 = CARTESIAN_POINT ( 'NONE',  ( -96.78727900000001227, 37.21911099999999095, 2.000000000000000000 ) ) ;
#1181 = DIRECTION ( 'NONE',  ( 1.000000000000000000, -0.000000000000000000, -0.000000000000000000 ) ) ;
#1182 = VERTEX_POINT ( 'NONE', #542 ) ;
#1183 = CARTESIAN_POINT ( 'NONE',  ( -81.51003633868000975, 16.98965514279599986, 2.000000000000000000 ) ) ;
#1184 = EDGE_CURVE ( 'NONE', #1923, #6058, #4993, .T. ) ;
#1185 = EDGE_LOOP ( 'NONE', ( #3352, #5226, #2957, #2764 ) ) ;
#1186 = DIRECTION ( 'NONE',  ( 0.000000000000000000, 0.000000000000000000, 1.000000000000000000 ) ) ;
#1187 = AXIS2_PLACEMENT_3D ( 'NONE', #2563, #5077, #3733 ) ;
#1188 = VERTEX_POINT ( 'NONE', #584 ) ;
#1189 = CARTESIAN_POINT ( 'NONE',  ( -81.51003633868000975, 16.98965514279599986, 5.000000000000000000 ) ) ;
#1190 = ORIENTED_EDGE ( 'NONE', *, *, #4149, .F. ) ;
#1191 = LINE ( 'NONE', #1800, #3142 ) ;
#1192 = AXIS2_PLACEMENT_3D ( 'NONE', #6934, #6315, #4986 ) ;
#1193 = CARTESIAN_POINT ( 'NONE',  ( -25.13727900000002791, 45.21911099999999095, 2.000000000000000000 ) ) ;
#1194 = DIRECTION ( 'NONE',  ( -0.000000000000000000, -1.000000000000000000, -0.000000000000000000 ) ) ;
#1195 = CIRCLE ( 'NONE', #7659, 0.3999999999999975797 ) ;
#1196 = DIRECTION ( 'NONE',  ( 1.000000000000000000, 0.000000000000000000, 0.000000000000000000 ) ) ;
#1197 = AXIS2_PLACEMENT_3D ( 'NONE', #226, #6710, #4048 ) ;
#1198 = DIRECTION ( 'NONE',  ( -0.000000000000000000, -0.000000000000000000, 1.000000000000000000 ) ) ;
#1199 = DIRECTION ( 'NONE',  ( 1.000000000000000000, 0.000000000000000000, 0.000000000000000000 ) ) ;
#1200 = ORIENTED_EDGE ( 'NONE', *, *, #6135, .F. ) ;
#1201 = PLANE ( 'NONE',  #2590 ) ;
#1202 = DIRECTION ( 'NONE',  ( 1.000000000000000000, -0.000000000000000000, -0.000000000000000000 ) ) ;
#1203 = AXIS2_PLACEMENT_3D ( 'NONE', #7994, #6164, #6784 ) ;
#1205 = DIRECTION ( 'NONE',  ( 1.000000000000000000, -0.000000000000000000, 0.000000000000000000 ) ) ;
#1204 = AXIS2_PLACEMENT_3D ( 'NONE', #6756, #473, #4169 ) ;
#1206 = PLANE ( 'NONE',  #3025 ) ;
#1207 = DIRECTION ( 'NONE',  ( 0.000000000000000000, 1.000000000000000000, 0.000000000000000000 ) ) ;
#1208 = DIRECTION ( 'NONE',  ( 0.000000000000000000, 0.000000000000000000, 1.000000000000000000 ) ) ;
#1209 = VECTOR ( 'NONE', #2419, 1000.000000000000000 ) ;
#1210 = CARTESIAN_POINT ( 'NONE',  ( -101.7372790000000151, 32.26911099999998811, 2.000000000000000000 ) ) ;
#1211 = EDGE_LOOP ( 'NONE', ( #7021, #2001, #52, #1721 ) ) ;
#1212 = EDGE_CURVE ( 'NONE', #877, #563, #7522, .T. ) ;
#1213 = EDGE_LOOP ( 'NONE', ( #7164, #4517, #5202, #7126 ) ) ;
#1214 = ORIENTED_EDGE ( 'NONE', *, *, #4507, .T. ) ;
#1215 = AXIS2_PLACEMENT_3D ( 'NONE', #3282, #5233, #1979 ) ;
#1216 = DIRECTION ( 'NONE',  ( -0.000000000000000000, -0.000000000000000000, 1.000000000000000000 ) ) ;
#1217 = DIRECTION ( 'NONE',  ( 1.000000000000000000, 0.000000000000000000, 0.000000000000000000 ) ) ;
#1218 = ORIENTED_EDGE ( 'NONE', *, *, #577, .T. ) ;
#1219 = ADVANCED_FACE ( 'NONE', ( #4409 ), #7401, .F. ) ;
#1220 = CARTESIAN_POINT ( 'NONE',  ( 2.853684177437179059, -9.557274015923406196, 2.000000000000000000 ) ) ;
#1221 = CARTESIAN_POINT ( 'NONE',  ( -9.703684177437180480, -2.307274015923408861, 2.000000000000000000 ) ) ;
#1222 = DIRECTION ( 'NONE',  ( 0.000000000000000000, 1.000000000000000000, 0.000000000000000000 ) ) ;
#1223 = EDGE_LOOP ( 'NONE', ( #2903, #4461, #3327, #5876 ) ) ;
#1224 = CARTESIAN_POINT ( 'NONE',  ( 9.703684177437178704, 2.307274015923405752, 2.000000000000000000 ) ) ;
#1225 = ORIENTED_EDGE ( 'NONE', *, *, #3457, .T. ) ;
#1226 = DIRECTION ( 'NONE',  ( 0.000000000000000000, 0.000000000000000000, 1.000000000000000000 ) ) ;
#1227 = EDGE_LOOP ( 'NONE', ( #6210, #6857, #1062, #1680 ) ) ;
#1228 = CARTESIAN_POINT ( 'NONE',  ( -63.63727900000002080, 40.26911099999998811, 2.000000000000000000 ) ) ;
#1229 = EDGE_LOOP ( 'NONE', ( #3312, #8064, #4297, #2548 ) ) ;
#1230 = EDGE_CURVE ( 'NONE', #1646, #3331, #4363, .T. ) ;
#1231 = CARTESIAN_POINT ( 'NONE',  ( -58.28727900000002649, 64.31911099999997816, 5.000000000000000000 ) ) ;
#1232 = LINE ( 'NONE', #7555, #2330 ) ;
#1233 = CYLINDRICAL_SURFACE ( 'NONE', #2490, 0.3999999999999975797 ) ;
#1234 = EDGE_CURVE ( 'NONE', #7763, #2652, #2969, .T. ) ;
#1235 = CARTESIAN_POINT ( 'NONE',  ( 9.557274015923402644, 2.853684177437181724, 2.000000000000000000 ) ) ;
#1236 = DIRECTION ( 'NONE',  ( 0.000000000000000000, 0.000000000000000000, 1.000000000000000000 ) ) ;
#1237 = AXIS2_PLACEMENT_3D ( 'NONE', #8136, #2423, #2958 ) ;
#1238 = EDGE_CURVE ( 'NONE', #5263, #2533, #1160, .T. ) ;
#1239 = LINE ( 'NONE', #4358, #2437 ) ;
#1240 = EDGE_LOOP ( 'NONE', ( #2087, #3391, #2495, #7399 ) ) ;
#1241 = EDGE_CURVE ( 'NONE', #1505, #3711, #6118, .T. ) ;
#1242 = DIRECTION ( 'NONE',  ( -0.000000000000000000, -0.000000000000000000, 1.000000000000000000 ) ) ;
#1243 = FACE_OUTER_BOUND ( 'NONE', #2100, .T. ) ;
#1244 = FACE_OUTER_BOUND ( 'NONE', #2045, .T. ) ;
#1245 = LINE ( 'NONE', #8196, #4741 ) ;
#1246 = DIRECTION ( 'NONE',  ( 1.000000000000000000, -0.000000000000000000, 0.000000000000000000 ) ) ;
#1247 = CIRCLE ( 'NONE', #2823, 0.3999999999999975797 ) ;
#1248 = ORIENTED_EDGE ( 'NONE', *, *, #2993, .T. ) ;
#1249 = FACE_OUTER_BOUND ( 'NONE', #6045, .T. ) ;
#1250 = PLANE ( 'NONE',  #2034 ) ;
#1251 = ORIENTED_EDGE ( 'NONE', *, *, #1864, .T. ) ;
#1252 = ORIENTED_EDGE ( 'NONE', *, *, #186, .F. ) ;
#1253 = ORIENTED_EDGE ( 'NONE', *, *, #161, .F. ) ;
#1254 = CIRCLE ( 'NONE', #1776, 0.3999999999999975797 ) ;
#1255 = EDGE_CURVE ( 'NONE', #4373, #919, #3516, .T. ) ;
#1256 = CARTESIAN_POINT ( 'NONE',  ( -11.25355404100700873, 13.40935482724297856, 2.000000000000000000 ) ) ;
#1257 = CARTESIAN_POINT ( 'NONE',  ( -44.58727900000002364, 83.36911099999998953, 2.000000000000000000 ) ) ;
#1258 = EDGE_CURVE ( 'NONE', #856, #230, #1023, .T. ) ;
#1259 = VERTEX_POINT ( 'NONE', #1118 ) ;
#1260 = ORIENTED_EDGE ( 'NONE', *, *, #137, .T. ) ;
#1261 = CARTESIAN_POINT ( 'NONE',  ( -24.48673788020493092, 16.95517567409789450, 5.000000000000000000 ) ) ;
#1262 = DIRECTION ( 'NONE',  ( -0.000000000000000000, -0.000000000000000000, 1.000000000000000000 ) ) ;
#1263 = CARTESIAN_POINT ( 'NONE',  ( -77.73727900000001512, 64.26911099999999522, 5.000000000000000000 ) ) ;
#1264 = ORIENTED_EDGE ( 'NONE', *, *, #1606, .F. ) ;
#1265 = DIRECTION ( 'NONE',  ( -0.000000000000000000, -0.000000000000000000, 1.000000000000000000 ) ) ;
#1266 = CIRCLE ( 'NONE', #2972, 0.3999999999999975797 ) ;
#1267 = EDGE_CURVE ( 'NONE', #6409, #5216, #6053, .T. ) ;
#1268 = ORIENTED_EDGE ( 'NONE', *, *, #3405, .F. ) ;
#1269 = CARTESIAN_POINT ( 'NONE',  ( -77.73727900000001512, 26.16911099999998669, 2.000000000000000000 ) ) ;
#1270 = VERTEX_POINT ( 'NONE', #1895 ) ;
#1271 = DIRECTION ( 'NONE',  ( 0.000000000000000000, 0.000000000000000000, 1.000000000000000000 ) ) ;
#1272 = ORIENTED_EDGE ( 'NONE', *, *, #5701, .T. ) ;
#1273 = DIRECTION ( 'NONE',  ( 1.000000000000000000, 0.000000000000000000, 0.000000000000000000 ) ) ;
#1274 = CARTESIAN_POINT ( 'NONE',  ( -6.487279000000012452, 23.16911099999999379, 2.000000000000000000 ) ) ;
#1275 = FACE_OUTER_BOUND ( 'NONE', #2246, .T. ) ;
#1276 = FACE_OUTER_BOUND ( 'NONE', #7742, .T. ) ;
#1277 = CYLINDRICAL_SURFACE ( 'NONE', #1344, 1.125000000000000888 ) ;
#1278 = CIRCLE ( 'NONE', #7072, 0.9977672882727356418 ) ;
#1279 = FACE_OUTER_BOUND ( 'NONE', #4678, .T. ) ;
#1280 = ORIENTED_EDGE ( 'NONE', *, *, #4604, .F. ) ;
#1281 = PLANE ( 'NONE',  #4828 ) ;
#1282 = DIRECTION ( 'NONE',  ( 0.000000000000000000, 0.000000000000000000, 1.000000000000000000 ) ) ;
#1283 = EDGE_CURVE ( 'NONE', #7683, #592, #1689, .T. ) ;
#1284 = LINE ( 'NONE', #3655, #3278 ) ;
#1285 = CARTESIAN_POINT ( 'NONE',  ( -48.18727900000002506, 4.119110999999994860, 2.000000000000000000 ) ) ;
#1286 = AXIS2_PLACEMENT_3D ( 'NONE', #5469, #7884, #3561 ) ;
#1287 = ADVANCED_FACE ( 'NONE', ( #1738 ), #6859, .T. ) ;
#1288 = CARTESIAN_POINT ( 'NONE',  ( -79.51227899999619808, 79.14411100000002364, 2.000000000000000000 ) ) ;
#1289 = CARTESIAN_POINT ( 'NONE',  ( -39.63727900000002791, 26.16911099999998669, 5.000000000000000000 ) ) ;
#1290 = VERTEX_POINT ( 'NONE', #4871 ) ;
#1291 = AXIS2_PLACEMENT_3D ( 'NONE', #4381, #6920, #1097 ) ;
#1292 = EDGE_LOOP ( 'NONE', ( #5991, #4415, #2874, #3477, #7807, #1747, #1911, #5372 ) ) ;
#1293 = ORIENTED_EDGE ( 'NONE', *, *, #2842, .F. ) ;
#1294 = FACE_OUTER_BOUND ( 'NONE', #2780, .T. ) ;
#1295 = CARTESIAN_POINT ( 'NONE',  ( -25.53727900000002293, 64.26911099999999522, 2.000000000000000000 ) ) ;
#1296 = ADVANCED_FACE ( 'NONE', ( #2434 ), #4237, .F. ) ;
#1297 = VERTEX_POINT ( 'NONE', #6281 ) ;
#1298 = ORIENTED_EDGE ( 'NONE', *, *, #3099, .T. ) ;
#1299 = LINE ( 'NONE', #7668, #3867 ) ;
#1300 = CIRCLE ( 'NONE', #1959, 1.125000000000000888 ) ;
#1301 = DIRECTION ( 'NONE',  ( -1.000000000000000000, 0.000000000000000000, 0.000000000000000000 ) ) ;
#1302 = CARTESIAN_POINT ( 'NONE',  ( -101.7372790000000151, 18.16911099999998669, 5.000000000000000000 ) ) ;
#1303 = ORIENTED_EDGE ( 'NONE', *, *, #4575, .T. ) ;
#1304 = CARTESIAN_POINT ( 'NONE',  ( -77.73727900000001512, 39.86911099999998953, 2.000000000000000000 ) ) ;
#1305 = AXIS2_PLACEMENT_3D ( 'NONE', #8095, #6272, #1273 ) ;
#1306 = ORIENTED_EDGE ( 'NONE', *, *, #7784, .T. ) ;
#1307 = CARTESIAN_POINT ( 'NONE',  ( -101.3372790000000094, 18.16911099999998669, 2.000000000000000000 ) ) ;
#1308 = VECTOR ( 'NONE', #7499, 1000.000000000000000 ) ;
#1309 = ORIENTED_EDGE ( 'NONE', *, *, #961, .T. ) ;
#1310 = PLANE ( 'NONE',  #1367 ) ;
#1311 = VERTEX_POINT ( 'NONE', #2475 ) ;
#1312 = CARTESIAN_POINT ( 'NONE',  ( -39.23727900000002933, 59.31911099999999237, 2.000000000000000000 ) ) ;
#1313 = FACE_OUTER_BOUND ( 'NONE', #1460, .T. ) ;
#1314 = DIRECTION ( 'NONE',  ( 1.000000000000000000, -0.000000000000000000, -0.000000000000000000 ) ) ;
#1315 = CIRCLE ( 'NONE', #5937, 0.9976194657069799021 ) ;
#1316 = CARTESIAN_POINT ( 'NONE',  ( -25.53727900000002293, 40.26911099999998811, 2.000000000000000000 ) ) ;
#1317 = EDGE_CURVE ( 'NONE', #5173, #3586, #496, .T. ) ;
#1318 = DIRECTION ( 'NONE',  ( -0.2588190399164175259, -0.9659258276786805153, 0.000000000000000000 ) ) ;
#1319 = DIRECTION ( 'NONE',  ( 0.000000000000000000, 0.000000000000000000, -1.000000000000000000 ) ) ;
#1320 = ORIENTED_EDGE ( 'NONE', *, *, #6535, .F. ) ;
#1321 = CARTESIAN_POINT ( 'NONE',  ( -20.18727900000001796, 55.91911099999999379, 5.000000000000000000 ) ) ;
#1322 = CARTESIAN_POINT ( 'NONE',  ( -82.68727900000001796, 50.91911099999999379, 5.000000000000000000 ) ) ;
#1323 = LINE ( 'NONE', #2642, #6198 ) ;
#1324 = ADVANCED_FACE ( 'NONE', ( #1243 ), #4992, .F. ) ;
#1325 = CIRCLE ( 'NONE', #3033, 1.000000000000002665 ) ;
#1326 = VECTOR ( 'NONE', #3874, 1000.000000000000000 ) ;
#1327 = ORIENTED_EDGE ( 'NONE', *, *, #3048, .T. ) ;
#1328 = EDGE_CURVE ( 'NONE', #230, #1090, #2398, .T. ) ;
#1329 = DIRECTION ( 'NONE',  ( -0.000000000000000000, -0.000000000000000000, 1.000000000000000000 ) ) ;
#1330 = CARTESIAN_POINT ( 'NONE',  ( 9.757274015923403709, 2.507274015923405486, 2.000000000000000000 ) ) ;
#1331 = EDGE_LOOP ( 'NONE', ( #5209, #3212, #5145, #3579 ) ) ;
#1332 = CIRCLE ( 'NONE', #1457, 0.3999999999999975797 ) ;
#1333 = AXIS2_PLACEMENT_3D ( 'NONE', #4248, #3552, #435 ) ;
#1334 = ORIENTED_EDGE ( 'NONE', *, *, #885, .T. ) ;
#1335 = VERTEX_POINT ( 'NONE', #3057 ) ;
#1336 = EDGE_CURVE ( 'NONE', #837, #4231, #5578, .T. ) ;
#1337 = CARTESIAN_POINT ( 'NONE',  ( -25.13727900000002791, 58.91911099999999379, 2.000000000000000000 ) ) ;
#1338 = CARTESIAN_POINT ( 'NONE',  ( -25.53727900000002293, 45.21911099999999095, 2.000000000000000000 ) ) ;
#1339 = VECTOR ( 'NONE', #3772, 1000.000000000000000 ) ;
#1340 = AXIS2_PLACEMENT_3D ( 'NONE', #8152, #1246, #1898 ) ;
#1341 = ORIENTED_EDGE ( 'NONE', *, *, #8037, .F. ) ;
#1342 = ORIENTED_EDGE ( 'NONE', *, *, #7595, .F. ) ;
#1343 = CARTESIAN_POINT ( 'NONE',  ( -39.63727900000002791, 45.21911099999999095, 5.000000000000000000 ) ) ;
#1344 = AXIS2_PLACEMENT_3D ( 'NONE', #617, #5614, #1806 ) ;
#1345 = CIRCLE ( 'NONE', #3290, 0.3999999999999975797 ) ;
#1346 = DIRECTION ( 'NONE',  ( 0.000000000000000000, 0.000000000000000000, 1.000000000000000000 ) ) ;
#1347 = CARTESIAN_POINT ( 'NONE',  ( -63.63727900000002080, 63.86911099999998953, 5.000000000000000000 ) ) ;
#1348 = VERTEX_POINT ( 'NONE', #3692 ) ;
#1349 = CARTESIAN_POINT ( 'NONE',  ( -82.68727900000001796, 37.21911099999999095, 2.000000000000000000 ) ) ;
#1350 = EDGE_CURVE ( 'NONE', #2568, #5002, #5119, .T. ) ;
#1351 = ORIENTED_EDGE ( 'NONE', *, *, #7658, .T. ) ;
#1352 = DIRECTION ( 'NONE',  ( 1.000000000000000000, 0.000000000000000000, 0.000000000000000000 ) ) ;
#1353 = VERTEX_POINT ( 'NONE', #2599 ) ;
#1354 = DIRECTION ( 'NONE',  ( 0.000000000000000000, 1.000000000000000000, 0.000000000000000000 ) ) ;
#1355 = VERTEX_POINT ( 'NONE', #84 ) ;
#1356 = ADVANCED_FACE ( 'NONE', ( #1939 ), #4571, .F. ) ;
#1357 = LINE ( 'NONE', #3800, #3020 ) ;
#1358 = DIRECTION ( 'NONE',  ( -0.000000000000000000, -1.000000000000000000, -0.000000000000000000 ) ) ;
#1359 = DIRECTION ( 'NONE',  ( 0.000000000000000000, 0.000000000000000000, 1.000000000000000000 ) ) ;
#1360 = CYLINDRICAL_SURFACE ( 'NONE', #1215, 1.125000000000000888 ) ;
#1361 = CYLINDRICAL_SURFACE ( 'NONE', #1907, 0.3999999999999975797 ) ;
#1362 = ORIENTED_EDGE ( 'NONE', *, *, #7084, .T. ) ;
#1363 = CARTESIAN_POINT ( 'NONE',  ( -20.18727900000001796, 42.21911099999999095, 2.000000000000000000 ) ) ;
#1364 = DIRECTION ( 'NONE',  ( 1.000000000000000000, 0.000000000000000000, 0.000000000000000000 ) ) ;
#1365 = AXIS2_PLACEMENT_3D ( 'NONE', #2146, #4144, #3569 ) ;
#1366 = DIRECTION ( 'NONE',  ( 1.000000000000000000, 0.000000000000000000, 0.000000000000000000 ) ) ;
#1367 = AXIS2_PLACEMENT_3D ( 'NONE', #7086, #6429, #3273 ) ;
#1368 = DIRECTION ( 'NONE',  ( -1.000000000000000000, 0.000000000000000000, 0.000000000000000000 ) ) ;
#1369 = DIRECTION ( 'NONE',  ( -0.000000000000000000, -0.000000000000000000, -1.000000000000000000 ) ) ;
#1370 = ORIENTED_EDGE ( 'NONE', *, *, #4812, .F. ) ;
#1371 = ORIENTED_EDGE ( 'NONE', *, *, #1840, .T. ) ;
#1372 = ORIENTED_EDGE ( 'NONE', *, *, #5461, .T. ) ;
#1373 = VECTOR ( 'NONE', #5023, 1000.000000000000000 ) ;
#1374 = APPLICATION_CONTEXT ( 'automotive_design' ) ;
#1375 = CARTESIAN_POINT ( 'NONE',  ( 14.57485339871646346, 7.462336869566425612, 2.000000000000000000 ) ) ;
#1376 = DIRECTION ( 'NONE',  ( -0.000000000000000000, -0.000000000000000000, 1.000000000000000000 ) ) ;
#1377 = DIRECTION ( 'NONE',  ( -0.000000000000000000, -0.000000000000000000, 1.000000000000000000 ) ) ;
#1378 = AXIS2_PLACEMENT_3D ( 'NONE', #7228, #1693, #5489 ) ;
#1379 = VERTEX_POINT ( 'NONE', #3854 ) ;
#1380 = ORIENTED_EDGE ( 'NONE', *, *, #7420, .T. ) ;
#1381 = LINE ( 'NONE', #6502, #2009 ) ;
#1382 = EDGE_CURVE ( 'NONE', #5971, #1505, #108, .T. ) ;
#1383 = CARTESIAN_POINT ( 'NONE',  ( -80.51226905040311976, 16.98965514279599986, 2.000000000000000000 ) ) ;
#1384 = DIRECTION ( 'NONE',  ( 0.000000000000000000, 0.000000000000000000, 1.000000000000000000 ) ) ;
#1385 = ORIENTED_EDGE ( 'NONE', *, *, #5089, .T. ) ;
#1386 = LINE ( 'NONE', #769, #2775 ) ;
#1387 = CIRCLE ( 'NONE', #5071, 0.9977672882800978638 ) ;
#1388 = ORIENTED_EDGE ( 'NONE', *, *, #5453, .T. ) ;
#1389 = DIRECTION ( 'NONE',  ( 0.000000000000000000, 0.000000000000000000, 1.000000000000000000 ) ) ;
#1390 = EDGE_CURVE ( 'NONE', #1572, #6002, #44, .T. ) ;
#1391 = ADVANCED_FACE ( 'NONE', ( #7646 ), #2106, .F. ) ;
#1392 = VERTEX_POINT ( 'NONE', #3768 ) ;
#1393 = CYLINDRICAL_SURFACE ( 'NONE', #2690, 0.4000000000000010214 ) ;
#1394 = VERTEX_POINT ( 'NONE', #6486 ) ;
#1395 = EDGE_CURVE ( 'NONE', #7369, #4291, #2640, .T. ) ;
#1396 = CARTESIAN_POINT ( 'NONE',  ( -39.23727900000002933, 78.36911099999998953, 2.000000000000000000 ) ) ;
#1397 = DIRECTION ( 'NONE',  ( 0.9997000655982551942, 0.02449038266022485200, 0.000000000000000000 ) ) ;
#1398 = DIRECTION ( 'NONE',  ( -0.000000000000000000, -0.000000000000000000, -1.000000000000000000 ) ) ;
#1399 = ADVANCED_FACE ( 'NONE', ( #2065 ), #7023, .F. ) ;
#1400 = DIRECTION ( 'NONE',  ( -0.000000000000000000, -0.000000000000000000, 1.000000000000000000 ) ) ;
#1401 = EDGE_CURVE ( 'NONE', #1090, #4581, #3397, .T. ) ;
#1402 = CARTESIAN_POINT ( 'NONE',  ( -22.36452166130999686, 78.13965514279600200, 2.000000000000000000 ) ) ;
#1403 = CARTESIAN_POINT ( 'NONE',  ( -39.23727900000002933, 59.31911099999999237, 2.000000000000000000 ) ) ;
#1404 = ORIENTED_EDGE ( 'NONE', *, *, #4482, .F. ) ;
#1405 = CARTESIAN_POINT ( 'NONE',  ( -116.6122790000000009, 72.14411099999999522, 2.000000000000000000 ) ) ;
#1406 = DIRECTION ( 'NONE',  ( -0.000000000000000000, -0.000000000000000000, 1.000000000000000000 ) ) ;
#1407 = EDGE_CURVE ( 'NONE', #5025, #4684, #5162, .T. ) ;
#1408 = CARTESIAN_POINT ( 'NONE',  ( -63.23727900000002222, 26.16911099999998669, 2.000000000000000000 ) ) ;
#1409 = CARTESIAN_POINT ( 'NONE',  ( -96.38727900000002080, 37.21911099999999095, 2.000000000000000000 ) ) ;
#1410 = CARTESIAN_POINT ( 'NONE',  ( -63.63727900000002080, 59.31911099999999237, 2.000000000000000000 ) ) ;
#1411 = ORIENTED_EDGE ( 'NONE', *, *, #686, .F. ) ;
#1412 = VERTEX_POINT ( 'NONE', #3333 ) ;
#1413 = ORIENTED_EDGE ( 'NONE', *, *, #4819, .F. ) ;
#1414 = CIRCLE ( 'NONE', #4164, 0.3999999999999975797 ) ;
#1415 = CARTESIAN_POINT ( 'NONE',  ( -7.458841000000000498, 12.63464199999999948, 2.000000000000000000 ) ) ;
#1416 = CARTESIAN_POINT ( 'NONE',  ( -41.41227900000000517, 80.14411100000000943, 2.000000000000000000 ) ) ;
#1417 = AXIS2_PLACEMENT_3D ( 'NONE', #3980, #3205, #7769 ) ;
#1418 = ORIENTED_EDGE ( 'NONE', *, *, #3909, .T. ) ;
#1419 = EDGE_CURVE ( 'NONE', #5103, #8048, #5204, .T. ) ;
#1420 = ORIENTED_EDGE ( 'NONE', *, *, #8054, .T. ) ;
#1421 = CARTESIAN_POINT ( 'NONE',  ( -53.46227900000000233, 23.99411100000000019, 5.000000000000000000 ) ) ;
#1422 = LINE ( 'NONE', #5218, #5778 ) ;
#1423 = PLANE ( 'NONE',  #5928 ) ;
#1424 = ORIENTED_EDGE ( 'NONE', *, *, #1988, .F. ) ;
#1425 = CARTESIAN_POINT ( 'NONE',  ( -117.6122789999917018, 71.14411100000003785, 2.000000000000000000 ) ) ;
#1426 = CIRCLE ( 'NONE', #3638, 0.9977672882768851004 ) ;
#1427 = EDGE_CURVE ( 'NONE', #5717, #1923, #1984, .T. ) ;
#1428 = ORIENTED_EDGE ( 'NONE', *, *, #2749, .F. ) ;
#1429 = DIRECTION ( 'NONE',  ( 0.000000000000000000, 0.000000000000000000, 1.000000000000000000 ) ) ;
#1430 = ORIENTED_EDGE ( 'NONE', *, *, #1690, .T. ) ;
#1431 = DIRECTION ( 'NONE',  ( -0.000000000000000000, -0.000000000000000000, 1.000000000000000000 ) ) ;
#1432 = AXIS2_PLACEMENT_3D ( 'NONE', #244, #908, #413 ) ;
#1433 = ORIENTED_EDGE ( 'NONE', *, *, #8099, .F. ) ;
#1434 = ORIENTED_EDGE ( 'NONE', *, *, #8151, .T. ) ;
#1435 = LINE ( 'NONE', #5227, #6852 ) ;
#1436 = DIRECTION ( 'NONE',  ( 8.271882292587477973E-16, -1.000000000000000000, 0.000000000000000000 ) ) ;
#1437 = DIRECTION ( 'NONE',  ( 0.000000000000000000, 0.000000000000000000, 1.000000000000000000 ) ) ;
#1438 = EDGE_CURVE ( 'NONE', #869, #6959, #776, .T. ) ;
#1439 = FACE_BOUND ( 'NONE', #7085, .T. ) ;
#1440 = DIRECTION ( 'NONE',  ( -1.000000000000000000, 0.000000000000000000, 0.000000000000000000 ) ) ;
#1441 = VECTOR ( 'NONE', #280, 1000.000000000000000 ) ;
#1442 = CARTESIAN_POINT ( 'NONE',  ( -48.18727900000002506, 4.119110999999994860, 5.000000000000000000 ) ) ;
#1443 = FACE_OUTER_BOUND ( 'NONE', #4426, .T. ) ;
#1444 = ORIENTED_EDGE ( 'NONE', *, *, #3635, .T. ) ;
#1445 = AXIS2_PLACEMENT_3D ( 'NONE', #602, #1384, #3114 ) ;
#1446 = DIRECTION ( 'NONE',  ( -1.000000000000000000, -7.147972087465597073E-15, 0.000000000000000000 ) ) ;
#1447 = CARTESIAN_POINT ( 'NONE',  ( -20.18727900000001796, 23.16911099999999379, 2.000000000000000000 ) ) ;
#1448 = CARTESIAN_POINT ( 'NONE',  ( -82.68727900000001796, 36.81911099999999237, 2.000000000000000000 ) ) ;
#1449 = AXIS2_PLACEMENT_3D ( 'NONE', #1448, #6404, #5833 ) ;
#1450 = CARTESIAN_POINT ( 'NONE',  ( -101.3372790000000094, 37.21911099999999095, 2.000000000000000000 ) ) ;
#1451 = LINE ( 'NONE', #3294, #3856 ) ;
#1452 = ORIENTED_EDGE ( 'NONE', *, *, #5584, .T. ) ;
#1453 = EDGE_LOOP ( 'NONE', ( #2954, #850, #5366, #4723 ) ) ;
#1454 = EDGE_LOOP ( 'NONE', ( #5377, #5492, #1509, #7508 ) ) ;
#1455 = VECTOR ( 'NONE', #4139, 1000.000000000000000 ) ;
#1456 = DIRECTION ( 'NONE',  ( 0.000000000000000000, 0.000000000000000000, 1.000000000000000000 ) ) ;
#1457 = AXIS2_PLACEMENT_3D ( 'NONE', #2573, #7031, #6915 ) ;
#1458 = CARTESIAN_POINT ( 'NONE',  ( -4.312278999999766604, 76.14411100000025101, 2.000000000000000000 ) ) ;
#1459 = VECTOR ( 'NONE', #65, 1000.000000000000000 ) ;
#1460 = EDGE_LOOP ( 'NONE', ( #7058, #4481, #4196, #7048 ) ) ;
#1461 = VERTEX_POINT ( 'NONE', #120 ) ;
#1462 = CARTESIAN_POINT ( 'NONE',  ( -96.78727900000001227, 37.21911099999999095, 2.000000000000000000 ) ) ;
#1463 = DIRECTION ( 'NONE',  ( -0.000000000000000000, -0.000000000000000000, -1.000000000000000000 ) ) ;
#1464 = CARTESIAN_POINT ( 'NONE',  ( -39.63727900000002791, 26.16911099999998669, 5.000000000000000000 ) ) ;
#1465 = ORIENTED_EDGE ( 'NONE', *, *, #1840, .F. ) ;
#1466 = AXIS2_PLACEMENT_3D ( 'NONE', #754, #4624, #7063 ) ;
#1467 = AXIS2_PLACEMENT_3D ( 'NONE', #8035, #2367, #8082 ) ;
#1468 = CARTESIAN_POINT ( 'NONE',  ( -42.41227899999621087, 81.14411099999999522, 5.000000000000000000 ) ) ;
#1469 = EDGE_LOOP ( 'NONE', ( #2407, #5721, #3196, #7844 ) ) ;
#1470 = LINE ( 'NONE', #3270, #6731 ) ;
#1471 = ORIENTED_EDGE ( 'NONE', *, *, #937, .F. ) ;
#1473 = ORIENTED_EDGE ( 'NONE', *, *, #5998, .F. ) ;
#1472 = AXIS2_PLACEMENT_3D ( 'NONE', #3336, #716, #3293 ) ;
#1474 = CARTESIAN_POINT ( 'NONE',  ( -82.68727900000001796, 32.26911099999998811, 5.000000000000000000 ) ) ;
#1475 = VECTOR ( 'NONE', #1858, 1000.000000000000000 ) ;
#1476 = ORIENTED_EDGE ( 'NONE', *, *, #8132, .F. ) ;
#1477 = DIRECTION ( 'NONE',  ( 0.8660254062730188274, -0.4999999956896525877, 0.000000000000000000 ) ) ;
#1478 = CARTESIAN_POINT ( 'NONE',  ( -44.18727900000002506, 31.16911099999999379, 2.000000000000000000 ) ) ;
#1479 = LINE ( 'NONE', #2257, #3264 ) ;
#1480 = LINE ( 'NONE', #3847, #5007 ) ;
#1481 = ORIENTED_EDGE ( 'NONE', *, *, #1178, .T. ) ;
#1482 = CARTESIAN_POINT ( 'NONE',  ( -48.18727900000002506, 4.119110999999994860, 5.000000000000000000 ) ) ;
#1483 = VERTEX_POINT ( 'NONE', #5871 ) ;
#1484 = FACE_OUTER_BOUND ( 'NONE', #4642, .T. ) ;
#1485 = CYLINDRICAL_SURFACE ( 'NONE', #5603, 0.4000000000000006328 ) ;
#1486 = VERTEX_POINT ( 'NONE', #7695 ) ;
#1487 = LINE ( 'NONE', #4656, #7347 ) ;
#1488 = DIRECTION ( 'NONE',  ( 1.000000000000000000, 0.000000000000000000, 0.000000000000000000 ) ) ;
#1489 = CARTESIAN_POINT ( 'NONE',  ( -20.18727900000001796, 74.96911099999999806, 5.000000000000000000 ) ) ;
#1490 = EDGE_CURVE ( 'NONE', #1495, #856, #4530, .T. ) ;
#1491 = ADVANCED_FACE ( 'NONE', ( #6323 ), #3897, .F. ) ;
#1492 = FACE_OUTER_BOUND ( 'NONE', #1637, .T. ) ;
#1493 = CYLINDRICAL_SURFACE ( 'NONE', #5330, 0.4000000000000010214 ) ;
#1494 = ORIENTED_EDGE ( 'NONE', *, *, #4978, .F. ) ;
#1495 = VERTEX_POINT ( 'NONE', #5239 ) ;
#1496 = EDGE_LOOP ( 'NONE', ( #6067, #1101, #4117, #6910 ) ) ;
#1497 = EDGE_CURVE ( 'NONE', #806, #3513, #3005, .T. ) ;
#1498 = CARTESIAN_POINT ( 'NONE',  ( 14.44087880250090095, 6.962336869566424724, 2.000000000000000000 ) ) ;
#1499 = DIRECTION ( 'NONE',  ( 1.000000000000000000, 0.000000000000000000, 0.000000000000000000 ) ) ;
#1500 = EDGE_LOOP ( 'NONE', ( #4961, #2968 ) ) ;
#1501 = ORIENTED_EDGE ( 'NONE', *, *, #7235, .T. ) ;
#1502 = ORIENTED_EDGE ( 'NONE', *, *, #2067, .F. ) ;
#1503 = VECTOR ( 'NONE', #3083, 1000.000000000000000 ) ;
#1504 = CARTESIAN_POINT ( 'NONE',  ( -6.087279000000014761, 74.96911099999999806, 2.000000000000000000 ) ) ;
#1505 = VERTEX_POINT ( 'NONE', #5076 ) ;
#1506 = DIRECTION ( 'NONE',  ( -0.000000000000000000, -0.000000000000000000, 1.000000000000000000 ) ) ;
#1507 = ORIENTED_EDGE ( 'NONE', *, *, #7227, .T. ) ;
#1508 = CARTESIAN_POINT ( 'NONE',  ( -39.23727900000002933, 25.76911099999999166, 2.000000000000000000 ) ) ;
#1509 = ORIENTED_EDGE ( 'NONE', *, *, #2842, .T. ) ;
#1510 = CARTESIAN_POINT ( 'NONE',  ( -115.4372790000000180, 18.16911099999998669, 2.000000000000000000 ) ) ;
#1511 = ORIENTED_EDGE ( 'NONE', *, *, #2290, .T. ) ;
#1512 = DIRECTION ( 'NONE',  ( -0.02449038263264136442, 0.9997000655989308759, 0.000000000000000000 ) ) ;
#1513 = DIRECTION ( 'NONE',  ( -0.000000000000000000, -0.000000000000000000, 1.000000000000000000 ) ) ;
#1514 = DIRECTION ( 'NONE',  ( 0.000000000000000000, 0.000000000000000000, -1.000000000000000000 ) ) ;
#1515 = VECTOR ( 'NONE', #7184, 1000.000000000000000 ) ;
#1516 = CARTESIAN_POINT ( 'NONE',  ( -115.4372789999999895, 56.26911099999999522, 2.000000000000000000 ) ) ;
#1517 = ORIENTED_EDGE ( 'NONE', *, *, #5938, .F. ) ;
#1518 = DIRECTION ( 'NONE',  ( 0.000000000000000000, 0.000000000000000000, 1.000000000000000000 ) ) ;
#1519 = DIRECTION ( 'NONE',  ( -0.000000000000000000, -0.000000000000000000, 1.000000000000000000 ) ) ;
#1520 = PLANE ( 'NONE',  #5739 ) ;
#1521 = ORIENTED_EDGE ( 'NONE', *, *, #8002, .T. ) ;
#1522 = FACE_OUTER_BOUND ( 'NONE', #1043, .T. ) ;
#1523 = CARTESIAN_POINT ( 'NONE',  ( -39.23727900000002933, 64.26911099999999522, 5.000000000000000000 ) ) ;
#1524 = CARTESIAN_POINT ( 'NONE',  ( 2.937125132992000065, -10.96753045566000040, 5.000000000000000000 ) ) ;
#1525 = DIRECTION ( 'NONE',  ( 1.000000000000000000, 0.000000000000000000, 0.000000000000000000 ) ) ;
#1526 = DIRECTION ( 'NONE',  ( 0.000000000000000000, 0.000000000000000000, 1.000000000000000000 ) ) ;
#1527 = ORIENTED_EDGE ( 'NONE', *, *, #7904, .T. ) ;
#1528 = EDGE_CURVE ( 'NONE', #5303, #719, #6443, .T. ) ;
#1529 = ORIENTED_EDGE ( 'NONE', *, *, #4154, .F. ) ;
#1530 = ORIENTED_EDGE ( 'NONE', *, *, #1350, .F. ) ;
#1531 = EDGE_CURVE ( 'NONE', #1668, #3340, #7859, .T. ) ;
#1532 = ADVANCED_FACE ( 'NONE', ( #2224 ), #2882, .F. ) ;
#1533 = DIRECTION ( 'NONE',  ( 1.000000000000000000, 0.000000000000000000, 0.000000000000000000 ) ) ;
#1534 = VECTOR ( 'NONE', #1242, 1000.000000000000000 ) ;
#1535 = CARTESIAN_POINT ( 'NONE',  ( -25.53727900000002293, 59.31911099999999237, 2.000000000000000000 ) ) ;
#1536 = EDGE_LOOP ( 'NONE', ( #537, #3156, #1507, #603, #3150, #5878, #187, #5926 ) ) ;
#1537 = CIRCLE ( 'NONE', #3377, 0.3999999999999975797 ) ;
#1538 = VERTEX_POINT ( 'NONE', #4110 ) ;
#1539 = DIRECTION ( 'NONE',  ( -1.000000000000000000, 0.000000000000000000, 0.000000000000000000 ) ) ;
#1540 = DIRECTION ( 'NONE',  ( 1.000000000000000000, 0.000000000000000000, 0.000000000000000000 ) ) ;
#1541 = EDGE_LOOP ( 'NONE', ( #268, #6466, #5397, #1225 ) ) ;
#1542 = CARTESIAN_POINT ( 'NONE',  ( -81.51227900000000659, 15.99411099999999841, 2.000000000000000000 ) ) ;
#1543 = ORIENTED_EDGE ( 'NONE', *, *, #147, .F. ) ;
#1544 = CARTESIAN_POINT ( 'NONE',  ( -25.53727900000002293, 63.86911099999998953, 2.000000000000000000 ) ) ;
#1545 = AXIS2_PLACEMENT_3D ( 'NONE', #5310, #1513, #5347 ) ;
#1546 = EDGE_CURVE ( 'NONE', #6695, #6364, #4743, .T. ) ;
#1547 = VERTEX_POINT ( 'NONE', #3990 ) ;
#1548 = CYLINDRICAL_SURFACE ( 'NONE', #2565, 0.3999999999999975797 ) ;
#1549 = ORIENTED_EDGE ( 'NONE', *, *, #6490, .F. ) ;
#1550 = CARTESIAN_POINT ( 'NONE',  ( -96.78727900000001227, 69.96911099999999806, 5.000000000000000000 ) ) ;
#1551 = VECTOR ( 'NONE', #6342, 1000.000000000000000 ) ;
#1552 = CARTESIAN_POINT ( 'NONE',  ( -61.45782314279000502, 81.14186833868100734, 2.000000000000000000 ) ) ;
#1553 = CARTESIAN_POINT ( 'NONE',  ( -31.34645300000000390, 1.944111000000000145, 5.000000000000000000 ) ) ;
#1554 = CARTESIAN_POINT ( 'NONE',  ( -24.36227899999998670, 80.14411099999728094, 2.000000000000000000 ) ) ;
#1555 = ORIENTED_EDGE ( 'NONE', *, *, #2312, .T. ) ;
#1556 = DIRECTION ( 'NONE',  ( 0.000000000000000000, 0.000000000000000000, -1.000000000000000000 ) ) ;
#1557 = AXIS2_PLACEMENT_3D ( 'NONE', #4490, #3945, #5118 ) ;
#1558 = ADVANCED_FACE ( 'NONE', ( #7983 ), #4789, .T. ) ;
#1559 = CARTESIAN_POINT ( 'NONE',  ( -48.18727900000002506, 4.119110999999994860, 2.000000000000000000 ) ) ;
#1560 = DIRECTION ( 'NONE',  ( -0.000000000000000000, -0.000000000000000000, 1.000000000000000000 ) ) ;
#1561 = ORIENTED_EDGE ( 'NONE', *, *, #5069, .T. ) ;
#1562 = CARTESIAN_POINT ( 'NONE',  ( -6.487279000000012452, 23.16911099999999379, 5.000000000000000000 ) ) ;
#1563 = DIRECTION ( 'NONE',  ( -1.000000000000000000, 0.000000000000000000, 0.000000000000000000 ) ) ;
#1564 = VECTOR ( 'NONE', #1886, 1000.000000000000114 ) ;
#1565 = CYLINDRICAL_SURFACE ( 'NONE', #4608, 0.3999999999999975797 ) ;
#1566 = VECTOR ( 'NONE', #2017, 1000.000000000000000 ) ;
#1567 = CARTESIAN_POINT ( 'NONE',  ( -53.46030958397999200, 20.49838296832900042, 2.000000000000000000 ) ) ;
#1568 = VECTOR ( 'NONE', #4971, 1000.000000000000000 ) ;
#1569 = CARTESIAN_POINT ( 'NONE',  ( 2.307274015923403532, -9.703684177437182257, 5.000000000000000000 ) ) ;
#1570 = ORIENTED_EDGE ( 'NONE', *, *, #4669, .T. ) ;
#1571 = VERTEX_POINT ( 'NONE', #6529 ) ;
#1572 = VERTEX_POINT ( 'NONE', #5400 ) ;
#1573 = LINE ( 'NONE', #5844, #8068 ) ;
#1574 = AXIS2_PLACEMENT_3D ( 'NONE', #3097, #5620, #1857 ) ;
#1575 = CARTESIAN_POINT ( 'NONE',  ( -72.36227900000000091, 80.14411100000000943, 2.000000000000000000 ) ) ;
#1576 = ORIENTED_EDGE ( 'NONE', *, *, #6690, .T. ) ;
#1577 = AXIS2_PLACEMENT_3D ( 'NONE', #5390, #2258, #4779 ) ;
#1578 = ORIENTED_EDGE ( 'NONE', *, *, #4769, .T. ) ;
#1579 = ORIENTED_EDGE ( 'NONE', *, *, #399, .F. ) ;
#1580 = DIRECTION ( 'NONE',  ( 0.000000000000000000, 0.000000000000000000, 1.000000000000000000 ) ) ;
#1581 = ORIENTED_EDGE ( 'NONE', *, *, #3323, .T. ) ;
#1582 = DIRECTION ( 'NONE',  ( -1.202741610010586673E-13, 1.000000000000000000, 0.000000000000000000 ) ) ;
#1583 = VECTOR ( 'NONE', #4516, 1000.000000000000000 ) ;
#1584 = VECTOR ( 'NONE', #2744, 1000.000000000000000 ) ;
#1585 = EDGE_CURVE ( 'NONE', #3824, #3395, #2745, .T. ) ;
#1586 = EDGE_CURVE ( 'NONE', #3677, #1635, #2151, .T. ) ;
#1587 = ORIENTED_EDGE ( 'NONE', *, *, #276, .F. ) ;
#1588 = EDGE_LOOP ( 'NONE', ( #5751, #591, #2421, #4842 ) ) ;
#1589 = LINE ( 'NONE', #6512, #5995 ) ;
#1590 = EDGE_CURVE ( 'NONE', #5450, #7750, #4657, .T. ) ;
#1591 = ORIENTED_EDGE ( 'NONE', *, *, #294, .F. ) ;
#1592 = ORIENTED_EDGE ( 'NONE', *, *, #522, .T. ) ;
#1593 = DIRECTION ( 'NONE',  ( -0.000000000000000000, -0.000000000000000000, 1.000000000000000000 ) ) ;
#1594 = AXIS2_PLACEMENT_3D ( 'NONE', #2036, #301, #1499 ) ;
#1595 = AXIS2_PLACEMENT_3D ( 'NONE', #7660, #6992, #4539 ) ;
#1596 = ADVANCED_FACE ( 'NONE', ( #1652 ), #992, .F. ) ;
#1597 = CYLINDRICAL_SURFACE ( 'NONE', #1545, 0.3999999999999975797 ) ;
#1598 = CARTESIAN_POINT ( 'NONE',  ( 2.307274015923403532, -9.703684177437182257, 2.000000000000000000 ) ) ;
#1599 = AXIS2_PLACEMENT_3D ( 'NONE', #642, #8086, #2413 ) ;
#1600 = DIRECTION ( 'NONE',  ( -0.000000000000000000, -0.000000000000000000, 1.000000000000000000 ) ) ;
#1601 = VERTEX_POINT ( 'NONE', #4148 ) ;
#1602 = CARTESIAN_POINT ( 'NONE',  ( 2.307274015923403532, -9.703684177437182257, 2.000000000000000000 ) ) ;
#1603 = CIRCLE ( 'NONE', #3049, 0.3999999999999975797 ) ;
#1604 = VECTOR ( 'NONE', #2894, 1000.000000000000000 ) ;
#1605 = CARTESIAN_POINT ( 'NONE',  ( -24.97663582724297271, 16.67233295899298895, 5.000000000000000000 ) ) ;
#1606 = EDGE_CURVE ( 'NONE', #5891, #2450, #3374, .T. ) ;
#1607 = EDGE_CURVE ( 'NONE', #1188, #4103, #377, .T. ) ;
#1608 = DIRECTION ( 'NONE',  ( 0.000000000000000000, 0.000000000000000000, 1.000000000000000000 ) ) ;
#1609 = ORIENTED_EDGE ( 'NONE', *, *, #6640, .F. ) ;
#1610 = DIRECTION ( 'NONE',  ( 0.000000000000000000, 0.000000000000000000, 1.000000000000000000 ) ) ;
#1611 = DIRECTION ( 'NONE',  ( 1.000000000000000000, -0.000000000000000000, -0.000000000000000000 ) ) ;
#1612 = DIRECTION ( 'NONE',  ( 1.000000000000000000, 0.000000000000000000, 0.000000000000000000 ) ) ;
#1613 = CARTESIAN_POINT ( 'NONE',  ( -63.23727900000002222, 45.21911099999999095, 2.000000000000000000 ) ) ;
#1614 = CARTESIAN_POINT ( 'NONE',  ( -101.7372789999999867, 70.36911100000000374, 2.000000000000000000 ) ) ;
#1615 = VERTEX_POINT ( 'NONE', #7943 ) ;
#1616 = ORIENTED_EDGE ( 'NONE', *, *, #3322, .T. ) ;
#1617 = VERTEX_POINT ( 'NONE', #5911 ) ;
#1618 = FACE_OUTER_BOUND ( 'NONE', #7888, .T. ) ;
#1619 = CARTESIAN_POINT ( 'NONE',  ( -33.68727900000002506, 17.81911099999999948, 5.000000000000000000 ) ) ;
#1620 = EDGE_CURVE ( 'NONE', #646, #837, #3259, .T. ) ;
#1621 = ORIENTED_EDGE ( 'NONE', *, *, #6065, .T. ) ;
#1622 = PLANE ( 'NONE',  #3554 ) ;
#1623 = ADVANCED_FACE ( 'NONE', ( #4825 ), #6609, .F. ) ;
#1624 = ORIENTED_EDGE ( 'NONE', *, *, #6389, .T. ) ;
#1625 = ORIENTED_EDGE ( 'NONE', *, *, #4688, .F. ) ;
#1626 = EDGE_LOOP ( 'NONE', ( #6973, #4782, #5193, #4714 ) ) ;
#1627 = SURFACE_STYLE_USAGE ( .BOTH. , #7290 ) ;
#1628 = EDGE_CURVE ( 'NONE', #777, #6207, #4987, .T. ) ;
#1629 = VECTOR ( 'NONE', #1519, 1000.000000000000000 ) ;
#1630 = CARTESIAN_POINT ( 'NONE',  ( -101.7372790000000151, 32.26911099999998811, 5.000000000000000000 ) ) ;
#1631 = EDGE_LOOP ( 'NONE', ( #4281, #7800, #4045, #4722 ) ) ;
#1632 = CARTESIAN_POINT ( 'NONE',  ( -48.18727900000002506, 17.81911099999999948, 2.000000000000000000 ) ) ;
#1633 = VECTOR ( 'NONE', #2793, 1000.000000000000000 ) ;
#1634 = ADVANCED_FACE ( 'NONE', ( #2928 ), #2766, .F. ) ;
#1635 = VERTEX_POINT ( 'NONE', #291 ) ;
#1636 = FACE_OUTER_BOUND ( 'NONE', #211, .T. ) ;
#1637 = EDGE_LOOP ( 'NONE', ( #4263, #3164, #3903, #7793 ) ) ;
#1638 = LINE ( 'NONE', #3519, #256 ) ;
#1639 = DIRECTION ( 'NONE',  ( 0.000000000000000000, 0.000000000000000000, 1.000000000000000000 ) ) ;
#1640 = CARTESIAN_POINT ( 'NONE',  ( -43.41227899999998385, 85.14411099999728094, 5.000000000000000000 ) ) ;
#1641 = LINE ( 'NONE', #5349, #402 ) ;
#1642 = AXIS2_PLACEMENT_3D ( 'NONE', #4152, #963, #4703 ) ;
#1643 = EDGE_CURVE ( 'NONE', #6510, #2394, #2086, .T. ) ;
#1644 = ORIENTED_EDGE ( 'NONE', *, *, #3017, .T. ) ;
#1645 = LINE ( 'NONE', #6561, #3184 ) ;
#1646 = VERTEX_POINT ( 'NONE', #613 ) ;
#1647 = CARTESIAN_POINT ( 'NONE',  ( -63.23727900000002222, 45.21911099999999095, 2.000000000000000000 ) ) ;
#1648 = VECTOR ( 'NONE', #163, 1000.000000000000000 ) ;
#1649 = LINE ( 'NONE', #4107, #3223 ) ;
#1650 = ORIENTED_EDGE ( 'NONE', *, *, #2244, .T. ) ;
#1651 = CARTESIAN_POINT ( 'NONE',  ( -20.58727900000001299, 23.16911099999999379, 2.000000000000000000 ) ) ;
#1652 = FACE_OUTER_BOUND ( 'NONE', #1185, .T. ) ;
#1653 = ADVANCED_FACE ( 'NONE', ( #6274 ), #1727, .T. ) ;
#1654 = DIRECTION ( 'NONE',  ( 1.000000000000000000, -0.000000000000000000, 0.000000000000000000 ) ) ;
#1655 = FACE_OUTER_BOUND ( 'NONE', #5847, .T. ) ;
#1656 = ADVANCED_FACE ( 'NONE', ( #4985 ), #6729, .T. ) ;
#1657 = CARTESIAN_POINT ( 'NONE',  ( -44.58727900000002364, 63.91911100000000090, 5.000000000000000000 ) ) ;
#1658 = ORIENTED_EDGE ( 'NONE', *, *, #4866, .F. ) ;
#1659 = EDGE_CURVE ( 'NONE', #1025, #164, #639, .T. ) ;
#1660 = VERTEX_POINT ( 'NONE', #8016 ) ;
#1661 = ORIENTED_EDGE ( 'NONE', *, *, #228, .F. ) ;
#1662 = CARTESIAN_POINT ( 'NONE',  ( 2.307274015923403532, -9.703684177437182257, 2.000000000000000000 ) ) ;
#1663 = DIRECTION ( 'NONE',  ( 1.000000000000000000, -0.000000000000000000, -0.000000000000000000 ) ) ;
#1664 = EDGE_CURVE ( 'NONE', #599, #7171, #7435, .T. ) ;
#1665 = DIRECTION ( 'NONE',  ( 0.000000000000000000, 0.000000000000000000, 1.000000000000000000 ) ) ;
#1666 = EDGE_LOOP ( 'NONE', ( #3024, #170, #3988, #4519 ) ) ;
#1667 = ORIENTED_EDGE ( 'NONE', *, *, #275, .F. ) ;
#1668 = VERTEX_POINT ( 'NONE', #4861 ) ;
#1669 = CARTESIAN_POINT ( 'NONE',  ( -115.4372790000000180, 17.76911099999999166, 2.000000000000000000 ) ) ;
#1670 = CARTESIAN_POINT ( 'NONE',  ( -101.7372790000000151, 17.76911099999999166, 2.000000000000000000 ) ) ;
#1671 = VECTOR ( 'NONE', #991, 1000.000000000000000 ) ;
#1672 = ORIENTED_EDGE ( 'NONE', *, *, #4143, .T. ) ;
#1673 = CARTESIAN_POINT ( 'NONE',  ( 14.44087880250090095, 6.962336869566424724, 2.000000000000000000 ) ) ;
#1674 = CYLINDRICAL_SURFACE ( 'NONE', #7218, 0.3999999999999975797 ) ;
#1675 = DIRECTION ( 'NONE',  ( 1.000000000000000000, 0.000000000000000000, 0.000000000000000000 ) ) ;
#1676 = PLANE ( 'NONE',  #7794 ) ;
#1677 = CIRCLE ( 'NONE', #7487, 0.4000000000000010214 ) ;
#1678 = ORIENTED_EDGE ( 'NONE', *, *, #2290, .F. ) ;
#1679 = DIRECTION ( 'NONE',  ( -0.000000000000000000, -0.000000000000000000, 1.000000000000000000 ) ) ;
#1680 = ORIENTED_EDGE ( 'NONE', *, *, #6559, .T. ) ;
#1681 = CARTESIAN_POINT ( 'NONE',  ( -42.41227899999621087, 81.14411099999999522, 2.000000000000000000 ) ) ;
#1682 = VECTOR ( 'NONE', #4364, 1000.000000000000000 ) ;
#1683 = EDGE_CURVE ( 'NONE', #6207, #4378, #2515, .T. ) ;
#1684 = DIRECTION ( 'NONE',  ( -1.000000000000000000, 1.694732965938710706E-13, 0.000000000000000000 ) ) ;
#1685 = VERTEX_POINT ( 'NONE', #7349 ) ;
#1686 = DIRECTION ( 'NONE',  ( 0.000000000000000000, 0.000000000000000000, 1.000000000000000000 ) ) ;
#1687 = CARTESIAN_POINT ( 'NONE',  ( 2.437354000000000021, -11.82837899999999998, 2.000000000000000000 ) ) ;
#1688 = PLANE ( 'NONE',  #1834 ) ;
#1689 = CIRCLE ( 'NONE', #4445, 0.3999999999999975797 ) ;
#1690 = EDGE_CURVE ( 'NONE', #1572, #3422, #6849, .T. ) ;
#1691 = DIRECTION ( 'NONE',  ( -1.000000000000000000, 0.000000000000000000, 0.000000000000000000 ) ) ;
#1692 = EDGE_CURVE ( 'NONE', #1571, #297, #487, .T. ) ;
#1693 = DIRECTION ( 'NONE',  ( -0.000000000000000000, -0.000000000000000000, 1.000000000000000000 ) ) ;
#1694 = ORIENTED_EDGE ( 'NONE', *, *, #6144, .F. ) ;
#1695 = AXIS2_PLACEMENT_3D ( 'NONE', #4229, #4267, #3683 ) ;
#1696 = EDGE_CURVE ( 'NONE', #43, #4437, #4725, .T. ) ;
#1697 = ORIENTED_EDGE ( 'NONE', *, *, #4705, .F. ) ;
#1698 = CARTESIAN_POINT ( 'NONE',  ( -96.38727900000002080, 37.21911099999999095, 5.000000000000000000 ) ) ;
#1699 = DIRECTION ( 'NONE',  ( -0.000000000000000000, -0.000000000000000000, 1.000000000000000000 ) ) ;
#1700 = CARTESIAN_POINT ( 'NONE',  ( -82.68727900000001796, 55.86911099999999664, 2.000000000000000000 ) ) ;
#1701 = ORIENTED_EDGE ( 'NONE', *, *, #530, .F. ) ;
#1702 = AXIS2_PLACEMENT_3D ( 'NONE', #4834, #4198, #2971 ) ;
#1703 = LINE ( 'NONE', #5416, #1729 ) ;
#1704 = ORIENTED_EDGE ( 'NONE', *, *, #7080, .T. ) ;
#1705 = ORIENTED_EDGE ( 'NONE', *, *, #3734, .T. ) ;
#1706 = ORIENTED_EDGE ( 'NONE', *, *, #5704, .F. ) ;
#1707 = CIRCLE ( 'NONE', #6326, 0.4000000000000010214 ) ;
#1708 = LINE ( 'NONE', #2944, #4475 ) ;
#1709 = DIRECTION ( 'NONE',  ( 1.000000000000000000, 0.000000000000000000, -0.000000000000000000 ) ) ;
#1710 = VECTOR ( 'NONE', #8098, 1000.000000000000000 ) ;
#1711 = ORIENTED_EDGE ( 'NONE', *, *, #8161, .F. ) ;
#1712 = CARTESIAN_POINT ( 'NONE',  ( -41.41452166130999757, 81.13965514279600200, 2.000000000000000000 ) ) ;
#1713 = CARTESIAN_POINT ( 'NONE',  ( -78.51227900000000659, 80.14411100000000943, 2.000000000000000000 ) ) ;
#1714 = CARTESIAN_POINT ( 'NONE',  ( -12.81839899999999943, -3.020465999999999873, 2.000000000000000000 ) ) ;
#1715 = AXIS2_PLACEMENT_3D ( 'NONE', #5099, #7629, #3876 ) ;
#1716 = VECTOR ( 'NONE', #2708, 1000.000000000000000 ) ;
#1717 = FACE_OUTER_BOUND ( 'NONE', #5923, .T. ) ;
#1718 = ORIENTED_EDGE ( 'NONE', *, *, #4094, .T. ) ;
#1719 = DIRECTION ( 'NONE',  ( 1.000000000000000000, 0.000000000000000000, 0.000000000000000000 ) ) ;
#1721 = ORIENTED_EDGE ( 'NONE', *, *, #2753, .T. ) ;
#1720 = CIRCLE ( 'NONE', #6737, 0.3999999999999975797 ) ;
#1722 = CARTESIAN_POINT ( 'NONE',  ( -77.33727900000002364, 58.91911099999999379, 2.000000000000000000 ) ) ;
#1723 = VECTOR ( 'NONE', #2698, 1000.000000000000227 ) ;
#1724 = CARTESIAN_POINT ( 'NONE',  ( 2.853684177437179059, -9.557274015923406196, 2.000000000000000000 ) ) ;
#1725 = ORIENTED_EDGE ( 'NONE', *, *, #2761, .T. ) ;
#1726 = DIRECTION ( 'NONE',  ( 1.000000000000000000, -0.000000000000000000, -0.000000000000000000 ) ) ;
#1727 = PLANE ( 'NONE',  #3135 ) ;
#1728 = LINE ( 'NONE', #8186, #2899 ) ;
#1729 = VECTOR ( 'NONE', #2321, 1000.000000000000000 ) ;
#1730 = CIRCLE ( 'NONE', #7144, 0.9977672882768851004 ) ;
#1731 = ORIENTED_EDGE ( 'NONE', *, *, #6230, .F. ) ;
#1732 = DIRECTION ( 'NONE',  ( 1.000000000000000000, 0.000000000000000000, 0.000000000000000000 ) ) ;
#1733 = DIRECTION ( 'NONE',  ( -0.000000000000000000, -1.000000000000000000, -0.000000000000000000 ) ) ;
#1734 = VERTEX_POINT ( 'NONE', #7390 ) ;
#1735 = CIRCLE ( 'NONE', #19, 3.498033192550313419 ) ;
#1736 = AXIS2_PLACEMENT_3D ( 'NONE', #7097, #7773, #673 ) ;
#1737 = VERTEX_POINT ( 'NONE', #575 ) ;
#1738 = FACE_OUTER_BOUND ( 'NONE', #33, .T. ) ;
#1739 = ADVANCED_FACE ( 'NONE', ( #1151 ), #3573, .F. ) ;
#1740 = CARTESIAN_POINT ( 'NONE',  ( -80.50987199999886457, 23.09236499999989078, 2.000000000000000000 ) ) ;
#1741 = DIRECTION ( 'NONE',  ( 0.000000000000000000, 0.000000000000000000, -1.000000000000000000 ) ) ;
#1742 = ADVANCED_FACE ( 'NONE', ( #6770 ), #1803, .T. ) ;
#1743 = LINE ( 'NONE', #467, #4893 ) ;
#1744 = EDGE_CURVE ( 'NONE', #1392, #1668, #5654, .T. ) ;
#1745 = DIRECTION ( 'NONE',  ( 1.000000000000000000, 0.000000000000000000, 0.000000000000000000 ) ) ;
#1746 = VERTEX_POINT ( 'NONE', #8058 ) ;
#1747 = ORIENTED_EDGE ( 'NONE', *, *, #7514, .T. ) ;
#1748 = EDGE_LOOP ( 'NONE', ( #1549, #2520, #653, #3115 ) ) ;
#1749 = EDGE_CURVE ( 'NONE', #1141, #4809, #5790, .T. ) ;
#1750 = DIRECTION ( 'NONE',  ( 0.000000000000000000, 0.000000000000000000, 1.000000000000000000 ) ) ;
#1751 = FACE_BOUND ( 'NONE', #2671, .T. ) ;
#1752 = EDGE_CURVE ( 'NONE', #2462, #5009, #3916, .T. ) ;
#1753 = ORIENTED_EDGE ( 'NONE', *, *, #3058, .T. ) ;
#1754 = CARTESIAN_POINT ( 'NONE',  ( -5.312278999999766604, 76.14411100000025101, 2.000000000000000000 ) ) ;
#1755 = CARTESIAN_POINT ( 'NONE',  ( -25.53727900000002293, 44.81911099999999237, 5.000000000000000000 ) ) ;
#1756 = DIRECTION ( 'NONE',  ( -0.000000000000000000, -0.000000000000000000, -1.000000000000000000 ) ) ;
#1757 = CYLINDRICAL_SURFACE ( 'NONE', #6206, 0.4000000000000010214 ) ;
#1758 = ORIENTED_EDGE ( 'NONE', *, *, #8112, .F. ) ;
#1759 = CARTESIAN_POINT ( 'NONE',  ( -77.73727900000001512, 77.96911099999999806, 5.000000000000000000 ) ) ;
#1760 = VERTEX_POINT ( 'NONE', #6809 ) ;
#1761 = LINE ( 'NONE', #7431, #4388 ) ;
#1762 = ORIENTED_EDGE ( 'NONE', *, *, #3889, .T. ) ;
#1763 = DIRECTION ( 'NONE',  ( 0.000000000000000000, 0.000000000000000000, 1.000000000000000000 ) ) ;
#1764 = CARTESIAN_POINT ( 'NONE',  ( -96.68727900000000375, 15.99411099999999841, 5.000000000000000000 ) ) ;
#1765 = CARTESIAN_POINT ( 'NONE',  ( -82.68727900000001796, 70.36911100000000374, 2.000000000000000000 ) ) ;
#1766 = VECTOR ( 'NONE', #1354, 1000.000000000000000 ) ;
#1767 = CARTESIAN_POINT ( 'NONE',  ( -115.8372789999999810, 69.96911099999999806, 5.000000000000000000 ) ) ;
#1768 = AXIS2_PLACEMENT_3D ( 'NONE', #7865, #2228, #4829 ) ;
#1769 = CARTESIAN_POINT ( 'NONE',  ( -39.23727900000002933, 40.26911099999998811, 5.000000000000000000 ) ) ;
#1770 = DIRECTION ( 'NONE',  ( -0.000000000000000000, -0.000000000000000000, 1.000000000000000000 ) ) ;
#1771 = ORIENTED_EDGE ( 'NONE', *, *, #1255, .F. ) ;
#1772 = CARTESIAN_POINT ( 'NONE',  ( -49.96227899999999522, 2.944110999999999922, 2.000000000000000000 ) ) ;
#1773 = DIRECTION ( 'NONE',  ( -1.000000000000000000, 0.000000000000000000, 0.000000000000000000 ) ) ;
#1774 = PLANE ( 'NONE',  #632 ) ;
#1775 = DIRECTION ( 'NONE',  ( 0.000000000000000000, 1.000000000000000000, 0.000000000000000000 ) ) ;
#1776 = AXIS2_PLACEMENT_3D ( 'NONE', #1807, #7439, #1892 ) ;
#1777 = CARTESIAN_POINT ( 'NONE',  ( -63.23727900000002222, 39.86911099999998953, 2.000000000000000000 ) ) ;
#1778 = ORIENTED_EDGE ( 'NONE', *, *, #3200, .F. ) ;
#1779 = ADVANCED_FACE ( 'NONE', ( #528 ), #3087, .T. ) ;
#1780 = DIRECTION ( 'NONE',  ( 0.000000000000000000, 0.000000000000000000, 1.000000000000000000 ) ) ;
#1781 = CARTESIAN_POINT ( 'NONE',  ( -41.41227900000000517, 80.14411100000000943, 2.000000000000000000 ) ) ;
#1782 = VERTEX_POINT ( 'NONE', #4351 ) ;
#1783 = ORIENTED_EDGE ( 'NONE', *, *, #3909, .F. ) ;
#1784 = ORIENTED_EDGE ( 'NONE', *, *, #7124, .T. ) ;
#1785 = ADVANCED_FACE ( 'NONE', ( #6893 ), #1233, .F. ) ;
#1786 = DIRECTION ( 'NONE',  ( 1.000000000000000000, 0.000000000000000000, 0.000000000000000000 ) ) ;
#1787 = FACE_BOUND ( 'NONE', #1292, .T. ) ;
#1788 = ORIENTED_EDGE ( 'NONE', *, *, #807, .F. ) ;
#1789 = DIRECTION ( 'NONE',  ( -0.000000000000000000, -0.000000000000000000, 1.000000000000000000 ) ) ;
#1790 = MANIFOLD_SOLID_BREP ( 'Cut-Extrude4', #2195 ) ;
#1791 = LINE ( 'NONE', #1221, #3124 ) ;
#1792 = LINE ( 'NONE', #478, #5798 ) ;
#1793 = VERTEX_POINT ( 'NONE', #3846 ) ;
#1794 = CARTESIAN_POINT ( 'NONE',  ( -6.087279000000014761, 61.26911099999998811, 5.000000000000000000 ) ) ;
#1795 = ORIENTED_EDGE ( 'NONE', *, *, #3594, .T. ) ;
#1796 = FACE_OUTER_BOUND ( 'NONE', #5062, .T. ) ;
#1797 = ORIENTED_EDGE ( 'NONE', *, *, #688, .F. ) ;
#1798 = CARTESIAN_POINT ( 'NONE',  ( 3.803337000001279833, -11.46242600000072898, 2.000000000000000000 ) ) ;
#1799 = ORIENTED_EDGE ( 'NONE', *, *, #3447, .F. ) ;
#1800 = CARTESIAN_POINT ( 'NONE',  ( -42.41227899999999806, 84.14411099999999522, 2.000000000000000000 ) ) ;
#1801 = VECTOR ( 'NONE', #2514, 1000.000000000000000 ) ;
#1802 = DIRECTION ( 'NONE',  ( 0.000000000000000000, 0.000000000000000000, -1.000000000000000000 ) ) ;
#1803 = CYLINDRICAL_SURFACE ( 'NONE', #1695, 0.9977672882727322001 ) ;
#1804 = PLANE ( 'NONE',  #1192 ) ;
#1805 = VECTOR ( 'NONE', #6262, 1000.000000000000000 ) ;
#1806 = DIRECTION ( 'NONE',  ( -1.000000000000000000, 0.000000000000000000, 0.000000000000000000 ) ) ;
#1807 = CARTESIAN_POINT ( 'NONE',  ( -101.7372789999999867, 56.26911099999999522, 2.000000000000000000 ) ) ;
#1808 = EDGE_LOOP ( 'NONE', ( #6331, #844 ) ) ;
#1809 = CARTESIAN_POINT ( 'NONE',  ( -77.73727900000001512, 77.96911099999999806, 2.000000000000000000 ) ) ;
#1810 = CARTESIAN_POINT ( 'NONE',  ( -115.4372790000000180, 31.86911099999999308, 5.000000000000000000 ) ) ;
#1811 = FACE_OUTER_BOUND ( 'NONE', #5437, .T. ) ;
#1812 = VECTOR ( 'NONE', #4275, 1000.000000000000000 ) ;
#1813 = DIRECTION ( 'NONE',  ( -0.000000000000000000, -0.000000000000000000, 1.000000000000000000 ) ) ;
#1814 = LINE ( 'NONE', #5452, #4353 ) ;
#1815 = DIRECTION ( 'NONE',  ( 1.000000000000000000, 0.000000000000000000, 0.000000000000000000 ) ) ;
#1816 = VECTOR ( 'NONE', #1406, 1000.000000000000000 ) ;
#1817 = DIRECTION ( 'NONE',  ( 0.000000000000000000, 0.000000000000000000, 1.000000000000000000 ) ) ;
#1818 = EDGE_LOOP ( 'NONE', ( #6962, #3433, #4472, #4206 ) ) ;
#1819 = VERTEX_POINT ( 'NONE', #5065 ) ;
#1820 = ORIENTED_EDGE ( 'NONE', *, *, #6098, .T. ) ;
#1821 = LINE ( 'NONE', #4326, #541 ) ;
#1822 = CIRCLE ( 'NONE', #4449, 0.3999999999999975797 ) ;
#1823 = FACE_BOUND ( 'NONE', #4927, .T. ) ;
#1824 = ADVANCED_FACE ( 'NONE', ( #3277 ), #5699, .F. ) ;
#1825 = VERTEX_POINT ( 'NONE', #5817 ) ;
#1826 = AXIS2_PLACEMENT_3D ( 'NONE', #3266, #2501, #5095 ) ;
#1827 = LINE ( 'NONE', #6877, #7677 ) ;
#1828 = DIRECTION ( 'NONE',  ( -1.000000000000000000, 0.000000000000000000, 0.000000000000000000 ) ) ;
#1829 = FACE_OUTER_BOUND ( 'NONE', #9, .T. ) ;
#1830 = ORIENTED_EDGE ( 'NONE', *, *, #3409, .T. ) ;
#1831 = LINE ( 'NONE', #4339, #5546 ) ;
#1832 = ORIENTED_EDGE ( 'NONE', *, *, #7702, .F. ) ;
#1833 = CARTESIAN_POINT ( 'NONE',  ( -20.18727900000001796, 36.86911099999999664, 2.000000000000000000 ) ) ;
#1834 = AXIS2_PLACEMENT_3D ( 'NONE', #3460, #4658, #4150 ) ;
#1835 = EDGE_CURVE ( 'NONE', #5237, #4153, #7635, .T. ) ;
#1836 = VECTOR ( 'NONE', #4135, 1000.000000000000000 ) ;
#1837 = VERTEX_POINT ( 'NONE', #157 ) ;
#1838 = CARTESIAN_POINT ( 'NONE',  ( -82.68727900000001796, 70.36911100000000374, 5.000000000000000000 ) ) ;
#1839 = VERTEX_POINT ( 'NONE', #112 ) ;
#1840 = EDGE_CURVE ( 'NONE', #1782, #423, #744, .T. ) ;
#1841 = CARTESIAN_POINT ( 'NONE',  ( 14.57485339871646346, 7.462336869566425612, 2.000000000000000000 ) ) ;
#1842 = VECTOR ( 'NONE', #361, 1000.000000000000227 ) ;
#1843 = LINE ( 'NONE', #3759, #7616 ) ;
#1844 = DIRECTION ( 'NONE',  ( 0.000000000000000000, 0.000000000000000000, 1.000000000000000000 ) ) ;
#1845 = DIRECTION ( 'NONE',  ( 0.000000000000000000, 0.000000000000000000, 1.000000000000000000 ) ) ;
#1846 = VECTOR ( 'NONE', #3675, 1000.000000000000114 ) ;
#1847 = AXIS2_PLACEMENT_3D ( 'NONE', #4296, #1140, #6837 ) ;
#1848 = FACE_OUTER_BOUND ( 'NONE', #6054, .T. ) ;
#1849 = DIRECTION ( 'NONE',  ( 0.000000000000000000, 0.000000000000000000, 1.000000000000000000 ) ) ;
#1850 = ORIENTED_EDGE ( 'NONE', *, *, #5191, .T. ) ;
#1851 = EDGE_CURVE ( 'NONE', #7838, #2575, #2676, .T. ) ;
#1852 = DIRECTION ( 'NONE',  ( -1.000000000000000000, 0.000000000000000000, 0.000000000000000000 ) ) ;
#1853 = DIRECTION ( 'NONE',  ( -1.000000000000000000, 1.694732965938710706E-13, 0.000000000000000000 ) ) ;
#1854 = AXIS2_PLACEMENT_3D ( 'NONE', #2978, #3471, #7914 ) ;
#1856 = CARTESIAN_POINT ( 'NONE',  ( -96.38727900000002080, 69.96911099999999806, 2.000000000000000000 ) ) ;
#1855 = VECTOR ( 'NONE', #500, 1000.000000000000000 ) ;
#1857 = DIRECTION ( 'NONE',  ( 0.000000000000000000, -0.000000000000000000, 1.000000000000000000 ) ) ;
#1858 = DIRECTION ( 'NONE',  ( -0.000000000000000000, -1.000000000000000000, -0.000000000000000000 ) ) ;
#1859 = ADVANCED_FACE ( 'NONE', ( #1275 ), #5152, .F. ) ;
#1860 = AXIS2_PLACEMENT_3D ( 'NONE', #5080, #1208, #8074 ) ;
#1861 = DIRECTION ( 'NONE',  ( 0.000000000000000000, 0.000000000000000000, -1.000000000000000000 ) ) ;
#1862 = CARTESIAN_POINT ( 'NONE',  ( -20.18727900000001796, 37.26911099999999522, 2.000000000000000000 ) ) ;
#1863 = ORIENTED_EDGE ( 'NONE', *, *, #4329, .T. ) ;
#1864 = EDGE_CURVE ( 'NONE', #4092, #1135, #383, .T. ) ;
#1865 = ORIENTED_EDGE ( 'NONE', *, *, #4592, .F. ) ;
#1866 = ORIENTED_EDGE ( 'NONE', *, *, #6070, .F. ) ;
#1867 = AXIS2_PLACEMENT_3D ( 'NONE', #1402, #5740, #3892 ) ;
#1868 = CARTESIAN_POINT ( 'NONE',  ( -20.58727900000001299, 61.26911099999998811, 2.000000000000000000 ) ) ;
#1869 = FACE_BOUND ( 'NONE', #3689, .T. ) ;
#1870 = ORIENTED_EDGE ( 'NONE', *, *, #7963, .F. ) ;
#1871 = ORIENTED_EDGE ( 'NONE', *, *, #7959, .T. ) ;
#1872 = CARTESIAN_POINT ( 'NONE',  ( -39.23727900000002933, 44.81911099999999237, 2.000000000000000000 ) ) ;
#1873 = CIRCLE ( 'NONE', #6800, 0.3999999999999975797 ) ;
#1874 = CARTESIAN_POINT ( 'NONE',  ( -28.52245667409789220, 3.439149119795067655, 5.000000000000000000 ) ) ;
#1875 = CARTESIAN_POINT ( 'NONE',  ( -44.58727900000002364, 63.91911100000000090, 2.000000000000000000 ) ) ;
#1876 = ORIENTED_EDGE ( 'NONE', *, *, #257, .T. ) ;
#1877 = CARTESIAN_POINT ( 'NONE',  ( -6.087279000000014761, 61.26911099999998811, 2.000000000000000000 ) ) ;
#1878 = ORIENTED_EDGE ( 'NONE', *, *, #1128, .F. ) ;
#1879 = DIRECTION ( 'NONE',  ( 1.000000000000000000, 0.000000000000000000, 0.000000000000000000 ) ) ;
#1880 = VERTEX_POINT ( 'NONE', #6933 ) ;
#1881 = EDGE_CURVE ( 'NONE', #7341, #8090, #4396, .T. ) ;
#1882 = CARTESIAN_POINT ( 'NONE',  ( -11.35708165697357686, 13.02298449617150666, 5.000000000000000000 ) ) ;
#1883 = CARTESIAN_POINT ( 'NONE',  ( -117.6122789999917018, 71.14411100000003785, 5.000000000000000000 ) ) ;
#1884 = EDGE_CURVE ( 'NONE', #3338, #2062, #76, .T. ) ;
#1885 = DIRECTION ( 'NONE',  ( 1.000000000000000000, 0.000000000000000000, 0.000000000000000000 ) ) ;
#1886 = DIRECTION ( 'NONE',  ( 0.5000000044811719890, 0.8660254011972327026, 0.000000000000000000 ) ) ;
#1887 = ADVANCED_FACE ( 'NONE', ( #7686 ), #7592, .F. ) ;
#1888 = CARTESIAN_POINT ( 'NONE',  ( -96.38727900000002080, 69.96911099999999806, 5.000000000000000000 ) ) ;
#1889 = ORIENTED_EDGE ( 'NONE', *, *, #2178, .F. ) ;
#1890 = CARTESIAN_POINT ( 'NONE',  ( -63.63727900000002080, 63.86911099999998953, 2.000000000000000000 ) ) ;
#1891 = VECTOR ( 'NONE', #6766, 1000.000000000000227 ) ;
#1892 = DIRECTION ( 'NONE',  ( 1.000000000000000000, 0.000000000000000000, 0.000000000000000000 ) ) ;
#1893 = VERTEX_POINT ( 'NONE', #6314 ) ;
#1894 = FACE_OUTER_BOUND ( 'NONE', #2747, .T. ) ;
#1895 = CARTESIAN_POINT ( 'NONE',  ( -22.36227899999999735, 77.14411099999999522, 5.000000000000000000 ) ) ;
#1896 = DIRECTION ( 'NONE',  ( 1.000000000000000000, 0.000000000000000000, 0.000000000000000000 ) ) ;
#1897 = ADVANCED_FACE ( 'NONE', ( #660 ), #3168, .F. ) ;
#1898 = DIRECTION ( 'NONE',  ( 0.000000000000000000, 0.000000000000000000, -1.000000000000000000 ) ) ;
#1899 = EDGE_CURVE ( 'NONE', #299, #8022, #1822, .T. ) ;
#1900 = CIRCLE ( 'NONE', #6525, 0.3999999999999975797 ) ;
#1901 = EDGE_CURVE ( 'NONE', #6505, #4142, #2797, .T. ) ;
#1902 = DIRECTION ( 'NONE',  ( 0.000000000000000000, -1.000000000000000000, -0.000000000000000000 ) ) ;
#1903 = DIRECTION ( 'NONE',  ( 0.000000000000000000, -0.000000000000000000, 1.000000000000000000 ) ) ;
#1904 = ORIENTED_EDGE ( 'NONE', *, *, #7620, .F. ) ;
#1905 = ORIENTED_EDGE ( 'NONE', *, *, #820, .T. ) ;
#1906 = ORIENTED_EDGE ( 'NONE', *, *, #7640, .T. ) ;
#1907 = AXIS2_PLACEMENT_3D ( 'NONE', #3284, #7820, #2148 ) ;
#1908 = EDGE_CURVE ( 'NONE', #1355, #1660, #2615, .T. ) ;
#1909 = DIRECTION ( 'NONE',  ( 0.000000000000000000, 0.000000000000000000, 1.000000000000000000 ) ) ;
#1910 = CARTESIAN_POINT ( 'NONE',  ( -82.68727900000001796, 37.21911099999999095, 2.000000000000000000 ) ) ;
#1911 = ORIENTED_EDGE ( 'NONE', *, *, #316, .T. ) ;
#1912 = EDGE_LOOP ( 'NONE', ( #2051, #3203, #475, #5877 ) ) ;
#1913 = CARTESIAN_POINT ( 'NONE',  ( -6.487279000000012452, 37.26911099999999522, 5.000000000000000000 ) ) ;
#1914 = DIRECTION ( 'NONE',  ( 0.000000000000000000, 0.000000000000000000, 1.000000000000000000 ) ) ;
#1915 = CARTESIAN_POINT ( 'NONE',  ( -39.63727900000002791, 64.26911099999999522, 2.000000000000000000 ) ) ;
#1916 = ORIENTED_EDGE ( 'NONE', *, *, #4494, .F. ) ;
#1917 = DIRECTION ( 'NONE',  ( 0.000000000000000000, 0.000000000000000000, -1.000000000000000000 ) ) ;
#1918 = EDGE_LOOP ( 'NONE', ( #2488, #5169, #5050, #2059 ) ) ;
#1919 = CYLINDRICAL_SURFACE ( 'NONE', #7417, 0.4000000000000010214 ) ;
#1920 = EDGE_CURVE ( 'NONE', #633, #7974, #2091, .T. ) ;
#1921 = VERTEX_POINT ( 'NONE', #6023 ) ;
#1922 = CARTESIAN_POINT ( 'NONE',  ( -44.58727900000002364, 69.26911099999999522, 2.000000000000000000 ) ) ;
#1924 = EDGE_CURVE ( 'NONE', #805, #5682, #4101, .T. ) ;
#1923 = VERTEX_POINT ( 'NONE', #1640 ) ;
#1925 = DIRECTION ( 'NONE',  ( 0.000000000000000000, 0.000000000000000000, 1.000000000000000000 ) ) ;
#1926 = FACE_OUTER_BOUND ( 'NONE', #1229, .T. ) ;
#1927 = DIRECTION ( 'NONE',  ( 0.000000000000000000, -1.000000000000000000, -0.000000000000000000 ) ) ;
#1928 = EDGE_CURVE ( 'NONE', #2502, #223, #1300, .T. ) ;
#1929 = FACE_BOUND ( 'NONE', #7432, .T. ) ;
#1930 = EDGE_CURVE ( 'NONE', #6695, #7450, #3521, .T. ) ;
#1931 = ORIENTED_EDGE ( 'NONE', *, *, #7603, .T. ) ;
#1932 = ADVANCED_FACE ( 'NONE', ( #360 ), #6064, .F. ) ;
#1933 = EDGE_CURVE ( 'NONE', #4773, #3914, #7234, .T. ) ;
#1934 = CARTESIAN_POINT ( 'NONE',  ( -63.63727900000002080, 25.76911099999999166, 5.000000000000000000 ) ) ;
#1935 = CIRCLE ( 'NONE', #2984, 1.125000000000000888 ) ;
#1936 = DIRECTION ( 'NONE',  ( -0.000000000000000000, -0.000000000000000000, -1.000000000000000000 ) ) ;
#1937 = VERTEX_POINT ( 'NONE', #1016 ) ;
#1938 = DIRECTION ( 'NONE',  ( 0.02449038266029713792, 0.9997000655982534179, 0.000000000000000000 ) ) ;
#1939 = FACE_OUTER_BOUND ( 'NONE', #6591, .T. ) ;
#1940 = EDGE_CURVE ( 'NONE', #3956, #563, #7930, .T. ) ;
#1941 = CARTESIAN_POINT ( 'NONE',  ( -79.51227900000000659, 73.14411099999999522, 2.000000000000000000 ) ) ;
#1942 = DIRECTION ( 'NONE',  ( -0.9997000655982533068, -0.02449038266029886918, 0.000000000000000000 ) ) ;
#1943 = VECTOR ( 'NONE', #5431, 1000.000000000000000 ) ;
#1944 = CARTESIAN_POINT ( 'NONE',  ( -39.63727900000002791, 77.96911099999999806, 2.000000000000000000 ) ) ;
#1945 = EDGE_CURVE ( 'NONE', #3198, #6890, #2176, .T. ) ;
#1946 = CARTESIAN_POINT ( 'NONE',  ( -20.58727900000001299, 36.86911099999999664, 2.000000000000000000 ) ) ;
#1947 = ORIENTED_EDGE ( 'NONE', *, *, #4957, .F. ) ;
#1948 = AXIS2_PLACEMENT_3D ( 'NONE', #2892, #1038, #6159 ) ;
#1949 = ADVANCED_FACE ( 'NONE', ( #7770 ), #899, .T. ) ;
#1950 = VERTEX_POINT ( 'NONE', #3407 ) ;
#1951 = ORIENTED_EDGE ( 'NONE', *, *, #7723, .T. ) ;
#1952 = DIRECTION ( 'NONE',  ( -0.000000000000000000, -0.000000000000000000, 1.000000000000000000 ) ) ;
#1953 = DIRECTION ( 'NONE',  ( -0.000000000000000000, -0.000000000000000000, 1.000000000000000000 ) ) ;
#1954 = AXIS2_PLACEMENT_3D ( 'NONE', #6442, #5745, #6403 ) ;
#1955 = EDGE_CURVE ( 'NONE', #926, #1125, #1479, .T. ) ;
#1956 = EDGE_LOOP ( 'NONE', ( #5854, #6190, #1527, #7071 ) ) ;
#1957 = ORIENTED_EDGE ( 'NONE', *, *, #4778, .T. ) ;
#1958 = LINE ( 'NONE', #5849, #7827 ) ;
#1959 = AXIS2_PLACEMENT_3D ( 'NONE', #2096, #5944, #981 ) ;
#1960 = CARTESIAN_POINT ( 'NONE',  ( -115.4372790000000180, 36.81911099999999237, 2.000000000000000000 ) ) ;
#1961 = DIRECTION ( 'NONE',  ( 1.000000000000000000, 0.000000000000000000, 0.000000000000000000 ) ) ;
#1962 = ORIENTED_EDGE ( 'NONE', *, *, #2988, .F. ) ;
#1963 = CARTESIAN_POINT ( 'NONE',  ( -101.3372790000000094, 31.86911099999999308, 2.000000000000000000 ) ) ;
#1964 = EDGE_CURVE ( 'NONE', #2967, #646, #315, .T. ) ;
#1965 = ORIENTED_EDGE ( 'NONE', *, *, #3007, .T. ) ;
#1966 = CARTESIAN_POINT ( 'NONE',  ( -117.6122789999917018, 71.14411100000003785, 2.000000000000000000 ) ) ;
#1967 = VECTOR ( 'NONE', #2357, 1000.000000000000000 ) ;
#1968 = ORIENTED_EDGE ( 'NONE', *, *, #6523, .T. ) ;
#1969 = CARTESIAN_POINT ( 'NONE',  ( -2.853684177437180836, 9.557274015923399091, 2.000000000000000000 ) ) ;
#1970 = ORIENTED_EDGE ( 'NONE', *, *, #6790, .F. ) ;
#1971 = CARTESIAN_POINT ( 'NONE',  ( -115.8372790000000094, 37.21911099999999095, 2.000000000000000000 ) ) ;
#1972 = EDGE_CURVE ( 'NONE', #2156, #2666, #4777, .T. ) ;
#1973 = DIRECTION ( 'NONE',  ( -1.000000000000000000, 0.000000000000000000, 0.000000000000000000 ) ) ;
#1974 = CARTESIAN_POINT ( 'NONE',  ( -44.58727900000002364, 68.86911100000000374, 2.000000000000000000 ) ) ;
#1975 = VECTOR ( 'NONE', #6033, 1000.000000000000000 ) ;
#1976 = LINE ( 'NONE', #1316, #8056 ) ;
#1977 = ADVANCED_FACE ( 'NONE', ( #6597 ), #3484, .F. ) ;
#1978 = ADVANCED_FACE ( 'NONE', ( #236 ), #2214, .F. ) ;
#1979 = DIRECTION ( 'NONE',  ( -1.000000000000000000, 0.000000000000000000, 0.000000000000000000 ) ) ;
#1980 = CIRCLE ( 'NONE', #6864, 0.4000000000000010214 ) ;
#1981 = FACE_OUTER_BOUND ( 'NONE', #1912, .T. ) ;
#1982 = ORIENTED_EDGE ( 'NONE', *, *, #3161, .T. ) ;
#1983 = CARTESIAN_POINT ( 'NONE',  ( 2.853684177437179059, -9.557274015923406196, 2.000000000000000000 ) ) ;
#1984 = LINE ( 'NONE', #7737, #6573 ) ;
#1985 = DIRECTION ( 'NONE',  ( -0.000000000000000000, -1.000000000000000000, -0.000000000000000000 ) ) ;
#1986 = AXIS2_PLACEMENT_3D ( 'NONE', #7758, #2088, #4594 ) ;
#1987 = AXIS2_PLACEMENT_3D ( 'NONE', #183, #3751, #2546 ) ;
#1988 = EDGE_CURVE ( 'NONE', #5963, #5601, #6761, .T. ) ;
#1989 = FACE_OUTER_BOUND ( 'NONE', #5909, .T. ) ;
#1990 = DIRECTION ( 'NONE',  ( -0.2588190399164175259, -0.9659258276786805153, 0.000000000000000000 ) ) ;
#1991 = ORIENTED_EDGE ( 'NONE', *, *, #4710, .F. ) ;
#1992 = AXIS2_PLACEMENT_3D ( 'NONE', #5755, #6375, #3783 ) ;
#1993 = ORIENTED_EDGE ( 'NONE', *, *, #2236, .F. ) ;
#1994 = ORIENTED_EDGE ( 'NONE', *, *, #1930, .T. ) ;
#1995 = EDGE_CURVE ( 'NONE', #599, #7112, #4255, .T. ) ;
#1996 = CARTESIAN_POINT ( 'NONE',  ( -49.96227899999999522, 2.944110999999999922, 5.000000000000000000 ) ) ;
#1997 = CARTESIAN_POINT ( 'NONE',  ( -77.33727900000002364, 25.76911099999999166, 2.000000000000000000 ) ) ;
#1998 = AXIS2_PLACEMENT_3D ( 'NONE', #835, #3252, #795 ) ;
#1999 = VECTOR ( 'NONE', #7407, 1000.000000000000000 ) ;
#2000 = CARTESIAN_POINT ( 'NONE',  ( -6.487279000000012452, 55.91911099999999379, 5.000000000000000000 ) ) ;
#2001 = ORIENTED_EDGE ( 'NONE', *, *, #887, .F. ) ;
#2002 = ORIENTED_EDGE ( 'NONE', *, *, #7062, .F. ) ;
#2003 = DIRECTION ( 'NONE',  ( -1.000000000000000000, 0.000000000000000000, 0.000000000000000000 ) ) ;
#2004 = AXIS2_PLACEMENT_3D ( 'NONE', #3986, #6524, #6975 ) ;
#2005 = DIRECTION ( 'NONE',  ( 1.000000000000000000, 0.000000000000000000, 0.000000000000000000 ) ) ;
#2006 = CARTESIAN_POINT ( 'NONE',  ( -44.58727900000002364, 30.76911099999999522, 2.000000000000000000 ) ) ;
#2007 = ORIENTED_EDGE ( 'NONE', *, *, #4737, .T. ) ;
#2008 = EDGE_CURVE ( 'NONE', #5810, #2502, #4294, .T. ) ;
#2009 = VECTOR ( 'NONE', #4462, 1000.000000000000000 ) ;
#2010 = CARTESIAN_POINT ( 'NONE',  ( -44.58727900000002364, 49.81911099999999237, 2.000000000000000000 ) ) ;
#2011 = ORIENTED_EDGE ( 'NONE', *, *, #30, .T. ) ;
#2012 = DIRECTION ( 'NONE',  ( -1.532579336855593627E-13, -1.000000000000000000, 0.000000000000000000 ) ) ;
#2013 = ORIENTED_EDGE ( 'NONE', *, *, #5835, .T. ) ;
#2014 = LINE ( 'NONE', #2672, #2558 ) ;
#2015 = ORIENTED_EDGE ( 'NONE', *, *, #8161, .T. ) ;
#2016 = ORIENTED_EDGE ( 'NONE', *, *, #2713, .T. ) ;
#2017 = DIRECTION ( 'NONE',  ( -0.000000000000000000, -0.000000000000000000, 1.000000000000000000 ) ) ;
#2018 = DIRECTION ( 'NONE',  ( 1.000000000000000000, -0.000000000000000000, -0.000000000000000000 ) ) ;
#2019 = DIRECTION ( 'NONE',  ( -1.000000000000000000, 0.000000000000000000, 0.000000000000000000 ) ) ;
#2020 = DIRECTION ( 'NONE',  ( 0.000000000000000000, 0.000000000000000000, 1.000000000000000000 ) ) ;
#2021 = ORIENTED_EDGE ( 'NONE', *, *, #7062, .T. ) ;
#2022 = CARTESIAN_POINT ( 'NONE',  ( -6.487279000000012452, 37.26911099999999522, 5.000000000000000000 ) ) ;
#2023 = LINE ( 'NONE', #2102, #3863 ) ;
#2024 = EDGE_LOOP ( 'NONE', ( #4707, #5591, #5420, #5386 ) ) ;
#2025 = DIRECTION ( 'NONE',  ( 1.000000000000000000, -0.000000000000000000, -0.000000000000000000 ) ) ;
#2026 = CARTESIAN_POINT ( 'NONE',  ( -4.312278999999719531, 19.52152838256456135, 2.000000000000000000 ) ) ;
#2027 = LINE ( 'NONE', #4531, #3544 ) ;
#2028 = VECTOR ( 'NONE', #2825, 1000.000000000000000 ) ;
#2029 = CARTESIAN_POINT ( 'NONE',  ( -79.51227899999999238, 23.99411100000227393, 5.000000000000000000 ) ) ;
#2030 = CARTESIAN_POINT ( 'NONE',  ( -63.63727900000002080, 63.86911099999998953, 5.000000000000000000 ) ) ;
#2031 = ORIENTED_EDGE ( 'NONE', *, *, #1628, .T. ) ;
#2032 = ORIENTED_EDGE ( 'NONE', *, *, #3161, .F. ) ;
#2033 = ORIENTED_EDGE ( 'NONE', *, *, #5060, .T. ) ;
#2034 = AXIS2_PLACEMENT_3D ( 'NONE', #3699, #3774, #1903 ) ;
#2035 = DIRECTION ( 'NONE',  ( -0.000000000000000000, -1.000000000000000000, -0.000000000000000000 ) ) ;
#2036 = CARTESIAN_POINT ( 'NONE',  ( -44.58727900000002364, 44.86911099999999664, 2.000000000000000000 ) ) ;
#2037 = AXIS2_PLACEMENT_3D ( 'NONE', #6856, #1936, #3688 ) ;
#2038 = EDGE_CURVE ( 'NONE', #7341, #2711, #5470, .T. ) ;
#2039 = EDGE_LOOP ( 'NONE', ( #1045, #3442, #5224, #6888, #5044, #3380, #5045, #4165 ) ) ;
#2040 = ORIENTED_EDGE ( 'NONE', *, *, #7094, .T. ) ;
#2041 = ORIENTED_EDGE ( 'NONE', *, *, #5613, .F. ) ;
#2042 = FACE_OUTER_BOUND ( 'NONE', #3470, .T. ) ;
#2043 = CARTESIAN_POINT ( 'NONE',  ( -44.18727900000002506, 50.21911099999999095, 2.000000000000000000 ) ) ;
#2044 = DIRECTION ( 'NONE',  ( 1.000000000000000000, 0.000000000000000000, 0.000000000000000000 ) ) ;
#2045 = EDGE_LOOP ( 'NONE', ( #507, #6188, #6228, #3220 ) ) ;
#2046 = EDGE_CURVE ( 'NONE', #4903, #1615, #7461, .T. ) ;
#2047 = DIRECTION ( 'NONE',  ( -0.000000000000000000, -0.000000000000000000, 1.000000000000000000 ) ) ;
#2048 = VERTEX_POINT ( 'NONE', #5432 ) ;
#2049 = CARTESIAN_POINT ( 'NONE',  ( -96.78727900000001227, 50.91911099999999379, 5.000000000000000000 ) ) ;
#2050 = ADVANCED_FACE ( 'NONE', ( #3710 ), #6140, .T. ) ;
#2051 = ORIENTED_EDGE ( 'NONE', *, *, #4710, .T. ) ;
#2052 = CARTESIAN_POINT ( 'NONE',  ( -78.51227900000000659, 80.14411100000000943, 5.000000000000000000 ) ) ;
#2053 = ORIENTED_EDGE ( 'NONE', *, *, #4157, .F. ) ;
#2054 = ORIENTED_EDGE ( 'NONE', *, *, #6724, .F. ) ;
#2055 = DIRECTION ( 'NONE',  ( 0.000000000000000000, 0.000000000000000000, 1.000000000000000000 ) ) ;
#2056 = VECTOR ( 'NONE', #2576, 1000.000000000000000 ) ;
#2057 = LINE ( 'NONE', #5900, #6035 ) ;
#2058 = CARTESIAN_POINT ( 'NONE',  ( -77.33727900000002364, 63.86911099999998953, 5.000000000000000000 ) ) ;
#2059 = ORIENTED_EDGE ( 'NONE', *, *, #1924, .T. ) ;
#2060 = CARTESIAN_POINT ( 'NONE',  ( -49.96227639142968258, 20.49838296832900042, 5.000000000000000000 ) ) ;
#2061 = DIRECTION ( 'NONE',  ( -0.000000000000000000, -0.000000000000000000, 1.000000000000000000 ) ) ;
#2062 = VERTEX_POINT ( 'NONE', #562 ) ;
#2063 = AXIS2_PLACEMENT_3D ( 'NONE', #1321, #712, #5075 ) ;
#2064 = DIRECTION ( 'NONE',  ( -0.000000000000000000, -0.000000000000000000, 1.000000000000000000 ) ) ;
#2065 = FACE_OUTER_BOUND ( 'NONE', #4452, .T. ) ;
#2066 = DIRECTION ( 'NONE',  ( -1.000000000000000000, 0.000000000000000000, 0.000000000000000000 ) ) ;
#2067 = EDGE_CURVE ( 'NONE', #338, #3506, #790, .T. ) ;
#2068 = AXIS2_PLACEMENT_3D ( 'NONE', #486, #2467, #35 ) ;
#2069 = CARTESIAN_POINT ( 'NONE',  ( -6.487279000000012452, 61.26911099999998811, 2.000000000000000000 ) ) ;
#2070 = LINE ( 'NONE', #249, #2169 ) ;
#2071 = ORIENTED_EDGE ( 'NONE', *, *, #7605, .T. ) ;
#2072 = ORIENTED_EDGE ( 'NONE', *, *, #5445, .F. ) ;
#2073 = ORIENTED_EDGE ( 'NONE', *, *, #2680, .T. ) ;
#2074 = AXIS2_PLACEMENT_3D ( 'NONE', #1054, #314, #980 ) ;
#2075 = FACE_OUTER_BOUND ( 'NONE', #1453, .T. ) ;
#2076 = DIRECTION ( 'NONE',  ( 1.000000000000000000, 0.000000000000000000, 0.000000000000000000 ) ) ;
#2077 = VECTOR ( 'NONE', #7991, 1000.000000000000000 ) ;
#2078 = ORIENTED_EDGE ( 'NONE', *, *, #6172, .T. ) ;
#2079 = EDGE_CURVE ( 'NONE', #7589, #7907, #6850, .T. ) ;
#2080 = ORIENTED_EDGE ( 'NONE', *, *, #4191, .T. ) ;
#2081 = CARTESIAN_POINT ( 'NONE',  ( -82.68727900000001796, 17.76911099999999166, 2.000000000000000000 ) ) ;
#2082 = FACE_OUTER_BOUND ( 'NONE', #5306, .T. ) ;
#2083 = LINE ( 'NONE', #1504, #6713 ) ;
#2084 = ORIENTED_EDGE ( 'NONE', *, *, #2802, .F. ) ;
#2085 = LINE ( 'NONE', #3353, #6869 ) ;
#2086 = CIRCLE ( 'NONE', #6704, 0.3999999999999975797 ) ;
#2087 = ORIENTED_EDGE ( 'NONE', *, *, #3447, .T. ) ;
#2088 = DIRECTION ( 'NONE',  ( -0.000000000000000000, -0.000000000000000000, 1.000000000000000000 ) ) ;
#2089 = VERTEX_POINT ( 'NONE', #6181 ) ;
#2090 = CARTESIAN_POINT ( 'NONE',  ( -11.35708165697357686, 13.02298449617150666, 2.000000000000000000 ) ) ;
#2091 = CIRCLE ( 'NONE', #3650, 0.3999999999999975797 ) ;
#2092 = VERTEX_POINT ( 'NONE', #3562 ) ;
#2093 = DIRECTION ( 'NONE',  ( -0.000000000000000000, -0.000000000000000000, 1.000000000000000000 ) ) ;
#2094 = EDGE_CURVE ( 'NONE', #2462, #6116, #6103, .T. ) ;
#2095 = DIRECTION ( 'NONE',  ( -1.000000000000000000, 0.000000000000000000, 0.000000000000000000 ) ) ;
#2096 = CARTESIAN_POINT ( 'NONE',  ( -99.06227900000000375, 34.54411100000000090, 2.000000000000000000 ) ) ;
#2097 = FACE_BOUND ( 'NONE', #7990, .T. ) ;
#2098 = EDGE_CURVE ( 'NONE', #225, #890, #1792, .T. ) ;
#2099 = CARTESIAN_POINT ( 'NONE',  ( -20.58727900000001299, 61.26911099999998811, 5.000000000000000000 ) ) ;
#2100 = EDGE_LOOP ( 'NONE', ( #8052, #4846, #2784, #2707 ) ) ;
#2101 = DIRECTION ( 'NONE',  ( 1.000000000000000000, 0.000000000000000000, 0.000000000000000000 ) ) ;
#2102 = CARTESIAN_POINT ( 'NONE',  ( -44.58727900000002364, 64.31911099999997816, 2.000000000000000000 ) ) ;
#2103 = ORIENTED_EDGE ( 'NONE', *, *, #6853, .F. ) ;
#2104 = AXIS2_PLACEMENT_3D ( 'NONE', #372, #2311, #6077 ) ;
#2105 = CARTESIAN_POINT ( 'NONE',  ( -25.13727900000002791, 26.16911099999998669, 2.000000000000000000 ) ) ;
#2106 = CYLINDRICAL_SURFACE ( 'NONE', #4047, 0.9977672882801880139 ) ;
#2107 = FACE_OUTER_BOUND ( 'NONE', #379, .T. ) ;
#2108 = ADVANCED_FACE ( 'NONE', ( #4814 ), #4851, .T. ) ;
#2109 = EDGE_CURVE ( 'NONE', #2911, #1355, #401, .T. ) ;
#2110 = AXIS2_PLACEMENT_3D ( 'NONE', #5040, #45, #6862 ) ;
#2111 = DIRECTION ( 'NONE',  ( 1.000000000000000000, 0.000000000000000000, 0.000000000000000000 ) ) ;
#2112 = LINE ( 'NONE', #4625, #7045 ) ;
#2113 = ORIENTED_EDGE ( 'NONE', *, *, #929, .F. ) ;
#2114 = ORIENTED_EDGE ( 'NONE', *, *, #6744, .T. ) ;
#2115 = ORIENTED_EDGE ( 'NONE', *, *, #2832, .T. ) ;
#2116 = VECTOR ( 'NONE', #2012, 1000.000000000000000 ) ;
#2117 = AXIS2_PLACEMENT_3D ( 'NONE', #8089, #2991, #479 ) ;
#2118 = CARTESIAN_POINT ( 'NONE',  ( -23.36227899999621016, 78.14411099999999522, 2.000000000000000000 ) ) ;
#2119 = VECTOR ( 'NONE', #6663, 1000.000000000000000 ) ;
#2120 = CARTESIAN_POINT ( 'NONE',  ( -6.487279000000012452, 60.86911099999998953, 2.000000000000000000 ) ) ;
#2121 = VECTOR ( 'NONE', #4091, 1000.000000000000000 ) ;
#2122 = ORIENTED_EDGE ( 'NONE', *, *, #443, .F. ) ;
#2123 = EDGE_LOOP ( 'NONE', ( #1957, #2910, #7666, #7321 ) ) ;
#2124 = CARTESIAN_POINT ( 'NONE',  ( 0.000000000000000000, 0.000000000000000000, 0.000000000000000000 ) ) ;
#2125 = DIRECTION ( 'NONE',  ( 1.000000000000000000, 0.000000000000000000, 0.000000000000000000 ) ) ;
#2126 = ORIENTED_EDGE ( 'NONE', *, *, #1884, .F. ) ;
#2127 = VECTOR ( 'NONE', #5789, 1000.000000000000000 ) ;
#2128 = AXIS2_PLACEMENT_3D ( 'NONE', #7113, #1122, #3543 ) ;
#2129 = DIRECTION ( 'NONE',  ( -0.000000000000000000, -0.000000000000000000, 1.000000000000000000 ) ) ;
#2130 = ORIENTED_EDGE ( 'NONE', *, *, #313, .F. ) ;
#2131 = DIRECTION ( 'NONE',  ( -0.000000000000000000, -0.000000000000000000, 1.000000000000000000 ) ) ;
#2132 = ORIENTED_EDGE ( 'NONE', *, *, #730, .F. ) ;
#2133 = CYLINDRICAL_SURFACE ( 'NONE', #3342, 0.3999999999999975797 ) ;
#2134 = VECTOR ( 'NONE', #5436, 1000.000000000000114 ) ;
#2135 = ORIENTED_EDGE ( 'NONE', *, *, #4495, .F. ) ;
#2136 = LINE ( 'NONE', #4811, #3539 ) ;
#2137 = EDGE_CURVE ( 'NONE', #1461, #3550, #2454, .T. ) ;
#2138 = EDGE_CURVE ( 'NONE', #3355, #6467, #3271, .T. ) ;
#2139 = LINE ( 'NONE', #7211, #5106 ) ;
#2140 = DIRECTION ( 'NONE',  ( 0.000000000000000000, 0.000000000000000000, 1.000000000000000000 ) ) ;
#2141 = CARTESIAN_POINT ( 'NONE',  ( -58.68727900000002506, 63.91911100000000090, 2.000000000000000000 ) ) ;
#2142 = EDGE_CURVE ( 'NONE', #6467, #6305, #3630, .T. ) ;
#2143 = VERTEX_POINT ( 'NONE', #3032 ) ;
#2144 = DIRECTION ( 'NONE',  ( 0.000000000000000000, 0.000000000000000000, 1.000000000000000000 ) ) ;
#2145 = EDGE_CURVE ( 'NONE', #7357, #1547, #4933, .T. ) ;
#2146 = CARTESIAN_POINT ( 'NONE',  ( -22.86227900000000091, 60.09411099999999806, 5.000000000000000000 ) ) ;
#2147 = ADVANCED_FACE ( 'NONE', ( #1829 ), #4335, .F. ) ;
#2148 = DIRECTION ( 'NONE',  ( 1.000000000000000000, 0.000000000000000000, 0.000000000000000000 ) ) ;
#2149 = VERTEX_POINT ( 'NONE', #4176 ) ;
#2150 = DIRECTION ( 'NONE',  ( 1.000000000000000000, -0.000000000000000000, 0.000000000000000000 ) ) ;
#2151 = LINE ( 'NONE', #7270, #7230 ) ;
#2152 = LINE ( 'NONE', #4826, #921 ) ;
#2153 = CARTESIAN_POINT ( 'NONE',  ( -6.087279000000014761, 36.86911099999999664, 5.000000000000000000 ) ) ;
#2154 = CARTESIAN_POINT ( 'NONE',  ( -101.3372789999999952, 56.26911099999999522, 5.000000000000000000 ) ) ;
#2155 = ORIENTED_EDGE ( 'NONE', *, *, #7190, .F. ) ;
#2156 = VERTEX_POINT ( 'NONE', #6717 ) ;
#2157 = EDGE_LOOP ( 'NONE', ( #7279, #938, #6876, #2531 ) ) ;
#2158 = EDGE_CURVE ( 'NONE', #136, #2540, #387, .T. ) ;
#2159 = CARTESIAN_POINT ( 'NONE',  ( -44.58727900000002364, 64.31911099999997816, 5.000000000000000000 ) ) ;
#2160 = CARTESIAN_POINT ( 'NONE',  ( -58.28727900000002649, 63.91911100000000090, 2.000000000000000000 ) ) ;
#2161 = ORIENTED_EDGE ( 'NONE', *, *, #324, .F. ) ;
#2162 = ORIENTED_EDGE ( 'NONE', *, *, #3235, .T. ) ;
#2163 = VECTOR ( 'NONE', #4182, 1000.000000000000000 ) ;
#2164 = DIRECTION ( 'NONE',  ( -1.000000000000000000, 0.000000000000000000, 0.000000000000000000 ) ) ;
#2165 = VERTEX_POINT ( 'NONE', #4464 ) ;
#2166 = CARTESIAN_POINT ( 'NONE',  ( -39.63727900000002791, 45.21911099999999095, 2.000000000000000000 ) ) ;
#2167 = ORIENTED_EDGE ( 'NONE', *, *, #2538, .F. ) ;
#2168 = LINE ( 'NONE', #1670, #2396 ) ;
#2169 = VECTOR ( 'NONE', #2770, 1000.000000000000000 ) ;
#2170 = VERTEX_POINT ( 'NONE', #7001 ) ;
#2171 = ORIENTED_EDGE ( 'NONE', *, *, #5643, .T. ) ;
#2172 = LINE ( 'NONE', #7172, #2028 ) ;
#2173 = ORIENTED_EDGE ( 'NONE', *, *, #7963, .T. ) ;
#2174 = CARTESIAN_POINT ( 'NONE',  ( -58.68727900000002506, 63.91911100000000090, 5.000000000000000000 ) ) ;
#2175 = CYLINDRICAL_SURFACE ( 'NONE', #3384, 0.9977672882768851004 ) ;
#2176 = LINE ( 'NONE', #4137, #784 ) ;
#2177 = VECTOR ( 'NONE', #7267, 1000.000000000000000 ) ;
#2178 = EDGE_CURVE ( 'NONE', #3666, #6390, #6921, .T. ) ;
#2179 = CARTESIAN_POINT ( 'NONE',  ( -28.23961395899298665, 2.949251172757027195, 2.000000000000000000 ) ) ;
#2180 = ORIENTED_EDGE ( 'NONE', *, *, #1238, .T. ) ;
#2181 = CARTESIAN_POINT ( 'NONE',  ( -25.53727900000002293, 25.76911099999999166, 2.000000000000000000 ) ) ;
#2182 = FACE_OUTER_BOUND ( 'NONE', #7367, .T. ) ;
#2183 = CARTESIAN_POINT ( 'NONE',  ( -43.41227899999998385, 85.14411099999728094, 2.000000000000000000 ) ) ;
#2184 = VERTEX_POINT ( 'NONE', #1263 ) ;
#2185 = FACE_OUTER_BOUND ( 'NONE', #171, .T. ) ;
#2186 = CARTESIAN_POINT ( 'NONE',  ( -82.68727900000001796, 32.26911099999998811, 2.000000000000000000 ) ) ;
#2187 = DIRECTION ( 'NONE',  ( 0.000000000000000000, 0.000000000000000000, -1.000000000000000000 ) ) ;
#2188 = EDGE_CURVE ( 'NONE', #5810, #6935, #1041, .T. ) ;
#2189 = DIRECTION ( 'NONE',  ( 0.000000000000000000, -0.000000000000000000, 1.000000000000000000 ) ) ;
#2190 = DIRECTION ( 'NONE',  ( 1.000000000000000000, -0.000000000000000000, 0.000000000000000000 ) ) ;
#2191 = ORIENTED_EDGE ( 'NONE', *, *, #307, .T. ) ;
#2192 = VERTEX_POINT ( 'NONE', #2578 ) ;
#2193 = ORIENTED_EDGE ( 'NONE', *, *, #3208, .T. ) ;
#2194 = LINE ( 'NONE', #2776, #3041 ) ;
#2195 = CLOSED_SHELL ( 'NONE', ( #3451, #1739, #6148, #1491, #5936, #6333, #3328, #6379, #685, #5536, #3154, #2539, #7863, #6478, #635, #1656, #949, #1742, #1558, #3993, #5924, #1949, #4914, #5111, #6576, #2050, #5986, #122, #4375, #77, #1653, #1859, #2746, #2446, #1391, #6174, #1779, #4649, #564, #5996, #5824, #491, #6388, #7069, #4258, #4036, #7421, #2532, #2108, #8176, #7445, #5371, #590, #8126, #79, #4718, #4709, #1287, #4996, #3101, #6836, #2790, #3913, #347, #357, #2909, #4089, #7594, #5486, #2202, #6986, #2893, #6613, #3367, #3489, #6753, #5905, #3500, #5572, #7710, #6577, #457, #2327, #2493, #6743, #1134, #1977, #2547, #7328, #2975, #1179, #417, #7981, #1324, #5128, #2646, #5631, #5834, #610, #3339, #5485, #689, #6931, #8062, #3836, #3349, #7891, #71, #6133, #7361, #5931, #7154, #5312, #924, #3242, #5743, #1532, #6119, #2668, #2402, #2844, #2370, #6240, #6944, #1887, #5622, #5421, #6361, #2346, #4619, #4399, #4411, #5267, #3951, #4911, #7678, #4975, #566, #656, #6509, #2308, #382, #5482, #4775, #498, #240, #5250, #6691, #7339, #1932, #1634, #5676, #131, #2271, #7614, #7241, #2438, #4328, #404, #1112, #4486, #1356, #3818, #3941, #2268, #993, #5627, #5496, #1623, #1219, #5123, #5781, #7458, #210, #2679, #4561, #6428, #4607, #4915, #4447, #2657, #2457, #1785, #7181, #3596, #5777, #959, #780, #4617, #5677, #5078, #4042, #2461, #5524, #7012, #1399, #5535, #7350, #5978, #5879, #1596, #6738, #7332, #6406, #3962, #6936, #5830, #1897, #715, #20, #2743, #2479, #453, #5369, #6884, #7237, #2611, #6895, #4784, #7408, #771, #6626, #4798, #1978, #1296, #4168, #7219, #2857, #396, #1136, #2147, #529, #7910, #7079, #5791, #352, #1824, #6013 ) ) ;
#2196 = CARTESIAN_POINT ( 'NONE',  ( -59.56053300000017714, 85.14170400000188010, 5.000000000000000000 ) ) ;
#2197 = EDGE_CURVE ( 'NONE', #4882, #304, #5053, .T. ) ;
#2198 = EDGE_LOOP ( 'NONE', ( #6423, #5126, #3341, #1334 ) ) ;
#2199 = AXIS2_PLACEMENT_3D ( 'NONE', #2598, #7059, #6528 ) ;
#2200 = ORIENTED_EDGE ( 'NONE', *, *, #6953, .F. ) ;
#2201 = EDGE_LOOP ( 'NONE', ( #3929, #757, #1264, #2173 ) ) ;
#2202 = ADVANCED_FACE ( 'NONE', ( #5761 ), #767, .F. ) ;
#2203 = CARTESIAN_POINT ( 'NONE',  ( -58.28727900000002649, 49.81911099999999237, 2.000000000000000000 ) ) ;
#2204 = ORIENTED_EDGE ( 'NONE', *, *, #8112, .T. ) ;
#2205 = LINE ( 'NONE', #7334, #7018 ) ;
#2206 = CIRCLE ( 'NONE', #2992, 0.3999999999999975797 ) ;
#2207 = EDGE_LOOP ( 'NONE', ( #5842, #3620, #4557, #7879, #1581, #4344, #6, #1578 ) ) ;
#2208 = CARTESIAN_POINT ( 'NONE',  ( -39.63727900000002791, 64.26911099999999522, 5.000000000000000000 ) ) ;
#2209 = EDGE_CURVE ( 'NONE', #7173, #8178, #5659, .T. ) ;
#2210 = VERTEX_POINT ( 'NONE', #6343 ) ;
#2211 = CARTESIAN_POINT ( 'NONE',  ( -48.96227899999998812, 1.944110999997723521, 5.000000000000000000 ) ) ;
#2212 = CIRCLE ( 'NONE', #4845, 0.3999999999999975797 ) ;
#2213 = CARTESIAN_POINT ( 'NONE',  ( -39.23727900000002933, 78.36911099999998953, 5.000000000000000000 ) ) ;
#2214 = PLANE ( 'NONE',  #7782 ) ;
#2215 = AXIS2_PLACEMENT_3D ( 'NONE', #3321, #4433, #7014 ) ;
#2216 = CARTESIAN_POINT ( 'NONE',  ( -28.13608634302641676, 3.335621503828499979, 2.000000000000000000 ) ) ;
#2217 = ORIENTED_EDGE ( 'NONE', *, *, #1586, .T. ) ;
#2218 = DIRECTION ( 'NONE',  ( 0.000000000000000000, 1.000000000000000000, 0.000000000000000000 ) ) ;
#2219 = VECTOR ( 'NONE', #2840, 1000.000000000000000 ) ;
#2220 = LINE ( 'NONE', #366, #2818 ) ;
#2221 = LINE ( 'NONE', #448, #2177 ) ;
#2222 = ORIENTED_EDGE ( 'NONE', *, *, #3314, .T. ) ;
#2223 = DIRECTION ( 'NONE',  ( 1.000000000000000000, 0.000000000000000000, 0.000000000000000000 ) ) ;
#2224 = FACE_OUTER_BOUND ( 'NONE', #5046, .T. ) ;
#2225 = DIRECTION ( 'NONE',  ( 0.000000000000000000, 0.000000000000000000, 1.000000000000000000 ) ) ;
#2226 = DIRECTION ( 'NONE',  ( 0.000000000000000000, 0.000000000000000000, -1.000000000000000000 ) ) ;
#2227 = AXIS2_PLACEMENT_3D ( 'NONE', #4895, #3076, #3598 ) ;
#2228 = DIRECTION ( 'NONE',  ( -0.000000000000000000, -0.000000000000000000, 1.000000000000000000 ) ) ;
#2229 = VERTEX_POINT ( 'NONE', #6301 ) ;
#2230 = ORIENTED_EDGE ( 'NONE', *, *, #2947, .T. ) ;
#2231 = EDGE_LOOP ( 'NONE', ( #2574, #932, #283, #667 ) ) ;
#2232 = DIRECTION ( 'NONE',  ( -1.000000000000000000, 0.000000000000000000, 0.000000000000000000 ) ) ;
#2233 = DIRECTION ( 'NONE',  ( 1.000000000000000000, -0.000000000000000000, -0.000000000000000000 ) ) ;
#2234 = AXIS2_PLACEMENT_3D ( 'NONE', #5401, #1654, #2187 ) ;
#2235 = ORIENTED_EDGE ( 'NONE', *, *, #616, .F. ) ;
#2236 = EDGE_CURVE ( 'NONE', #3068, #6844, #2665, .T. ) ;
#2237 = EDGE_CURVE ( 'NONE', #1483, #2694, #645, .T. ) ;
#2238 = APPLICATION_CONTEXT ( 'automotive_design' ) ;
#2239 = LINE ( 'NONE', #4758, #7 ) ;
#2240 = ORIENTED_EDGE ( 'NONE', *, *, #2511, .F. ) ;
#2241 = VECTOR ( 'NONE', #1600, 1000.000000000000000 ) ;
#2242 = ORIENTED_EDGE ( 'NONE', *, *, #4361, .T. ) ;
#2243 = ORIENTED_EDGE ( 'NONE', *, *, #7094, .F. ) ;
#2244 = EDGE_CURVE ( 'NONE', #1495, #7961, #7375, .T. ) ;
#2245 = DIRECTION ( 'NONE',  ( 1.000000000000000000, 0.000000000000000000, 0.000000000000000000 ) ) ;
#2246 = EDGE_LOOP ( 'NONE', ( #461, #2267, #5314, #3523 ) ) ;
#2247 = CYLINDRICAL_SURFACE ( 'NONE', #8081, 0.3999999999999975797 ) ;
#2248 = CIRCLE ( 'NONE', #4474, 0.3999999999999975797 ) ;
#2249 = VECTOR ( 'NONE', #3837, 1000.000000000000000 ) ;
#2250 = ORIENTED_EDGE ( 'NONE', *, *, #7481, .F. ) ;
#2251 = CARTESIAN_POINT ( 'NONE',  ( -10.97071132590210496, 12.91945688020494032, 2.000000000000000000 ) ) ;
#2252 = ORIENTED_EDGE ( 'NONE', *, *, #2038, .F. ) ;
#2253 = CARTESIAN_POINT ( 'NONE',  ( -44.18727900000002506, 31.16911099999999379, 2.000000000000000000 ) ) ;
#2254 = AXIS2_PLACEMENT_3D ( 'NONE', #6097, #4376, #3624 ) ;
#2255 = VECTOR ( 'NONE', #5537, 1000.000000000000000 ) ;
#2256 = DIRECTION ( 'NONE',  ( 1.000000000000000000, 0.000000000000000000, 0.000000000000000000 ) ) ;
#2257 = CARTESIAN_POINT ( 'NONE',  ( -78.51227900000000659, 80.14411100000000943, 2.000000000000000000 ) ) ;
#2258 = DIRECTION ( 'NONE',  ( 0.000000000000000000, 0.000000000000000000, 1.000000000000000000 ) ) ;
#2259 = VERTEX_POINT ( 'NONE', #5012 ) ;
#2260 = CARTESIAN_POINT ( 'NONE',  ( -115.8372790000000094, 18.16911099999998669, 5.000000000000000000 ) ) ;
#2261 = EDGE_CURVE ( 'NONE', #369, #5253, #7245, .T. ) ;
#2262 = VECTOR ( 'NONE', #1691, 1000.000000000000000 ) ;
#2263 = CIRCLE ( 'NONE', #6879, 0.3999999999999975797 ) ;
#2264 = VERTEX_POINT ( 'NONE', #3155 ) ;
#2265 = LINE ( 'NONE', #6562, #7976 ) ;
#2266 = FACE_OUTER_BOUND ( 'NONE', #4331, .T. ) ;
#2267 = ORIENTED_EDGE ( 'NONE', *, *, #5788, .T. ) ;
#2268 = ADVANCED_FACE ( 'NONE', ( #5686 ), #3834, .F. ) ;
#2269 = CARTESIAN_POINT ( 'NONE',  ( -101.7372789999999867, 70.36911100000000374, 5.000000000000000000 ) ) ;
#2270 = DIRECTION ( 'NONE',  ( -0.000000000000000000, -0.000000000000000000, 1.000000000000000000 ) ) ;
#2271 = ADVANCED_FACE ( 'NONE', ( #5183 ), #1423, .F. ) ;
#2272 = AXIS2_PLACEMENT_3D ( 'NONE', #2965, #5487, #4029 ) ;
#2273 = DIRECTION ( 'NONE',  ( 1.000000000000000000, 0.000000000000000000, 0.000000000000000000 ) ) ;
#2274 = DIRECTION ( 'NONE',  ( 0.000000000000000000, 1.000000000000000000, 0.000000000000000000 ) ) ;
#2275 = FACE_OUTER_BOUND ( 'NONE', #3236, .T. ) ;
#2276 = EDGE_LOOP ( 'NONE', ( #376, #5429, #138, #7912 ) ) ;
#2277 = ORIENTED_EDGE ( 'NONE', *, *, #4575, .F. ) ;
#2278 = ORIENTED_EDGE ( 'NONE', *, *, #5586, .T. ) ;
#2279 = DIRECTION ( 'NONE',  ( 0.000000000000000000, 0.000000000000000000, 1.000000000000000000 ) ) ;
#2280 = LINE ( 'NONE', #4797, #5424 ) ;
#2281 = ORIENTED_EDGE ( 'NONE', *, *, #6056, .T. ) ;
#2282 = CARTESIAN_POINT ( 'NONE',  ( -15.00643011979506447, -0.5965696740978921886, 2.000000000000000000 ) ) ;
#2283 = ORIENTED_EDGE ( 'NONE', *, *, #4883, .F. ) ;
#2284 = ORIENTED_EDGE ( 'NONE', *, *, #3174, .F. ) ;
#2285 = ORIENTED_EDGE ( 'NONE', *, *, #2761, .F. ) ;
#2286 = ORIENTED_EDGE ( 'NONE', *, *, #8054, .F. ) ;
#2287 = CARTESIAN_POINT ( 'NONE',  ( -42.41227899999999806, 84.14411099999999522, 2.000000000000000000 ) ) ;
#2288 = VERTEX_POINT ( 'NONE', #5138 ) ;
#2289 = CYLINDRICAL_SURFACE ( 'NONE', #5014, 0.3999999999999975797 ) ;
#2290 = EDGE_CURVE ( 'NONE', #6959, #5054, #5639, .T. ) ;
#2291 = AXIS2_PLACEMENT_3D ( 'NONE', #5566, #2382, #4345 ) ;
#2292 = ORIENTED_EDGE ( 'NONE', *, *, #796, .F. ) ;
#2293 = VERTEX_POINT ( 'NONE', #7713 ) ;
#2294 = DIRECTION ( 'NONE',  ( -0.000000000000000000, -0.000000000000000000, 1.000000000000000000 ) ) ;
#2295 = DIRECTION ( 'NONE',  ( 0.000000000000000000, 0.000000000000000000, 1.000000000000000000 ) ) ;
#2296 = DIRECTION ( 'NONE',  ( -0.000000000000000000, -0.000000000000000000, 1.000000000000000000 ) ) ;
#2297 = DIRECTION ( 'NONE',  ( -1.000000000000000000, 0.000000000000000000, 0.000000000000000000 ) ) ;
#2298 = AXIS2_PLACEMENT_3D ( 'NONE', #419, #1115, #3576 ) ;
#2299 = EDGE_LOOP ( 'NONE', ( #2821, #1870, #2579, #1127 ) ) ;
#2300 = DIRECTION ( 'NONE',  ( 0.000000000000000000, 0.000000000000000000, 1.000000000000000000 ) ) ;
#2301 = EDGE_CURVE ( 'NONE', #5467, #6672, #142, .T. ) ;
#2302 = EDGE_CURVE ( 'NONE', #5807, #5843, #6978, .T. ) ;
#2303 = ORIENTED_EDGE ( 'NONE', *, *, #4727, .F. ) ;
#2304 = LINE ( 'NONE', #4821, #3335 ) ;
#2305 = AXIS2_PLACEMENT_3D ( 'NONE', #4654, #2061, #5782 ) ;
#2306 = CARTESIAN_POINT ( 'NONE',  ( -59.46452166131000183, 84.14856685720401686, 5.000000000000000000 ) ) ;
#2307 = ORIENTED_EDGE ( 'NONE', *, *, #321, .T. ) ;
#2308 = ADVANCED_FACE ( 'NONE', ( #8171 ), #7543, .F. ) ;
#2309 = CARTESIAN_POINT ( 'NONE',  ( -47.03727899999999806, 24.49411100000000019, 2.000000000000000000 ) ) ;
#2310 = CARTESIAN_POINT ( 'NONE',  ( -96.78727900000001227, 18.16911099999998669, 2.000000000000000000 ) ) ;
#2311 = DIRECTION ( 'NONE',  ( 0.000000000000000000, 0.000000000000000000, 1.000000000000000000 ) ) ;
#2312 = EDGE_CURVE ( 'NONE', #2450, #7357, #118, .T. ) ;
#2313 = CARTESIAN_POINT ( 'NONE',  ( -96.38727900000002080, 17.76911099999999166, 5.000000000000000000 ) ) ;
#2314 = CARTESIAN_POINT ( 'NONE',  ( -33.68727900000002506, 4.119110999999994860, 2.000000000000000000 ) ) ;
#2315 = ORIENTED_EDGE ( 'NONE', *, *, #339, .F. ) ;
#2316 = ORIENTED_EDGE ( 'NONE', *, *, #4507, .F. ) ;
#2317 = CARTESIAN_POINT ( 'NONE',  ( -49.96227899999999522, 2.944110999999999922, 2.000000000000000000 ) ) ;
#2318 = CARTESIAN_POINT ( 'NONE',  ( -20.18727900000001796, 74.96911099999999806, 2.000000000000000000 ) ) ;
#2319 = DIRECTION ( 'NONE',  ( -0.000000000000000000, -1.000000000000000000, -0.000000000000000000 ) ) ;
#2320 = VERTEX_POINT ( 'NONE', #181 ) ;
#2321 = DIRECTION ( 'NONE',  ( -0.000000000000000000, -0.000000000000000000, 1.000000000000000000 ) ) ;
#2322 = AXIS2_PLACEMENT_3D ( 'NONE', #2902, #5379, #6012 ) ;
#2323 = ORIENTED_EDGE ( 'NONE', *, *, #7813, .T. ) ;
#2324 = ORIENTED_EDGE ( 'NONE', *, *, #1105, .F. ) ;
#2325 = EDGE_LOOP ( 'NONE', ( #3192, #6500, #494, #2606, #3122, #1342, #7027, #4590 ) ) ;
#2326 = LINE ( 'NONE', #3069, #2383 ) ;
#2327 = ADVANCED_FACE ( 'NONE', ( #4637 ), #8027, .F. ) ;
#2328 = CARTESIAN_POINT ( 'NONE',  ( -6.487279000000012452, 61.26911099999998811, 5.000000000000000000 ) ) ;
#2329 = EDGE_CURVE ( 'NONE', #6775, #6825, #5851, .T. ) ;
#2330 = VECTOR ( 'NONE', #5698, 1000.000000000000000 ) ;
#2331 = ORIENTED_EDGE ( 'NONE', *, *, #5518, .F. ) ;
#2332 = LINE ( 'NONE', #7376, #5019 ) ;
#2333 = DIRECTION ( 'NONE',  ( 1.000000000000000000, 0.000000000000000000, 0.000000000000000000 ) ) ;
#2334 = DIRECTION ( 'NONE',  ( -0.4999999956896525877, -0.8660254062730189384, 0.000000000000000000 ) ) ;
#2335 = CARTESIAN_POINT ( 'NONE',  ( -116.6145216613000173, 71.14856685720400264, 2.000000000000000000 ) ) ;
#2336 = AXIS2_PLACEMENT_3D ( 'NONE', #7634, #1973, #4476 ) ;
#2337 = ORIENTED_EDGE ( 'NONE', *, *, #7766, .F. ) ;
#2338 = FACE_OUTER_BOUND ( 'NONE', #4124, .T. ) ;
#2339 = EDGE_LOOP ( 'NONE', ( #3465, #3736, #31, #470, #127, #6469, #4962, #7148 ) ) ;
#2340 = CARTESIAN_POINT ( 'NONE',  ( -59.56053300000017714, 85.14170400000188010, 2.000000000000000000 ) ) ;
#2341 = AXIS2_PLACEMENT_3D ( 'NONE', #1698, #7956, #1080 ) ;
#2342 = LINE ( 'NONE', #5354, #66 ) ;
#2343 = EDGE_LOOP ( 'NONE', ( #7538, #4535, #3221, #3306 ) ) ;
#2344 = DIRECTION ( 'NONE',  ( 1.000000000000000000, -0.000000000000000000, -0.000000000000000000 ) ) ;
#2345 = DIRECTION ( 'NONE',  ( 1.000000000000000000, 0.000000000000000000, 0.000000000000000000 ) ) ;
#2346 = ADVANCED_FACE ( 'NONE', ( #4589 ), #810, .F. ) ;
#2347 = FACE_OUTER_BOUND ( 'NONE', #8040, .T. ) ;
#2348 = AXIS2_PLACEMENT_3D ( 'NONE', #3095, #1282, #5493 ) ;
#2349 = PLANE ( 'NONE',  #7142 ) ;
#2350 = DIRECTION ( 'NONE',  ( -0.02449038266015775289, -0.9997000655982568595, 0.000000000000000000 ) ) ;
#2351 = ORIENTED_EDGE ( 'NONE', *, *, #8031, .T. ) ;
#2352 = AXIS2_PLACEMENT_3D ( 'NONE', #3608, #4906, #3643 ) ;
#2353 = VERTEX_POINT ( 'NONE', #1464 ) ;
#2354 = CARTESIAN_POINT ( 'NONE',  ( -44.58727900000002364, 50.21911099999999095, 5.000000000000000000 ) ) ;
#2355 = DIRECTION ( 'NONE',  ( 0.000000000000000000, 1.000000000000000000, 0.000000000000000000 ) ) ;
#2356 = VECTOR ( 'NONE', #3455, 1000.000000000000114 ) ;
#2357 = DIRECTION ( 'NONE',  ( 0.4999999999999998890, 0.8660254037844387076, 0.000000000000000000 ) ) ;
#2358 = CARTESIAN_POINT ( 'NONE',  ( -39.63727900000002791, 58.91911099999999379, 2.000000000000000000 ) ) ;
#2359 = AXIS2_PLACEMENT_3D ( 'NONE', #3195, #7625, #2044 ) ;
#2360 = DIRECTION ( 'NONE',  ( 0.000000000000000000, 0.000000000000000000, 1.000000000000000000 ) ) ;
#2361 = ORIENTED_EDGE ( 'NONE', *, *, #8104, .F. ) ;
#2362 = VERTEX_POINT ( 'NONE', #6545 ) ;
#2363 = ORIENTED_EDGE ( 'NONE', *, *, #5720, .T. ) ;
#2364 = VECTOR ( 'NONE', #7696, 1000.000000000000000 ) ;
#2365 = EDGE_CURVE ( 'NONE', #3422, #1950, #886, .T. ) ;
#2366 = CIRCLE ( 'NONE', #7935, 0.3999999999999975797 ) ;
#2367 = DIRECTION ( 'NONE',  ( -0.000000000000000000, -0.000000000000000000, -1.000000000000000000 ) ) ;
#2368 = FACE_BOUND ( 'NONE', #198, .T. ) ;
#2369 = CIRCLE ( 'NONE', #6989, 0.9977672882740817872 ) ;
#2370 = ADVANCED_FACE ( 'NONE', ( #7406 ), #222, .F. ) ;
#2371 = ORIENTED_EDGE ( 'NONE', *, *, #4340, .T. ) ;
#2372 = DIRECTION ( 'NONE',  ( -0.000000000000000000, -0.000000000000000000, 1.000000000000000000 ) ) ;
#2373 = DIRECTION ( 'NONE',  ( 1.000000000000000000, -0.000000000000000000, 0.000000000000000000 ) ) ;
#2374 = CARTESIAN_POINT ( 'NONE',  ( -58.28727900000002649, 69.26911099999999522, 5.000000000000000000 ) ) ;
#2375 = AXIS2_PLACEMENT_3D ( 'NONE', #4386, #2995, #1226 ) ;
#2376 = AXIS2_PLACEMENT_3D ( 'NONE', #5140, #2667, #146 ) ;
#2377 = CARTESIAN_POINT ( 'NONE',  ( -82.28727900000001227, 18.16911099999998669, 2.000000000000000000 ) ) ;
#2378 = EDGE_LOOP ( 'NONE', ( #4780, #6449, #4991, #1087 ) ) ;
#2379 = CARTESIAN_POINT ( 'NONE',  ( -9.557274015923402644, -2.853684177437183056, 2.000000000000000000 ) ) ;
#2381 = ORIENTED_EDGE ( 'NONE', *, *, #1184, .F. ) ;
#2380 = VECTOR ( 'NONE', #3190, 1000.000000000000000 ) ;
#2382 = DIRECTION ( 'NONE',  ( -0.000000000000000000, -0.000000000000000000, -1.000000000000000000 ) ) ;
#2383 = VECTOR ( 'NONE', #4285, 1000.000000000000000 ) ;
#2384 = FACE_OUTER_BOUND ( 'NONE', #1223, .T. ) ;
#2385 = CYLINDRICAL_SURFACE ( 'NONE', #5360, 0.3999999999999975797 ) ;
#2386 = CARTESIAN_POINT ( 'NONE',  ( -41.41227900000000517, 80.14411100000000943, 2.000000000000000000 ) ) ;
#2387 = LINE ( 'NONE', #3644, #2636 ) ;
#2388 = CIRCLE ( 'NONE', #5423, 0.3999999999999975797 ) ;
#2389 = EDGE_CURVE ( 'NONE', #2568, #2229, #1081, .T. ) ;
#2390 = AXIS2_PLACEMENT_3D ( 'NONE', #2181, #7216, #1556 ) ;
#2391 = EDGE_CURVE ( 'NONE', #4809, #3970, #7166, .T. ) ;
#2392 = PLANE ( 'NONE',  #3309 ) ;
#2393 = CARTESIAN_POINT ( 'NONE',  ( -101.7372790000000151, 31.86911099999999308, 5.000000000000000000 ) ) ;
#2394 = VERTEX_POINT ( 'NONE', #849 ) ;
#2395 = AXIS2_PLACEMENT_3D ( 'NONE', #4567, #7777, #2762 ) ;
#2396 = VECTOR ( 'NONE', #5340, 1000.000000000000000 ) ;
#2397 = ORIENTED_EDGE ( 'NONE', *, *, #1851, .F. ) ;
#2398 = LINE ( 'NONE', #7442, #4849 ) ;
#2399 = CARTESIAN_POINT ( 'NONE',  ( -115.4372790000000180, 18.16911099999998669, 2.000000000000000000 ) ) ;
#2400 = CARTESIAN_POINT ( 'NONE',  ( -25.13727900000002791, 26.16911099999998669, 5.000000000000000000 ) ) ;
#2401 = LINE ( 'NONE', #6161, #1855 ) ;
#2402 = ADVANCED_FACE ( 'NONE', ( #5219 ), #265, .F. ) ;
#2403 = ORIENTED_EDGE ( 'NONE', *, *, #6843, .T. ) ;
#2404 = CYLINDRICAL_SURFACE ( 'NONE', #4491, 0.3999999999999975797 ) ;
#2405 = DIRECTION ( 'NONE',  ( -0.000000000000000000, -0.000000000000000000, 1.000000000000000000 ) ) ;
#2406 = ORIENTED_EDGE ( 'NONE', *, *, #3594, .F. ) ;
#2407 = ORIENTED_EDGE ( 'NONE', *, *, #4595, .T. ) ;
#2408 = ORIENTED_EDGE ( 'NONE', *, *, #3796, .T. ) ;
#2409 = LINE ( 'NONE', #6215, #6996 ) ;
#2410 = FACE_BOUND ( 'NONE', #2339, .T. ) ;
#2411 = ORIENTED_EDGE ( 'NONE', *, *, #3734, .F. ) ;
#2412 = AXIS2_PLACEMENT_3D ( 'NONE', #5353, #447, #5275 ) ;
#2413 = DIRECTION ( 'NONE',  ( 1.000000000000000000, 0.000000000000000000, 0.000000000000000000 ) ) ;
#2414 = CARTESIAN_POINT ( 'NONE',  ( -58.28727900000002649, 69.26911099999999522, 2.000000000000000000 ) ) ;
#2415 = DIRECTION ( 'NONE',  ( 1.000000000000000000, 0.000000000000000000, 0.000000000000000000 ) ) ;
#2416 = EDGE_LOOP ( 'NONE', ( #1200, #6416, #1298, #1820 ) ) ;
#2417 = LINE ( 'NONE', #3631, #4875 ) ;
#2418 = ORIENTED_EDGE ( 'NONE', *, *, #6048, .T. ) ;
#2419 = DIRECTION ( 'NONE',  ( -1.000000000000000000, 0.000000000000000000, 0.000000000000000000 ) ) ;
#2420 = VECTOR ( 'NONE', #5989, 1000.000000000000000 ) ;
#2421 = ORIENTED_EDGE ( 'NONE', *, *, #5515, .F. ) ;
#2422 = EDGE_CURVE ( 'NONE', #2089, #6351, #2083, .T. ) ;
#2423 = DIRECTION ( 'NONE',  ( -0.000000000000000000, -0.000000000000000000, -1.000000000000000000 ) ) ;
#2424 = ORIENTED_EDGE ( 'NONE', *, *, #3705, .F. ) ;
#2425 = FACE_OUTER_BOUND ( 'NONE', #3541, .T. ) ;
#2426 = DIRECTION ( 'NONE',  ( -0.000000000000000000, -0.000000000000000000, 1.000000000000000000 ) ) ;
#2427 = CARTESIAN_POINT ( 'NONE',  ( -99.06227900000000375, 53.59411099999999806, 5.000000000000000000 ) ) ;
#2428 = AXIS2_PLACEMENT_3D ( 'NONE', #6155, #7901, #4792 ) ;
#2429 = DIRECTION ( 'NONE',  ( 0.000000000000000000, 0.000000000000000000, 1.000000000000000000 ) ) ;
#2430 = DIRECTION ( 'NONE',  ( 0.000000000000000000, 0.000000000000000000, 1.000000000000000000 ) ) ;
#2431 = DIRECTION ( 'NONE',  ( 0.9997000655982551942, 0.02449038266022485200, 0.000000000000000000 ) ) ;
#2432 = EDGE_LOOP ( 'NONE', ( #3873, #3943, #6534, #4912, #2923, #1280, #6311, #5691 ) ) ;
#2433 = CARTESIAN_POINT ( 'NONE',  ( -60.46227899999620803, 84.14411100000000943, 2.000000000000000000 ) ) ;
#2434 = FACE_OUTER_BOUND ( 'NONE', #7088, .T. ) ;
#2435 = DIRECTION ( 'NONE',  ( 1.000000000000000000, 0.000000000000000000, 0.000000000000000000 ) ) ;
#2436 = FACE_OUTER_BOUND ( 'NONE', #5000, .T. ) ;
#2437 = VECTOR ( 'NONE', #2431, 1000.000000000000114 ) ;
#2438 = ADVANCED_FACE ( 'NONE', ( #305 ), #2783, .F. ) ;
#2439 = CARTESIAN_POINT ( 'NONE',  ( -4.312278999999766604, 76.14411100000025101, 2.000000000000000000 ) ) ;
#2440 = EDGE_CURVE ( 'NONE', #6040, #2485, #5890, .T. ) ;
#2441 = FACE_OUTER_BOUND ( 'NONE', #1626, .T. ) ;
#2442 = CARTESIAN_POINT ( 'NONE',  ( -23.36468599999864182, 79.24236500000012029, 2.000000000000000000 ) ) ;
#2443 = ORIENTED_EDGE ( 'NONE', *, *, #8188, .T. ) ;
#2444 = ORIENTED_EDGE ( 'NONE', *, *, #25, .T. ) ;
#2445 = ORIENTED_EDGE ( 'NONE', *, *, #7730, .F. ) ;
#2446 = ADVANCED_FACE ( 'NONE', ( #5300 ), #4675, .T. ) ;
#2447 = CARTESIAN_POINT ( 'NONE',  ( -79.51673485719999235, 22.99635366131899872, 5.000000000000000000 ) ) ;
#2448 = DIRECTION ( 'NONE',  ( 0.000000000000000000, 0.000000000000000000, 1.000000000000000000 ) ) ;
#2449 = PRODUCT_DEFINITION_CONTEXT ( 'detailed design', #2238, 'design' ) ;
#2450 = VERTEX_POINT ( 'NONE', #927 ) ;
#2451 = AXIS2_PLACEMENT_3D ( 'NONE', #2433, #3651, #3056 ) ;
#2452 = CYLINDRICAL_SURFACE ( 'NONE', #544, 1.000000000000000000 ) ;
#2453 = DIRECTION ( 'NONE',  ( 0.000000000000000000, -0.000000000000000000, 1.000000000000000000 ) ) ;
#2454 = LINE ( 'NONE', #4217, #1046 ) ;
#2455 = ORIENTED_EDGE ( 'NONE', *, *, #6991, .F. ) ;
#2456 = CARTESIAN_POINT ( 'NONE',  ( -77.73727900000001512, 26.16911099999998669, 2.000000000000000000 ) ) ;
#2457 = ADVANCED_FACE ( 'NONE', ( #3581 ), #2819, .F. ) ;
#2458 = EDGE_LOOP ( 'NONE', ( #6411, #4086, #6804, #6003 ) ) ;
#2459 = DIRECTION ( 'NONE',  ( -0.000000000000000000, -0.000000000000000000, -1.000000000000000000 ) ) ;
#2460 = AXIS2_PLACEMENT_3D ( 'NONE', #1274, #8096, #4905 ) ;
#2461 = ADVANCED_FACE ( 'NONE', ( #6121 ), #3136, .F. ) ;
#2462 = VERTEX_POINT ( 'NONE', #7444 ) ;
#2463 = LINE ( 'NONE', #1838, #8101 ) ;
#2464 = ORIENTED_EDGE ( 'NONE', *, *, #4598, .T. ) ;
#2465 = LINE ( 'NONE', #5520, #251 ) ;
#2466 = CIRCLE ( 'NONE', #1286, 1.125000000000000888 ) ;
#2467 = DIRECTION ( 'NONE',  ( -0.000000000000000000, -0.000000000000000000, -1.000000000000000000 ) ) ;
#2468 = DIRECTION ( 'NONE',  ( -1.202741610010586673E-13, 1.000000000000000000, 0.000000000000000000 ) ) ;
#2469 = DIRECTION ( 'NONE',  ( -0.8660254037844388186, 0.4999999999999997224, 0.000000000000000000 ) ) ;
#2470 = VECTOR ( 'NONE', #3014, 1000.000000000000000 ) ;
#2471 = LINE ( 'NONE', #5656, #7688 ) ;
#2472 = CARTESIAN_POINT ( 'NONE',  ( -48.96227899999998812, 1.944110999997723521, 2.000000000000000000 ) ) ;
#2473 = VERTEX_POINT ( 'NONE', #3061 ) ;
#2474 = LINE ( 'NONE', #1809, #4284 ) ;
#2475 = CARTESIAN_POINT ( 'NONE',  ( 9.557274015923420407, 2.853684177437178171, 5.000000000000000000 ) ) ;
#2476 = CARTESIAN_POINT ( 'NONE',  ( -82.68727900000001796, 56.26911099999999522, 2.000000000000000000 ) ) ;
#2477 = CIRCLE ( 'NONE', #6173, 0.4000000000000010214 ) ;
#2478 = CARTESIAN_POINT ( 'NONE',  ( 2.937125132992000065, -10.96753045566000040, 2.000000000000000000 ) ) ;
#2479 = ADVANCED_FACE ( 'NONE', ( #4277 ), #7565, .F. ) ;
#2480 = AXIS2_PLACEMENT_3D ( 'NONE', #191, #6470, #3240 ) ;
#2481 = LINE ( 'NONE', #4995, #7278 ) ;
#2482 = DIRECTION ( 'NONE',  ( -0.000000000000000000, -0.000000000000000000, 1.000000000000000000 ) ) ;
#2483 = AXIS2_PLACEMENT_3D ( 'NONE', #6245, #583, #1364 ) ;
#2484 = DIRECTION ( 'NONE',  ( -1.000000000000000000, 0.000000000000000000, 0.000000000000000000 ) ) ;
#2485 = VERTEX_POINT ( 'NONE', #2400 ) ;
#2486 = AXIS2_PLACEMENT_3D ( 'NONE', #742, #2055, #6355 ) ;
#2487 = ORIENTED_EDGE ( 'NONE', *, *, #6538, .F. ) ;
#2488 = ORIENTED_EDGE ( 'NONE', *, *, #8132, .T. ) ;
#2489 = CARTESIAN_POINT ( 'NONE',  ( -115.8372790000000094, 18.16911099999998669, 2.000000000000000000 ) ) ;
#2490 = AXIS2_PLACEMENT_3D ( 'NONE', #3722, #3206, #4563 ) ;
#2491 = CARTESIAN_POINT ( 'NONE',  ( -44.58727900000002364, 30.76911099999999522, 2.000000000000000000 ) ) ;
#2492 = AXIS2_PLACEMENT_3D ( 'NONE', #859, #7089, #3362 ) ;
#2493 = ADVANCED_FACE ( 'NONE', ( #5665 ), #6247, .F. ) ;
#2494 = EDGE_CURVE ( 'NONE', #7757, #856, #1245, .T. ) ;
#2495 = ORIENTED_EDGE ( 'NONE', *, *, #1382, .F. ) ;
#2496 = AXIS2_PLACEMENT_3D ( 'NONE', #7122, #4873, #3435 ) ;
#2497 = ORIENTED_EDGE ( 'NONE', *, *, #1908, .T. ) ;
#2498 = CARTESIAN_POINT ( 'NONE',  ( -63.63727900000002080, 78.36911099999998953, 2.000000000000000000 ) ) ;
#2499 = VECTOR ( 'NONE', #4098, 1000.000000000000000 ) ;
#2500 = DIRECTION ( 'NONE',  ( -0.000000000000000000, -0.000000000000000000, 1.000000000000000000 ) ) ;
#2501 = DIRECTION ( 'NONE',  ( 0.000000000000000000, 0.000000000000000000, 1.000000000000000000 ) ) ;
#2502 = VERTEX_POINT ( 'NONE', #6204 ) ;
#2503 = DIRECTION ( 'NONE',  ( 0.02449038266015570245, -0.9997000655982569706, 0.000000000000000000 ) ) ;
#2504 = EDGE_LOOP ( 'NONE', ( #7255, #7028, #1994, #7229, #5257, #1555, #5547, #5056 ) ) ;
#2505 = DIRECTION ( 'NONE',  ( 1.000000000000000000, 0.000000000000000000, 0.000000000000000000 ) ) ;
#2506 = VECTOR ( 'NONE', #752, 1000.000000000000000 ) ;
#2507 = EDGE_CURVE ( 'NONE', #4465, #8042, #4460, .T. ) ;
#2508 = EDGE_LOOP ( 'NONE', ( #6685, #6507, #6955, #7926 ) ) ;
#2509 = CARTESIAN_POINT ( 'NONE',  ( -14.51653217275702445, -0.3137269589929864155, 5.000000000000000000 ) ) ;
#2510 = ORIENTED_EDGE ( 'NONE', *, *, #1267, .F. ) ;
#2511 = EDGE_CURVE ( 'NONE', #3422, #3054, #1315, .T. ) ;
#2512 = CARTESIAN_POINT ( 'NONE',  ( -11.25355404100700873, 13.40935482724297856, 2.000000000000000000 ) ) ;
#2513 = AXIS2_PLACEMENT_3D ( 'NONE', #4436, #38, #4479 ) ;
#2514 = DIRECTION ( 'NONE',  ( -0.000000000000000000, -0.000000000000000000, 1.000000000000000000 ) ) ;
#2515 = LINE ( 'NONE', #4306, #8169 ) ;
#2516 = DIRECTION ( 'NONE',  ( -1.000000000000000000, 0.000000000000000000, 0.000000000000000000 ) ) ;
#2517 = AXIS2_PLACEMENT_3D ( 'NONE', #3268, #5055, #6422 ) ;
#2518 = DIRECTION ( 'NONE',  ( -0.000000000000000000, -0.000000000000000000, -1.000000000000000000 ) ) ;
#2519 = CARTESIAN_POINT ( 'NONE',  ( -115.4372790000000180, 51.31911099999999237, 2.000000000000000000 ) ) ;
#2520 = ORIENTED_EDGE ( 'NONE', *, *, #6282, .F. ) ;
#2521 = DIRECTION ( 'NONE',  ( 1.000000000000000000, 0.000000000000000000, 0.000000000000000000 ) ) ;
#2522 = CARTESIAN_POINT ( 'NONE',  ( -115.8372790000000094, 50.91911099999999379, 2.000000000000000000 ) ) ;
#2523 = VECTOR ( 'NONE', #7652, 1000.000000000000000 ) ;
#2524 = VECTOR ( 'NONE', #508, 1000.000000000000114 ) ;
#2525 = DIRECTION ( 'NONE',  ( 0.000000000000000000, 1.000000000000000000, 0.000000000000000000 ) ) ;
#2526 = DIRECTION ( 'NONE',  ( 0.000000000000000000, 0.000000000000000000, -1.000000000000000000 ) ) ;
#2527 = CIRCLE ( 'NONE', #556, 0.3999999999999975797 ) ;
#2528 = CARTESIAN_POINT ( 'NONE',  ( -53.46030958397999200, 20.49838296832900042, 2.000000000000000000 ) ) ;
#2529 = VECTOR ( 'NONE', #5351, 1000.000000000000000 ) ;
#2530 = DIRECTION ( 'NONE',  ( -0.000000000000000000, -0.000000000000000000, 1.000000000000000000 ) ) ;
#2531 = ORIENTED_EDGE ( 'NONE', *, *, #7804, .T. ) ;
#2532 = ADVANCED_FACE ( 'NONE', ( #2436 ), #6818, .T. ) ;
#2533 = VERTEX_POINT ( 'NONE', #7523 ) ;
#2534 = ORIENTED_EDGE ( 'NONE', *, *, #4317, .F. ) ;
#2535 = EDGE_CURVE ( 'NONE', #8178, #1311, #1284, .T. ) ;
#2536 = PLANE ( 'NONE',  #1595 ) ;
#2537 = CARTESIAN_POINT ( 'NONE',  ( -25.53727900000002293, 40.26911099999998811, 2.000000000000000000 ) ) ;
#2538 = EDGE_CURVE ( 'NONE', #2089, #6340, #7922, .T. ) ;
#2539 = ADVANCED_FACE ( 'NONE', ( #6904 ), #4365, .T. ) ;
#2540 = VERTEX_POINT ( 'NONE', #6284 ) ;
#2541 = ORIENTED_EDGE ( 'NONE', *, *, #1972, .F. ) ;
#2542 = DIRECTION ( 'NONE',  ( 0.000000000000000000, 0.000000000000000000, -1.000000000000000000 ) ) ;
#2543 = CARTESIAN_POINT ( 'NONE',  ( -63.63727900000002080, 25.76911099999999166, 2.000000000000000000 ) ) ;
#2544 = CARTESIAN_POINT ( 'NONE',  ( -44.58727900000002364, 44.86911099999999664, 5.000000000000000000 ) ) ;
#2545 = ORIENTED_EDGE ( 'NONE', *, *, #4131, .T. ) ;
#2546 = DIRECTION ( 'NONE',  ( -1.000000000000000000, 0.000000000000000000, 0.000000000000000000 ) ) ;
#2547 = ADVANCED_FACE ( 'NONE', ( #3770 ), #1206, .F. ) ;
#2548 = ORIENTED_EDGE ( 'NONE', *, *, #2789, .T. ) ;
#2549 = CARTESIAN_POINT ( 'NONE',  ( -25.53727900000002293, 44.81911099999999237, 5.000000000000000000 ) ) ;
#2550 = ORIENTED_EDGE ( 'NONE', *, *, #4900, .F. ) ;
#2551 = CARTESIAN_POINT ( 'NONE',  ( -20.18727900000001796, 60.86911099999998953, 2.000000000000000000 ) ) ;
#2552 = VERTEX_POINT ( 'NONE', #4239 ) ;
#2553 = CARTESIAN_POINT ( 'NONE',  ( -96.38727900000002080, 18.16911099999998669, 5.000000000000000000 ) ) ;
#2554 = FACE_OUTER_BOUND ( 'NONE', #7680, .T. ) ;
#2555 = DIRECTION ( 'NONE',  ( 0.000000000000000000, 0.000000000000000000, 1.000000000000000000 ) ) ;
#2556 = FACE_BOUND ( 'NONE', #6254, .T. ) ;
#2557 = DIRECTION ( 'NONE',  ( 1.000000000000000000, 0.000000000000000000, 0.000000000000000000 ) ) ;
#2558 = VECTOR ( 'NONE', #5061, 1000.000000000000114 ) ;
#2559 = LINE ( 'NONE', #5073, #1121 ) ;
#2560 = ORIENTED_EDGE ( 'NONE', *, *, #1835, .F. ) ;
#2561 = DIRECTION ( 'NONE',  ( -1.000000000000000000, 0.000000000000000000, 0.000000000000000000 ) ) ;
#2562 = CARTESIAN_POINT ( 'NONE',  ( -25.53727900000002293, 40.26911099999998811, 2.000000000000000000 ) ) ;
#2563 = CARTESIAN_POINT ( 'NONE',  ( -43.40782314279000076, 84.14635366131901151, 2.000000000000000000 ) ) ;
#2564 = CARTESIAN_POINT ( 'NONE',  ( -59.46227900000000233, 85.14411099999999522, 2.000000000000000000 ) ) ;
#2565 = AXIS2_PLACEMENT_3D ( 'NONE', #5543, #6593, #310 ) ;
#2566 = CARTESIAN_POINT ( 'NONE',  ( -49.96227899999999522, 2.944110999999999922, 5.000000000000000000 ) ) ;
#2567 = CARTESIAN_POINT ( 'NONE',  ( -82.68727900000001796, 69.96911099999999806, 2.000000000000000000 ) ) ;
#2568 = VERTEX_POINT ( 'NONE', #6778 ) ;
#2569 = EDGE_LOOP ( 'NONE', ( #2660, #8117, #691, #1404, #2361, #6546, #3906, #3082, #7815 ) ) ;
#2570 = EDGE_CURVE ( 'NONE', #3586, #5671, #7480, .T. ) ;
#2571 = ORIENTED_EDGE ( 'NONE', *, *, #37, .F. ) ;
#2572 = DIRECTION ( 'NONE',  ( -0.000000000000000000, -0.000000000000000000, 1.000000000000000000 ) ) ;
#2573 = CARTESIAN_POINT ( 'NONE',  ( -58.28727900000002649, 31.16911099999999379, 5.000000000000000000 ) ) ;
#2574 = ORIENTED_EDGE ( 'NONE', *, *, #5964, .T. ) ;
#2575 = VERTEX_POINT ( 'NONE', #499 ) ;
#2576 = DIRECTION ( 'NONE',  ( 1.000000000000000000, -0.000000000000000000, -0.000000000000000000 ) ) ;
#2577 = CARTESIAN_POINT ( 'NONE',  ( -79.51468599999864750, 73.04585699999988435, 2.000000000000000000 ) ) ;
#2578 = CARTESIAN_POINT ( 'NONE',  ( -80.50987199999886457, 23.09236499999989078, 5.000000000000000000 ) ) ;
#2579 = ORIENTED_EDGE ( 'NONE', *, *, #6481, .F. ) ;
#2580 = CARTESIAN_POINT ( 'NONE',  ( -25.13727900000002791, 45.21911099999999095, 5.000000000000000000 ) ) ;
#2581 = ORIENTED_EDGE ( 'NONE', *, *, #573, .T. ) ;
#2582 = FACE_OUTER_BOUND ( 'NONE', #5305, .T. ) ;
#2583 = ORIENTED_EDGE ( 'NONE', *, *, #5749, .T. ) ;
#2584 = CARTESIAN_POINT ( 'NONE',  ( -117.6122789999917018, 71.14411100000003785, 5.000000000000000000 ) ) ;
#2585 = ORIENTED_EDGE ( 'NONE', *, *, #636, .F. ) ;
#2586 = LINE ( 'NONE', #1312, #3006 ) ;
#2587 = DIRECTION ( 'NONE',  ( -0.000000000000000000, -0.000000000000000000, 1.000000000000000000 ) ) ;
#2588 = DIRECTION ( 'NONE',  ( -0.000000000000000000, -0.000000000000000000, 1.000000000000000000 ) ) ;
#2589 = FACE_BOUND ( 'NONE', #2432, .T. ) ;
#2590 = AXIS2_PLACEMENT_3D ( 'NONE', #3177, #2561, #3812 ) ;
#2591 = EDGE_LOOP ( 'NONE', ( #2222, #6253, #4470, #6382 ) ) ;
#2592 = EDGE_CURVE ( 'NONE', #6259, #6364, #2631, .T. ) ;
#2593 = CARTESIAN_POINT ( 'NONE',  ( -39.23727900000002933, 78.36911099999998953, 2.000000000000000000 ) ) ;
#2594 = AXIS2_PLACEMENT_3D ( 'NONE', #3286, #165, #7186 ) ;
#2595 = EDGE_CURVE ( 'NONE', #968, #2288, #3694, .T. ) ;
#2596 = CARTESIAN_POINT ( 'NONE',  ( -6.487279000000012452, 56.31911099999999237, 2.000000000000000000 ) ) ;
#2597 = ORIENTED_EDGE ( 'NONE', *, *, #5434, .T. ) ;
#2598 = CARTESIAN_POINT ( 'NONE',  ( -45.91227899999999806, 24.49411100000000019, 5.000000000000000000 ) ) ;
#2599 = CARTESIAN_POINT ( 'NONE',  ( -61.46227899999998812, 80.14411100000272370, 2.000000000000000000 ) ) ;
#2600 = DIRECTION ( 'NONE',  ( -0.000000000000000000, -0.000000000000000000, 1.000000000000000000 ) ) ;
#2601 = DIRECTION ( 'NONE',  ( 1.000000000000000000, 0.000000000000000000, 0.000000000000000000 ) ) ;
#2602 = DIRECTION ( 'NONE',  ( 0.000000000000000000, 1.000000000000000000, 0.000000000000000000 ) ) ;
#2603 = VERTEX_POINT ( 'NONE', #8108 ) ;
#2604 = AXIS2_PLACEMENT_3D ( 'NONE', #2476, #3060, #4315 ) ;
#2605 = ORIENTED_EDGE ( 'NONE', *, *, #6990, .F. ) ;
#2606 = ORIENTED_EDGE ( 'NONE', *, *, #2703, .F. ) ;
#2607 = EDGE_CURVE ( 'NONE', #4581, #2184, #4954, .T. ) ;
#2608 = LINE ( 'NONE', #1375, #7946 ) ;
#2609 = DIRECTION ( 'NONE',  ( 1.000000000000000000, 0.000000000000000000, 0.000000000000000000 ) ) ;
#2610 = VECTOR ( 'NONE', #7150, 1000.000000000000000 ) ;
#2611 = ADVANCED_FACE ( 'NONE', ( #3816 ), #3855, .F. ) ;
#2612 = ORIENTED_EDGE ( 'NONE', *, *, #5823, .F. ) ;
#2613 = EDGE_LOOP ( 'NONE', ( #4502, #6244, #5972, #5413, #2583, #2898, #2217, #1372 ) ) ;
#2614 = LINE ( 'NONE', #4423, #6541 ) ;
#2615 = CIRCLE ( 'NONE', #5122, 0.9977672882801047471 ) ;
#2616 = CARTESIAN_POINT ( 'NONE',  ( -39.23727900000002933, 58.91911099999999379, 2.000000000000000000 ) ) ;
#2617 = CARTESIAN_POINT ( 'NONE',  ( -20.58727900000001299, 42.21911099999999095, 2.000000000000000000 ) ) ;
#2618 = ORIENTED_EDGE ( 'NONE', *, *, #69, .F. ) ;
#2619 = CIRCLE ( 'NONE', #5517, 0.9977672882800978638 ) ;
#2620 = DIRECTION ( 'NONE',  ( -0.000000000000000000, -0.000000000000000000, 1.000000000000000000 ) ) ;
#2621 = EDGE_LOOP ( 'NONE', ( #7368, #6527, #261, #3256 ) ) ;
#2622 = CARTESIAN_POINT ( 'NONE',  ( -58.28727900000002649, 49.81911099999999237, 5.000000000000000000 ) ) ;
#2623 = AXIS2_PLACEMENT_3D ( 'NONE', #2544, #4382, #3872 ) ;
#2624 = VERTEX_POINT ( 'NONE', #4446 ) ;
#2625 = DIRECTION ( 'NONE',  ( 1.000000000000000000, 0.000000000000000000, 0.000000000000000000 ) ) ;
#2626 = VERTEX_POINT ( 'NONE', #5205 ) ;
#2627 = DIRECTION ( 'NONE',  ( 0.000000000000000000, 0.000000000000000000, 1.000000000000000000 ) ) ;
#2628 = EDGE_CURVE ( 'NONE', #890, #2834, #7250, .T. ) ;
#2629 = LINE ( 'NONE', #7050, #6295 ) ;
#2630 =( NAMED_UNIT ( * ) PLANE_ANGLE_UNIT ( ) SI_UNIT ( $, .RADIAN. ) );
#2631 = CIRCLE ( 'NONE', #394, 0.3999999999999975797 ) ;
#2632 = CARTESIAN_POINT ( 'NONE',  ( -23.98727900000000091, 60.09411099999999806, 5.000000000000000000 ) ) ;
#2633 = ORIENTED_EDGE ( 'NONE', *, *, #1585, .F. ) ;
#2634 = ORIENTED_EDGE ( 'NONE', *, *, #6034, .F. ) ;
#2635 = DIRECTION ( 'NONE',  ( -0.000000000000000000, -0.000000000000000000, 1.000000000000000000 ) ) ;
#2636 = VECTOR ( 'NONE', #4307, 1000.000000000000000 ) ;
#2637 = DIRECTION ( 'NONE',  ( -1.000000000000000000, 0.000000000000000000, 0.000000000000000000 ) ) ;
#2638 = ORIENTED_EDGE ( 'NONE', *, *, #6793, .T. ) ;
#2639 = LINE ( 'NONE', #5117, #5498 ) ;
#2640 = LINE ( 'NONE', #2026, #2610 ) ;
#2641 = EDGE_CURVE ( 'NONE', #8042, #5091, #714, .T. ) ;
#2642 = CARTESIAN_POINT ( 'NONE',  ( -23.36227900000000091, 79.14411100000000943, 2.000000000000000000 ) ) ;
#2643 = VECTOR ( 'NONE', #7206, 1000.000000000000000 ) ;
#2644 = AXIS2_PLACEMENT_3D ( 'NONE', #7964, #6096, #595 ) ;
#2645 = EDGE_CURVE ( 'NONE', #3432, #7310, #7153, .T. ) ;
#2646 = ADVANCED_FACE ( 'NONE', ( #5787 ), #833, .F. ) ;
#2647 = LINE ( 'NONE', #3901, #7679 ) ;
#2648 = FACE_OUTER_BOUND ( 'NONE', #2712, .T. ) ;
#2649 = ORIENTED_EDGE ( 'NONE', *, *, #1427, .T. ) ;
#2650 = AXIS2_PLACEMENT_3D ( 'NONE', #2736, #7198, #2076 ) ;
#2651 = VECTOR ( 'NONE', #6914, 1000.000000000000000 ) ;
#2652 = VERTEX_POINT ( 'NONE', #7024 ) ;
#2653 = ORIENTED_EDGE ( 'NONE', *, *, #217, .F. ) ;
#2654 = CARTESIAN_POINT ( 'NONE',  ( -63.63727900000002080, 44.81911099999999237, 2.000000000000000000 ) ) ;
#2655 = VECTOR ( 'NONE', #5914, 1000.000000000000000 ) ;
#2656 = VECTOR ( 'NONE', #2920, 1000.000000000000000 ) ;
#2657 = ADVANCED_FACE ( 'NONE', ( #5872 ), #4572, .F. ) ;
#2658 = DIRECTION ( 'NONE',  ( -0.000000000000000000, -0.000000000000000000, 1.000000000000000000 ) ) ;
#2659 = EDGE_CURVE ( 'NONE', #5687, #6655, #167, .T. ) ;
#2660 = ORIENTED_EDGE ( 'NONE', *, *, #4554, .F. ) ;
#2661 = EDGE_LOOP ( 'NONE', ( #4455, #2155, #1013, #3436 ) ) ;
#2662 = ORIENTED_EDGE ( 'NONE', *, *, #3038, .F. ) ;
#2663 = DIRECTION ( 'NONE',  ( -0.9659258276786805153, 0.2588190399164172484, -0.000000000000000000 ) ) ;
#2664 = CARTESIAN_POINT ( 'NONE',  ( -35.26227899999999948, 80.14411100000000943, 2.000000000000000000 ) ) ;
#2665 = LINE ( 'NONE', #1347, #4457 ) ;
#2666 = VERTEX_POINT ( 'NONE', #85 ) ;
#2667 = DIRECTION ( 'NONE',  ( 0.000000000000000000, 0.000000000000000000, 1.000000000000000000 ) ) ;
#2668 = ADVANCED_FACE ( 'NONE', ( #5912 ), #5120, .F. ) ;
#2669 = ORIENTED_EDGE ( 'NONE', *, *, #842, .T. ) ;
#2670 = DIRECTION ( 'NONE',  ( 0.000000000000000000, 0.000000000000000000, 1.000000000000000000 ) ) ;
#2671 = EDGE_LOOP ( 'NONE', ( #5898, #3843, #3953, #2307, #8021, #4061, #1371, #7286 ) ) ;
#2672 = CARTESIAN_POINT ( 'NONE',  ( -80.51227900000000659, 22.99411100000000019, 2.000000000000000000 ) ) ;
#2673 = VERTEX_POINT ( 'NONE', #204 ) ;
#2674 = CARTESIAN_POINT ( 'NONE',  ( -12.81839899999999943, -3.020465999999999873, 5.000000000000000000 ) ) ;
#2675 = FACE_OUTER_BOUND ( 'NONE', #1040, .T. ) ;
#2676 = LINE ( 'NONE', #706, #4053 ) ;
#2677 = DIRECTION ( 'NONE',  ( 1.000000000000000000, 0.000000000000000000, 0.000000000000000000 ) ) ;
#2678 = EDGE_LOOP ( 'NONE', ( #8181, #7821, #5308, #319 ) ) ;
#2679 = ADVANCED_FACE ( 'NONE', ( #2107 ), #3334, .F. ) ;
#2680 = EDGE_CURVE ( 'NONE', #4544, #7613, #1323, .T. ) ;
#2681 = EDGE_CURVE ( 'NONE', #2229, #2942, #5262, .T. ) ;
#2682 = LINE ( 'NONE', #3939, #4360 ) ;
#2683 = CYLINDRICAL_SURFACE ( 'NONE', #2305, 0.3999999999999975797 ) ;
#2684 = VERTEX_POINT ( 'NONE', #1408 ) ;
#2685 = DIRECTION ( 'NONE',  ( 0.000000000000000000, 0.000000000000000000, 1.000000000000000000 ) ) ;
#2686 = DIRECTION ( 'NONE',  ( 0.000000000000000000, 0.000000000000000000, 1.000000000000000000 ) ) ;
#2687 = VECTOR ( 'NONE', #4783, 1000.000000000000000 ) ;
#2688 = CARTESIAN_POINT ( 'NONE',  ( -42.41227899999621087, 81.14411099999999522, 2.000000000000000000 ) ) ;
#2689 = EDGE_CURVE ( 'NONE', #4437, #5082, #873, .T. ) ;
#2690 = AXIS2_PLACEMENT_3D ( 'NONE', #2090, #4558, #2625 ) ;
#2691 = DIRECTION ( 'NONE',  ( -0.000000000000000000, -0.000000000000000000, 1.000000000000000000 ) ) ;
#2692 = LINE ( 'NONE', #875, #5066 ) ;
#2693 = VERTEX_POINT ( 'NONE', #2688 ) ;
#2694 = VERTEX_POINT ( 'NONE', #3250 ) ;
#2695 = ORIENTED_EDGE ( 'NONE', *, *, #6664, .F. ) ;
#2696 = EDGE_CURVE ( 'NONE', #2394, #304, #2027, .T. ) ;
#2697 = VECTOR ( 'NONE', #6080, 1000.000000000000000 ) ;
#2698 = DIRECTION ( 'NONE',  ( -0.02449038266015429038, -0.9997000655982568595, 0.000000000000000000 ) ) ;
#2699 = CARTESIAN_POINT ( 'NONE',  ( -58.68727900000002506, 44.86911099999999664, 5.000000000000000000 ) ) ;
#2700 = AXIS2_PLACEMENT_3D ( 'NONE', #4613, #868, #3851 ) ;
#2701 = ORIENTED_EDGE ( 'NONE', *, *, #872, .F. ) ;
#2702 = ORIENTED_EDGE ( 'NONE', *, *, #2849, .F. ) ;
#2703 = EDGE_CURVE ( 'NONE', #4378, #3786, #793, .T. ) ;
#2704 = LINE ( 'NONE', #692, #4099 ) ;
#2705 = CARTESIAN_POINT ( 'NONE',  ( -47.03727899999999806, 24.49411100000000019, 5.000000000000000000 ) ) ;
#2706 = CARTESIAN_POINT ( 'NONE',  ( -77.73727900000001512, 45.21911099999999095, 2.000000000000000000 ) ) ;
#2707 = ORIENTED_EDGE ( 'NONE', *, *, #7755, .T. ) ;
#2708 = DIRECTION ( 'NONE',  ( -1.000000000000000000, 0.000000000000000000, 0.000000000000000000 ) ) ;
#2709 = VERTEX_POINT ( 'NONE', #1941 ) ;
#2710 = DIRECTION ( 'NONE',  ( 1.000000000000000000, 0.000000000000000000, 0.000000000000000000 ) ) ;
#2711 = VERTEX_POINT ( 'NONE', #7738 ) ;
#2712 = EDGE_LOOP ( 'NONE', ( #3593, #6701, #7119, #53 ) ) ;
#2713 = EDGE_CURVE ( 'NONE', #7612, #6289, #4790, .T. ) ;
#2714 = DIRECTION ( 'NONE',  ( 0.000000000000000000, 0.000000000000000000, 1.000000000000000000 ) ) ;
#2715 = ORIENTED_EDGE ( 'NONE', *, *, #4623, .F. ) ;
#2716 = DIRECTION ( 'NONE',  ( 0.000000000000000000, 0.000000000000000000, 1.000000000000000000 ) ) ;
#2717 = PLANE ( 'NONE',  #227 ) ;
#2718 = CARTESIAN_POINT ( 'NONE',  ( -6.087279000000014761, 42.21911099999999095, 5.000000000000000000 ) ) ;
#2719 = FACE_BOUND ( 'NONE', #6421, .T. ) ;
#2720 = DIRECTION ( 'NONE',  ( 0.000000000000000000, 1.000000000000000000, 0.000000000000000000 ) ) ;
#2721 = VERTEX_POINT ( 'NONE', #4745 ) ;
#2722 = EDGE_CURVE ( 'NONE', #884, #6259, #2152, .T. ) ;
#2723 = LINE ( 'NONE', #1934, #6492 ) ;
#2724 = LINE ( 'NONE', #5236, #6009 ) ;
#2725 = ORIENTED_EDGE ( 'NONE', *, *, #7639, .F. ) ;
#2726 = DIRECTION ( 'NONE',  ( -1.265191655145750163E-12, -1.000000000000000000, 0.000000000000000000 ) ) ;
#2727 = DIRECTION ( 'NONE',  ( -0.000000000000000000, -0.000000000000000000, -1.000000000000000000 ) ) ;
#2728 = DIRECTION ( 'NONE',  ( 1.000000000000000000, 0.000000000000000000, 0.000000000000000000 ) ) ;
#2729 = AXIS2_PLACEMENT_3D ( 'NONE', #2839, #1686, #2223 ) ;
#2730 = DIRECTION ( 'NONE',  ( -0.000000000000000000, -0.000000000000000000, 1.000000000000000000 ) ) ;
#2731 = CARTESIAN_POINT ( 'NONE',  ( -43.40782314279000076, 84.14635366131901151, 5.000000000000000000 ) ) ;
#2732 = ORIENTED_EDGE ( 'NONE', *, *, #5704, .T. ) ;
#2733 = VERTEX_POINT ( 'NONE', #6689 ) ;
#2734 = EDGE_LOOP ( 'NONE', ( #4630, #6922, #7009, #4645 ) ) ;
#2735 = DIRECTION ( 'NONE',  ( 1.000000000000000000, 0.000000000000000000, 0.000000000000000000 ) ) ;
#2736 = CARTESIAN_POINT ( 'NONE',  ( -47.78727900000002649, 17.81911099999999948, 5.000000000000000000 ) ) ;
#2737 = VECTOR ( 'NONE', #141, 1000.000000000000000 ) ;
#2738 = ORIENTED_EDGE ( 'NONE', *, *, #7246, .T. ) ;
#2739 = ORIENTED_EDGE ( 'NONE', *, *, #1884, .T. ) ;
#2740 =( NAMED_UNIT ( * ) SI_UNIT ( $, .STERADIAN. ) SOLID_ANGLE_UNIT ( ) );
#2741 = DIRECTION ( 'NONE',  ( -0.000000000000000000, -0.000000000000000000, 1.000000000000000000 ) ) ;
#2742 = ORIENTED_EDGE ( 'NONE', *, *, #3237, .F. ) ;
#2743 = ADVANCED_FACE ( 'NONE', ( #2841 ), #1565, .F. ) ;
#2744 = DIRECTION ( 'NONE',  ( -0.000000000000000000, -0.000000000000000000, 1.000000000000000000 ) ) ;
#2745 = CIRCLE ( 'NONE', #6179, 0.4000000000000006328 ) ;
#2746 = ADVANCED_FACE ( 'NONE', ( #414 ), #1688, .T. ) ;
#2747 = EDGE_LOOP ( 'NONE', ( #420, #3799, #4982, #4454 ) ) ;
#2748 = CARTESIAN_POINT ( 'NONE',  ( -116.6122790000000009, 72.14411099999999522, 5.000000000000000000 ) ) ;
#2749 = EDGE_CURVE ( 'NONE', #6454, #302, #5134, .T. ) ;
#2750 = ORIENTED_EDGE ( 'NONE', *, *, #6901, .F. ) ;
#2751 = CARTESIAN_POINT ( 'NONE',  ( -44.78727899999999806, 24.49411100000000019, 2.000000000000000000 ) ) ;
#2752 = ORIENTED_EDGE ( 'NONE', *, *, #7287, .T. ) ;
#2753 = EDGE_CURVE ( 'NONE', #1353, #6467, #5283, .T. ) ;
#2754 = DIRECTION ( 'NONE',  ( 1.000000000000000000, 0.000000000000000000, 0.000000000000000000 ) ) ;
#2755 = VECTOR ( 'NONE', #6150, 1000.000000000000000 ) ;
#2756 = LINE ( 'NONE', #7015, #1018 ) ;
#2757 = DIRECTION ( 'NONE',  ( -1.000000000000000000, 0.000000000000000000, 0.000000000000000000 ) ) ;
#2758 = LINE ( 'NONE', #6066, #4071 ) ;
#2759 = ORIENTED_EDGE ( 'NONE', *, *, #8111, .T. ) ;
#2760 = CARTESIAN_POINT ( 'NONE',  ( -48.96673485720000230, 2.941868338680999617, 2.000000000000000000 ) ) ;
#2761 = EDGE_CURVE ( 'NONE', #1950, #3338, #7791, .T. ) ;
#2762 = DIRECTION ( 'NONE',  ( 1.000000000000000000, 0.000000000000000000, 0.000000000000000000 ) ) ;
#2763 = DIRECTION ( 'NONE',  ( -0.000000000000000000, -0.000000000000000000, 1.000000000000000000 ) ) ;
#2764 = ORIENTED_EDGE ( 'NONE', *, *, #6795, .T. ) ;
#2765 = CARTESIAN_POINT ( 'NONE',  ( -99.06227900000000375, 34.54411100000000090, 5.000000000000000000 ) ) ;
#2766 = CYLINDRICAL_SURFACE ( 'NONE', #4174, 0.3999999999999975797 ) ;
#2767 = DIRECTION ( 'NONE',  ( -0.000000000000000000, -0.000000000000000000, 1.000000000000000000 ) ) ;
#2768 = CIRCLE ( 'NONE', #1577, 0.4000000000000010214 ) ;
#2769 = FACE_OUTER_BOUND ( 'NONE', #681, .T. ) ;
#2770 = DIRECTION ( 'NONE',  ( -0.000000000000000000, -0.000000000000000000, 1.000000000000000000 ) ) ;
#2771 = EDGE_LOOP ( 'NONE', ( #768, #4303, #7805, #5478 ) ) ;
#2772 = EDGE_LOOP ( 'NONE', ( #3564, #220, #4074, #3480 ) ) ;
#2773 = ORIENTED_EDGE ( 'NONE', *, *, #6414, .T. ) ;
#2774 = AXIS2_PLACEMENT_3D ( 'NONE', #4938, #4260, #8049 ) ;
#2775 = VECTOR ( 'NONE', #4427, 1000.000000000000000 ) ;
#2776 = CARTESIAN_POINT ( 'NONE',  ( -116.6122790000000009, 72.14411099999999522, 2.000000000000000000 ) ) ;
#2777 = VECTOR ( 'NONE', #4633, 1000.000000000000000 ) ;
#2778 = DIRECTION ( 'NONE',  ( 1.000000000000000000, 0.000000000000000000, 0.000000000000000000 ) ) ;
#2779 = CIRCLE ( 'NONE', #5553, 0.9977672882801880139 ) ;
#2780 = EDGE_LOOP ( 'NONE', ( #2926, #2935, #1543, #3957 ) ) ;
#2781 = ORIENTED_EDGE ( 'NONE', *, *, #4055, .T. ) ;
#2782 = DIRECTION ( 'NONE',  ( 1.000000000000000000, 0.000000000000000000, 0.000000000000000000 ) ) ;
#2783 = CYLINDRICAL_SURFACE ( 'NONE', #652, 0.3999999999999975797 ) ;
#2784 = ORIENTED_EDGE ( 'NONE', *, *, #2956, .F. ) ;
#2785 = VECTOR ( 'NONE', #1042, 1000.000000000000000 ) ;
#2786 = AXIS2_PLACEMENT_3D ( 'NONE', #4318, #5623, #238 ) ;
#2787 = CARTESIAN_POINT ( 'NONE',  ( -60.46227900000000233, 81.14411100000000943, 2.000000000000000000 ) ) ;
#2788 = FACE_OUTER_BOUND ( 'NONE', #3398, .T. ) ;
#2789 = EDGE_CURVE ( 'NONE', #3711, #5644, #7314, .T. ) ;
#2790 = ADVANCED_FACE ( 'NONE', ( #4111 ), #994, .F. ) ;
#2792 = EDGE_LOOP ( 'NONE', ( #2071, #3978, #4283, #2007 ) ) ;
#2791 = VECTOR ( 'NONE', #709, 1000.000000000000000 ) ;
#2793 = DIRECTION ( 'NONE',  ( -0.000000000000000000, -0.000000000000000000, 1.000000000000000000 ) ) ;
#2794 = AXIS2_PLACEMENT_3D ( 'NONE', #546, #3062, #5582 ) ;
#2795 = CARTESIAN_POINT ( 'NONE',  ( -44.18727900000002506, 63.91911100000000090, 2.000000000000000000 ) ) ;
#2796 = LINE ( 'NONE', #7175, #4034 ) ;
#2797 = LINE ( 'NONE', #2718, #909 ) ;
#2798 = EDGE_CURVE ( 'NONE', #6823, #2149, #2808, .T. ) ;
#2799 = LINE ( 'NONE', #4060, #2241 ) ;
#2800 = ORIENTED_EDGE ( 'NONE', *, *, #961, .F. ) ;
#2801 = DIRECTION ( 'NONE',  ( 1.000000000000000000, 0.000000000000000000, 0.000000000000000000 ) ) ;
#2802 = EDGE_CURVE ( 'NONE', #6279, #607, #3533, .T. ) ;
#2803 = CARTESIAN_POINT ( 'NONE',  ( -12.81839899999999943, -3.020465999999999873, 2.000000000000000000 ) ) ;
#2804 = CYLINDRICAL_SURFACE ( 'NONE', #4729, 0.9977672882727217640 ) ;
#2805 = ORIENTED_EDGE ( 'NONE', *, *, #4920, .T. ) ;
#2806 = CARTESIAN_POINT ( 'NONE',  ( -20.18727900000001796, 55.91911099999999379, 2.000000000000000000 ) ) ;
#2807 = DIRECTION ( 'NONE',  ( -0.000000000000000000, -0.000000000000000000, 1.000000000000000000 ) ) ;
#2808 = LINE ( 'NONE', #7826, #7118 ) ;
#2809 = LINE ( 'NONE', #6652, #6231 ) ;
#2810 = CARTESIAN_POINT ( 'NONE',  ( -39.23727900000002933, 39.86911099999998953, 2.000000000000000000 ) ) ;
#2811 = ORIENTED_EDGE ( 'NONE', *, *, #1401, .F. ) ;
#2812 = ORIENTED_EDGE ( 'NONE', *, *, #649, .F. ) ;
#2813 = EDGE_LOOP ( 'NONE', ( #3862, #5049, #6925, #4166 ) ) ;
#2814 = DIRECTION ( 'NONE',  ( -3.788636071533290956E-12, 1.000000000000000000, 0.000000000000000000 ) ) ;
#2815 = DIRECTION ( 'NONE',  ( -0.000000000000000000, -0.000000000000000000, -1.000000000000000000 ) ) ;
#2816 = EDGE_LOOP ( 'NONE', ( #6665, #6073, #7195, #7289 ) ) ;
#2817 = VERTEX_POINT ( 'NONE', #7985 ) ;
#2818 = VECTOR ( 'NONE', #7978, 1000.000000000000000 ) ;
#2819 = PLANE ( 'NONE',  #1702 ) ;
#2820 = LINE ( 'NONE', #1468, #5950 ) ;
#2821 = ORIENTED_EDGE ( 'NONE', *, *, #1920, .T. ) ;
#2822 = CARTESIAN_POINT ( 'NONE',  ( -24.35782314279000005, 79.14635366131899730, 5.000000000000000000 ) ) ;
#2823 = AXIS2_PLACEMENT_3D ( 'NONE', #718, #4370, #3659 ) ;
#2824 = ORIENTED_EDGE ( 'NONE', *, *, #4785, .F. ) ;
#2825 = DIRECTION ( 'NONE',  ( -0.000000000000000000, -0.000000000000000000, 1.000000000000000000 ) ) ;
#2826 = ORIENTED_EDGE ( 'NONE', *, *, #3137, .T. ) ;
#2827 = CARTESIAN_POINT ( 'NONE',  ( -63.23727900000002222, 45.21911099999999095, 5.000000000000000000 ) ) ;
#2828 = CARTESIAN_POINT ( 'NONE',  ( -58.28727900000002649, 50.21911099999999095, 5.000000000000000000 ) ) ;
#2829 = CARTESIAN_POINT ( 'NONE',  ( -41.41452166130999757, 81.13965514279600200, 5.000000000000000000 ) ) ;
#2830 = CIRCLE ( 'NONE', #8123, 1.125000000000000888 ) ;
#2831 = EDGE_CURVE ( 'NONE', #3550, #5025, #6727, .T. ) ;
#2832 = EDGE_CURVE ( 'NONE', #883, #7500, #7516, .T. ) ;
#2833 = CARTESIAN_POINT ( 'NONE',  ( -48.18727900000002506, 17.81911099999999948, 5.000000000000000000 ) ) ;
#2834 = VERTEX_POINT ( 'NONE', #5323 ) ;
#2835 = LINE ( 'NONE', #1060, #550 ) ;
#2836 = DIRECTION ( 'NONE',  ( 1.000000000000000000, -8.736879848297780430E-14, 0.000000000000000000 ) ) ;
#2837 = LINE ( 'NONE', #1724, #3654 ) ;
#2838 = EDGE_LOOP ( 'NONE', ( #1658, #5934, #6627, #3191 ) ) ;
#2839 = CARTESIAN_POINT ( 'NONE',  ( -2.507274015923405486, 9.357274015923398025, 5.000000000000000000 ) ) ;
#2840 = DIRECTION ( 'NONE',  ( -0.02449038266015775289, -0.9997000655982568595, 0.000000000000000000 ) ) ;
#2841 = FACE_OUTER_BOUND ( 'NONE', #3852, .T. ) ;
#2842 = EDGE_CURVE ( 'NONE', #176, #7835, #1707, .T. ) ;
#2843 = LINE ( 'NONE', #1613, #5831 ) ;
#2844 = ADVANCED_FACE ( 'NONE', ( #1069 ), #6610, .F. ) ;
#2845 = DIRECTION ( 'NONE',  ( 0.000000000000000000, 0.000000000000000000, 1.000000000000000000 ) ) ;
#2846 = ORIENTED_EDGE ( 'NONE', *, *, #2137, .F. ) ;
#2847 = VERTEX_POINT ( 'NONE', #4026 ) ;
#2848 = EDGE_LOOP ( 'NONE', ( #1251, #7457, #3700, #3633 ) ) ;
#2849 = EDGE_CURVE ( 'NONE', #4543, #1760, #3785, .T. ) ;
#2850 = DIRECTION ( 'NONE',  ( 0.000000000000000000, -1.000000000000000000, -0.000000000000000000 ) ) ;
#2851 = DIRECTION ( 'NONE',  ( -0.9997000655982568595, -0.02449038266015429038, 0.000000000000000000 ) ) ;
#2852 = CIRCLE ( 'NONE', #2063, 0.3999999999999975797 ) ;
#2853 = EDGE_CURVE ( 'NONE', #5337, #2485, #6732, .T. ) ;
#2854 = VERTEX_POINT ( 'NONE', #6851 ) ;
#2855 = DIRECTION ( 'NONE',  ( -0.000000000000000000, -0.000000000000000000, 1.000000000000000000 ) ) ;
#2856 = ORIENTED_EDGE ( 'NONE', *, *, #4592, .T. ) ;
#2857 = ADVANCED_FACE ( 'NONE', ( #1276 ), #5612, .F. ) ;
#2858 = VECTOR ( 'NONE', #6485, 1000.000000000000000 ) ;
#2859 = VERTEX_POINT ( 'NONE', #488 ) ;
#2860 = VERTEX_POINT ( 'NONE', #4352 ) ;
#2861 = FACE_OUTER_BOUND ( 'NONE', #5604, .T. ) ;
#2862 = EDGE_LOOP ( 'NONE', ( #7955, #2996, #4224, #4634, #6290, #7622, #5516, #3766 ) ) ;
#2863 = CARTESIAN_POINT ( 'NONE',  ( -6.087279000000014761, 23.16911099999999379, 5.000000000000000000 ) ) ;
#2864 = ORIENTED_EDGE ( 'NONE', *, *, #4250, .T. ) ;
#2865 = DIRECTION ( 'NONE',  ( 0.000000000000000000, 0.000000000000000000, 1.000000000000000000 ) ) ;
#2866 = CIRCLE ( 'NONE', #1291, 0.3999999999999975797 ) ;
#2867 = VERTEX_POINT ( 'NONE', #8141 ) ;
#2868 = DIRECTION ( 'NONE',  ( 0.000000000000000000, -0.000000000000000000, 1.000000000000000000 ) ) ;
#2869 = DIRECTION ( 'NONE',  ( -0.000000000000000000, -0.000000000000000000, 1.000000000000000000 ) ) ;
#2870 = VECTOR ( 'NONE', #6941, 1000.000000000000000 ) ;
#2871 = CARTESIAN_POINT ( 'NONE',  ( -96.38727900000002080, 32.26911099999998811, 5.000000000000000000 ) ) ;
#2872 = DIRECTION ( 'NONE',  ( 1.000000000000000000, -0.000000000000000000, 0.000000000000000000 ) ) ;
#2873 = LINE ( 'NONE', #4650, #665 ) ;
#2874 = ORIENTED_EDGE ( 'NONE', *, *, #4883, .T. ) ;
#2875 = DIRECTION ( 'NONE',  ( -0.000000000000000000, -0.000000000000000000, -1.000000000000000000 ) ) ;
#2876 = AXIS2_PLACEMENT_3D ( 'NONE', #3459, #7823, #5994 ) ;
#2877 = ORIENTED_EDGE ( 'NONE', *, *, #2365, .F. ) ;
#2878 = DIRECTION ( 'NONE',  ( -0.000000000000000000, -0.000000000000000000, -1.000000000000000000 ) ) ;
#2879 = DIRECTION ( 'NONE',  ( -0.000000000000000000, -0.000000000000000000, 1.000000000000000000 ) ) ;
#2880 = ORIENTED_EDGE ( 'NONE', *, *, #3472, .F. ) ;
#2881 = DIRECTION ( 'NONE',  ( 0.000000000000000000, 0.000000000000000000, 1.000000000000000000 ) ) ;
#2882 = CYLINDRICAL_SURFACE ( 'NONE', #2876, 0.3999999999999975797 ) ;
#2883 = VECTOR ( 'NONE', #5652, 1000.000000000000000 ) ;
#2884 = DIRECTION ( 'NONE',  ( -0.000000000000000000, -0.000000000000000000, 1.000000000000000000 ) ) ;
#2885 = EDGE_CURVE ( 'NONE', #6320, #6298, #3166, .T. ) ;
#2886 = LINE ( 'NONE', #4864, #7824 ) ;
#2887 = VECTOR ( 'NONE', #4512, 1000.000000000000000 ) ;
#2888 = FACE_OUTER_BOUND ( 'NONE', #2458, .T. ) ;
#2889 = ORIENTED_EDGE ( 'NONE', *, *, #1749, .T. ) ;
#2890 = ORIENTED_EDGE ( 'NONE', *, *, #8157, .T. ) ;
#2891 = ORIENTED_EDGE ( 'NONE', *, *, #3858, .T. ) ;
#2892 = CARTESIAN_POINT ( 'NONE',  ( -33.68727900000002506, 4.119110999999994860, 2.000000000000000000 ) ) ;
#2893 = ADVANCED_FACE ( 'NONE', ( #3761 ), #1804, .F. ) ;
#2894 = DIRECTION ( 'NONE',  ( 0.000000000000000000, 0.000000000000000000, 1.000000000000000000 ) ) ;
#2895 = VECTOR ( 'NONE', #7272, 1000.000000000000000 ) ;
#2896 = ORIENTED_EDGE ( 'NONE', *, *, #2008, .F. ) ;
#2897 = DIRECTION ( 'NONE',  ( -3.788636071533290956E-12, 1.000000000000000000, 0.000000000000000000 ) ) ;
#2898 = ORIENTED_EDGE ( 'NONE', *, *, #3888, .T. ) ;
#2899 = VECTOR ( 'NONE', #2516, 1000.000000000000000 ) ;
#2900 = VERTEX_POINT ( 'NONE', #7513 ) ;
#2901 = ORIENTED_EDGE ( 'NONE', *, *, #5539, .F. ) ;
#2902 = CARTESIAN_POINT ( 'NONE',  ( -44.58727900000002364, 31.16911099999999379, 5.000000000000000000 ) ) ;
#2903 = ORIENTED_EDGE ( 'NONE', *, *, #4340, .F. ) ;
#2904 = DIRECTION ( 'NONE',  ( 1.000000000000000000, 0.000000000000000000, 0.000000000000000000 ) ) ;
#2905 = ORIENTED_EDGE ( 'NONE', *, *, #2365, .T. ) ;
#2906 = DIRECTION ( 'NONE',  ( -0.9997000655982568595, -0.02449038266015429038, 0.000000000000000000 ) ) ;
#2907 = VECTOR ( 'NONE', #6802, 1000.000000000000000 ) ;
#2908 = VECTOR ( 'NONE', #647, 1000.000000000000000 ) ;
#2909 = ADVANCED_FACE ( 'NONE', ( #7436 ), #3609, .F. ) ;
#2910 = ORIENTED_EDGE ( 'NONE', *, *, #6425, .F. ) ;
#2911 = VERTEX_POINT ( 'NONE', #3724 ) ;
#2912 = DIRECTION ( 'NONE',  ( -0.000000000000000000, -0.000000000000000000, 1.000000000000000000 ) ) ;
#2913 = CIRCLE ( 'NONE', #2254, 0.3999999999999975797 ) ;
#2914 = AXIS2_PLACEMENT_3D ( 'NONE', #6578, #966, #3958 ) ;
#2915 = CARTESIAN_POINT ( 'NONE',  ( -101.7372790000000151, 18.16911099999998669, 2.000000000000000000 ) ) ;
#2916 = CARTESIAN_POINT ( 'NONE',  ( -3.312278999999718643, 19.52152838256456135, 2.000000000000000000 ) ) ;
#2917 = AXIS2_PLACEMENT_3D ( 'NONE', #7539, #1789, #4292 ) ;
#2918 = CARTESIAN_POINT ( 'NONE',  ( -23.36227899999621016, 78.14411099999999522, 2.000000000000000000 ) ) ;
#2919 = ORIENTED_EDGE ( 'NONE', *, *, #2079, .T. ) ;
#2920 = DIRECTION ( 'NONE',  ( -1.000000000000000000, 0.000000000000000000, 0.000000000000000000 ) ) ;
#2921 = AXIS2_PLACEMENT_3D ( 'NONE', #3495, #4151, #5362 ) ;
#2922 = VECTOR ( 'NONE', #1663, 1000.000000000000000 ) ;
#2923 = ORIENTED_EDGE ( 'NONE', *, *, #5090, .F. ) ;
#2924 = DIRECTION ( 'NONE',  ( -0.2588190399164175814, -0.9659258276786804043, 0.000000000000000000 ) ) ;
#2925 = PLANE ( 'NONE',  #330 ) ;
#2926 = ORIENTED_EDGE ( 'NONE', *, *, #2696, .T. ) ;
#2927 = CARTESIAN_POINT ( 'NONE',  ( -58.68727900000002506, 69.26911099999999522, 5.000000000000000000 ) ) ;
#2928 = FACE_OUTER_BOUND ( 'NONE', #468, .T. ) ;
#2929 = VECTOR ( 'NONE', #5404, 1000.000000000000000 ) ;
#2930 = CARTESIAN_POINT ( 'NONE',  ( -42.41468599999729605, 84.24236500000026240, 2.000000000000000000 ) ) ;
#2931 = PLANE ( 'NONE',  #6747 ) ;
#2932 = DIRECTION ( 'NONE',  ( 1.000000000000000000, 0.000000000000000000, 0.000000000000000000 ) ) ;
#2933 = VERTEX_POINT ( 'NONE', #532 ) ;
#2934 = EDGE_CURVE ( 'NONE', #772, #7341, #6153, .T. ) ;
#2935 = ORIENTED_EDGE ( 'NONE', *, *, #2197, .F. ) ;
#2936 = ORIENTED_EDGE ( 'NONE', *, *, #4916, .F. ) ;
#2937 = CARTESIAN_POINT ( 'NONE',  ( -22.46053300000018638, 77.14651799999811033, 2.000000000000000000 ) ) ;
#2938 = DIRECTION ( 'NONE',  ( 1.000000000000000000, -0.000000000000000000, -0.000000000000000000 ) ) ;
#2939 = ORIENTED_EDGE ( 'NONE', *, *, #7316, .F. ) ;
#2940 = FACE_OUTER_BOUND ( 'NONE', #2198, .T. ) ;
#2941 = ORIENTED_EDGE ( 'NONE', *, *, #930, .T. ) ;
#2942 = VERTEX_POINT ( 'NONE', #8059 ) ;
#2943 = ORIENTED_EDGE ( 'NONE', *, *, #6853, .T. ) ;
#2944 = CARTESIAN_POINT ( 'NONE',  ( -39.23727900000002933, 44.81911099999999237, 2.000000000000000000 ) ) ;
#2945 = CARTESIAN_POINT ( 'NONE',  ( -115.4372790000000180, 50.91911099999999379, 2.000000000000000000 ) ) ;
#2946 = EDGE_CURVE ( 'NONE', #919, #3315, #2387, .T. ) ;
#2947 = EDGE_CURVE ( 'NONE', #7284, #1335, #614, .T. ) ;
#2948 = ORIENTED_EDGE ( 'NONE', *, *, #7364, .T. ) ;
#2949 = CARTESIAN_POINT ( 'NONE',  ( -63.23727900000002222, 64.26911099999999522, 5.000000000000000000 ) ) ;
#2950 = FACE_OUTER_BOUND ( 'NONE', #774, .T. ) ;
#2951 = DIRECTION ( 'NONE',  ( -1.000000000000000000, 0.000000000000000000, 0.000000000000000000 ) ) ;
#2952 = LINE ( 'NONE', #2377, #3672 ) ;
#2953 = VECTOR ( 'NONE', #4663, 1000.000000000000000 ) ;
#2954 = ORIENTED_EDGE ( 'NONE', *, *, #6297, .T. ) ;
#2955 = CARTESIAN_POINT ( 'NONE',  ( -20.18727900000001796, 41.81911099999999237, 2.000000000000000000 ) ) ;
#2956 = EDGE_CURVE ( 'NONE', #2264, #5807, #2964, .T. ) ;
#2957 = ORIENTED_EDGE ( 'NONE', *, *, #6036, .F. ) ;
#2958 = DIRECTION ( 'NONE',  ( -1.000000000000000000, 0.000000000000000000, 0.000000000000000000 ) ) ;
#2959 = AXIS2_PLACEMENT_3D ( 'NONE', #6319, #666, #4440 ) ;
#2960 = CARTESIAN_POINT ( 'NONE',  ( -20.58727900000001299, 61.26911099999998811, 2.000000000000000000 ) ) ;
#2961 = ORIENTED_EDGE ( 'NONE', *, *, #1029, .F. ) ;
#2962 = CARTESIAN_POINT ( 'NONE',  ( -101.7372789999999867, 55.86911099999999664, 2.000000000000000000 ) ) ;
#2963 = DIRECTION ( 'NONE',  ( -0.000000000000000000, -0.000000000000000000, -1.000000000000000000 ) ) ;
#2964 = LINE ( 'NONE', #3685, #6464 ) ;
#2965 = CARTESIAN_POINT ( 'NONE',  ( -39.63727900000002791, 45.21911099999999095, 2.000000000000000000 ) ) ;
#2966 = CARTESIAN_POINT ( 'NONE',  ( -58.28727900000002649, 30.76911099999999522, 2.000000000000000000 ) ) ;
#2967 = VERTEX_POINT ( 'NONE', #1767 ) ;
#2968 = ORIENTED_EDGE ( 'NONE', *, *, #1933, .F. ) ;
#2969 = LINE ( 'NONE', #5661, #2870 ) ;
#2970 = CARTESIAN_POINT ( 'NONE',  ( -34.08727900000002364, 3.719110999999997169, 5.000000000000000000 ) ) ;
#2971 = DIRECTION ( 'NONE',  ( 0.000000000000000000, 0.000000000000000000, -1.000000000000000000 ) ) ;
#2972 = AXIS2_PLACEMENT_3D ( 'NONE', #348, #1008, #4005 ) ;
#2973 = CARTESIAN_POINT ( 'NONE',  ( -117.6122790000000009, 16.99411100000000019, 5.000000000000000000 ) ) ;
#2974 = EDGE_CURVE ( 'NONE', #6371, #4543, #5526, .T. ) ;
#2975 = ADVANCED_FACE ( 'NONE', ( #2347 ), #4230, .F. ) ;
#2976 = ORIENTED_EDGE ( 'NONE', *, *, #4551, .T. ) ;
#2977 = EDGE_CURVE ( 'NONE', #4726, #4373, #7557, .T. ) ;
#2978 = CARTESIAN_POINT ( 'NONE',  ( -63.63727900000002080, 64.26911099999999522, 2.000000000000000000 ) ) ;
#2979 = ORIENTED_EDGE ( 'NONE', *, *, #5728, .T. ) ;
#2980 = VERTEX_POINT ( 'NONE', #4863 ) ;
#2981 = VERTEX_POINT ( 'NONE', #1152 ) ;
#2982 = DIRECTION ( 'NONE',  ( 0.000000000000000000, 0.000000000000000000, 1.000000000000000000 ) ) ;
#2983 = FACE_BOUND ( 'NONE', #7569, .T. ) ;
#2984 = AXIS2_PLACEMENT_3D ( 'NONE', #612, #1802, #3125 ) ;
#2985 = EDGE_CURVE ( 'NONE', #7232, #2980, #3089, .T. ) ;
#2986 = ORIENTED_EDGE ( 'NONE', *, *, #7370, .T. ) ;
#2987 = CARTESIAN_POINT ( 'NONE',  ( -96.78727900000001227, 50.91911099999999379, 2.000000000000000000 ) ) ;
#2988 = EDGE_CURVE ( 'NONE', #8013, #7689, #1728, .T. ) ;
#2989 = DIRECTION ( 'NONE',  ( 0.000000000000000000, 1.000000000000000000, 0.000000000000000000 ) ) ;
#2990 = DIRECTION ( 'NONE',  ( -6.337523098901914720E-13, -1.000000000000000000, 0.000000000000000000 ) ) ;
#2991 = DIRECTION ( 'NONE',  ( 0.000000000000000000, 0.000000000000000000, 1.000000000000000000 ) ) ;
#2992 = AXIS2_PLACEMENT_3D ( 'NONE', #2828, #2295, #944 ) ;
#2993 = EDGE_CURVE ( 'NONE', #1880, #5644, #5029, .T. ) ;
#2994 = ORIENTED_EDGE ( 'NONE', *, *, #2659, .T. ) ;
#2995 = DIRECTION ( 'NONE',  ( -1.000000000000000000, 0.000000000000000000, 0.000000000000000000 ) ) ;
#2996 = ORIENTED_EDGE ( 'NONE', *, *, #5774, .F. ) ;
#2997 = EDGE_CURVE ( 'NONE', #6885, #7838, #3665, .T. ) ;
#2998 = CARTESIAN_POINT ( 'NONE',  ( -63.63727900000002080, 26.16911099999998669, 5.000000000000000000 ) ) ;
#2999 = CIRCLE ( 'NONE', #2604, 0.3999999999999975797 ) ;
#3000 = CARTESIAN_POINT ( 'NONE',  ( -101.7372789999999867, 70.36911100000000374, 2.000000000000000000 ) ) ;
#3001 = ORIENTED_EDGE ( 'NONE', *, *, #3072, .T. ) ;
#3002 = CARTESIAN_POINT ( 'NONE',  ( -44.18727900000002506, 50.21911099999999095, 2.000000000000000000 ) ) ;
#3003 = DIRECTION ( 'NONE',  ( -1.000000000000000000, 0.000000000000000000, 0.000000000000000000 ) ) ;
#3004 = CARTESIAN_POINT ( 'NONE',  ( -80.51227899999928184, 16.99411100000000374, 2.000000000000000000 ) ) ;
#3005 = CIRCLE ( 'NONE', #7103, 0.4000000000000010214 ) ;
#3006 = VECTOR ( 'NONE', #5194, 1000.000000000000000 ) ;
#3007 = EDGE_CURVE ( 'NONE', #4890, #2062, #7129, .T. ) ;
#3008 = CARTESIAN_POINT ( 'NONE',  ( -116.6122789999999867, 15.99411099999771579, 2.000000000000000000 ) ) ;
#3009 = CARTESIAN_POINT ( 'NONE',  ( -44.18727900000002506, 69.26911099999999522, 2.000000000000000000 ) ) ;
#3010 = ORIENTED_EDGE ( 'NONE', *, *, #8024, .F. ) ;
#3011 = AXIS2_PLACEMENT_3D ( 'NONE', #6237, #6112, #2345 ) ;
#3012 = ORIENTED_EDGE ( 'NONE', *, *, #2236, .T. ) ;
#3013 = CARTESIAN_POINT ( 'NONE',  ( -6.087279000000014761, 23.16911099999999379, 2.000000000000000000 ) ) ;
#3014 = DIRECTION ( 'NONE',  ( 0.000000000000000000, 1.000000000000000000, 0.000000000000000000 ) ) ;
#3015 = CARTESIAN_POINT ( 'NONE',  ( -82.68727900000001796, 31.86911099999999308, 5.000000000000000000 ) ) ;
#3016 = CARTESIAN_POINT ( 'NONE',  ( -101.7372789999999867, 55.86911099999999664, 5.000000000000000000 ) ) ;
#3017 = EDGE_CURVE ( 'NONE', #8135, #5589, #7803, .T. ) ;
#3018 = ORIENTED_EDGE ( 'NONE', *, *, #1744, .F. ) ;
#3019 = DIRECTION ( 'NONE',  ( 1.000000000000000000, 0.000000000000000000, 0.000000000000000000 ) ) ;
#3020 = VECTOR ( 'NONE', #3930, 1000.000000000000114 ) ;
#3021 = PLANE ( 'NONE',  #6387 ) ;
#3022 = ORIENTED_EDGE ( 'NONE', *, *, #1050, .F. ) ;
#3023 = EDGE_LOOP ( 'NONE', ( #1863, #1066, #4407, #259 ) ) ;
#3024 = ORIENTED_EDGE ( 'NONE', *, *, #2703, .T. ) ;
#3025 = AXIS2_PLACEMENT_3D ( 'NONE', #671, #3181, #1741 ) ;
#3026 = DIRECTION ( 'NONE',  ( 1.000000000000000000, 0.000000000000000000, 0.000000000000000000 ) ) ;
#3027 = FACE_BOUND ( 'NONE', #2504, .T. ) ;
#3028 = VECTOR ( 'NONE', #7849, 1000.000000000000000 ) ;
#3029 = ORIENTED_EDGE ( 'NONE', *, *, #4700, .T. ) ;
#3030 = DIRECTION ( 'NONE',  ( 1.000000000000000000, 0.000000000000000000, 0.000000000000000000 ) ) ;
#3031 = DIRECTION ( 'NONE',  ( 1.000000000000000000, 0.000000000000000000, 0.000000000000000000 ) ) ;
#3032 = CARTESIAN_POINT ( 'NONE',  ( -44.78727899999999806, 24.49411100000000019, 5.000000000000000000 ) ) ;
#3033 = AXIS2_PLACEMENT_3D ( 'NONE', #1102, #6143, #6839 ) ;
#3034 = CARTESIAN_POINT ( 'NONE',  ( -44.18727900000002506, 63.91911100000000090, 5.000000000000000000 ) ) ;
#3035 = ORIENTED_EDGE ( 'NONE', *, *, #6056, .F. ) ;
#3036 = DIRECTION ( 'NONE',  ( -1.000000000000000000, 0.000000000000000000, 0.000000000000000000 ) ) ;
#3037 = EDGE_CURVE ( 'NONE', #7612, #5717, #2369, .T. ) ;
#3038 = EDGE_CURVE ( 'NONE', #5103, #5565, #1976, .T. ) ;
#3039 = VERTEX_POINT ( 'NONE', #3325 ) ;
#3040 = LINE ( 'NONE', #570, #1503 ) ;
#3041 = VECTOR ( 'NONE', #2851, 1000.000000000000227 ) ;
#3042 = ORIENTED_EDGE ( 'NONE', *, *, #7352, .T. ) ;
#3043 = CARTESIAN_POINT ( 'NONE',  ( -28.23961395899298665, 2.949251172757027195, 2.000000000000000000 ) ) ;
#3044 = AXIS2_PLACEMENT_3D ( 'NONE', #6220, #4380, #3627 ) ;
#3045 = CYLINDRICAL_SURFACE ( 'NONE', #2068, 1.125000000000000888 ) ;
#3046 = CARTESIAN_POINT ( 'NONE',  ( -80.51227899999928184, 16.99411100000000374, 2.000000000000000000 ) ) ;
#3047 = DIRECTION ( 'NONE',  ( -0.000000000000000000, -0.000000000000000000, 1.000000000000000000 ) ) ;
#3048 = EDGE_CURVE ( 'NONE', #1737, #3198, #5679, .T. ) ;
#3049 = AXIS2_PLACEMENT_3D ( 'NONE', #7326, #1665, #1745 ) ;
#3050 = VECTOR ( 'NONE', #5711, 1000.000000000000000 ) ;
#3051 = FACE_OUTER_BOUND ( 'NONE', #2678, .T. ) ;
#3052 = EDGE_CURVE ( 'NONE', #5082, #5715, #925, .T. ) ;
#3053 = CARTESIAN_POINT ( 'NONE',  ( -101.7372790000000151, 36.81911099999999237, 2.000000000000000000 ) ) ;
#3054 = VERTEX_POINT ( 'NONE', #158 ) ;
#3055 = AXIS2_PLACEMENT_3D ( 'NONE', #5114, #7641, #3527 ) ;
#3056 = DIRECTION ( 'NONE',  ( -1.265191655145750163E-12, -1.000000000000000000, 0.000000000000000000 ) ) ;
#3057 = CARTESIAN_POINT ( 'NONE',  ( -80.51227899999928184, 16.99411100000000374, 5.000000000000000000 ) ) ;
#3058 = EDGE_CURVE ( 'NONE', #5843, #719, #5775, .T. ) ;
#3059 = VECTOR ( 'NONE', #7711, 1000.000000000000000 ) ;
#3060 = DIRECTION ( 'NONE',  ( 0.000000000000000000, 0.000000000000000000, 1.000000000000000000 ) ) ;
#3061 = CARTESIAN_POINT ( 'NONE',  ( -101.7372790000000151, 51.31911099999999237, 5.000000000000000000 ) ) ;
#3062 = DIRECTION ( 'NONE',  ( -0.02449038266015429385, 0.9997000655982569706, 0.000000000000000000 ) ) ;
#3063 = ORIENTED_EDGE ( 'NONE', *, *, #1933, .T. ) ;
#3064 = CARTESIAN_POINT ( 'NONE',  ( -101.7372790000000151, 31.86911099999999308, 2.000000000000000000 ) ) ;
#3065 = CARTESIAN_POINT ( 'NONE',  ( -82.68727900000001796, 32.26911099999998811, 2.000000000000000000 ) ) ;
#3066 = EDGE_LOOP ( 'NONE', ( #5141, #6495, #7423, #1993, #5426, #7452, #2811, #8077 ) ) ;
#3067 = ORIENTED_EDGE ( 'NONE', *, *, #2985, .F. ) ;
#3068 = VERTEX_POINT ( 'NONE', #2058 ) ;
#3069 = CARTESIAN_POINT ( 'NONE',  ( -44.58727900000002364, 30.76911099999999522, 5.000000000000000000 ) ) ;
#3070 = EDGE_CURVE ( 'NONE', #4889, #7683, #7139, .T. ) ;
#3071 = CARTESIAN_POINT ( 'NONE',  ( -44.58727900000002364, 83.36911099999998953, 2.000000000000000000 ) ) ;
#3072 = EDGE_CURVE ( 'NONE', #6954, #1937, #5109, .T. ) ;
#3073 = ORIENTED_EDGE ( 'NONE', *, *, #8124, .T. ) ;
#3074 = PLANE ( 'NONE',  #5403 ) ;
#3075 = CARTESIAN_POINT ( 'NONE',  ( -15.00643011979506447, -0.5965696740978921886, 5.000000000000000000 ) ) ;
#3076 = DIRECTION ( 'NONE',  ( 0.000000000000000000, 0.000000000000000000, 1.000000000000000000 ) ) ;
#3077 = VERTEX_POINT ( 'NONE', #113 ) ;
#3078 = LINE ( 'NONE', #2456, #7809 ) ;
#3079 = ORIENTED_EDGE ( 'NONE', *, *, #3510, .F. ) ;
#3080 = DIRECTION ( 'NONE',  ( 1.000000000000000000, 0.000000000000000000, 0.000000000000000000 ) ) ;
#3081 = CIRCLE ( 'NONE', #7850, 0.3999999999999975797 ) ;
#3082 = ORIENTED_EDGE ( 'NONE', *, *, #3720, .F. ) ;
#3083 = DIRECTION ( 'NONE',  ( 1.000000000000000000, -0.000000000000000000, -0.000000000000000000 ) ) ;
#3084 = ORIENTED_EDGE ( 'NONE', *, *, #3878, .F. ) ;
#3085 = LINE ( 'NONE', #5568, #911 ) ;
#3086 = LINE ( 'NONE', #4305, #362 ) ;
#3087 = PLANE ( 'NONE',  #6316 ) ;
#3088 = AXIS2_PLACEMENT_3D ( 'NONE', #169, #1526, #3379 ) ;
#3089 = LINE ( 'NONE', #5653, #4330 ) ;
#3090 = VECTOR ( 'NONE', #4949, 1000.000000000000000 ) ;
#3091 = DIRECTION ( 'NONE',  ( 0.000000000000000000, 0.000000000000000000, 1.000000000000000000 ) ) ;
#3092 = CARTESIAN_POINT ( 'NONE',  ( -63.23727900000002222, 64.26911099999999522, 2.000000000000000000 ) ) ;
#3093 = VERTEX_POINT ( 'NONE', #2632 ) ;
#3094 = CARTESIAN_POINT ( 'NONE',  ( -44.58727900000002364, 63.91911100000000090, 2.000000000000000000 ) ) ;
#3095 = CARTESIAN_POINT ( 'NONE',  ( -63.63727900000002080, 77.96911099999999806, 5.000000000000000000 ) ) ;
#3096 = CARTESIAN_POINT ( 'NONE',  ( -96.38727900000002080, 56.26911099999999522, 2.000000000000000000 ) ) ;
#3097 = CARTESIAN_POINT ( 'NONE',  ( -44.58727900000002364, 83.36911099999998953, 2.000000000000000000 ) ) ;
#3098 = CARTESIAN_POINT ( 'NONE',  ( -96.38727900000002080, 36.81911099999999237, 5.000000000000000000 ) ) ;
#3099 = EDGE_CURVE ( 'NONE', #3983, #6176, #1480, .T. ) ;
#3100 = EDGE_CURVE ( 'NONE', #43, #5715, #7636, .T. ) ;
#3101 = ADVANCED_FACE ( 'NONE', ( #3982, #5738, #78, #5197, #707, #7729, #4564, #7095, #1439, #3934, #6475, #5863, #824, #195, #2719, #5230, #3169, #2589, #7771, #2097, #5700, #2556, #5068, #7593, #1929, #3207, #281 ), #6024, .T. ) ;
#3102 = DIRECTION ( 'NONE',  ( 0.000000000000000000, 0.000000000000000000, 1.000000000000000000 ) ) ;
#3103 = CARTESIAN_POINT ( 'NONE',  ( -25.53727900000002293, 64.26911099999999522, 5.000000000000000000 ) ) ;
#3104 = ORIENTED_EDGE ( 'NONE', *, *, #5720, .F. ) ;
#3105 = VERTEX_POINT ( 'NONE', #7261 ) ;
#3106 = ORIENTED_EDGE ( 'NONE', *, *, #5033, .F. ) ;
#3107 = FACE_OUTER_BOUND ( 'NONE', #4536, .T. ) ;
#3108 = LINE ( 'NONE', #4327, #4620 ) ;
#3109 = ORIENTED_EDGE ( 'NONE', *, *, #6974, .T. ) ;
#3110 = VECTOR ( 'NONE', #5617, 1000.000000000000000 ) ;
#3111 = ORIENTED_EDGE ( 'NONE', *, *, #5174, .F. ) ;
#3112 = CARTESIAN_POINT ( 'NONE',  ( -25.53727900000002293, 78.36911099999998953, 2.000000000000000000 ) ) ;
#3113 = CYLINDRICAL_SURFACE ( 'NONE', #4434, 0.3999999999999975797 ) ;
#3114 = DIRECTION ( 'NONE',  ( 1.000000000000000000, 0.000000000000000000, 0.000000000000000000 ) ) ;
#3115 = ORIENTED_EDGE ( 'NONE', *, *, #276, .T. ) ;
#3116 = PLANE ( 'NONE',  #5015 ) ;
#3117 = VERTEX_POINT ( 'NONE', #2833 ) ;
#3118 = FACE_OUTER_BOUND ( 'NONE', #2813, .T. ) ;
#3119 = AXIS2_PLACEMENT_3D ( 'NONE', #4395, #6769, #5651 ) ;
#3120 = ORIENTED_EDGE ( 'NONE', *, *, #5020, .F. ) ;
#3121 = CYLINDRICAL_SURFACE ( 'NONE', #5324, 0.3999999999999975797 ) ;
#3122 = ORIENTED_EDGE ( 'NONE', *, *, #1076, .F. ) ;
#3123 = DIRECTION ( 'NONE',  ( -0.9997000655982533068, -0.02449038266029886571, 0.000000000000000000 ) ) ;
#3124 = VECTOR ( 'NONE', #6797, 1000.000000000000227 ) ;
#3125 = DIRECTION ( 'NONE',  ( -1.000000000000000000, 0.000000000000000000, 0.000000000000000000 ) ) ;
#3126 = DIRECTION ( 'NONE',  ( -5.930678550348058356E-14, -1.000000000000000000, 0.000000000000000000 ) ) ;
#3127 = DIRECTION ( 'NONE',  ( 0.000000000000000000, 1.000000000000000000, 0.000000000000000000 ) ) ;
#3128 = VECTOR ( 'NONE', #7000, 1000.000000000000000 ) ;
#3129 = DIRECTION ( 'NONE',  ( -0.000000000000000000, -0.000000000000000000, 1.000000000000000000 ) ) ;
#3130 = DIRECTION ( 'NONE',  ( -0.000000000000000000, -0.000000000000000000, 1.000000000000000000 ) ) ;
#3131 = ORIENTED_EDGE ( 'NONE', *, *, #5796, .T. ) ;
#3132 = LINE ( 'NONE', #8065, #1534 ) ;
#3133 = DIRECTION ( 'NONE',  ( 0.000000000000000000, 0.000000000000000000, -1.000000000000000000 ) ) ;
#3134 = PLANE ( 'NONE',  #3387 ) ;
#3135 = AXIS2_PLACEMENT_3D ( 'NONE', #5570, #6194, #3126 ) ;
#3136 = CYLINDRICAL_SURFACE ( 'NONE', #6590, 0.3999999999999975797 ) ;
#3137 = EDGE_CURVE ( 'NONE', #3741, #4033, #1641, .T. ) ;
#3138 = CARTESIAN_POINT ( 'NONE',  ( -58.28727900000002649, 44.86911099999999664, 2.000000000000000000 ) ) ;
#3139 = DIRECTION ( 'NONE',  ( -0.02449038266015429038, -0.9997000655982568595, 0.000000000000000000 ) ) ;
#3140 = LINE ( 'NONE', #3739, #4804 ) ;
#3141 = ORIENTED_EDGE ( 'NONE', *, *, #4325, .T. ) ;
#3142 = VECTOR ( 'NONE', #5697, 1000.000000000000000 ) ;
#3143 = ORIENTED_EDGE ( 'NONE', *, *, #7392, .F. ) ;
#3144 = ORIENTED_EDGE ( 'NONE', *, *, #3890, .T. ) ;
#3145 = EDGE_CURVE ( 'NONE', #8048, #5896, #5902, .T. ) ;
#3146 = DIRECTION ( 'NONE',  ( 1.000000000000000000, 0.000000000000000000, 0.000000000000000000 ) ) ;
#3147 = VECTOR ( 'NONE', #63, 1000.000000000000000 ) ;
#3148 = DIRECTION ( 'NONE',  ( 1.000000000000000000, 0.000000000000000000, 0.000000000000000000 ) ) ;
#3149 = AXIS2_PLACEMENT_3D ( 'NONE', #979, #6101, #5468 ) ;
#3150 = ORIENTED_EDGE ( 'NONE', *, *, #530, .T. ) ;
#3151 = EDGE_LOOP ( 'NONE', ( #7643, #7087, #1701, #438 ) ) ;
#3152 = DIRECTION ( 'NONE',  ( -0.02449038263264136442, 0.9997000655989308759, 0.000000000000000000 ) ) ;
#3153 = LINE ( 'NONE', #5638, #6432 ) ;
#3154 = ADVANCED_FACE ( 'NONE', ( #317 ), #1676, .T. ) ;
#3155 = CARTESIAN_POINT ( 'NONE',  ( -82.28727900000001227, 37.21911099999999095, 2.000000000000000000 ) ) ;
#3156 = ORIENTED_EDGE ( 'NONE', *, *, #7967, .T. ) ;
#3157 = DIRECTION ( 'NONE',  ( 0.000000000000000000, 0.000000000000000000, 1.000000000000000000 ) ) ;
#3158 = ORIENTED_EDGE ( 'NONE', *, *, #6782, .T. ) ;
#3159 = LINE ( 'NONE', #2379, #4764 ) ;
#3160 = AXIS2_PLACEMENT_3D ( 'NONE', #6896, #6810, #1845 ) ;
#3161 = EDGE_CURVE ( 'NONE', #2143, #6454, #6518, .T. ) ;
#3162 = ORIENTED_EDGE ( 'NONE', *, *, #6744, .F. ) ;
#3163 = LINE ( 'NONE', #775, #7984 ) ;
#3164 = ORIENTED_EDGE ( 'NONE', *, *, #1683, .F. ) ;
#3165 = CARTESIAN_POINT ( 'NONE',  ( -96.78727900000001227, 37.21911099999999095, 2.000000000000000000 ) ) ;
#3166 = CIRCLE ( 'NONE', #5270, 0.9977672882833243939 ) ;
#3167 = DIRECTION ( 'NONE',  ( -0.000000000000000000, -0.000000000000000000, 1.000000000000000000 ) ) ;
#3168 = PLANE ( 'NONE',  #245 ) ;
#3169 = FACE_BOUND ( 'NONE', #5734, .T. ) ;
#3170 = AXIS2_PLACEMENT_3D ( 'NONE', #8164, #5006, #7999 ) ;
#3171 = VECTOR ( 'NONE', #3157, 1000.000000000000000 ) ;
#3172 = EDGE_CURVE ( 'NONE', #7357, #5683, #2799, .T. ) ;
#3173 = DIRECTION ( 'NONE',  ( 0.000000000000000000, 0.000000000000000000, 1.000000000000000000 ) ) ;
#3174 = EDGE_CURVE ( 'NONE', #1116, #7576, #1980, .T. ) ;
#3175 = CARTESIAN_POINT ( 'NONE',  ( -20.18727900000001796, 61.26911099999998811, 5.000000000000000000 ) ) ;
#3176 = EDGE_LOOP ( 'NONE', ( #2103, #7489, #1052, #2649 ) ) ;
#3177 = CARTESIAN_POINT ( 'NONE',  ( -58.68727900000002506, 69.26911099999999522, 2.000000000000000000 ) ) ;
#3178 = CARTESIAN_POINT ( 'NONE',  ( -28.13608634302641676, 3.335621503828499979, 5.000000000000000000 ) ) ;
#3179 = AXIS2_PLACEMENT_3D ( 'NONE', #6328, #2482, #4998 ) ;
#3180 = CIRCLE ( 'NONE', #15, 0.3999999999999975797 ) ;
#3181 = DIRECTION ( 'NONE',  ( 0.000000000000000000, -1.000000000000000000, -0.000000000000000000 ) ) ;
#3182 = CARTESIAN_POINT ( 'NONE',  ( -78.51227900000000659, 80.14411100000000943, 5.000000000000000000 ) ) ;
#3183 = CARTESIAN_POINT ( 'NONE',  ( -101.3372790000000094, 50.91911099999999379, 2.000000000000000000 ) ) ;
#3184 = VECTOR ( 'NONE', #7934, 1000.000000000000000 ) ;
#3185 = PLANE ( 'NONE',  #4526 ) ;
#3186 = ORIENTED_EDGE ( 'NONE', *, *, #4444, .F. ) ;
#3187 = VERTEX_POINT ( 'NONE', #1017 ) ;
#3188 = ORIENTED_EDGE ( 'NONE', *, *, #7648, .F. ) ;
#3189 = DIRECTION ( 'NONE',  ( 0.000000000000000000, -1.000000000000000000, -0.000000000000000000 ) ) ;
#3190 = DIRECTION ( 'NONE',  ( -0.000000000000000000, -0.000000000000000000, 1.000000000000000000 ) ) ;
#3191 = ORIENTED_EDGE ( 'NONE', *, *, #4831, .T. ) ;
#3192 = ORIENTED_EDGE ( 'NONE', *, *, #1528, .F. ) ;
#3193 = CARTESIAN_POINT ( 'NONE',  ( -53.46030958397999200, 20.49838296832900042, 5.000000000000000000 ) ) ;
#3194 = CYLINDRICAL_SURFACE ( 'NONE', #7359, 0.3999999999999975797 ) ;
#3195 = CARTESIAN_POINT ( 'NONE',  ( -63.63727900000002080, 77.96911099999999806, 2.000000000000000000 ) ) ;
#3196 = ORIENTED_EDGE ( 'NONE', *, *, #2046, .F. ) ;
#3197 = CYLINDRICAL_SURFACE ( 'NONE', #1987, 1.125000000000000888 ) ;
#3198 = VERTEX_POINT ( 'NONE', #1554 ) ;
#3199 = CARTESIAN_POINT ( 'NONE',  ( -6.487279000000012452, 61.26911099999998811, 2.000000000000000000 ) ) ;
#3200 = EDGE_CURVE ( 'NONE', #5292, #5963, #6334, .T. ) ;
#3201 = VERTEX_POINT ( 'NONE', #946 ) ;
#3202 = LINE ( 'NONE', #7720, #1766 ) ;
#3203 = ORIENTED_EDGE ( 'NONE', *, *, #1924, .F. ) ;
#3204 = CARTESIAN_POINT ( 'NONE',  ( -82.68727900000001796, 18.16911099999998669, 2.000000000000000000 ) ) ;
#3205 = DIRECTION ( 'NONE',  ( -0.9997000655982568595, -0.02449038266015602511, 0.000000000000000000 ) ) ;
#3206 = DIRECTION ( 'NONE',  ( -0.000000000000000000, -0.000000000000000000, 1.000000000000000000 ) ) ;
#3207 = FACE_BOUND ( 'NONE', #3670, .T. ) ;
#3208 = EDGE_CURVE ( 'NONE', #6560, #5237, #3366, .T. ) ;
#3209 = CARTESIAN_POINT ( 'NONE',  ( 2.437354000000000021, -11.82837899999999998, 5.000000000000000000 ) ) ;
#3210 = CIRCLE ( 'NONE', #178, 0.9977672882727217640 ) ;
#3211 = DIRECTION ( 'NONE',  ( 1.000000000000000000, 0.000000000000000000, 0.000000000000000000 ) ) ;
#3212 = ORIENTED_EDGE ( 'NONE', *, *, #4208, .F. ) ;
#3213 = CARTESIAN_POINT ( 'NONE',  ( -47.78727900000002649, 3.719110999999997169, 2.000000000000000000 ) ) ;
#3214 = CARTESIAN_POINT ( 'NONE',  ( 2.437354000000000021, -11.82837899999999998, 2.000000000000000000 ) ) ;
#3215 = DIRECTION ( 'NONE',  ( 0.000000000000000000, 0.000000000000000000, 1.000000000000000000 ) ) ;
#3216 = AXIS2_PLACEMENT_3D ( 'NONE', #2731, #755, #7108 ) ;
#3217 = EDGE_CURVE ( 'NONE', #2259, #1793, #7388, .T. ) ;
#3218 = DIRECTION ( 'NONE',  ( 0.000000000000000000, 0.000000000000000000, 1.000000000000000000 ) ) ;
#3219 = LINE ( 'NONE', #2442, #984 ) ;
#3220 = ORIENTED_EDGE ( 'NONE', *, *, #555, .T. ) ;
#3221 = ORIENTED_EDGE ( 'NONE', *, *, #46, .T. ) ;
#3222 = ORIENTED_EDGE ( 'NONE', *, *, #3007, .F. ) ;
#3223 = VECTOR ( 'NONE', #7894, 1000.000000000000000 ) ;
#3224 = FACE_OUTER_BOUND ( 'NONE', #680, .T. ) ;
#3225 = FACE_OUTER_BOUND ( 'NONE', #7221, .T. ) ;
#3226 = ORIENTED_EDGE ( 'NONE', *, *, #1238, .F. ) ;
#3227 = EDGE_LOOP ( 'NONE', ( #6977, #5184, #4830, #5764 ) ) ;
#3228 = DIRECTION ( 'NONE',  ( -0.000000000000000000, -1.000000000000000000, -0.000000000000000000 ) ) ;
#3229 = DIRECTION ( 'NONE',  ( 0.000000000000000000, 1.000000000000000000, -0.000000000000000000 ) ) ;
#3230 = CARTESIAN_POINT ( 'NONE',  ( -99.06227900000000375, 34.54411100000000090, 5.000000000000000000 ) ) ;
#3231 = EDGE_LOOP ( 'NONE', ( #5501, #3706, #4925, #6025 ) ) ;
#3232 = CARTESIAN_POINT ( 'NONE',  ( -63.23727900000002222, 45.21911099999999095, 2.000000000000000000 ) ) ;
#3233 = ORIENTED_EDGE ( 'NONE', *, *, #3840, .F. ) ;
#3234 = CARTESIAN_POINT ( 'NONE',  ( -5.208840999999998722, 12.63464199999999948, 2.000000000000000000 ) ) ;
#3235 = EDGE_CURVE ( 'NONE', #5458, #741, #863, .T. ) ;
#3236 = EDGE_LOOP ( 'NONE', ( #4032, #6126, #3188, #6501 ) ) ;
#3237 = EDGE_CURVE ( 'NONE', #6376, #6511, #2758, .T. ) ;
#3238 = CARTESIAN_POINT ( 'NONE',  ( -6.487279000000012452, 75.36911099999998953, 2.000000000000000000 ) ) ;
#3239 = ORIENTED_EDGE ( 'NONE', *, *, #6535, .T. ) ;
#3240 = DIRECTION ( 'NONE',  ( 1.000000000000000000, 0.000000000000000000, 0.000000000000000000 ) ) ;
#3241 = CARTESIAN_POINT ( 'NONE',  ( -42.41227899999999806, 84.14411099999999522, 5.000000000000000000 ) ) ;
#3242 = ADVANCED_FACE ( 'NONE', ( #983 ), #3522, .F. ) ;
#3243 = CARTESIAN_POINT ( 'NONE',  ( 13.57485339871645991, 7.462336869566425612, 5.000000000000000000 ) ) ;
#3244 = CARTESIAN_POINT ( 'NONE',  ( 2.507274015923403709, -9.357274015923405130, 5.000000000000000000 ) ) ;
#3245 = AXIS2_PLACEMENT_3D ( 'NONE', #2806, #1610, #4185 ) ;
#3246 = FACE_OUTER_BOUND ( 'NONE', #7335, .T. ) ;
#3247 = ORIENTED_EDGE ( 'NONE', *, *, #4400, .T. ) ;
#3248 = CYLINDRICAL_SURFACE ( 'NONE', #880, 0.3999999999999975797 ) ;
#3249 = DIRECTION ( 'NONE',  ( 0.000000000000000000, 0.000000000000000000, 1.000000000000000000 ) ) ;
#3250 = CARTESIAN_POINT ( 'NONE',  ( -58.68727900000002506, 69.26911099999999522, 2.000000000000000000 ) ) ;
#3251 = AXIS2_PLACEMENT_3D ( 'NONE', #5816, #2587, #156 ) ;
#3252 = DIRECTION ( 'NONE',  ( 0.000000000000000000, 0.000000000000000000, 1.000000000000000000 ) ) ;
#3253 = DIRECTION ( 'NONE',  ( 1.000000000000000000, 0.000000000000000000, 0.000000000000000000 ) ) ;
#3254 = ORIENTED_EDGE ( 'NONE', *, *, #5836, .F. ) ;
#3255 = CIRCLE ( 'NONE', #6961, 0.3999999999999975797 ) ;
#3256 = ORIENTED_EDGE ( 'NONE', *, *, #4190, .T. ) ;
#3257 = EDGE_LOOP ( 'NONE', ( #1832, #3022, #5608, #630 ) ) ;
#3258 = CARTESIAN_POINT ( 'NONE',  ( -58.68727900000002506, 31.16911099999999379, 5.000000000000000000 ) ) ;
#3259 = CIRCLE ( 'NONE', #5917, 0.3999999999999975797 ) ;
#3260 = CARTESIAN_POINT ( 'NONE',  ( -25.53727900000002293, 25.76911099999999166, 2.000000000000000000 ) ) ;
#3261 = VERTEX_POINT ( 'NONE', #2918 ) ;
#3262 = VERTEX_POINT ( 'NONE', #6557 ) ;
#3263 = LINE ( 'NONE', #1462, #8084 ) ;
#3264 = VECTOR ( 'NONE', #3981, 1000.000000000000227 ) ;
#3265 = DIRECTION ( 'NONE',  ( 0.000000000000000000, 0.000000000000000000, 1.000000000000000000 ) ) ;
#3266 = CARTESIAN_POINT ( 'NONE',  ( 9.357274015923401578, 2.507274015923405486, 2.000000000000000000 ) ) ;
#3267 = ORIENTED_EDGE ( 'NONE', *, *, #1096, .F. ) ;
#3268 = CARTESIAN_POINT ( 'NONE',  ( -115.4372790000000180, 31.86911099999999308, 2.000000000000000000 ) ) ;
#3269 = ORIENTED_EDGE ( 'NONE', *, *, #4401, .T. ) ;
#3270 = CARTESIAN_POINT ( 'NONE',  ( -81.51227900000000659, 15.99411099999999841, 2.000000000000000000 ) ) ;
#3271 = CIRCLE ( 'NONE', #4736, 0.9977672882727356418 ) ;
#3272 = EDGE_LOOP ( 'NONE', ( #4716, #2634, #2715, #1362 ) ) ;
#3273 = DIRECTION ( 'NONE',  ( 0.000000000000000000, -0.000000000000000000, 1.000000000000000000 ) ) ;
#3274 = VERTEX_POINT ( 'NONE', #2141 ) ;
#3275 = LINE ( 'NONE', #7767, #7505 ) ;
#3276 = FACE_OUTER_BOUND ( 'NONE', #1748, .T. ) ;
#3277 = FACE_OUTER_BOUND ( 'NONE', #2816, .T. ) ;
#3278 = VECTOR ( 'NONE', #4316, 1000.000000000000000 ) ;
#3279 = DIRECTION ( 'NONE',  ( 1.000000000000000000, 0.000000000000000000, 0.000000000000000000 ) ) ;
#3280 = VERTEX_POINT ( 'NONE', #5433 ) ;
#3281 = EDGE_CURVE ( 'NONE', #7576, #5458, #5946, .T. ) ;
#3282 = CARTESIAN_POINT ( 'NONE',  ( -99.06227900000000375, 34.54411100000000090, 5.000000000000000000 ) ) ;
#3283 = AXIS2_PLACEMENT_3D ( 'NONE', #1888, #1111, #4907 ) ;
#3284 = CARTESIAN_POINT ( 'NONE',  ( -96.38727900000002080, 56.26911099999999522, 2.000000000000000000 ) ) ;
#3285 = EDGE_LOOP ( 'NONE', ( #5135, #4524, #2961, #785 ) ) ;
#3286 = CARTESIAN_POINT ( 'NONE',  ( -39.23727900000002933, 45.21911099999999095, 5.000000000000000000 ) ) ;
#3287 = CARTESIAN_POINT ( 'NONE',  ( -79.51673485719999235, 22.99635366131899872, 2.000000000000000000 ) ) ;
#3288 = EDGE_CURVE ( 'NONE', #6340, #2568, #2873, .T. ) ;
#3289 = DIRECTION ( 'NONE',  ( -0.000000000000000000, -0.000000000000000000, 1.000000000000000000 ) ) ;
#3290 = AXIS2_PLACEMENT_3D ( 'NONE', #6424, #853, #7082 ) ;
#3291 = CIRCLE ( 'NONE', #6212, 0.3999999999999975797 ) ;
#3292 = EDGE_CURVE ( 'NONE', #6448, #5793, #2768, .T. ) ;
#3293 = DIRECTION ( 'NONE',  ( 1.000000000000000000, 0.000000000000000000, 0.000000000000000000 ) ) ;
#3294 = CARTESIAN_POINT ( 'NONE',  ( -47.78727900000002649, 18.21911099999999450, 2.000000000000000000 ) ) ;
#3295 = VERTEX_POINT ( 'NONE', #7303 ) ;
#3296 = CIRCLE ( 'NONE', #4483, 0.3999999999999975797 ) ;
#3297 = VECTOR ( 'NONE', #3663, 1000.000000000000000 ) ;
#3298 = ORIENTED_EDGE ( 'NONE', *, *, #1241, .F. ) ;
#3299 = VERTEX_POINT ( 'NONE', #1099 ) ;
#3300 = CIRCLE ( 'NONE', #8071, 0.9977672882801811305 ) ;
#3301 = CARTESIAN_POINT ( 'NONE',  ( -49.95987199999887451, 2.845857000000109327, 2.000000000000000000 ) ) ;
#3302 = AXIS2_PLACEMENT_3D ( 'NONE', #4533, #2730, #2111 ) ;
#3303 = AXIS2_PLACEMENT_3D ( 'NONE', #5904, #6905, #4818 ) ;
#3304 = EDGE_CURVE ( 'NONE', #3923, #3506, #6182, .T. ) ;
#3305 = DIRECTION ( 'NONE',  ( 0.000000000000000000, 0.000000000000000000, 1.000000000000000000 ) ) ;
#3306 = ORIENTED_EDGE ( 'NONE', *, *, #5361, .T. ) ;
#3307 = ORIENTED_EDGE ( 'NONE', *, *, #7395, .T. ) ;
#3308 = DIRECTION ( 'NONE',  ( -1.000000000000000000, 0.000000000000000000, 0.000000000000000000 ) ) ;
#3309 = AXIS2_PLACEMENT_3D ( 'NONE', #1890, #40, #6937 ) ;
#3310 = DIRECTION ( 'NONE',  ( 0.000000000000000000, 0.000000000000000000, 1.000000000000000000 ) ) ;
#3311 = CARTESIAN_POINT ( 'NONE',  ( -63.63727900000002080, 25.76911099999999166, 2.000000000000000000 ) ) ;
#3312 = ORIENTED_EDGE ( 'NONE', *, *, #282, .T. ) ;
#3313 = CARTESIAN_POINT ( 'NONE',  ( -44.18727900000002506, 82.96911099999999806, 2.000000000000000000 ) ) ;
#3314 = EDGE_CURVE ( 'NONE', #3077, #6351, #6718, .T. ) ;
#3315 = VERTEX_POINT ( 'NONE', #3034 ) ;
#3316 = DIRECTION ( 'NONE',  ( -0.000000000000000000, -0.000000000000000000, 1.000000000000000000 ) ) ;
#3317 = ORIENTED_EDGE ( 'NONE', *, *, #4916, .T. ) ;
#3318 = ORIENTED_EDGE ( 'NONE', *, *, #2753, .F. ) ;
#3319 = FACE_OUTER_BOUND ( 'NONE', #3621, .T. ) ;
#3320 = ORIENTED_EDGE ( 'NONE', *, *, #2722, .F. ) ;
#3321 = CARTESIAN_POINT ( 'NONE',  ( -25.53727900000002293, 45.21911099999999095, 5.000000000000000000 ) ) ;
#3322 = EDGE_CURVE ( 'NONE', #5707, #3295, #526, .T. ) ;
#3323 = EDGE_CURVE ( 'NONE', #5002, #7415, #2417, .T. ) ;
#3324 = FACE_OUTER_BOUND ( 'NONE', #5506, .T. ) ;
#3325 = CARTESIAN_POINT ( 'NONE',  ( -3.812278999999717310, 18.65550297878012387, 2.000000000000000000 ) ) ;
#3326 = DIRECTION ( 'NONE',  ( 1.000000000000000000, 0.000000000000000000, 0.000000000000000000 ) ) ;
#3327 = ORIENTED_EDGE ( 'NONE', *, *, #1955, .T. ) ;
#3328 = ADVANCED_FACE ( 'NONE', ( #1058 ), #1757, .F. ) ;
#3329 = CYLINDRICAL_SURFACE ( 'NONE', #1867, 0.9977672882801047471 ) ;
#3330 = CARTESIAN_POINT ( 'NONE',  ( -22.46053300000018638, 77.14651799999811033, 2.000000000000000000 ) ) ;
#3331 = VERTEX_POINT ( 'NONE', #442 ) ;
#3332 = DIRECTION ( 'NONE',  ( -0.000000000000000000, -0.000000000000000000, 1.000000000000000000 ) ) ;
#3333 = CARTESIAN_POINT ( 'NONE',  ( -4.312278999999766604, 76.14411100000025101, 2.000000000000000000 ) ) ;
#3334 = CYLINDRICAL_SURFACE ( 'NONE', #519, 0.3999999999999975797 ) ;
#3335 = VECTOR ( 'NONE', #2836, 1000.000000000000000 ) ;
#3336 = CARTESIAN_POINT ( 'NONE',  ( -96.38727900000002080, 50.91911099999999379, 5.000000000000000000 ) ) ;
#3337 = FACE_OUTER_BOUND ( 'NONE', #7754, .T. ) ;
#3338 = VERTEX_POINT ( 'NONE', #5511 ) ;
#3339 = ADVANCED_FACE ( 'NONE', ( #3563 ), #6883, .F. ) ;
#3340 = VERTEX_POINT ( 'NONE', #565 ) ;
#3341 = ORIENTED_EDGE ( 'NONE', *, *, #257, .F. ) ;
#3342 = AXIS2_PLACEMENT_3D ( 'NONE', #1510, #3443, #5344 ) ;
#3343 = EDGE_CURVE ( 'NONE', #1084, #2900, #6799, .T. ) ;
#3344 = FACE_OUTER_BOUND ( 'NONE', #2378, .T. ) ;
#3345 = CARTESIAN_POINT ( 'NONE',  ( -24.97663582724297271, 16.67233295899298895, 2.000000000000000000 ) ) ;
#3346 = VECTOR ( 'NONE', #5277, 1000.000000000000000 ) ;
#3347 = ORIENTED_EDGE ( 'NONE', *, *, #3323, .F. ) ;
#3348 = ORIENTED_EDGE ( 'NONE', *, *, #4366, .T. ) ;
#3349 = ADVANCED_FACE ( 'NONE', ( #6104 ), #3116, .F. ) ;
#3350 = CARTESIAN_POINT ( 'NONE',  ( -6.487279000000012452, 55.91911099999999379, 2.000000000000000000 ) ) ;
#3351 = CARTESIAN_POINT ( 'NONE',  ( -6.487279000000012452, 36.86911099999999664, 2.000000000000000000 ) ) ;
#3352 = ORIENTED_EDGE ( 'NONE', *, *, #7727, .T. ) ;
#3353 = CARTESIAN_POINT ( 'NONE',  ( -82.28727900000001227, 18.16911099999998669, 5.000000000000000000 ) ) ;
#3354 = CIRCLE ( 'NONE', #3534, 0.3999999999999975797 ) ;
#3355 = VERTEX_POINT ( 'NONE', #4973 ) ;
#3356 = CARTESIAN_POINT ( 'NONE',  ( -53.46227900000000233, 23.99411100000000019, 5.000000000000000000 ) ) ;
#3357 = ORIENTED_EDGE ( 'NONE', *, *, #6491, .F. ) ;
#3358 = ORIENTED_EDGE ( 'NONE', *, *, #4288, .T. ) ;
#3359 = EDGE_CURVE ( 'NONE', #335, #884, #2952, .T. ) ;
#3360 = DIRECTION ( 'NONE',  ( 1.000000000000000000, 1.262878690511114151E-12, -0.000000000000000000 ) ) ;
#3361 = ORIENTED_EDGE ( 'NONE', *, *, #5862, .T. ) ;
#3362 = DIRECTION ( 'NONE',  ( 0.000000000000000000, 0.000000000000000000, -1.000000000000000000 ) ) ;
#3363 = EDGE_CURVE ( 'NONE', #4837, #2210, #4621, .T. ) ;
#3364 = CARTESIAN_POINT ( 'NONE',  ( -5.312278999999797691, 77.14411100000025101, 2.000000000000000000 ) ) ;
#3365 = DIRECTION ( 'NONE',  ( 0.000000000000000000, 0.000000000000000000, -1.000000000000000000 ) ) ;
#3366 = LINE ( 'NONE', #3450, #4612 ) ;
#3367 = ADVANCED_FACE ( 'NONE', ( #1717 ), #7427, .F. ) ;
#3368 = PLANE ( 'NONE',  #3303 ) ;
#3369 = ORIENTED_EDGE ( 'NONE', *, *, #4356, .F. ) ;
#3370 = CARTESIAN_POINT ( 'NONE',  ( -80.51227899999928184, 16.99411100000000374, 2.000000000000000000 ) ) ;
#3371 = DIRECTION ( 'NONE',  ( 0.9659258276786805153, -0.2588190399164174149, 0.000000000000000000 ) ) ;
#3372 = ORIENTED_EDGE ( 'NONE', *, *, #4402, .F. ) ;
#3373 = CARTESIAN_POINT ( 'NONE',  ( -39.23727900000002933, 39.86911099999998953, 5.000000000000000000 ) ) ;
#3374 = LINE ( 'NONE', #2310, #5508 ) ;
#3375 = DIRECTION ( 'NONE',  ( 1.000000000000000000, 0.000000000000000000, 0.000000000000000000 ) ) ;
#3376 = EDGE_CURVE ( 'NONE', #495, #7284, #3948, .T. ) ;
#3377 = AXIS2_PLACEMENT_3D ( 'NONE', #5399, #6728, #6608 ) ;
#3378 = CARTESIAN_POINT ( 'NONE',  ( -101.7372790000000151, 32.26911099999998811, 2.000000000000000000 ) ) ;
#3379 = DIRECTION ( 'NONE',  ( 1.000000000000000000, 0.000000000000000000, 0.000000000000000000 ) ) ;
#3380 = ORIENTED_EDGE ( 'NONE', *, *, #4400, .F. ) ;
#3381 = ORIENTED_EDGE ( 'NONE', *, *, #5003, .F. ) ;
#3382 = ORIENTED_EDGE ( 'NONE', *, *, #2329, .T. ) ;
#3383 = EDGE_CURVE ( 'NONE', #2149, #1819, #7379, .T. ) ;
#3384 = AXIS2_PLACEMENT_3D ( 'NONE', #4686, #601, #514 ) ;
#3385 = CARTESIAN_POINT ( 'NONE',  ( -82.68727900000001796, 55.86911099999999664, 5.000000000000000000 ) ) ;
#3386 = CARTESIAN_POINT ( 'NONE',  ( -101.3372790000000094, 18.16911099999998669, 5.000000000000000000 ) ) ;
#3387 = AXIS2_PLACEMENT_3D ( 'NONE', #6903, #1205, #6246 ) ;
#3388 = EDGE_CURVE ( 'NONE', #1141, #7109, #3078, .T. ) ;
#3389 = EDGE_CURVE ( 'NONE', #6364, #633, #1831, .T. ) ;
#3390 = VERTEX_POINT ( 'NONE', #1224 ) ;
#3391 = ORIENTED_EDGE ( 'NONE', *, *, #4551, .F. ) ;
#3392 = ORIENTED_EDGE ( 'NONE', *, *, #7640, .F. ) ;
#3393 = EDGE_CURVE ( 'NONE', #3677, #4726, #6265, .T. ) ;
#3394 = DIRECTION ( 'NONE',  ( 0.000000000000000000, 0.000000000000000000, -1.000000000000000000 ) ) ;
#3395 = VERTEX_POINT ( 'NONE', #7546 ) ;
#3396 = CARTESIAN_POINT ( 'NONE',  ( -6.487279000000012452, 41.81911099999999237, 2.000000000000000000 ) ) ;
#3397 = CIRCLE ( 'NONE', #3645, 0.3999999999999975797 ) ;
#3398 = EDGE_LOOP ( 'NONE', ( #5848, #3997, #6302, #405 ) ) ;
#3399 = CARTESIAN_POINT ( 'NONE',  ( -115.4372790000000180, 32.26911099999998811, 2.000000000000000000 ) ) ;
#3400 = ORIENTED_EDGE ( 'NONE', *, *, #333, .T. ) ;
#3401 = DIRECTION ( 'NONE',  ( 0.000000000000000000, 0.000000000000000000, 1.000000000000000000 ) ) ;
#3402 = AXIS2_PLACEMENT_3D ( 'NONE', #4946, #2963, #5523 ) ;
#3403 = CARTESIAN_POINT ( 'NONE',  ( -39.63727900000002791, 77.96911099999999806, 2.000000000000000000 ) ) ;
#3404 = CIRCLE ( 'NONE', #4057, 0.3999999999999975797 ) ;
#3405 = EDGE_CURVE ( 'NONE', #4868, #5248, #1386, .T. ) ;
#3406 = LINE ( 'NONE', #5943, #1943 ) ;
#3407 = CARTESIAN_POINT ( 'NONE',  ( 2.523644000000305088, -11.87542799999932974, 5.000000000000000000 ) ) ;
#3408 = CARTESIAN_POINT ( 'NONE',  ( -82.68727900000001796, 18.16911099999998669, 5.000000000000000000 ) ) ;
#3409 = EDGE_CURVE ( 'NONE', #2721, #6116, #5853, .T. ) ;
#3410 = EDGE_LOOP ( 'NONE', ( #973, #5328, #3018, #5827 ) ) ;
#3411 = CARTESIAN_POINT ( 'NONE',  ( -23.36227900000000091, 79.14411100000000943, 2.000000000000000000 ) ) ;
#3412 = CARTESIAN_POINT ( 'NONE',  ( -23.98727900000000091, 60.09411099999999806, 2.000000000000000000 ) ) ;
#3413 = FACE_OUTER_BOUND ( 'NONE', #4295, .T. ) ;
#3414 = EDGE_LOOP ( 'NONE', ( #5540, #2662, #739, #7628 ) ) ;
#3415 = AXIS2_PLACEMENT_3D ( 'NONE', #5165, #6444, #3375 ) ;
#3416 = CARTESIAN_POINT ( 'NONE',  ( -25.53727900000002293, 64.26911099999999522, 2.000000000000000000 ) ) ;
#3417 = CARTESIAN_POINT ( 'NONE',  ( -6.487279000000012452, 42.21911099999999095, 2.000000000000000000 ) ) ;
#3418 = CARTESIAN_POINT ( 'NONE',  ( -58.28727900000002649, 82.96911099999999806, 2.000000000000000000 ) ) ;
#3419 = AXIS2_PLACEMENT_3D ( 'NONE', #6196, #6238, #4268 ) ;
#3420 = DIRECTION ( 'NONE',  ( 0.000000000000000000, 0.000000000000000000, 1.000000000000000000 ) ) ;
#3421 = PLANE ( 'NONE',  #726 ) ;
#3422 = VERTEX_POINT ( 'NONE', #6384 ) ;
#3423 = ORIENTED_EDGE ( 'NONE', *, *, #7947, .F. ) ;
#3424 = ORIENTED_EDGE ( 'NONE', *, *, #5796, .F. ) ;
#3425 = AXIS2_PLACEMENT_3D ( 'NONE', #1269, #3036, #8091 ) ;
#3426 = VECTOR ( 'NONE', #1171, 1000.000000000000000 ) ;
#3427 = DIRECTION ( 'NONE',  ( 0.000000000000000000, 0.000000000000000000, 1.000000000000000000 ) ) ;
#3428 = CIRCLE ( 'NONE', #3676, 0.3999999999999975797 ) ;
#3429 = LINE ( 'NONE', #1458, #7403 ) ;
#3430 = CIRCLE ( 'NONE', #6612, 0.3999999999999975797 ) ;
#3431 = EDGE_CURVE ( 'NONE', #1635, #4373, #734, .T. ) ;
#3432 = VERTEX_POINT ( 'NONE', #5690 ) ;
#3433 = ORIENTED_EDGE ( 'NONE', *, *, #7084, .F. ) ;
#3434 = APPLICATION_PROTOCOL_DEFINITION ( 'draft international standard', 'automotive_design', 1998, #1374 ) ;
#3435 = DIRECTION ( 'NONE',  ( 1.000000000000000000, 0.000000000000000000, 0.000000000000000000 ) ) ;
#3436 = ORIENTED_EDGE ( 'NONE', *, *, #6425, .T. ) ;
#3437 = AXIS2_PLACEMENT_3D ( 'NONE', #4662, #87, #1368 ) ;
#3438 = AXIS2_PLACEMENT_3D ( 'NONE', #3735, #6943, #3935 ) ;
#3439 = LINE ( 'NONE', #889, #4880 ) ;
#3440 = DIRECTION ( 'NONE',  ( -0.000000000000000000, -0.000000000000000000, 1.000000000000000000 ) ) ;
#3441 = EDGE_CURVE ( 'NONE', #7836, #2867, #6960, .T. ) ;
#3442 = ORIENTED_EDGE ( 'NONE', *, *, #1144, .F. ) ;
#3443 = DIRECTION ( 'NONE',  ( -0.000000000000000000, -0.000000000000000000, 1.000000000000000000 ) ) ;
#3444 = VECTOR ( 'NONE', #351, 1000.000000000000227 ) ;
#3445 = ORIENTED_EDGE ( 'NONE', *, *, #7306, .T. ) ;
#3446 = CARTESIAN_POINT ( 'NONE',  ( -41.41227900000000517, 80.14411100000000943, 2.000000000000000000 ) ) ;
#3447 = EDGE_CURVE ( 'NONE', #1746, #1880, #5410, .T. ) ;
#3448 = CARTESIAN_POINT ( 'NONE',  ( -82.68727900000001796, 55.86911099999999664, 2.000000000000000000 ) ) ;
#3449 = DIRECTION ( 'NONE',  ( -0.000000000000000000, -0.000000000000000000, 1.000000000000000000 ) ) ;
#3450 = CARTESIAN_POINT ( 'NONE',  ( -60.46227899999620803, 84.14411100000000943, 2.000000000000000000 ) ) ;
#3451 = ADVANCED_FACE ( 'NONE', ( #4549 ), #3197, .F. ) ;
#3452 = ORIENTED_EDGE ( 'NONE', *, *, #5554, .T. ) ;
#3453 = DIRECTION ( 'NONE',  ( 1.000000000000000000, 0.000000000000000000, 0.000000000000000000 ) ) ;
#3454 = CYLINDRICAL_SURFACE ( 'NONE', #1365, 1.125000000000000888 ) ;
#3455 = DIRECTION ( 'NONE',  ( 0.8660254062730188274, -0.4999999956896525877, 0.000000000000000000 ) ) ;
#3456 = ORIENTED_EDGE ( 'NONE', *, *, #5032, .F. ) ;
#3457 = EDGE_CURVE ( 'NONE', #5245, #242, #3792, .T. ) ;
#3458 = CARTESIAN_POINT ( 'NONE',  ( -6.087279000000014761, 36.86911099999999664, 2.000000000000000000 ) ) ;
#3459 = CARTESIAN_POINT ( 'NONE',  ( -63.63727900000002080, 58.91911099999999379, 2.000000000000000000 ) ) ;
#3460 = CARTESIAN_POINT ( 'NONE',  ( -53.46227900000000233, 23.99411100000000019, 2.000000000000000000 ) ) ;
#3461 = EDGE_CURVE ( 'NONE', #6641, #5971, #5185, .T. ) ;
#3462 = EDGE_CURVE ( 'NONE', #2540, #1538, #7078, .T. ) ;
#3463 = DIRECTION ( 'NONE',  ( 0.000000000000000000, 0.000000000000000000, 1.000000000000000000 ) ) ;
#3464 = CARTESIAN_POINT ( 'NONE',  ( -14.51653217275702445, -0.3137269589929864155, 2.000000000000000000 ) ) ;
#3465 = ORIENTED_EDGE ( 'NONE', *, *, #4223, .T. ) ;
#3466 = VERTEX_POINT ( 'NONE', #5727 ) ;
#3467 = ORIENTED_EDGE ( 'NONE', *, *, #1864, .F. ) ;
#3468 = CARTESIAN_POINT ( 'NONE',  ( -48.18727900000002506, 17.81911099999999948, 2.000000000000000000 ) ) ;
#3469 = VECTOR ( 'NONE', #2405, 1000.000000000000000 ) ;
#3470 = EDGE_LOOP ( 'NONE', ( #3965, #4841, #3755, #378 ) ) ;
#3471 = DIRECTION ( 'NONE',  ( 0.000000000000000000, 0.000000000000000000, 1.000000000000000000 ) ) ;
#3472 = EDGE_CURVE ( 'NONE', #2210, #6298, #5221, .T. ) ;
#3473 = ORIENTED_EDGE ( 'NONE', *, *, #1144, .T. ) ;
#3474 = ORIENTED_EDGE ( 'NONE', *, *, #5681, .T. ) ;
#3475 = VECTOR ( 'NONE', #7527, 1000.000000000000000 ) ;
#3476 = CARTESIAN_POINT ( 'NONE',  ( -6.487279000000012452, 60.86911099999998953, 2.000000000000000000 ) ) ;
#3477 = ORIENTED_EDGE ( 'NONE', *, *, #649, .T. ) ;
#3478 = CARTESIAN_POINT ( 'NONE',  ( -34.08727900000002364, 18.21911099999999450, 5.000000000000000000 ) ) ;
#3479 = CIRCLE ( 'NONE', #7456, 0.3999999999999975797 ) ;
#3480 = ORIENTED_EDGE ( 'NONE', *, *, #399, .T. ) ;
#3481 = LINE ( 'NONE', #4012, #54 ) ;
#3482 = DIRECTION ( 'NONE',  ( -1.000000000000000000, 0.000000000000000000, 0.000000000000000000 ) ) ;
#3483 = CARTESIAN_POINT ( 'NONE',  ( -82.68727900000001796, 70.36911100000000374, 2.000000000000000000 ) ) ;
#3484 = CYLINDRICAL_SURFACE ( 'NONE', #643, 0.3999999999999975797 ) ;
#3485 = DIRECTION ( 'NONE',  ( -0.000000000000000000, -0.000000000000000000, -1.000000000000000000 ) ) ;
#3486 = ORIENTED_EDGE ( 'NONE', *, *, #3304, .T. ) ;
#3487 = LINE ( 'NONE', #3565, #2656 ) ;
#3488 = LINE ( 'NONE', #6028, #841 ) ;
#3489 = ADVANCED_FACE ( 'NONE', ( #6347 ), #5763, .F. ) ;
#3490 = LINE ( 'NONE', #4226, #5333 ) ;
#3491 = ORIENTED_EDGE ( 'NONE', *, *, #2188, .T. ) ;
#3492 = LINE ( 'NONE', #6031, #4701 ) ;
#3493 = DIRECTION ( 'NONE',  ( 1.000000000000000000, 0.000000000000000000, 0.000000000000000000 ) ) ;
#3494 = DIRECTION ( 'NONE',  ( 0.000000000000000000, 0.000000000000000000, 1.000000000000000000 ) ) ;
#3495 = CARTESIAN_POINT ( 'NONE',  ( -63.63727900000002080, 45.21911099999999095, 5.000000000000000000 ) ) ;
#3496 = LINE ( 'NONE', #5363, #323 ) ;
#3497 = ORIENTED_EDGE ( 'NONE', *, *, #4866, .T. ) ;
#3498 = ORIENTED_EDGE ( 'NONE', *, *, #5823, .T. ) ;
#3499 = EDGE_LOOP ( 'NONE', ( #4336, #3084, #7240, #1260 ) ) ;
#3500 = ADVANCED_FACE ( 'NONE', ( #7583 ), #7042, .F. ) ;
#3501 = DIRECTION ( 'NONE',  ( 1.000000000000000000, 0.000000000000000000, 0.000000000000000000 ) ) ;
#3502 = LINE ( 'NONE', #381, #1604 ) ;
#3503 = AXIS2_PLACEMENT_3D ( 'NONE', #3416, #5441, #7982 ) ;
#3504 = VERTEX_POINT ( 'NONE', #102 ) ;
#3505 = DIRECTION ( 'NONE',  ( 0.2588190399164173039, 0.9659258276786805153, 0.000000000000000000 ) ) ;
#3506 = VERTEX_POINT ( 'NONE', #3921 ) ;
#3507 = AXIS2_PLACEMENT_3D ( 'NONE', #3642, #3167, #527 ) ;
#3508 = ORIENTED_EDGE ( 'NONE', *, *, #2956, .T. ) ;
#3509 = ORIENTED_EDGE ( 'NONE', *, *, #887, .T. ) ;
#3510 = EDGE_CURVE ( 'NONE', #5009, #5408, #812, .T. ) ;
#3511 = DIRECTION ( 'NONE',  ( 0.000000000000000000, 0.000000000000000000, 1.000000000000000000 ) ) ;
#3512 = CARTESIAN_POINT ( 'NONE',  ( -49.96227899999895783, 20.49411100000000019, 5.000000000000000000 ) ) ;
#3513 = VERTEX_POINT ( 'NONE', #5806 ) ;
#3514 = DIRECTION ( 'NONE',  ( -0.000000000000000000, -1.000000000000000000, -0.000000000000000000 ) ) ;
#3515 = ORIENTED_EDGE ( 'NONE', *, *, #1590, .T. ) ;
#3516 = CIRCLE ( 'NONE', #8158, 0.3999999999999975797 ) ;
#3517 = ORIENTED_EDGE ( 'NONE', *, *, #5434, .F. ) ;
#3518 = VERTEX_POINT ( 'NONE', #2580 ) ;
#3519 = CARTESIAN_POINT ( 'NONE',  ( -101.7372789999999867, 70.36911100000000374, 2.000000000000000000 ) ) ;
#3520 = DIRECTION ( 'NONE',  ( 1.000000000000000000, 0.000000000000000000, 0.000000000000000000 ) ) ;
#3521 = LINE ( 'NONE', #6556, #6446 ) ;
#3522 = CYLINDRICAL_SURFACE ( 'NONE', #5143, 0.3999999999999975797 ) ;
#3523 = ORIENTED_EDGE ( 'NONE', *, *, #8039, .F. ) ;
#3524 = LINE ( 'NONE', #7975, #818 ) ;
#3525 = VECTOR ( 'NONE', #2270, 1000.000000000000000 ) ;
#3526 = ORIENTED_EDGE ( 'NONE', *, *, #7383, .F. ) ;
#3527 = DIRECTION ( 'NONE',  ( -1.000000000000000000, 0.000000000000000000, 0.000000000000000000 ) ) ;
#3528 = DIRECTION ( 'NONE',  ( -0.9659258276786804043, 0.2588190399164176370, 0.000000000000000000 ) ) ;
#3529 = ORIENTED_EDGE ( 'NONE', *, *, #4692, .F. ) ;
#3530 = CARTESIAN_POINT ( 'NONE',  ( -82.28727900000001227, 69.96911099999999806, 2.000000000000000000 ) ) ;
#3531 = DIRECTION ( 'NONE',  ( 1.000000000000000000, 0.000000000000000000, 0.000000000000000000 ) ) ;
#3532 = VECTOR ( 'NONE', #6395, 1000.000000000000000 ) ;
#3533 = LINE ( 'NONE', #454, #4193 ) ;
#3534 = AXIS2_PLACEMENT_3D ( 'NONE', #8012, #1065, #5951 ) ;
#3535 = LINE ( 'NONE', #6037, #2262 ) ;
#3536 = AXIS2_PLACEMENT_3D ( 'NONE', #7875, #5338, #3394 ) ;
#3537 = DIRECTION ( 'NONE',  ( -0.000000000000000000, -0.000000000000000000, 1.000000000000000000 ) ) ;
#3538 = ORIENTED_EDGE ( 'NONE', *, *, #3791, .T. ) ;
#3539 = VECTOR ( 'NONE', #6061, 1000.000000000000000 ) ;
#3540 = ORIENTED_EDGE ( 'NONE', *, *, #4368, .F. ) ;
#3541 = EDGE_LOOP ( 'NONE', ( #4761, #3067, #3861, #17 ) ) ;
#3542 = DIRECTION ( 'NONE',  ( -1.000000000000000000, 0.000000000000000000, 0.000000000000000000 ) ) ;
#3543 = DIRECTION ( 'NONE',  ( -0.4999999999999999445, -0.8660254037844385966, 0.000000000000000000 ) ) ;
#3544 = VECTOR ( 'NONE', #3946, 1000.000000000000000 ) ;
#3545 = EDGE_CURVE ( 'NONE', #3740, #1348, #6923, .T. ) ;
#3546 = ORIENTED_EDGE ( 'NONE', *, *, #29, .F. ) ;
#3547 = CARTESIAN_POINT ( 'NONE',  ( -24.48673788020493092, 16.95517567409789450, 2.000000000000000000 ) ) ;
#3548 = ORIENTED_EDGE ( 'NONE', *, *, #206, .T. ) ;
#3549 = VECTOR ( 'NONE', #3885, 1000.000000000000000 ) ;
#3550 = VERTEX_POINT ( 'NONE', #3313 ) ;
#3551 = ORIENTED_EDGE ( 'NONE', *, *, #3376, .T. ) ;
#3552 = DIRECTION ( 'NONE',  ( 0.000000000000000000, 0.000000000000000000, 1.000000000000000000 ) ) ;
#3553 = FACE_BOUND ( 'NONE', #3746, .T. ) ;
#3554 = AXIS2_PLACEMENT_3D ( 'NONE', #1575, #5373, #1123 ) ;
#3555 = VECTOR ( 'NONE', #1265, 1000.000000000000000 ) ;
#3556 = EDGE_CURVE ( 'NONE', #5707, #97, #7627, .T. ) ;
#3557 = ORIENTED_EDGE ( 'NONE', *, *, #5881, .F. ) ;
#3558 = DIRECTION ( 'NONE',  ( 0.000000000000000000, 1.000000000000000000, 0.000000000000000000 ) ) ;
#3559 = AXIS2_PLACEMENT_3D ( 'NONE', #874, #5167, #4497 ) ;
#3560 = CIRCLE ( 'NONE', #4628, 0.3999999999999975797 ) ;
#3561 = DIRECTION ( 'NONE',  ( -1.000000000000000000, 0.000000000000000000, 0.000000000000000000 ) ) ;
#3562 = CARTESIAN_POINT ( 'NONE',  ( -23.36227899999621016, 78.14411099999999522, 5.000000000000000000 ) ) ;
#3563 = FACE_OUTER_BOUND ( 'NONE', #6583, .T. ) ;
#3564 = ORIENTED_EDGE ( 'NONE', *, *, #4785, .T. ) ;
#3565 = CARTESIAN_POINT ( 'NONE',  ( -63.63727900000002080, 40.26911099999998811, 2.000000000000000000 ) ) ;
#3566 = VECTOR ( 'NONE', #1156, 1000.000000000000000 ) ;
#3567 = AXIS2_PLACEMENT_3D ( 'NONE', #986, #2300, #320 ) ;
#3568 = ORIENTED_EDGE ( 'NONE', *, *, #6183, .F. ) ;
#3569 = DIRECTION ( 'NONE',  ( -1.000000000000000000, 0.000000000000000000, 0.000000000000000000 ) ) ;
#3570 = CARTESIAN_POINT ( 'NONE',  ( -53.46227900000000233, 23.99411100000000019, 2.000000000000000000 ) ) ;
#3571 = ORIENTED_EDGE ( 'NONE', *, *, #7107, .F. ) ;
#3572 = DIRECTION ( 'NONE',  ( -0.000000000000000000, -0.000000000000000000, 1.000000000000000000 ) ) ;
#3573 = CYLINDRICAL_SURFACE ( 'NONE', #3402, 1.125000000000000888 ) ;
#3574 = DIRECTION ( 'NONE',  ( -0.000000000000000000, -0.000000000000000000, 1.000000000000000000 ) ) ;
#3575 = CARTESIAN_POINT ( 'NONE',  ( -101.7372790000000151, 51.31911099999999237, 2.000000000000000000 ) ) ;
#3576 = DIRECTION ( 'NONE',  ( 1.000000000000000000, 0.000000000000000000, 0.000000000000000000 ) ) ;
#3577 = ORIENTED_EDGE ( 'NONE', *, *, #1690, .F. ) ;
#3578 = EDGE_CURVE ( 'NONE', #5022, #2264, #5150, .T. ) ;
#3579 = ORIENTED_EDGE ( 'NONE', *, *, #7615, .T. ) ;
#3580 = LINE ( 'NONE', #8025, #5112 ) ;
#3581 = FACE_OUTER_BOUND ( 'NONE', #4341, .T. ) ;
#3582 = CARTESIAN_POINT ( 'NONE',  ( -101.7372790000000151, 32.26911099999998811, 2.000000000000000000 ) ) ;
#3583 = EDGE_CURVE ( 'NONE', #151, #6124, #7674, .T. ) ;
#3584 = FACE_OUTER_BOUND ( 'NONE', #1019, .T. ) ;
#3585 = ORIENTED_EDGE ( 'NONE', *, *, #6435, .F. ) ;
#3586 = VERTEX_POINT ( 'NONE', #2863 ) ;
#3587 = EDGE_LOOP ( 'NONE', ( #128, #70, #4195, #1388 ) ) ;
#3588 = EDGE_CURVE ( 'NONE', #42, #3077, #267, .T. ) ;
#3589 = ORIENTED_EDGE ( 'NONE', *, *, #4190, .F. ) ;
#3590 = LINE ( 'NONE', #7371, #2524 ) ;
#3591 = DIRECTION ( 'NONE',  ( 0.000000000000000000, 0.000000000000000000, 1.000000000000000000 ) ) ;
#3592 = AXIS2_PLACEMENT_3D ( 'NONE', #1922, #2714, #5980 ) ;
#3593 = ORIENTED_EDGE ( 'NONE', *, *, #4243, .T. ) ;
#3594 = EDGE_CURVE ( 'NONE', #7871, #711, #7204, .T. ) ;
#3595 = DIRECTION ( 'NONE',  ( 1.000000000000000000, 0.000000000000000000, 0.000000000000000000 ) ) ;
#3596 = ADVANCED_FACE ( 'NONE', ( #3971 ), #5975, .F. ) ;
#3597 = CARTESIAN_POINT ( 'NONE',  ( -79.51227899999619808, 79.14411100000002364, 2.000000000000000000 ) ) ;
#3598 = DIRECTION ( 'NONE',  ( 1.000000000000000000, 0.000000000000000000, 0.000000000000000000 ) ) ;
#3599 = DIRECTION ( 'NONE',  ( 0.000000000000000000, 1.000000000000000000, 0.000000000000000000 ) ) ;
#3600 = AXIS2_PLACEMENT_3D ( 'NONE', #629, #7610, #2484 ) ;
#3601 = ORIENTED_EDGE ( 'NONE', *, *, #7362, .F. ) ;
#3602 = LINE ( 'NONE', #8008, #4879 ) ;
#3603 = EDGE_LOOP ( 'NONE', ( #4750, #5919, #1051, #4201 ) ) ;
#3604 = DIRECTION ( 'NONE',  ( 1.000000000000000000, 0.000000000000000000, 0.000000000000000000 ) ) ;
#3605 = VECTOR ( 'NONE', #6278, 1000.000000000000000 ) ;
#3606 = CARTESIAN_POINT ( 'NONE',  ( -96.38727900000002080, 32.26911099999998811, 2.000000000000000000 ) ) ;
#3607 = DIRECTION ( 'NONE',  ( -1.000000000000000000, 0.000000000000000000, 0.000000000000000000 ) ) ;
#3608 = CARTESIAN_POINT ( 'NONE',  ( -77.33727900000002364, 39.86911099999998953, 2.000000000000000000 ) ) ;
#3609 = PLANE ( 'NONE',  #3160 ) ;
#3610 = CARTESIAN_POINT ( 'NONE',  ( -20.58727900000001299, 42.21911099999999095, 2.000000000000000000 ) ) ;
#3611 = CYLINDRICAL_SURFACE ( 'NONE', #1378, 0.3999999999999975797 ) ;
#3612 = ORIENTED_EDGE ( 'NONE', *, *, #2681, .F. ) ;
#3613 = ORIENTED_EDGE ( 'NONE', *, *, #393, .T. ) ;
#3614 = CARTESIAN_POINT ( 'NONE',  ( -9.357274015923405130, -2.507274015923409483, 2.000000000000000000 ) ) ;
#3615 = CARTESIAN_POINT ( 'NONE',  ( -2.307274015923404864, 9.703684177437175151, 2.000000000000000000 ) ) ;
#3616 = DIRECTION ( 'NONE',  ( 0.000000000000000000, 1.000000000000000000, 0.000000000000000000 ) ) ;
#3617 = DIRECTION ( 'NONE',  ( 1.000000000000000000, 0.000000000000000000, 0.000000000000000000 ) ) ;
#3618 = DIRECTION ( 'NONE',  ( 1.000000000000000000, 0.000000000000000000, 0.000000000000000000 ) ) ;
#3619 = CARTESIAN_POINT ( 'NONE',  ( -60.46227899999620803, 84.14411100000000943, 2.000000000000000000 ) ) ;
#3620 = ORIENTED_EDGE ( 'NONE', *, *, #2538, .T. ) ;
#3621 = EDGE_LOOP ( 'NONE', ( #6110, #2880, #7293, #4235 ) ) ;
#3622 = VERTEX_POINT ( 'NONE', #7167 ) ;
#3623 = DIRECTION ( 'NONE',  ( -0.000000000000000000, -0.000000000000000000, 1.000000000000000000 ) ) ;
#3624 = DIRECTION ( 'NONE',  ( 1.000000000000000000, 0.000000000000000000, 0.000000000000000000 ) ) ;
#3625 = AXIS2_PLACEMENT_3D ( 'NONE', #2765, #4615, #6441 ) ;
#3626 = ORIENTED_EDGE ( 'NONE', *, *, #1336, .T. ) ;
#3627 = DIRECTION ( 'NONE',  ( -1.000000000000000000, 0.000000000000000000, 0.000000000000000000 ) ) ;
#3628 = EDGE_CURVE ( 'NONE', #299, #8078, #7919, .T. ) ;
#3629 = FACE_OUTER_BOUND ( 'NONE', #5394, .T. ) ;
#3630 = LINE ( 'NONE', #515, #1568 ) ;
#3631 = CARTESIAN_POINT ( 'NONE',  ( -20.58727900000001299, 61.26911099999998811, 2.000000000000000000 ) ) ;
#3632 = CIRCLE ( 'NONE', #6824, 1.125000000000000888 ) ;
#3633 = ORIENTED_EDGE ( 'NONE', *, *, #7774, .T. ) ;
#3634 = CARTESIAN_POINT ( 'NONE',  ( -25.53727900000002293, 77.96911099999999806, 2.000000000000000000 ) ) ;
#3635 = EDGE_CURVE ( 'NONE', #4799, #4903, #1064, .T. ) ;
#3636 = ORIENTED_EDGE ( 'NONE', *, *, #1438, .F. ) ;
#3637 = DIRECTION ( 'NONE',  ( 1.000000000000000000, 0.000000000000000000, 0.000000000000000000 ) ) ;
#3638 = AXIS2_PLACEMENT_3D ( 'NONE', #5850, #1914, #2005 ) ;
#3639 = ORIENTED_EDGE ( 'NONE', *, *, #3389, .F. ) ;
#3640 = PLANE ( 'NONE',  #5655 ) ;
#3641 = AXIS2_PLACEMENT_3D ( 'NONE', #3000, #7469, #658 ) ;
#3642 = CARTESIAN_POINT ( 'NONE',  ( -24.59026549617149726, 16.56880534302642261, 2.000000000000000000 ) ) ;
#3643 = DIRECTION ( 'NONE',  ( 1.000000000000000000, 0.000000000000000000, 0.000000000000000000 ) ) ;
#3644 = CARTESIAN_POINT ( 'NONE',  ( -44.18727900000002506, 50.21911099999999095, 5.000000000000000000 ) ) ;
#3645 = AXIS2_PLACEMENT_3D ( 'NONE', #670, #2686, #4616 ) ;
#3646 = EDGE_CURVE ( 'NONE', #4116, #4884, #5689, .T. ) ;
#3647 = CARTESIAN_POINT ( 'NONE',  ( -82.28727900000001227, 50.91911099999999379, 2.000000000000000000 ) ) ;
#3648 = LINE ( 'NONE', #3728, #3605 ) ;
#3649 = ORIENTED_EDGE ( 'NONE', *, *, #2008, .T. ) ;
#3650 = AXIS2_PLACEMENT_3D ( 'NONE', #6676, #2140, #6517 ) ;
#3651 = DIRECTION ( 'NONE',  ( -1.000000000000000000, 1.265191655145750163E-12, 0.000000000000000000 ) ) ;
#3652 = CARTESIAN_POINT ( 'NONE',  ( -43.41227899999998385, 85.14411099999728094, 2.000000000000000000 ) ) ;
#3653 = CARTESIAN_POINT ( 'NONE',  ( -3.812278999999715534, 18.65550297878012742, 2.000000000000000000 ) ) ;
#3654 = VECTOR ( 'NONE', #905, 1000.000000000000000 ) ;
#3655 = CARTESIAN_POINT ( 'NONE',  ( 9.557274015923402644, 2.853684177437181724, 2.000000000000000000 ) ) ;
#3656 = DIRECTION ( 'NONE',  ( 1.000000000000000000, -0.000000000000000000, -0.000000000000000000 ) ) ;
#3657 = VECTOR ( 'NONE', #5560, 1000.000000000000000 ) ;
#3658 = LINE ( 'NONE', #6945, #5557 ) ;
#3659 = DIRECTION ( 'NONE',  ( -1.000000000000000000, 0.000000000000000000, 0.000000000000000000 ) ) ;
#3660 = ORIENTED_EDGE ( 'NONE', *, *, #1230, .F. ) ;
#3661 = ORIENTED_EDGE ( 'NONE', *, *, #5465, .T. ) ;
#3662 = ORIENTED_EDGE ( 'NONE', *, *, #316, .F. ) ;
#3663 = DIRECTION ( 'NONE',  ( -1.000000000000000000, 0.000000000000000000, 0.000000000000000000 ) ) ;
#3664 = FACE_BOUND ( 'NONE', #5548, .T. ) ;
#3665 = CIRCLE ( 'NONE', #3283, 0.3999999999999975797 ) ;
#3666 = VERTEX_POINT ( 'NONE', #3476 ) ;
#3667 = CYLINDRICAL_SURFACE ( 'NONE', #5279, 0.3999999999999975797 ) ;
#3668 = CARTESIAN_POINT ( 'NONE',  ( -60.46227900000000233, 81.14411100000000943, 2.000000000000000000 ) ) ;
#3669 = CARTESIAN_POINT ( 'NONE',  ( -101.7372790000000151, 51.31911099999999237, 2.000000000000000000 ) ) ;
#3670 = EDGE_LOOP ( 'NONE', ( #7553, #67, #699, #1529, #2702, #845, #3841, #2411 ) ) ;
#3671 = AXIS2_PLACEMENT_3D ( 'NONE', #6386, #738, #149 ) ;
#3672 = VECTOR ( 'NONE', #8005, 1000.000000000000000 ) ;
#3673 = DIRECTION ( 'NONE',  ( 0.000000000000000000, 0.000000000000000000, 1.000000000000000000 ) ) ;
#3674 = ORIENTED_EDGE ( 'NONE', *, *, #8111, .F. ) ;
#3675 = DIRECTION ( 'NONE',  ( -0.9659258276786805153, 0.2588190399164172484, -0.000000000000000000 ) ) ;
#3677 = VERTEX_POINT ( 'NONE', #2203 ) ;
#3676 = AXIS2_PLACEMENT_3D ( 'NONE', #2945, #2448, #4966 ) ;
#3678 = EDGE_CURVE ( 'NONE', #5091, #6954, #4591, .T. ) ;
#3679 = CARTESIAN_POINT ( 'NONE',  ( -25.13727900000002791, 64.26911099999999522, 2.000000000000000000 ) ) ;
#3680 = VERTEX_POINT ( 'NONE', #4765 ) ;
#3681 = LINE ( 'NONE', #6235, #4715 ) ;
#3682 = LINE ( 'NONE', #1764, #3886 ) ;
#3683 = DIRECTION ( 'NONE',  ( 1.000000000000000000, 0.000000000000000000, 0.000000000000000000 ) ) ;
#3684 = EDGE_CURVE ( 'NONE', #337, #7468, #6506, .T. ) ;
#3685 = CARTESIAN_POINT ( 'NONE',  ( -82.28727900000001227, 37.21911099999999095, 2.000000000000000000 ) ) ;
#3686 = VECTOR ( 'NONE', #4800, 1000.000000000000000 ) ;
#3687 = CARTESIAN_POINT ( 'NONE',  ( -21.73727899999999735, 60.09411099999999806, 5.000000000000000000 ) ) ;
#3688 = DIRECTION ( 'NONE',  ( -1.000000000000000000, 0.000000000000000000, 0.000000000000000000 ) ) ;
#3689 = EDGE_LOOP ( 'NONE', ( #4602, #1444, #5278, #7248, #6673, #3793, #430, #6544 ) ) ;
#3690 = CIRCLE ( 'NONE', #159, 0.3999999999999975797 ) ;
#3691 = ORIENTED_EDGE ( 'NONE', *, *, #6286, .F. ) ;
#3692 = CARTESIAN_POINT ( 'NONE',  ( -25.13727900000002791, 39.86911099999998953, 5.000000000000000000 ) ) ;
#3693 = DIRECTION ( 'NONE',  ( -1.000000000000000000, 1.694732965938710706E-13, 0.000000000000000000 ) ) ;
#3694 = LINE ( 'NONE', #543, #5004 ) ;
#3695 = EDGE_CURVE ( 'NONE', #2694, #338, #4719, .T. ) ;
#3696 = CARTESIAN_POINT ( 'NONE',  ( -101.7372790000000151, 32.26911099999998811, 5.000000000000000000 ) ) ;
#3697 = EDGE_CURVE ( 'NONE', #4084, #3680, #3439, .T. ) ;
#3698 = PLANE ( 'NONE',  #150 ) ;
#3699 = CARTESIAN_POINT ( 'NONE',  ( -44.58727900000002364, 64.31911099999997816, 2.000000000000000000 ) ) ;
#3700 = ORIENTED_EDGE ( 'NONE', *, *, #1178, .F. ) ;
#3701 = EDGE_LOOP ( 'NONE', ( #5767, #7585, #4559, #964 ) ) ;
#3702 = ORIENTED_EDGE ( 'NONE', *, *, #51, .T. ) ;
#3703 = DIRECTION ( 'NONE',  ( 1.000000000000000000, 0.000000000000000000, 0.000000000000000000 ) ) ;
#3704 = FACE_BOUND ( 'NONE', #6696, .T. ) ;
#3705 = EDGE_CURVE ( 'NONE', #423, #4441, #851, .T. ) ;
#3706 = ORIENTED_EDGE ( 'NONE', *, *, #4831, .F. ) ;
#3707 = ORIENTED_EDGE ( 'NONE', *, *, #1427, .F. ) ;
#3708 = CARTESIAN_POINT ( 'NONE',  ( -5.312278999999766604, 76.14411100000025101, 2.000000000000000000 ) ) ;
#3709 = PLANE ( 'NONE',  #762 ) ;
#3710 = FACE_OUTER_BOUND ( 'NONE', #3257, .T. ) ;
#3711 = VERTEX_POINT ( 'NONE', #6587 ) ;
#3712 = CARTESIAN_POINT ( 'NONE',  ( -49.96227899999999522, 2.944110999999999922, 2.000000000000000000 ) ) ;
#3713 = ORIENTED_EDGE ( 'NONE', *, *, #4688, .T. ) ;
#3714 = DIRECTION ( 'NONE',  ( 0.000000000000000000, 0.000000000000000000, 1.000000000000000000 ) ) ;
#3715 = VECTOR ( 'NONE', #3756, 1000.000000000000000 ) ;
#3716 = ORIENTED_EDGE ( 'NONE', *, *, #7728, .T. ) ;
#3717 = DIRECTION ( 'NONE',  ( -0.000000000000000000, -0.000000000000000000, -1.000000000000000000 ) ) ;
#3718 = ORIENTED_EDGE ( 'NONE', *, *, #3888, .F. ) ;
#3719 = DIRECTION ( 'NONE',  ( -0.000000000000000000, -0.000000000000000000, 1.000000000000000000 ) ) ;
#3720 = EDGE_CURVE ( 'NONE', #1311, #326, #931, .T. ) ;
#3721 = CARTESIAN_POINT ( 'NONE',  ( -6.087279000000014761, 55.91911099999999379, 2.000000000000000000 ) ) ;
#3722 = CARTESIAN_POINT ( 'NONE',  ( -25.53727900000002293, 45.21911099999999095, 2.000000000000000000 ) ) ;
#3723 = CIRCLE ( 'NONE', #2298, 0.9977672882801047471 ) ;
#3724 = CARTESIAN_POINT ( 'NONE',  ( -41.41227900000000517, 80.14411100000000943, 5.000000000000000000 ) ) ;
#3725 = VECTOR ( 'NONE', #2637, 1000.000000000000000 ) ;
#3726 = EDGE_CURVE ( 'NONE', #4585, #1116, #6014, .T. ) ;
#3727 = CYLINDRICAL_SURFACE ( 'NONE', #292, 0.3999999999999975797 ) ;
#3728 = CARTESIAN_POINT ( 'NONE',  ( -96.38727900000002080, 32.26911099999998811, 2.000000000000000000 ) ) ;
#3729 = EDGE_LOOP ( 'NONE', ( #3745, #8172, #2695, #5419, #5101, #7852, #7268, #422 ) ) ;
#3730 = ORIENTED_EDGE ( 'NONE', *, *, #7130, .F. ) ;
#3731 = CARTESIAN_POINT ( 'NONE',  ( -63.63727900000002080, 44.81911099999999237, 5.000000000000000000 ) ) ;
#3732 = LINE ( 'NONE', #1161, #4302 ) ;
#3733 = DIRECTION ( 'NONE',  ( 1.000000000000000000, 0.000000000000000000, 0.000000000000000000 ) ) ;
#3734 = EDGE_CURVE ( 'NONE', #4371, #7683, #5932, .T. ) ;
#3735 = CARTESIAN_POINT ( 'NONE',  ( -77.33727900000002364, 26.16911099999998669, 5.000000000000000000 ) ) ;
#3736 = ORIENTED_EDGE ( 'NONE', *, *, #5515, .T. ) ;
#3737 = EDGE_CURVE ( 'NONE', #778, #4153, #4128, .T. ) ;
#3738 = CARTESIAN_POINT ( 'NONE',  ( -3.312278999999718643, 19.52152838256456135, 2.000000000000000000 ) ) ;
#3739 = CARTESIAN_POINT ( 'NONE',  ( -82.28727900000001227, 56.26911099999999522, 2.000000000000000000 ) ) ;
#3740 = VERTEX_POINT ( 'NONE', #1009 ) ;
#3741 = VERTEX_POINT ( 'NONE', #3512 ) ;
#3742 = EDGE_LOOP ( 'NONE', ( #6051, #7330, #3636, #3358 ) ) ;
#3743 = FACE_OUTER_BOUND ( 'NONE', #3499, .T. ) ;
#3744 = CYLINDRICAL_SURFACE ( 'NONE', #1992, 0.9976194657069799021 ) ;
#3745 = ORIENTED_EDGE ( 'NONE', *, *, #7839, .F. ) ;
#3746 = EDGE_LOOP ( 'NONE', ( #5008, #1570, #4501, #4690, #7158, #7995, #6373, #1481 ) ) ;
#3747 = DIRECTION ( 'NONE',  ( 0.000000000000000000, 0.000000000000000000, 1.000000000000000000 ) ) ;
#3748 = DIRECTION ( 'NONE',  ( 0.000000000000000000, 0.000000000000000000, 1.000000000000000000 ) ) ;
#3749 = DIRECTION ( 'NONE',  ( -1.000000000000000000, 0.000000000000000000, 0.000000000000000000 ) ) ;
#3750 = ORIENTED_EDGE ( 'NONE', *, *, #2507, .F. ) ;
#3751 = DIRECTION ( 'NONE',  ( -0.000000000000000000, -0.000000000000000000, -1.000000000000000000 ) ) ;
#3752 = ORIENTED_EDGE ( 'NONE', *, *, #5342, .T. ) ;
#3753 = LINE ( 'NONE', #5730, #934 ) ;
#3754 = VECTOR ( 'NONE', #2685, 1000.000000000000000 ) ;
#3755 = ORIENTED_EDGE ( 'NONE', *, *, #2145, .F. ) ;
#3756 = DIRECTION ( 'NONE',  ( 0.000000000000000000, 0.000000000000000000, 1.000000000000000000 ) ) ;
#3757 = ORIENTED_EDGE ( 'NONE', *, *, #2659, .F. ) ;
#3758 = CARTESIAN_POINT ( 'NONE',  ( -96.38727900000002080, 51.31911099999999237, 2.000000000000000000 ) ) ;
#3759 = CARTESIAN_POINT ( 'NONE',  ( -117.6122790000000009, 16.99411100000000019, 2.000000000000000000 ) ) ;
#3760 = CARTESIAN_POINT ( 'NONE',  ( -63.63727900000002080, 39.86911099999998953, 2.000000000000000000 ) ) ;
#3761 = FACE_OUTER_BOUND ( 'NONE', #3775, .T. ) ;
#3762 = CIRCLE ( 'NONE', #2341, 0.3999999999999975797 ) ;
#3763 = EDGE_CURVE ( 'NONE', #1793, #6259, #2085, .T. ) ;
#3764 = CARTESIAN_POINT ( 'NONE',  ( -82.68727900000001796, 51.31911099999999237, 2.000000000000000000 ) ) ;
#3765 = PLANE ( 'NONE',  #2959 ) ;
#3766 = ORIENTED_EDGE ( 'NONE', *, *, #4595, .F. ) ;
#3767 = EDGE_LOOP ( 'NONE', ( #7477, #7578, #888, #8121 ) ) ;
#3768 = CARTESIAN_POINT ( 'NONE',  ( -101.7372790000000151, 36.81911099999999237, 2.000000000000000000 ) ) ;
#3769 = VECTOR ( 'NONE', #166, 1000.000000000000000 ) ;
#3770 = FACE_OUTER_BOUND ( 'NONE', #1918, .T. ) ;
#3771 = CARTESIAN_POINT ( 'NONE',  ( -25.13727900000002791, 26.16911099999998669, 2.000000000000000000 ) ) ;
#3772 = DIRECTION ( 'NONE',  ( -6.337523098901915730E-13, -1.000000000000000000, 0.000000000000000000 ) ) ;
#3773 = AXIS2_PLACEMENT_3D ( 'NONE', #7556, #1437, #6970 ) ;
#3774 = DIRECTION ( 'NONE',  ( 0.000000000000000000, 1.000000000000000000, 0.000000000000000000 ) ) ;
#3775 = EDGE_LOOP ( 'NONE', ( #906, #4706, #7611, #3848 ) ) ;
#3776 = CIRCLE ( 'NONE', #916, 1.125000000000000888 ) ;
#3777 = EDGE_CURVE ( 'NONE', #1660, #471, #2820, .T. ) ;
#3778 = ORIENTED_EDGE ( 'NONE', *, *, #5628, .T. ) ;
#3779 = ORIENTED_EDGE ( 'NONE', *, *, #3217, .F. ) ;
#3780 = EDGE_CURVE ( 'NONE', #7112, #3262, #3291, .T. ) ;
#3781 = PLANE ( 'NONE',  #6749 ) ;
#3782 = AXIS2_PLACEMENT_3D ( 'NONE', #2706, #2164, #6459 ) ;
#3783 = DIRECTION ( 'NONE',  ( 1.000000000000000000, 0.000000000000000000, 0.000000000000000000 ) ) ;
#3784 = ORIENTED_EDGE ( 'NONE', *, *, #4669, .F. ) ;
#3785 = CIRCLE ( 'NONE', #4865, 0.3999999999999975797 ) ;
#3786 = VERTEX_POINT ( 'NONE', #5425 ) ;
#3787 = CARTESIAN_POINT ( 'NONE',  ( -25.53727900000002293, 59.31911099999999237, 5.000000000000000000 ) ) ;
#3788 = CARTESIAN_POINT ( 'NONE',  ( 2.437354000000000021, -11.82837899999999998, 5.000000000000000000 ) ) ;
#3789 = CARTESIAN_POINT ( 'NONE',  ( -6.487279000000012452, 60.86911099999998953, 2.000000000000000000 ) ) ;
#3790 = ORIENTED_EDGE ( 'NONE', *, *, #5171, .F. ) ;
#3791 = EDGE_CURVE ( 'NONE', #4810, #2473, #271, .T. ) ;
#3792 = LINE ( 'NONE', #3232, #6472 ) ;
#3793 = ORIENTED_EDGE ( 'NONE', *, *, #4819, .T. ) ;
#3794 = DIRECTION ( 'NONE',  ( -0.9997000655982568595, -0.02449038266015602511, 0.000000000000000000 ) ) ;
#3795 = VECTOR ( 'NONE', #3599, 1000.000000000000000 ) ;
#3796 = EDGE_CURVE ( 'NONE', #2362, #5186, #2409, .T. ) ;
#3797 = EDGE_LOOP ( 'NONE', ( #7654, #6949, #737, #3509 ) ) ;
#3798 = DIRECTION ( 'NONE',  ( -0.000000000000000000, -0.000000000000000000, 1.000000000000000000 ) ) ;
#3799 = ORIENTED_EDGE ( 'NONE', *, *, #1031, .F. ) ;
#3800 = CARTESIAN_POINT ( 'NONE',  ( -23.36227900000000091, 79.14411100000000943, 2.000000000000000000 ) ) ;
#3801 = VECTOR ( 'NONE', #4553, 1000.000000000000000 ) ;
#3802 = VECTOR ( 'NONE', #6668, 1000.000000000000000 ) ;
#3803 = CARTESIAN_POINT ( 'NONE',  ( -39.23727900000002933, 26.16911099999998669, 2.000000000000000000 ) ) ;
#3804 = SURFACE_STYLE_USAGE ( .BOTH. , #782 ) ;
#3805 = DIRECTION ( 'NONE',  ( -0.000000000000000000, -0.000000000000000000, 1.000000000000000000 ) ) ;
#3806 = ORIENTED_EDGE ( 'NONE', *, *, #3705, .T. ) ;
#3807 = AXIS2_PLACEMENT_3D ( 'NONE', #4286, #4929, #1709 ) ;
#3808 = CIRCLE ( 'NONE', #1333, 0.3999999999999975797 ) ;
#3809 = FACE_OUTER_BOUND ( 'NONE', #701, .T. ) ;
#3810 = CARTESIAN_POINT ( 'NONE',  ( -20.18727900000001796, 37.26911099999999522, 2.000000000000000000 ) ) ;
#3811 = ORIENTED_EDGE ( 'NONE', *, *, #2934, .T. ) ;
#3812 = DIRECTION ( 'NONE',  ( 0.000000000000000000, 0.000000000000000000, 1.000000000000000000 ) ) ;
#3813 = DIRECTION ( 'NONE',  ( 0.000000000000000000, 0.000000000000000000, 1.000000000000000000 ) ) ;
#3814 = CIRCLE ( 'NONE', #1860, 0.3999999999999975797 ) ;
#3815 = VECTOR ( 'NONE', #2875, 1000.000000000000000 ) ;
#3816 = FACE_OUTER_BOUND ( 'NONE', #3860, .T. ) ;
#3817 = EDGE_CURVE ( 'NONE', #2981, #703, #5503, .T. ) ;
#3818 = ADVANCED_FACE ( 'NONE', ( #1091 ), #6256, .F. ) ;
#3819 = CIRCLE ( 'NONE', #7283, 0.4000000000000006328 ) ;
#3820 = DIRECTION ( 'NONE',  ( 1.000000000000000000, 0.000000000000000000, 0.000000000000000000 ) ) ;
#3821 = FACE_OUTER_BOUND ( 'NONE', #5457, .T. ) ;
#3822 = VERTEX_POINT ( 'NONE', #2287 ) ;
#3823 = AXIS2_PLACEMENT_3D ( 'NONE', #6919, #3747, #765 ) ;
#3824 = VERTEX_POINT ( 'NONE', #5594 ) ;
#3825 = ORIENTED_EDGE ( 'NONE', *, *, #6130, .T. ) ;
#3826 = CARTESIAN_POINT ( 'NONE',  ( -101.7372789999999867, 56.26911099999999522, 2.000000000000000000 ) ) ;
#3827 = CYLINDRICAL_SURFACE ( 'NONE', #3954, 0.3999999999999975797 ) ;
#3828 = EDGE_CURVE ( 'NONE', #4837, #6320, #4805, .T. ) ;
#3829 = EDGE_CURVE ( 'NONE', #8022, #7157, #1708, .T. ) ;
#3830 = ORIENTED_EDGE ( 'NONE', *, *, #7096, .F. ) ;
#3831 = ORIENTED_EDGE ( 'NONE', *, *, #1851, .T. ) ;
#3832 = LINE ( 'NONE', #7074, #3059 ) ;
#3833 = CARTESIAN_POINT ( 'NONE',  ( -58.68727900000002506, 31.16911099999999379, 2.000000000000000000 ) ) ;
#3834 = CYLINDRICAL_SURFACE ( 'NONE', #511, 0.3999999999999975797 ) ;
#3835 = ORIENTED_EDGE ( 'NONE', *, *, #6907, .T. ) ;
#3836 = ADVANCED_FACE ( 'NONE', ( #7331 ), #6791, .F. ) ;
#3837 = DIRECTION ( 'NONE',  ( -1.000000000000000000, 0.000000000000000000, 0.000000000000000000 ) ) ;
#3838 = ORIENTED_EDGE ( 'NONE', *, *, #7690, .T. ) ;
#3839 = FACE_OUTER_BOUND ( 'NONE', #2416, .T. ) ;
#3840 = EDGE_CURVE ( 'NONE', #5216, #1025, #3590, .T. ) ;
#3841 = ORIENTED_EDGE ( 'NONE', *, *, #1283, .F. ) ;
#3842 = CARTESIAN_POINT ( 'NONE',  ( -6.487279000000012452, 60.86911099999998953, 5.000000000000000000 ) ) ;
#3843 = ORIENTED_EDGE ( 'NONE', *, *, #1029, .T. ) ;
#3844 = CARTESIAN_POINT ( 'NONE',  ( -42.41468599999729605, 84.24236500000026240, 2.000000000000000000 ) ) ;
#3845 = PLANE ( 'NONE',  #2336 ) ;
#3846 = CARTESIAN_POINT ( 'NONE',  ( -82.28727900000001227, 18.16911099999998669, 5.000000000000000000 ) ) ;
#3847 = CARTESIAN_POINT ( 'NONE',  ( -59.46227900000000233, 85.14411099999999522, 2.000000000000000000 ) ) ;
#3848 = ORIENTED_EDGE ( 'NONE', *, *, #4555, .T. ) ;
#3849 = FACE_OUTER_BOUND ( 'NONE', #3410, .T. ) ;
#3850 = AXIS2_PLACEMENT_3D ( 'NONE', #976, #3401, #939 ) ;
#3851 = DIRECTION ( 'NONE',  ( -1.000000000000000000, 0.000000000000000000, 0.000000000000000000 ) ) ;
#3852 = EDGE_LOOP ( 'NONE', ( #1644, #3589, #4377, #6628 ) ) ;
#3853 = CARTESIAN_POINT ( 'NONE',  ( 16.46772100000000094, 77.14411100000027943, 5.000000000000000000 ) ) ;
#3854 = CARTESIAN_POINT ( 'NONE',  ( -80.51227900000000659, 22.99411100000000019, 5.000000000000000000 ) ) ;
#3855 = CYLINDRICAL_SURFACE ( 'NONE', #6455, 0.4000000000000010214 ) ;
#3856 = VECTOR ( 'NONE', #7741, 1000.000000000000000 ) ;
#3857 = DIRECTION ( 'NONE',  ( -0.9997000655982568595, 0.02449038266015516122, 0.000000000000000000 ) ) ;
#3858 = EDGE_CURVE ( 'NONE', #7743, #3299, #2326, .T. ) ;
#3859 = CYLINDRICAL_SURFACE ( 'NONE', #7575, 0.3999999999999975797 ) ;
#3860 = EDGE_LOOP ( 'NONE', ( #1931, #3730, #3557, #2162 ) ) ;
#3861 = ORIENTED_EDGE ( 'NONE', *, *, #7227, .F. ) ;
#3862 = ORIENTED_EDGE ( 'NONE', *, *, #5033, .T. ) ;
#3863 = VECTOR ( 'NONE', #5826, 1000.000000000000000 ) ;
#3864 = DIRECTION ( 'NONE',  ( -0.000000000000000000, -0.000000000000000000, 1.000000000000000000 ) ) ;
#3865 = CARTESIAN_POINT ( 'NONE',  ( -97.93727900000000375, 53.59411099999999806, 2.000000000000000000 ) ) ;
#3866 = DIRECTION ( 'NONE',  ( 0.000000000000000000, 0.000000000000000000, 1.000000000000000000 ) ) ;
#3867 = VECTOR ( 'NONE', #2003, 1000.000000000000000 ) ;
#3868 = VERTEX_POINT ( 'NONE', #1669 ) ;
#3869 = ORIENTED_EDGE ( 'NONE', *, *, #4037, .F. ) ;
#3870 = LINE ( 'NONE', #3787, #7739 ) ;
#3871 = CARTESIAN_POINT ( 'NONE',  ( -115.8372790000000094, 37.21911099999999095, 2.000000000000000000 ) ) ;
#3872 = DIRECTION ( 'NONE',  ( 1.000000000000000000, 0.000000000000000000, 0.000000000000000000 ) ) ;
#3873 = ORIENTED_EDGE ( 'NONE', *, *, #2158, .F. ) ;
#3874 = DIRECTION ( 'NONE',  ( -0.000000000000000000, -1.000000000000000000, -0.000000000000000000 ) ) ;
#3875 = ORIENTED_EDGE ( 'NONE', *, *, #6841, .T. ) ;
#3876 = DIRECTION ( 'NONE',  ( 0.000000000000000000, 0.000000000000000000, -1.000000000000000000 ) ) ;
#3877 = CIRCLE ( 'NONE', #6680, 0.3999999999999975797 ) ;
#3878 = EDGE_CURVE ( 'NONE', #2293, #1734, #1047, .T. ) ;
#3879 = ORIENTED_EDGE ( 'NONE', *, *, #5590, .T. ) ;
#3880 = CARTESIAN_POINT ( 'NONE',  ( -116.6167348571999867, 16.99186833868100166, 5.000000000000000000 ) ) ;
#3881 = ORIENTED_EDGE ( 'NONE', *, *, #3635, .F. ) ;
#3882 = DIRECTION ( 'NONE',  ( 0.000000000000000000, 0.000000000000000000, 1.000000000000000000 ) ) ;
#3883 = DIRECTION ( 'NONE',  ( -1.000000000000000000, 0.000000000000000000, 0.000000000000000000 ) ) ;
#3884 = CARTESIAN_POINT ( 'NONE',  ( -6.487279000000012452, 41.81911099999999237, 2.000000000000000000 ) ) ;
#3885 = DIRECTION ( 'NONE',  ( 0.000000000000000000, 0.000000000000000000, 1.000000000000000000 ) ) ;
#3886 = VECTOR ( 'NONE', #6808, 1000.000000000000000 ) ;
#3887 = EDGE_CURVE ( 'NONE', #4076, #7558, #6827, .T. ) ;
#3888 = EDGE_CURVE ( 'NONE', #4031, #3677, #4759, .T. ) ;
#3889 = EDGE_CURVE ( 'NONE', #901, #2293, #7818, .T. ) ;
#3890 = EDGE_CURVE ( 'NONE', #2192, #5626, #2779, .T. ) ;
#3891 = EDGE_CURVE ( 'NONE', #5263, #6376, #6875, .T. ) ;
#3892 = DIRECTION ( 'NONE',  ( 1.000000000000000000, 0.000000000000000000, 0.000000000000000000 ) ) ;
#3893 = LINE ( 'NONE', #6439, #735 ) ;
#3894 = ORIENTED_EDGE ( 'NONE', *, *, #6840, .T. ) ;
#3895 = EDGE_CURVE ( 'NONE', #5248, #6040, #3808, .T. ) ;
#3896 = DIRECTION ( 'NONE',  ( -1.000000000000000000, 0.000000000000000000, 0.000000000000000000 ) ) ;
#3897 = CYLINDRICAL_SURFACE ( 'NONE', #5786, 1.125000000000000888 ) ;
#3898 = CARTESIAN_POINT ( 'NONE',  ( -82.68727900000001796, 36.81911099999999237, 5.000000000000000000 ) ) ;
#3899 = AXIS2_PLACEMENT_3D ( 'NONE', #3803, #4605, #2095 ) ;
#3900 = EDGE_CURVE ( 'NONE', #506, #883, #7490, .T. ) ;
#3901 = CARTESIAN_POINT ( 'NONE',  ( -63.23727900000002222, 26.16911099999998669, 2.000000000000000000 ) ) ;
#3902 = CARTESIAN_POINT ( 'NONE',  ( -49.96227899999895783, 20.49411100000000019, 2.000000000000000000 ) ) ;
#3903 = ORIENTED_EDGE ( 'NONE', *, *, #1628, .F. ) ;
#3904 = EDGE_CURVE ( 'NONE', #8013, #8034, #1821, .T. ) ;
#3905 = VECTOR ( 'NONE', #4197, 1000.000000000000000 ) ;
#3906 = ORIENTED_EDGE ( 'NONE', *, *, #333, .F. ) ;
#3907 = ORIENTED_EDGE ( 'NONE', *, *, #2853, .T. ) ;
#3908 = DIRECTION ( 'NONE',  ( 0.000000000000000000, 0.000000000000000000, -1.000000000000000000 ) ) ;
#3909 = EDGE_CURVE ( 'NONE', #4140, #3105, #6872, .T. ) ;
#3910 = VECTOR ( 'NONE', #2807, 1000.000000000000000 ) ;
#3911 = CARTESIAN_POINT ( 'NONE',  ( -25.13727900000002791, 77.96911099999999806, 2.000000000000000000 ) ) ;
#3912 = ORIENTED_EDGE ( 'NONE', *, *, #627, .F. ) ;
#3913 = ADVANCED_FACE ( 'NONE', ( #760 ), #5674, .F. ) ;
#3914 = VERTEX_POINT ( 'NONE', #1415 ) ;
#3915 = DIRECTION ( 'NONE',  ( 0.000000000000000000, 0.000000000000000000, 1.000000000000000000 ) ) ;
#3916 = CIRCLE ( 'NONE', #2352, 0.3999999999999975797 ) ;
#3917 = DIRECTION ( 'NONE',  ( -1.000000000000000000, 0.000000000000000000, 0.000000000000000000 ) ) ;
#3918 = DIRECTION ( 'NONE',  ( -0.000000000000000000, -0.000000000000000000, 1.000000000000000000 ) ) ;
#3919 = ORIENTED_EDGE ( 'NONE', *, *, #1390, .F. ) ;
#3920 = VECTOR ( 'NONE', #1477, 1000.000000000000114 ) ;
#3921 = CARTESIAN_POINT ( 'NONE',  ( -58.28727900000002649, 68.86911100000000374, 5.000000000000000000 ) ) ;
#3922 = VECTOR ( 'NONE', #4943, 1000.000000000000000 ) ;
#3923 = VERTEX_POINT ( 'NONE', #4374 ) ;
#3924 = FACE_OUTER_BOUND ( 'NONE', #2231, .T. ) ;
#3925 = VECTOR ( 'NONE', #8004, 1000.000000000000000 ) ;
#3926 = VERTEX_POINT ( 'NONE', #3258 ) ;
#3927 = ORIENTED_EDGE ( 'NONE', *, *, #4450, .F. ) ;
#3928 = CARTESIAN_POINT ( 'NONE',  ( -58.68727900000002506, 63.91911100000000090, 2.000000000000000000 ) ) ;
#3929 = ORIENTED_EDGE ( 'NONE', *, *, #294, .T. ) ;
#3930 = DIRECTION ( 'NONE',  ( -0.02449038266019303370, 0.9997000655982559714, 0.000000000000000000 ) ) ;
#3931 = CARTESIAN_POINT ( 'NONE',  ( -3.812278999999717310, 18.65550297878012387, 2.000000000000000000 ) ) ;
#3932 = DIRECTION ( 'NONE',  ( 0.000000000000000000, 0.000000000000000000, 1.000000000000000000 ) ) ;
#3933 = VECTOR ( 'NONE', #3616, 1000.000000000000000 ) ;
#3934 = FACE_BOUND ( 'NONE', #3066, .T. ) ;
#3935 = DIRECTION ( 'NONE',  ( -1.000000000000000000, 0.000000000000000000, 0.000000000000000000 ) ) ;
#3936 = VECTOR ( 'NONE', #6138, 1000.000000000000000 ) ;
#3937 = ORIENTED_EDGE ( 'NONE', *, *, #206, .F. ) ;
#3938 = EDGE_CURVE ( 'NONE', #7502, #4890, #2608, .T. ) ;
#3939 = CARTESIAN_POINT ( 'NONE',  ( -61.46227899999998812, 80.14411100000272370, 2.000000000000000000 ) ) ;
#3940 = AXIS2_PLACEMENT_3D ( 'NONE', #5313, #4732, #4815 ) ;
#3941 = ADVANCED_FACE ( 'NONE', ( #5086 ), #93, .F. ) ;
#3942 = LINE ( 'NONE', #7778, #3725 ) ;
#3943 = ORIENTED_EDGE ( 'NONE', *, *, #7535, .F. ) ;
#3944 = CARTESIAN_POINT ( 'NONE',  ( -25.53727900000002293, 40.26911099999998811, 5.000000000000000000 ) ) ;
#3945 = DIRECTION ( 'NONE',  ( -1.000000000000000000, 0.000000000000000000, 0.000000000000000000 ) ) ;
#3946 = DIRECTION ( 'NONE',  ( 1.000000000000000000, -0.000000000000000000, -0.000000000000000000 ) ) ;
#3947 = AXIS2_PLACEMENT_3D ( 'NONE', #7429, #1186, #1879 ) ;
#3948 = CIRCLE ( 'NONE', #6085, 0.9977672882768851004 ) ;
#3949 = EDGE_CURVE ( 'NONE', #2293, #6600, #130, .T. ) ;
#3950 = DIRECTION ( 'NONE',  ( 1.000000000000000000, -0.000000000000000000, 0.000000000000000000 ) ) ;
#3951 = ADVANCED_FACE ( 'NONE', ( #3107 ), #683, .F. ) ;
#3952 = DIRECTION ( 'NONE',  ( 0.000000000000000000, 0.000000000000000000, 1.000000000000000000 ) ) ;
#3953 = ORIENTED_EDGE ( 'NONE', *, *, #8142, .T. ) ;
#3954 = AXIS2_PLACEMENT_3D ( 'NONE', #1295, #7661, #6952 ) ;
#3955 = AXIS2_PLACEMENT_3D ( 'NONE', #5212, #7790, #6006 ) ;
#3956 = VERTEX_POINT ( 'NONE', #2654 ) ;
#3957 = ORIENTED_EDGE ( 'NONE', *, *, #8099, .T. ) ;
#3958 = DIRECTION ( 'NONE',  ( 1.000000000000000000, 0.000000000000000000, 0.000000000000000000 ) ) ;
#3959 = EDGE_CURVE ( 'NONE', #4979, #968, #4888, .T. ) ;
#3960 = AXIS2_PLACEMENT_3D ( 'NONE', #3738, #5624, #3820 ) ;
#3961 = AXIS2_PLACEMENT_3D ( 'NONE', #5865, #2526, #1440 ) ;
#3962 = ADVANCED_FACE ( 'NONE', ( #3224 ), #5175, .F. ) ;
#3963 = CARTESIAN_POINT ( 'NONE',  ( 13.57485339871645991, 7.462336869566425612, 2.000000000000000000 ) ) ;
#3964 = ORIENTED_EDGE ( 'NONE', *, *, #3393, .F. ) ;
#3965 = ORIENTED_EDGE ( 'NONE', *, *, #6243, .T. ) ;
#3966 = CARTESIAN_POINT ( 'NONE',  ( -39.23727900000002933, 40.26911099999998811, 2.000000000000000000 ) ) ;
#3967 = AXIS2_PLACEMENT_3D ( 'NONE', #3575, #6733, #4791 ) ;
#3968 = CARTESIAN_POINT ( 'NONE',  ( -77.33727900000002364, 59.31911099999999237, 5.000000000000000000 ) ) ;
#3969 = DIRECTION ( 'NONE',  ( 0.000000000000000000, 0.000000000000000000, 1.000000000000000000 ) ) ;
#3970 = VERTEX_POINT ( 'NONE', #7703 ) ;
#3971 = FACE_OUTER_BOUND ( 'NONE', #59, .T. ) ;
#3972 = ORIENTED_EDGE ( 'NONE', *, *, #7271, .F. ) ;
#3973 = CARTESIAN_POINT ( 'NONE',  ( -59.46227900000000233, 85.14411099999999522, 2.000000000000000000 ) ) ;
#3974 = ORIENTED_EDGE ( 'NONE', *, *, #3462, .T. ) ;
#3975 = ORIENTED_EDGE ( 'NONE', *, *, #5887, .T. ) ;
#3976 = LINE ( 'NONE', #4518, #4660 ) ;
#3977 = ORIENTED_EDGE ( 'NONE', *, *, #6640, .T. ) ;
#3978 = ORIENTED_EDGE ( 'NONE', *, *, #3556, .F. ) ;
#3979 = LINE ( 'NONE', #4473, #6062 ) ;
#3980 = CARTESIAN_POINT ( 'NONE',  ( -117.6122790000000009, 16.99411100000000019, 2.000000000000000000 ) ) ;
#3981 = DIRECTION ( 'NONE',  ( -0.9997000655982533068, -0.02449038266029886918, 0.000000000000000000 ) ) ;
#3982 = FACE_BOUND ( 'NONE', #4972, .T. ) ;
#3983 = VERTEX_POINT ( 'NONE', #5632 ) ;
#3984 = DIRECTION ( 'NONE',  ( 0.2588190399164173594, 0.9659258276786804043, -0.000000000000000000 ) ) ;
#3985 = ORIENTED_EDGE ( 'NONE', *, *, #4659, .T. ) ;
#3986 = CARTESIAN_POINT ( 'NONE',  ( -96.68727900000000375, 15.99411099999999841, 2.000000000000000000 ) ) ;
#3987 = DIRECTION ( 'NONE',  ( -0.000000000000000000, -0.000000000000000000, 1.000000000000000000 ) ) ;
#3988 = ORIENTED_EDGE ( 'NONE', *, *, #594, .F. ) ;
#3989 = DIRECTION ( 'NONE',  ( 0.000000000000000000, 0.000000000000000000, -1.000000000000000000 ) ) ;
#3990 = CARTESIAN_POINT ( 'NONE',  ( -82.68727900000001796, 17.76911099999999166, 2.000000000000000000 ) ) ;
#3991 = DIRECTION ( 'NONE',  ( 1.000000000000000000, 0.000000000000000000, 0.000000000000000000 ) ) ;
#3992 = EDGE_CURVE ( 'NONE', #5190, #6371, #8162, .T. ) ;
#3993 = ADVANCED_FACE ( 'NONE', ( #4456 ), #2536, .T. ) ;
#3994 = DIRECTION ( 'NONE',  ( 1.000000000000000000, 0.000000000000000000, 0.000000000000000000 ) ) ;
#3995 = CARTESIAN_POINT ( 'NONE',  ( -11.35708165697357686, 13.02298449617150666, 2.000000000000000000 ) ) ;
#3996 = ORIENTED_EDGE ( 'NONE', *, *, #5590, .F. ) ;
#3997 = ORIENTED_EDGE ( 'NONE', *, *, #3697, .F. ) ;
#3998 = ORIENTED_EDGE ( 'NONE', *, *, #4812, .T. ) ;
#3999 = VECTOR ( 'NONE', #1167, 1000.000000000000000 ) ;
#4000 = DIRECTION ( 'NONE',  ( 0.000000000000000000, 0.000000000000000000, 1.000000000000000000 ) ) ;
#4001 = LINE ( 'NONE', #2120, #2777 ) ;
#4002 = AXIS2_PLACEMENT_3D ( 'NONE', #6029, #5439, #5477 ) ;
#4003 = ORIENTED_EDGE ( 'NONE', *, *, #8046, .T. ) ;
#4004 = ORIENTED_EDGE ( 'NONE', *, *, #6840, .F. ) ;
#4005 = DIRECTION ( 'NONE',  ( 1.000000000000000000, 0.000000000000000000, 0.000000000000000000 ) ) ;
#4006 = DIRECTION ( 'NONE',  ( 1.000000000000000000, 0.000000000000000000, 0.000000000000000000 ) ) ;
#4007 = EDGE_LOOP ( 'NONE', ( #1704, #5959, #7194, #3486 ) ) ;
#4008 = DIRECTION ( 'NONE',  ( -0.000000000000000000, -0.000000000000000000, 1.000000000000000000 ) ) ;
#4009 = ORIENTED_EDGE ( 'NONE', *, *, #4494, .T. ) ;
#4010 = CARTESIAN_POINT ( 'NONE',  ( -80.51227899999928184, 16.99411100000000374, 5.000000000000000000 ) ) ;
#4011 = VERTEX_POINT ( 'NONE', #5005 ) ;
#4012 = CARTESIAN_POINT ( 'NONE',  ( -33.68727900000002506, 17.81911099999999948, 2.000000000000000000 ) ) ;
#4013 = ORIENTED_EDGE ( 'NONE', *, *, #5235, .T. ) ;
#4014 = CARTESIAN_POINT ( 'NONE',  ( -115.4372790000000180, 37.21911099999999095, 5.000000000000000000 ) ) ;
#4015 = DIRECTION ( 'NONE',  ( -1.000000000000000000, -7.147972087465597073E-15, 0.000000000000000000 ) ) ;
#4016 = DIRECTION ( 'NONE',  ( -0.000000000000000000, -0.000000000000000000, 1.000000000000000000 ) ) ;
#4017 = DIRECTION ( 'NONE',  ( 1.000000000000000000, 0.000000000000000000, 0.000000000000000000 ) ) ;
#4018 = ORIENTED_EDGE ( 'NONE', *, *, #3545, .F. ) ;
#4019 = LINE ( 'NONE', #902, #694 ) ;
#4020 = EDGE_CURVE ( 'NONE', #7415, #1837, #7532, .T. ) ;
#4021 = DIRECTION ( 'NONE',  ( -1.262878690511114353E-12, 1.000000000000000000, 0.000000000000000000 ) ) ;
#4022 = CARTESIAN_POINT ( 'NONE',  ( -115.4372789999999895, 69.96911099999999806, 5.000000000000000000 ) ) ;
#4023 = VERTEX_POINT ( 'NONE', #1256 ) ;
#4024 = CARTESIAN_POINT ( 'NONE',  ( -25.53727900000002293, 25.76911099999999166, 5.000000000000000000 ) ) ;
#4025 = DIRECTION ( 'NONE',  ( 1.000000000000000000, 0.000000000000000000, 0.000000000000000000 ) ) ;
#4026 = CARTESIAN_POINT ( 'NONE',  ( -20.58727900000001299, 42.21911099999999095, 5.000000000000000000 ) ) ;
#4027 = PRESENTATION_LAYER_ASSIGNMENT (  '', '', ( #6553 ) ) ;
#4028 = VECTOR ( 'NONE', #3572, 1000.000000000000000 ) ;
#4029 = DIRECTION ( 'NONE',  ( 0.000000000000000000, 0.000000000000000000, 1.000000000000000000 ) ) ;
#4030 = DIRECTION ( 'NONE',  ( 0.000000000000000000, 1.000000000000000000, 0.000000000000000000 ) ) ;
#4031 = VERTEX_POINT ( 'NONE', #5754 ) ;
#4032 = ORIENTED_EDGE ( 'NONE', *, *, #3217, .T. ) ;
#4033 = VERTEX_POINT ( 'NONE', #1996 ) ;
#4034 = VECTOR ( 'NONE', #4100, 1000.000000000000000 ) ;
#4035 = CARTESIAN_POINT ( 'NONE',  ( -6.087279000000014761, 55.91911099999999379, 5.000000000000000000 ) ) ;
#4036 = ADVANCED_FACE ( 'NONE', ( #3743 ), #4503, .T. ) ;
#4037 = EDGE_CURVE ( 'NONE', #884, #6695, #3180, .T. ) ;
#4038 = CYLINDRICAL_SURFACE ( 'NONE', #415, 0.3999999999999975797 ) ;
#4039 = AXIS2_PLACEMENT_3D ( 'NONE', #1856, #6203, #2435 ) ;
#4040 = EDGE_LOOP ( 'NONE', ( #4272, #4552, #3869, #7141 ) ) ;
#4041 = ORIENTED_EDGE ( 'NONE', *, *, #3959, .F. ) ;
#4042 = ADVANCED_FACE ( 'NONE', ( #1294 ), #3781, .F. ) ;
#4043 = DIRECTION ( 'NONE',  ( 1.000000000000000000, 0.000000000000000000, 0.000000000000000000 ) ) ;
#4044 = DIRECTION ( 'NONE',  ( -8.736879848297780430E-14, -1.000000000000000000, 0.000000000000000000 ) ) ;
#4045 = ORIENTED_EDGE ( 'NONE', *, *, #708, .T. ) ;
#4046 = CARTESIAN_POINT ( 'NONE',  ( -34.08727900000002364, 17.81911099999999948, 5.000000000000000000 ) ) ;
#4047 = AXIS2_PLACEMENT_3D ( 'NONE', #3287, #792, #6366 ) ;
#4048 = DIRECTION ( 'NONE',  ( -1.000000000000000000, 0.000000000000000000, 0.000000000000000000 ) ) ;
#4049 = EDGE_CURVE ( 'NONE', #6351, #858, #5285, .T. ) ;
#4050 = ORIENTED_EDGE ( 'NONE', *, *, #4444, .T. ) ;
#4051 = EDGE_LOOP ( 'NONE', ( #1434, #5110, #6574, #7719 ) ) ;
#4052 = LINE ( 'NONE', #857, #3469 ) ;
#4053 = VECTOR ( 'NONE', #36, 1000.000000000000000 ) ;
#4054 = ORIENTED_EDGE ( 'NONE', *, *, #5067, .T. ) ;
#4055 = EDGE_CURVE ( 'NONE', #3740, #5103, #3430, .T. ) ;
#4056 = CARTESIAN_POINT ( 'NONE',  ( -25.53727900000002293, 77.96911099999999806, 5.000000000000000000 ) ) ;
#4057 = AXIS2_PLACEMENT_3D ( 'NONE', #1106, #4983, #4348 ) ;
#4058 = CARTESIAN_POINT ( 'NONE',  ( -115.8372789999999810, 56.26911099999999522, 5.000000000000000000 ) ) ;
#4059 = DIRECTION ( 'NONE',  ( -0.9997000655982568595, 0.02449038266015516122, 0.000000000000000000 ) ) ;
#4060 = CARTESIAN_POINT ( 'NONE',  ( -96.38727900000002080, 17.76911099999999166, 2.000000000000000000 ) ) ;
#4061 = ORIENTED_EDGE ( 'NONE', *, *, #213, .T. ) ;
#4062 = CARTESIAN_POINT ( 'NONE',  ( -97.93727900000000375, 53.59411099999999806, 5.000000000000000000 ) ) ;
#4063 = VECTOR ( 'NONE', #4425, 1000.000000000000000 ) ;
#4064 = DIRECTION ( 'NONE',  ( 1.000000000000000000, -0.000000000000000000, 0.000000000000000000 ) ) ;
#4065 = DIRECTION ( 'NONE',  ( 1.000000000000000000, 0.000000000000000000, 0.000000000000000000 ) ) ;
#4066 = VERTEX_POINT ( 'NONE', #5249 ) ;
#4067 = CARTESIAN_POINT ( 'NONE',  ( -2.307274015923404864, 9.703684177437175151, 5.000000000000000000 ) ) ;
#4068 = DIRECTION ( 'NONE',  ( 0.9997000655982559714, 0.02449038266019302676, -0.000000000000000000 ) ) ;
#4069 = DIRECTION ( 'NONE',  ( 0.000000000000000000, 0.000000000000000000, 1.000000000000000000 ) ) ;
#4070 = EDGE_CURVE ( 'NONE', #1937, #5885, #1730, .T. ) ;
#4071 = VECTOR ( 'NONE', #5271, 1000.000000000000000 ) ;
#4072 = CARTESIAN_POINT ( 'NONE',  ( -58.68727900000002506, 50.21911099999999095, 2.000000000000000000 ) ) ;
#4073 = CARTESIAN_POINT ( 'NONE',  ( -97.93727900000000375, 34.54411100000000090, 5.000000000000000000 ) ) ;
#4074 = ORIENTED_EDGE ( 'NONE', *, *, #1692, .F. ) ;
#4075 = VERTEX_POINT ( 'NONE', #5880 ) ;
#4076 = VERTEX_POINT ( 'NONE', #2159 ) ;
#4077 = EDGE_CURVE ( 'NONE', #5671, #8033, #3560, .T. ) ;
#4078 = AXIS2_PLACEMENT_3D ( 'NONE', #7381, #3714, #1719 ) ;
#4079 = AXIS2_PLACEMENT_3D ( 'NONE', #2335, #8131, #4177 ) ;
#4080 = DIRECTION ( 'NONE',  ( 0.000000000000000000, 0.000000000000000000, -1.000000000000000000 ) ) ;
#4081 = VECTOR ( 'NONE', #922, 1000.000000000000000 ) ;
#4082 = CARTESIAN_POINT ( 'NONE',  ( -77.73727900000001512, 39.86911099999998953, 5.000000000000000000 ) ) ;
#4083 = VECTOR ( 'NONE', #174, 1000.000000000000000 ) ;
#4084 = VERTEX_POINT ( 'NONE', #6620 ) ;
#4085 = EDGE_LOOP ( 'NONE', ( #2243, #3529, #172, #3001 ) ) ;
#4086 = ORIENTED_EDGE ( 'NONE', *, *, #7813, .F. ) ;
#4087 = DIRECTION ( 'NONE',  ( 0.000000000000000000, 0.000000000000000000, 1.000000000000000000 ) ) ;
#4088 = AXIS2_PLACEMENT_3D ( 'NONE', #6493, #3218, #2601 ) ;
#4089 = ADVANCED_FACE ( 'NONE', ( #3344 ), #214, .F. ) ;
#4090 = AXIS2_PLACEMENT_3D ( 'NONE', #6268, #2459, #606 ) ;
#4091 = DIRECTION ( 'NONE',  ( -0.000000000000000000, -0.000000000000000000, 1.000000000000000000 ) ) ;
#4092 = VERTEX_POINT ( 'NONE', #3385 ) ;
#4093 = CARTESIAN_POINT ( 'NONE',  ( -101.7372790000000151, 51.31911099999999237, 2.000000000000000000 ) ) ;
#4094 = EDGE_CURVE ( 'NONE', #5402, #4441, #1573, .T. ) ;
#4096 = ORIENTED_EDGE ( 'NONE', *, *, #25, .F. ) ;
#4095 = CIRCLE ( 'NONE', #1077, 0.4000000000000010214 ) ;
#4097 = CARTESIAN_POINT ( 'NONE',  ( -116.6122790000000009, 72.14411099999999522, 2.000000000000000000 ) ) ;
#4098 = DIRECTION ( 'NONE',  ( 0.000000000000000000, 1.000000000000000000, 0.000000000000000000 ) ) ;
#4099 = VECTOR ( 'NONE', #7623, 1000.000000000000000 ) ;
#4100 = DIRECTION ( 'NONE',  ( 1.000000000000000000, -0.000000000000000000, -0.000000000000000000 ) ) ;
#4101 = LINE ( 'NONE', #5389, #4312 ) ;
#4102 = DIRECTION ( 'NONE',  ( -1.000000000000000000, 0.000000000000000000, 0.000000000000000000 ) ) ;
#4103 = VERTEX_POINT ( 'NONE', #3468 ) ;
#4104 = CARTESIAN_POINT ( 'NONE',  ( -20.18727900000001796, 23.16911099999999379, 2.000000000000000000 ) ) ;
#4105 = LINE ( 'NONE', #5317, #2420 ) ;
#4106 = EDGE_CURVE ( 'NONE', #302, #6454, #4346, .T. ) ;
#4107 = CARTESIAN_POINT ( 'NONE',  ( -44.58727900000002364, 83.36911099999998953, 5.000000000000000000 ) ) ;
#4108 = ORIENTED_EDGE ( 'NONE', *, *, #2934, .F. ) ;
#4109 = DIRECTION ( 'NONE',  ( 1.000000000000000000, 0.000000000000000000, 0.000000000000000000 ) ) ;
#4110 = CARTESIAN_POINT ( 'NONE',  ( -58.28727900000002649, 45.26911099999999522, 5.000000000000000000 ) ) ;
#4111 = FACE_OUTER_BOUND ( 'NONE', #3587, .T. ) ;
#4112 = EDGE_CURVE ( 'NONE', #3261, #4544, #7745, .T. ) ;
#4113 = DIRECTION ( 'NONE',  ( 1.000000000000000000, -0.000000000000000000, 0.000000000000000000 ) ) ;
#4114 = VECTOR ( 'NONE', #7265, 1000.000000000000000 ) ;
#4115 = DIRECTION ( 'NONE',  ( 0.9659258276786804043, -0.2588190399164175259, 0.000000000000000000 ) ) ;
#4116 = VERTEX_POINT ( 'NONE', #1619 ) ;
#4117 = ORIENTED_EDGE ( 'NONE', *, *, #4149, .T. ) ;
#4118 = EDGE_LOOP ( 'NONE', ( #6377, #7384, #7488, #4417, #1132, #7239, #4096, #6662 ) ) ;
#4119 = DIRECTION ( 'NONE',  ( 0.000000000000000000, 0.000000000000000000, 1.000000000000000000 ) ) ;
#4120 = CARTESIAN_POINT ( 'NONE',  ( -25.13727900000002791, 58.91911099999999379, 2.000000000000000000 ) ) ;
#4121 = CIRCLE ( 'NONE', #6913, 0.9977672882768851004 ) ;
#4122 = CARTESIAN_POINT ( 'NONE',  ( -20.18727900000001796, 41.81911099999999237, 5.000000000000000000 ) ) ;
#4123 = ORIENTED_EDGE ( 'NONE', *, *, #3646, .T. ) ;
#4124 = EDGE_LOOP ( 'NONE', ( #1471, #3551, #2230, #4383 ) ) ;
#4125 = ORIENTED_EDGE ( 'NONE', *, *, #1258, .T. ) ;
#4126 = CIRCLE ( 'NONE', #5460, 3.498033192550313419 ) ;
#4127 = PRESENTATION_STYLE_ASSIGNMENT (( #1627 ) ) ;
#4128 = LINE ( 'NONE', #2787, #3802 ) ;
#4129 = ORIENTED_EDGE ( 'NONE', *, *, #4356, .T. ) ;
#4130 = LINE ( 'NONE', #3356, #3444 ) ;
#4131 = EDGE_CURVE ( 'NONE', #1538, #5186, #1071, .T. ) ;
#4132 = VECTOR ( 'NONE', #6400, 1000.000000000000000 ) ;
#4133 = VERTEX_POINT ( 'NONE', #1498 ) ;
#4134 = VERTEX_POINT ( 'NONE', #5331 ) ;
#4135 = DIRECTION ( 'NONE',  ( 0.000000000000000000, 0.000000000000000000, 1.000000000000000000 ) ) ;
#4136 = DIRECTION ( 'NONE',  ( -0.000000000000000000, -0.000000000000000000, 1.000000000000000000 ) ) ;
#4137 = CARTESIAN_POINT ( 'NONE',  ( -24.36227899999998670, 80.14411099999728094, 2.000000000000000000 ) ) ;
#4138 = EDGE_CURVE ( 'NONE', #365, #3340, #145, .T. ) ;
#4139 = DIRECTION ( 'NONE',  ( -0.000000000000000000, -0.000000000000000000, 1.000000000000000000 ) ) ;
#4140 = VERTEX_POINT ( 'NONE', #4120 ) ;
#4141 = CARTESIAN_POINT ( 'NONE',  ( -20.18727900000001796, 22.76911099999999522, 2.000000000000000000 ) ) ;
#4142 = VERTEX_POINT ( 'NONE', #4035 ) ;
#4143 = EDGE_CURVE ( 'NONE', #1685, #4392, #7869, .T. ) ;
#4144 = DIRECTION ( 'NONE',  ( -0.000000000000000000, -0.000000000000000000, -1.000000000000000000 ) ) ;
#4145 = FACE_OUTER_BOUND ( 'NONE', #1213, .T. ) ;
#4146 = VERTEX_POINT ( 'NONE', #803 ) ;
#4147 = DIRECTION ( 'NONE',  ( -0.000000000000000000, -0.000000000000000000, 1.000000000000000000 ) ) ;
#4148 = CARTESIAN_POINT ( 'NONE',  ( -34.08727900000002364, 18.21911099999999450, 2.000000000000000000 ) ) ;
#4149 = EDGE_CURVE ( 'NONE', #6600, #4837, #2194, .T. ) ;
#4150 = DIRECTION ( 'NONE',  ( 0.9999144385346806496, -0.01308111653775370642, 0.000000000000000000 ) ) ;
#4151 = DIRECTION ( 'NONE',  ( 0.000000000000000000, 0.000000000000000000, 1.000000000000000000 ) ) ;
#4152 = CARTESIAN_POINT ( 'NONE',  ( -63.63727900000002080, 59.31911099999999237, 2.000000000000000000 ) ) ;
#4153 = VERTEX_POINT ( 'NONE', #4711 ) ;
#4154 = EDGE_CURVE ( 'NONE', #1760, #369, #7233, .T. ) ;
#4155 = ORIENTED_EDGE ( 'NONE', *, *, #5681, .F. ) ;
#4156 = ORIENTED_EDGE ( 'NONE', *, *, #2570, .T. ) ;
#4157 = EDGE_CURVE ( 'NONE', #1819, #4066, #4668, .T. ) ;
#4158 = DIRECTION ( 'NONE',  ( 0.000000000000000000, 0.000000000000000000, 1.000000000000000000 ) ) ;
#4159 = EDGE_CURVE ( 'NONE', #4153, #3355, #840, .T. ) ;
#4160 = DIRECTION ( 'NONE',  ( -0.000000000000000000, -0.000000000000000000, 1.000000000000000000 ) ) ;
#4161 = CIRCLE ( 'NONE', #6820, 0.3999999999999975797 ) ;
#4162 = LINE ( 'NONE', #384, #144 ) ;
#4163 = ORIENTED_EDGE ( 'NONE', *, *, #3588, .F. ) ;
#4164 = AXIS2_PLACEMENT_3D ( 'NONE', #2915, #898, #2256 ) ;
#4165 = ORIENTED_EDGE ( 'NONE', *, *, #842, .F. ) ;
#4166 = ORIENTED_EDGE ( 'NONE', *, *, #3510, .T. ) ;
#4167 = FILL_AREA_STYLE ('',( #5973 ) ) ;
#4168 = ADVANCED_FACE ( 'NONE', ( #2075 ), #4582, .F. ) ;
#4169 = DIRECTION ( 'NONE',  ( -1.000000000000000000, 0.000000000000000000, 0.000000000000000000 ) ) ;
#4170 = CARTESIAN_POINT ( 'NONE',  ( -47.78727900000002649, 3.719110999999997169, 2.000000000000000000 ) ) ;
#4171 = AXIS2_PLACEMENT_3D ( 'NONE', #766, #6458, #3917 ) ;
#4172 = VERTEX_POINT ( 'NONE', #6659 ) ;
#4173 = DIRECTION ( 'NONE',  ( -0.000000000000000000, -0.000000000000000000, 1.000000000000000000 ) ) ;
#4174 = AXIS2_PLACEMENT_3D ( 'NONE', #3417, #957, #5282 ) ;
#4175 = DIRECTION ( 'NONE',  ( 1.000000000000000000, 0.000000000000000000, 0.000000000000000000 ) ) ;
#4176 = CARTESIAN_POINT ( 'NONE',  ( -49.96227899999999522, 2.944110999999999922, 2.000000000000000000 ) ) ;
#4177 = DIRECTION ( 'NONE',  ( 1.000000000000000000, 0.000000000000000000, 0.000000000000000000 ) ) ;
#4178 = VERTEX_POINT ( 'NONE', #4874 ) ;
#4179 = LINE ( 'NONE', #4141, #6488 ) ;
#4180 = VECTOR ( 'NONE', #3932, 1000.000000000000000 ) ;
#4181 = ORIENTED_EDGE ( 'NONE', *, *, #7034, .F. ) ;
#4182 = DIRECTION ( 'NONE',  ( -0.9997000655982568595, -0.02449038266015602511, 0.000000000000000000 ) ) ;
#4183 = DIRECTION ( 'NONE',  ( 1.000000000000000000, 0.000000000000000000, 0.000000000000000000 ) ) ;
#4184 = ORIENTED_EDGE ( 'NONE', *, *, #6175, .F. ) ;
#4185 = DIRECTION ( 'NONE',  ( 1.000000000000000000, 0.000000000000000000, 0.000000000000000000 ) ) ;
#4186 = DIRECTION ( 'NONE',  ( 0.8779737183685903945, -0.4787088361979868756, 0.000000000000000000 ) ) ;
#4187 = VECTOR ( 'NONE', #1699, 1000.000000000000000 ) ;
#4188 = CARTESIAN_POINT ( 'NONE',  ( -44.58727900000002364, 44.86911099999999664, 2.000000000000000000 ) ) ;
#4189 = AXIS2_PLACEMENT_3D ( 'NONE', #7633, #7684, #5813 ) ;
#4190 = EDGE_CURVE ( 'NONE', #1483, #5589, #4278, .T. ) ;
#4191 = EDGE_CURVE ( 'NONE', #7744, #8013, #6346, .T. ) ;
#4192 = CARTESIAN_POINT ( 'NONE',  ( -79.51227900000000659, 73.14411099999999522, 2.000000000000000000 ) ) ;
#4193 = VECTOR ( 'NONE', #7351, 1000.000000000000114 ) ;
#4194 = DIRECTION ( 'NONE',  ( -0.000000000000000000, -0.000000000000000000, 1.000000000000000000 ) ) ;
#4195 = ORIENTED_EDGE ( 'NONE', *, *, #1133, .F. ) ;
#4196 = ORIENTED_EDGE ( 'NONE', *, *, #5214, .F. ) ;
#4197 = DIRECTION ( 'NONE',  ( 1.000000000000000000, -0.000000000000000000, -0.000000000000000000 ) ) ;
#4198 = DIRECTION ( 'NONE',  ( 1.000000000000000000, -0.000000000000000000, 0.000000000000000000 ) ) ;
#4199 = DIRECTION ( 'NONE',  ( -0.000000000000000000, -0.000000000000000000, 1.000000000000000000 ) ) ;
#4200 = AXIS2_PLACEMENT_3D ( 'NONE', #3408, #6639, #4017 ) ;
#4201 = ORIENTED_EDGE ( 'NONE', *, *, #3695, .T. ) ;
#4202 = CARTESIAN_POINT ( 'NONE',  ( -39.63727900000002791, 64.26911099999999522, 5.000000000000000000 ) ) ;
#4203 = ORIENTED_EDGE ( 'NONE', *, *, #4049, .F. ) ;
#4204 = CIRCLE ( 'NONE', #6211, 0.3999999999999975797 ) ;
#4205 = AXIS2_PLACEMENT_3D ( 'NONE', #5339, #2129, #5302 ) ;
#4206 = ORIENTED_EDGE ( 'NONE', *, *, #7662, .T. ) ;
#4207 = VERTEX_POINT ( 'NONE', #2973 ) ;
#4208 = EDGE_CURVE ( 'NONE', #947, #4146, #6742, .T. ) ;
#4209 = CARTESIAN_POINT ( 'NONE',  ( -44.58727900000002364, 64.31911099999997816, 5.000000000000000000 ) ) ;
#4210 = CARTESIAN_POINT ( 'NONE',  ( -82.68727900000001796, 36.81911099999999237, 2.000000000000000000 ) ) ;
#4211 = VECTOR ( 'NONE', #6171, 1000.000000000000000 ) ;
#4212 = VECTOR ( 'NONE', #349, 1000.000000000000114 ) ;
#4213 = ORIENTED_EDGE ( 'NONE', *, *, #573, .F. ) ;
#4214 = DIRECTION ( 'NONE',  ( 0.000000000000000000, 0.000000000000000000, 1.000000000000000000 ) ) ;
#4215 = VECTOR ( 'NONE', #2814, 1000.000000000000000 ) ;
#4216 = DIRECTION ( 'NONE',  ( -0.02449038263264136442, 0.9997000655989308759, 0.000000000000000000 ) ) ;
#4217 = CARTESIAN_POINT ( 'NONE',  ( -44.18727900000002506, 69.26911099999999522, 2.000000000000000000 ) ) ;
#4218 = DIRECTION ( 'NONE',  ( 0.8660254037844387076, -0.4999999999999998890, 0.000000000000000000 ) ) ;
#4219 = VERTEX_POINT ( 'NONE', #1777 ) ;
#4220 = CARTESIAN_POINT ( 'NONE',  ( -24.97663582724297271, 16.67233295899298895, 2.000000000000000000 ) ) ;
#4221 = AXIS2_PLACEMENT_3D ( 'NONE', #5199, #2635, #162 ) ;
#4222 = VECTOR ( 'NONE', #865, 1000.000000000000000 ) ;
#4223 = EDGE_CURVE ( 'NONE', #5173, #2817, #2401, .T. ) ;
#4224 = ORIENTED_EDGE ( 'NONE', *, *, #4138, .F. ) ;
#4225 = DIRECTION ( 'NONE',  ( 1.000000000000000000, 0.000000000000000000, 0.000000000000000000 ) ) ;
#4226 = CARTESIAN_POINT ( 'NONE',  ( -22.36227899999999735, 77.14411099999999522, 5.000000000000000000 ) ) ;
#4227 = ORIENTED_EDGE ( 'NONE', *, *, #4191, .F. ) ;
#4228 = LINE ( 'NONE', #3458, #4028 ) ;
#4229 = CARTESIAN_POINT ( 'NONE',  ( -24.35782314279000005, 79.14635366131899730, 2.000000000000000000 ) ) ;
#4230 = PLANE ( 'NONE',  #3419 ) ;
#4231 = VERTEX_POINT ( 'NONE', #3016 ) ;
#4232 = EDGE_CURVE ( 'NONE', #4756, #5925, #7993, .T. ) ;
#4233 = LINE ( 'NONE', #7515, #3566 ) ;
#4234 = FACE_OUTER_BOUND ( 'NONE', #6618, .T. ) ;
#4235 = ORIENTED_EDGE ( 'NONE', *, *, #6282, .T. ) ;
#4236 = ORIENTED_EDGE ( 'NONE', *, *, #6286, .T. ) ;
#4237 = CYLINDRICAL_SURFACE ( 'NONE', #6966, 0.3999999999999975797 ) ;
#4238 = CARTESIAN_POINT ( 'NONE',  ( -12.81839899999999943, -3.020465999999999873, 2.000000000000000000 ) ) ;
#4239 = CARTESIAN_POINT ( 'NONE',  ( -24.97663582724296916, 16.67233295899299250, 5.000000000000000000 ) ) ;
#4240 = EDGE_CURVE ( 'NONE', #2048, #6390, #6088, .T. ) ;
#4241 = CARTESIAN_POINT ( 'NONE',  ( -58.68727900000002506, 31.16911099999999379, 2.000000000000000000 ) ) ;
#4242 = EDGE_LOOP ( 'NONE', ( #6929, #2130, #6015, #5521 ) ) ;
#4243 = EDGE_CURVE ( 'NONE', #1617, #266, #21, .T. ) ;
#4244 = DIRECTION ( 'NONE',  ( -0.9659258276786804043, 0.2588190399164172484, 0.000000000000000000 ) ) ;
#4245 = LINE ( 'NONE', #5265, #6648 ) ;
#4246 = VERTEX_POINT ( 'NONE', #4955 ) ;
#4247 = EDGE_LOOP ( 'NONE', ( #73, #395 ) ) ;
#4248 = CARTESIAN_POINT ( 'NONE',  ( -25.53727900000002293, 26.16911099999998669, 2.000000000000000000 ) ) ;
#4249 = FACE_BOUND ( 'NONE', #2613, .T. ) ;
#4250 = EDGE_CURVE ( 'NONE', #2362, #869, #4919, .T. ) ;
#4251 = VECTOR ( 'NONE', #1146, 1000.000000000000000 ) ;
#4252 = ORIENTED_EDGE ( 'NONE', *, *, #6389, .F. ) ;
#4253 = LINE ( 'NONE', #6759, #5027 ) ;
#4254 = DIRECTION ( 'NONE',  ( -0.000000000000000000, -0.000000000000000000, 1.000000000000000000 ) ) ;
#4255 = LINE ( 'NONE', #7426, #8185 ) ;
#4256 = DIRECTION ( 'NONE',  ( -0.000000000000000000, -0.000000000000000000, 1.000000000000000000 ) ) ;
#4257 = CIRCLE ( 'NONE', #3088, 0.9977672882800908694 ) ;
#4258 = ADVANCED_FACE ( 'NONE', ( #6819 ), #6205, .T. ) ;
#4259 = ORIENTED_EDGE ( 'NONE', *, *, #6187, .F. ) ;
#4260 = DIRECTION ( 'NONE',  ( 0.000000000000000000, 0.000000000000000000, 1.000000000000000000 ) ) ;
#4261 = ORIENTED_EDGE ( 'NONE', *, *, #4957, .T. ) ;
#4262 = FACE_OUTER_BOUND ( 'NONE', #3231, .T. ) ;
#4263 = ORIENTED_EDGE ( 'NONE', *, *, #1076, .T. ) ;
#4264 = AXIS2_PLACEMENT_3D ( 'NONE', #6684, #3528, #6072 ) ;
#4265 = DIRECTION ( 'NONE',  ( 0.000000000000000000, 0.000000000000000000, 1.000000000000000000 ) ) ;
#4266 = CYLINDRICAL_SURFACE ( 'NONE', #2460, 0.3999999999999975797 ) ;
#4267 = DIRECTION ( 'NONE',  ( 0.000000000000000000, 0.000000000000000000, 1.000000000000000000 ) ) ;
#4268 = DIRECTION ( 'NONE',  ( 0.000000000000000000, 0.000000000000000000, 1.000000000000000000 ) ) ;
#4269 = EDGE_CURVE ( 'NONE', #805, #589, #8109, .T. ) ;
#4270 = CARTESIAN_POINT ( 'NONE',  ( -79.51227899999619808, 79.14411100000002364, 5.000000000000000000 ) ) ;
#4271 = DIRECTION ( 'NONE',  ( -0.000000000000000000, -0.000000000000000000, 1.000000000000000000 ) ) ;
#4272 = ORIENTED_EDGE ( 'NONE', *, *, #2592, .T. ) ;
#4273 = EDGE_CURVE ( 'NONE', #1412, #4011, #6779, .T. ) ;
#4274 = DIRECTION ( 'NONE',  ( 0.02449038266015570245, -0.9997000655982569706, 0.000000000000000000 ) ) ;
#4275 = DIRECTION ( 'NONE',  ( -0.000000000000000000, -0.000000000000000000, 1.000000000000000000 ) ) ;
#4276 = CARTESIAN_POINT ( 'NONE',  ( -6.487279000000012452, 42.21911099999999095, 5.000000000000000000 ) ) ;
#4277 = FACE_OUTER_BOUND ( 'NONE', #4242, .T. ) ;
#4278 = LINE ( 'NONE', #6044, #2255 ) ;
#4279 = DIRECTION ( 'NONE',  ( -0.000000000000000000, -0.000000000000000000, 1.000000000000000000 ) ) ;
#4280 = DIRECTION ( 'NONE',  ( 0.8660254037844387076, -0.4999999999999998335, 0.000000000000000000 ) ) ;
#4281 = ORIENTED_EDGE ( 'NONE', *, *, #2209, .F. ) ;
#4282 = ORIENTED_EDGE ( 'NONE', *, *, #6230, .T. ) ;
#4283 = ORIENTED_EDGE ( 'NONE', *, *, #7728, .F. ) ;
#4284 = VECTOR ( 'NONE', #6280, 1000.000000000000000 ) ;
#4285 = DIRECTION ( 'NONE',  ( 1.000000000000000000, -0.000000000000000000, -0.000000000000000000 ) ) ;
#4286 = CARTESIAN_POINT ( 'NONE',  ( -43.40782314279000076, 84.14635366131901151, 2.000000000000000000 ) ) ;
#4287 = EDGE_CURVE ( 'NONE', #1839, #7867, #1814, .T. ) ;
#4288 = EDGE_CURVE ( 'NONE', #869, #3926, #1743, .T. ) ;
#4289 = VECTOR ( 'NONE', #5479, 1000.000000000000000 ) ;
#4290 = EDGE_CURVE ( 'NONE', #3261, #2092, #3502, .T. ) ;
#4291 = VERTEX_POINT ( 'NONE', #5412 ) ;
#4292 = DIRECTION ( 'NONE',  ( 1.000000000000000000, 0.000000000000000000, 0.000000000000000000 ) ) ;
#4293 = CARTESIAN_POINT ( 'NONE',  ( 9.357274015923401578, 2.507274015923405486, 2.000000000000000000 ) ) ;
#4294 = LINE ( 'NONE', #1098, #913 ) ;
#4295 = EDGE_LOOP ( 'NONE', ( #4184, #2286, #1762, #5795 ) ) ;
#4296 = CARTESIAN_POINT ( 'NONE',  ( -115.8372790000000094, 18.16911099999998669, 2.000000000000000000 ) ) ;
#4297 = ORIENTED_EDGE ( 'NONE', *, *, #331, .F. ) ;
#4298 = DIRECTION ( 'NONE',  ( 0.000000000000000000, 0.000000000000000000, 1.000000000000000000 ) ) ;
#4299 = EDGE_CURVE ( 'NONE', #799, #1135, #2280, .T. ) ;
#4300 = ORIENTED_EDGE ( 'NONE', *, *, #6087, .F. ) ;
#4301 = DIRECTION ( 'NONE',  ( 0.9997000655982534179, -0.02449038266029713792, 0.000000000000000000 ) ) ;
#4302 = VECTOR ( 'NONE', #623, 1000.000000000000000 ) ;
#4303 = ORIENTED_EDGE ( 'NONE', *, *, #3431, .F. ) ;
#4304 = FACE_OUTER_BOUND ( 'NONE', #3414, .T. ) ;
#4305 = CARTESIAN_POINT ( 'NONE',  ( -25.13727900000002791, 45.21911099999999095, 5.000000000000000000 ) ) ;
#4306 = CARTESIAN_POINT ( 'NONE',  ( -96.38727900000002080, 36.81911099999999237, 2.000000000000000000 ) ) ;
#4307 = DIRECTION ( 'NONE',  ( 0.000000000000000000, 1.000000000000000000, 0.000000000000000000 ) ) ;
#4308 = AXIS2_PLACEMENT_3D ( 'NONE', #3652, #8023, #1853 ) ;
#4309 = PLANE ( 'NONE',  #6621 ) ;
#4310 = CARTESIAN_POINT ( 'NONE',  ( -39.23727900000002933, 44.81911099999999237, 5.000000000000000000 ) ) ;
#4311 = ORIENTED_EDGE ( 'NONE', *, *, #433, .F. ) ;
#4312 = VECTOR ( 'NONE', #4016, 1000.000000000000000 ) ;
#4313 = CARTESIAN_POINT ( 'NONE',  ( -101.3372790000000094, 31.86911099999999308, 5.000000000000000000 ) ) ;
#4314 = CARTESIAN_POINT ( 'NONE',  ( -34.08727900000002364, 3.719110999999997169, 2.000000000000000000 ) ) ;
#4315 = DIRECTION ( 'NONE',  ( 1.000000000000000000, 0.000000000000000000, 0.000000000000000000 ) ) ;
#4316 = DIRECTION ( 'NONE',  ( -0.000000000000000000, -0.000000000000000000, 1.000000000000000000 ) ) ;
#4317 = EDGE_CURVE ( 'NONE', #2933, #1392, #6700, .T. ) ;
#4318 = CARTESIAN_POINT ( 'NONE',  ( -115.4372790000000180, 50.91911099999999379, 5.000000000000000000 ) ) ;
#4319 = AXIS2_PLACEMENT_3D ( 'NONE', #7670, #6958, #100 ) ;
#4320 = DIRECTION ( 'NONE',  ( 0.000000000000000000, 0.000000000000000000, 1.000000000000000000 ) ) ;
#4321 = DIRECTION ( 'NONE',  ( 0.000000000000000000, 0.000000000000000000, 1.000000000000000000 ) ) ;
#4322 = ORIENTED_EDGE ( 'NONE', *, *, #6187, .T. ) ;
#4323 = ORIENTED_EDGE ( 'NONE', *, *, #443, .T. ) ;
#4324 = ORIENTED_EDGE ( 'NONE', *, *, #7839, .T. ) ;
#4325 = EDGE_CURVE ( 'NONE', #3295, #4889, #1083, .T. ) ;
#4326 = CARTESIAN_POINT ( 'NONE',  ( -25.53727900000002293, 78.36911099999998953, 2.000000000000000000 ) ) ;
#4327 = CARTESIAN_POINT ( 'NONE',  ( -39.23727900000002933, 25.76911099999999166, 2.000000000000000000 ) ) ;
#4328 = ADVANCED_FACE ( 'NONE', ( #5497 ), #8028, .F. ) ;
#4329 = EDGE_CURVE ( 'NONE', #7109, #6249, #7541, .T. ) ;
#4330 = VECTOR ( 'NONE', #7391, 1000.000000000000000 ) ;
#4331 = EDGE_LOOP ( 'NONE', ( #6372, #7544, #6645, #3613 ) ) ;
#4332 = VECTOR ( 'NONE', #2294, 1000.000000000000000 ) ;
#4333 = CYLINDRICAL_SURFACE ( 'NONE', #2917, 0.3999999999999975797 ) ;
#4334 = LINE ( 'NONE', #1713, #1805 ) ;
#4335 = CYLINDRICAL_SURFACE ( 'NONE', #7918, 0.9999999999999970024 ) ;
#4336 = ORIENTED_EDGE ( 'NONE', *, *, #7658, .F. ) ;
#4337 = VECTOR ( 'NONE', #5427, 1000.000000000000000 ) ;
#4338 = AXIS2_PLACEMENT_3D ( 'NONE', #4928, #7454, #7998 ) ;
#4339 = CARTESIAN_POINT ( 'NONE',  ( -82.68727900000001796, 32.26911099999998811, 5.000000000000000000 ) ) ;
#4340 = EDGE_CURVE ( 'NONE', #6305, #4246, #6863, .T. ) ;
#4341 = EDGE_LOOP ( 'NONE', ( #7548, #1783, #7162, #4050 ) ) ;
#4342 = CARTESIAN_POINT ( 'NONE',  ( -45.91227899999999806, 24.49411100000000019, 5.000000000000000000 ) ) ;
#4344 = ORIENTED_EDGE ( 'NONE', *, *, #7271, .T. ) ;
#4343 = AXIS2_PLACEMENT_3D ( 'NONE', #3963, #882, #6540 ) ;
#4345 = DIRECTION ( 'NONE',  ( 1.000000000000000000, 0.000000000000000000, 0.000000000000000000 ) ) ;
#4346 = CIRCLE ( 'NONE', #3955, 1.125000000000000888 ) ;
#4347 = ORIENTED_EDGE ( 'NONE', *, *, #1230, .T. ) ;
#4348 = DIRECTION ( 'NONE',  ( -1.000000000000000000, 0.000000000000000000, 0.000000000000000000 ) ) ;
#4349 = VECTOR ( 'NONE', #8127, 1000.000000000000000 ) ;
#4350 = FACE_OUTER_BOUND ( 'NONE', #2024, .T. ) ;
#4351 = CARTESIAN_POINT ( 'NONE',  ( -20.18727900000001796, 41.81911099999999237, 2.000000000000000000 ) ) ;
#4352 = CARTESIAN_POINT ( 'NONE',  ( 14.07485339871646346, 8.328362273350869316, 2.000000000000000000 ) ) ;
#4353 = VECTOR ( 'NONE', #1002, 1000.000000000000000 ) ;
#4354 = ORIENTED_EDGE ( 'NONE', *, *, #264, .F. ) ;
#4355 = EDGE_CURVE ( 'NONE', #7961, #230, #4566, .T. ) ;
#4356 = EDGE_CURVE ( 'NONE', #1135, #7468, #5274, .T. ) ;
#4357 = CARTESIAN_POINT ( 'NONE',  ( -10.95708165697357650, 13.02298449617150666, 2.000000000000000000 ) ) ;
#4358 = CARTESIAN_POINT ( 'NONE',  ( -81.51227900000000659, 15.99411099999999841, 5.000000000000000000 ) ) ;
#4359 = VERTEX_POINT ( 'NONE', #4412 ) ;
#4360 = VECTOR ( 'NONE', #6482, 1000.000000000000000 ) ;
#4361 = EDGE_CURVE ( 'NONE', #2942, #1837, #625, .T. ) ;
#4362 = CARTESIAN_POINT ( 'NONE',  ( -101.7372790000000151, 36.81911099999999237, 2.000000000000000000 ) ) ;
#4363 = LINE ( 'NONE', #2522, #1812 ) ;
#4364 = DIRECTION ( 'NONE',  ( 0.000000000000000000, 1.000000000000000000, 0.000000000000000000 ) ) ;
#4365 = CYLINDRICAL_SURFACE ( 'NONE', #1187, 0.9977672882740817872 ) ;
#4366 = EDGE_CURVE ( 'NONE', #6007, #5576, #5703, .T. ) ;
#4367 = CARTESIAN_POINT ( 'NONE',  ( -44.58727900000002364, 49.81911099999999237, 5.000000000000000000 ) ) ;
#4368 = EDGE_CURVE ( 'NONE', #2170, #2362, #2263, .T. ) ;
#4369 = PLANE ( 'NONE',  #7409 ) ;
#4370 = DIRECTION ( 'NONE',  ( 0.000000000000000000, 0.000000000000000000, 1.000000000000000000 ) ) ;
#4371 = VERTEX_POINT ( 'NONE', #3696 ) ;
#4372 = ORIENTED_EDGE ( 'NONE', *, *, #7862, .T. ) ;
#4373 = VERTEX_POINT ( 'NONE', #4367 ) ;
#4374 = CARTESIAN_POINT ( 'NONE',  ( -58.28727900000002649, 68.86911100000000374, 2.000000000000000000 ) ) ;
#4375 = ADVANCED_FACE ( 'NONE', ( #47 ), #826, .T. ) ;
#4376 = DIRECTION ( 'NONE',  ( 0.000000000000000000, 0.000000000000000000, 1.000000000000000000 ) ) ;
#4377 = ORIENTED_EDGE ( 'NONE', *, *, #597, .F. ) ;
#4378 = VERTEX_POINT ( 'NONE', #3098 ) ;
#4379 = AXIS2_PLACEMENT_3D ( 'NONE', #6723, #7182, #7819 ) ;
#4380 = DIRECTION ( 'NONE',  ( 0.000000000000000000, 0.000000000000000000, 1.000000000000000000 ) ) ;
#4381 = CARTESIAN_POINT ( 'NONE',  ( -101.7372789999999867, 56.26911099999999522, 5.000000000000000000 ) ) ;
#4382 = DIRECTION ( 'NONE',  ( 0.000000000000000000, 0.000000000000000000, 1.000000000000000000 ) ) ;
#4383 = ORIENTED_EDGE ( 'NONE', *, *, #6222, .F. ) ;
#4384 = DIRECTION ( 'NONE',  ( 1.000000000000000000, -0.000000000000000000, 0.000000000000000000 ) ) ;
#4385 = EDGE_LOOP ( 'NONE', ( #1705, #733, #4934, #2171 ) ) ;
#4386 = CARTESIAN_POINT ( 'NONE',  ( -39.63727900000002791, 26.16911099999998669, 2.000000000000000000 ) ) ;
#4387 = EDGE_CURVE ( 'NONE', #390, #4140, #2, .T. ) ;
#4388 = VECTOR ( 'NONE', #6805, 1000.000000000000000 ) ;
#4389 = EDGE_CURVE ( 'NONE', #4103, #6020, #5041, .T. ) ;
#4390 = ORIENTED_EDGE ( 'NONE', *, *, #4368, .T. ) ;
#4391 = DIRECTION ( 'NONE',  ( 0.000000000000000000, 0.000000000000000000, 1.000000000000000000 ) ) ;
#4392 = VERTEX_POINT ( 'NONE', #4610 ) ;
#4393 = EDGE_CURVE ( 'NONE', #6040, #3740, #7566, .T. ) ;
#4394 = CYLINDRICAL_SURFACE ( 'NONE', #4453, 0.3999999999999975797 ) ;
#4395 = CARTESIAN_POINT ( 'NONE',  ( -82.68727900000001796, 70.36911100000000374, 2.000000000000000000 ) ) ;
#4396 = LINE ( 'NONE', #6357, #4180 ) ;
#4397 = AXIS2_PLACEMENT_3D ( 'NONE', #7318, #4194, #6694 ) ;
#4398 = DIRECTION ( 'NONE',  ( 1.000000000000000000, -8.736879848297780430E-14, 0.000000000000000000 ) ) ;
#4399 = ADVANCED_FACE ( 'NONE', ( #7140 ), #5232, .F. ) ;
#4400 = EDGE_CURVE ( 'NONE', #3117, #5979, #7606, .T. ) ;
#4401 = EDGE_CURVE ( 'NONE', #6551, #3331, #6095, .T. ) ;
#4402 = EDGE_CURVE ( 'NONE', #7036, #6448, #2481, .T. ) ;
#4403 = AXIS2_PLACEMENT_3D ( 'NONE', #5396, #410, #4183 ) ;
#4404 = DIRECTION ( 'NONE',  ( -6.337523098901915730E-13, -1.000000000000000000, 0.000000000000000000 ) ) ;
#4405 = EDGE_CURVE ( 'NONE', #3983, #6058, #6521, .T. ) ;
#4406 = FACE_OUTER_BOUND ( 'NONE', #126, .T. ) ;
#4407 = ORIENTED_EDGE ( 'NONE', *, *, #1749, .F. ) ;
#4408 = PLANE ( 'NONE',  #5356 ) ;
#4409 = FACE_OUTER_BOUND ( 'NONE', #969, .T. ) ;
#4410 = CARTESIAN_POINT ( 'NONE',  ( -6.487279000000012452, 75.36911099999998953, 2.000000000000000000 ) ) ;
#4411 = ADVANCED_FACE ( 'NONE', ( #7524 ), #3368, .F. ) ;
#4412 = CARTESIAN_POINT ( 'NONE',  ( -44.58727900000002364, 64.31911099999997816, 2.000000000000000000 ) ) ;
#4413 = DIRECTION ( 'NONE',  ( -1.000000000000000000, 0.000000000000000000, 0.000000000000000000 ) ) ;
#4414 = DIRECTION ( 'NONE',  ( -0.000000000000000000, -0.000000000000000000, 1.000000000000000000 ) ) ;
#4415 = ORIENTED_EDGE ( 'NONE', *, *, #8024, .T. ) ;
#4416 = ORIENTED_EDGE ( 'NONE', *, *, #4159, .T. ) ;
#4417 = ORIENTED_EDGE ( 'NONE', *, *, #4094, .F. ) ;
#4418 = CARTESIAN_POINT ( 'NONE',  ( -82.68727900000001796, 31.86911099999999308, 2.000000000000000000 ) ) ;
#4419 = CARTESIAN_POINT ( 'NONE',  ( -9.703684177437178704, -2.307274015923409749, 2.000000000000000000 ) ) ;
#4420 = EDGE_LOOP ( 'NONE', ( #2560, #6592, #7123, #7868 ) ) ;
#4421 = CIRCLE ( 'NONE', #5488, 0.3999999999999975797 ) ;
#4422 = ORIENTED_EDGE ( 'NONE', *, *, #5484, .F. ) ;
#4423 = CARTESIAN_POINT ( 'NONE',  ( -82.68727900000001796, 55.86911099999999664, 5.000000000000000000 ) ) ;
#4424 = DIRECTION ( 'NONE',  ( 0.000000000000000000, 0.000000000000000000, 1.000000000000000000 ) ) ;
#4425 = DIRECTION ( 'NONE',  ( -0.000000000000000000, -0.000000000000000000, 1.000000000000000000 ) ) ;
#4426 = EDGE_LOOP ( 'NONE', ( #5178, #4259, #5629, #6156 ) ) ;
#4427 = DIRECTION ( 'NONE',  ( 1.000000000000000000, -0.000000000000000000, -0.000000000000000000 ) ) ;
#4428 = EDGE_LOOP ( 'NONE', ( #3382, #2277, #567, #1521 ) ) ;
#4429 = CARTESIAN_POINT ( 'NONE',  ( -101.3372790000000094, 50.91911099999999379, 2.000000000000000000 ) ) ;
#4430 = ORIENTED_EDGE ( 'NONE', *, *, #1546, .T. ) ;
#4431 = CARTESIAN_POINT ( 'NONE',  ( -39.23727900000002933, 26.16911099999998669, 2.000000000000000000 ) ) ;
#4432 = ORIENTED_EDGE ( 'NONE', *, *, #5666, .T. ) ;
#4433 = DIRECTION ( 'NONE',  ( 0.000000000000000000, 0.000000000000000000, 1.000000000000000000 ) ) ;
#4434 = AXIS2_PLACEMENT_3D ( 'NONE', #2414, #4254, #8044 ) ;
#4435 = DIRECTION ( 'NONE',  ( -0.000000000000000000, -1.000000000000000000, -0.000000000000000000 ) ) ;
#4436 = CARTESIAN_POINT ( 'NONE',  ( -99.06227900000000375, 53.59411099999999806, 2.000000000000000000 ) ) ;
#4437 = VERTEX_POINT ( 'NONE', #4062 ) ;
#4438 = VECTOR ( 'NONE', #848, 1000.000000000000000 ) ;
#4439 = PLANE ( 'NONE',  #2004 ) ;
#4440 = DIRECTION ( 'NONE',  ( 0.000000000000000000, 0.000000000000000000, -1.000000000000000000 ) ) ;
#4441 = VERTEX_POINT ( 'NONE', #5948 ) ;
#4442 = DIRECTION ( 'NONE',  ( 1.000000000000000000, 0.000000000000000000, 0.000000000000000000 ) ) ;
#4443 = DIRECTION ( 'NONE',  ( 0.000000000000000000, 0.000000000000000000, 1.000000000000000000 ) ) ;
#4444 = EDGE_CURVE ( 'NONE', #390, #3518, #3524, .T. ) ;
#4445 = AXIS2_PLACEMENT_3D ( 'NONE', #1810, #5039, #6776 ) ;
#4446 = CARTESIAN_POINT ( 'NONE',  ( -25.13727900000002791, 77.96911099999999806, 5.000000000000000000 ) ) ;
#4447 = ADVANCED_FACE ( 'NONE', ( #6720 ), #7889, .F. ) ;
#4448 = CARTESIAN_POINT ( 'NONE',  ( -34.08727900000002364, 3.719110999999997169, 2.000000000000000000 ) ) ;
#4449 = AXIS2_PLACEMENT_3D ( 'NONE', #5311, #7176, #2757 ) ;
#4450 = EDGE_CURVE ( 'NONE', #7468, #7171, #6360, .T. ) ;
#4451 = CARTESIAN_POINT ( 'NONE',  ( -20.58727900000001299, 55.91911099999999379, 5.000000000000000000 ) ) ;
#4452 = EDGE_LOOP ( 'NONE', ( #5070, #1473, #1962, #6083 ) ) ;
#4453 = AXIS2_PLACEMENT_3D ( 'NONE', #7433, #3719, #34 ) ;
#4454 = ORIENTED_EDGE ( 'NONE', *, *, #4157, .T. ) ;
#4455 = ORIENTED_EDGE ( 'NONE', *, *, #3441, .T. ) ;
#4456 = FACE_OUTER_BOUND ( 'NONE', #5893, .T. ) ;
#4457 = VECTOR ( 'NONE', #696, 1000.000000000000000 ) ;
#4458 = CYLINDRICAL_SURFACE ( 'NONE', #5552, 0.3999999999999975797 ) ;
#4459 = ORIENTED_EDGE ( 'NONE', *, *, #6690, .F. ) ;
#4460 = CIRCLE ( 'NONE', #5673, 0.9977672882802018917 ) ;
#4461 = ORIENTED_EDGE ( 'NONE', *, *, #787, .F. ) ;
#4462 = DIRECTION ( 'NONE',  ( 0.000000000000000000, 0.000000000000000000, 1.000000000000000000 ) ) ;
#4463 = DIRECTION ( 'NONE',  ( 0.000000000000000000, 0.000000000000000000, 1.000000000000000000 ) ) ;
#4464 = CARTESIAN_POINT ( 'NONE',  ( -115.8372789999999810, 69.96911099999999806, 2.000000000000000000 ) ) ;
#4465 = VERTEX_POINT ( 'NONE', #7263 ) ;
#4466 = DIRECTION ( 'NONE',  ( 0.000000000000000000, 0.000000000000000000, 1.000000000000000000 ) ) ;
#4467 = ORIENTED_EDGE ( 'NONE', *, *, #2946, .F. ) ;
#4468 = CARTESIAN_POINT ( 'NONE',  ( -49.96227639142968258, 20.49838296832900042, 2.000000000000000000 ) ) ;
#4469 = AXIS2_PLACEMENT_3D ( 'NONE', #5359, #2225, #1612 ) ;
#4470 = ORIENTED_EDGE ( 'NONE', *, *, #6861, .F. ) ;
#4471 = CYLINDRICAL_SURFACE ( 'NONE', #5593, 1.000000000000002665 ) ;
#4472 = ORIENTED_EDGE ( 'NONE', *, *, #7890, .F. ) ;
#4473 = CARTESIAN_POINT ( 'NONE',  ( -63.63727900000002080, 63.86911099999998953, 2.000000000000000000 ) ) ;
#4474 = AXIS2_PLACEMENT_3D ( 'NONE', #7044, #1389, #5808 ) ;
#4475 = VECTOR ( 'NONE', #3623, 1000.000000000000000 ) ;
#4476 = DIRECTION ( 'NONE',  ( 0.000000000000000000, 0.000000000000000000, 1.000000000000000000 ) ) ;
#4477 =( LENGTH_UNIT ( ) NAMED_UNIT ( * ) SI_UNIT ( .MILLI., .METRE. ) );
#4478 = EDGE_CURVE ( 'NONE', #1259, #7789, #2835, .T. ) ;
#4479 = DIRECTION ( 'NONE',  ( -1.000000000000000000, 0.000000000000000000, 0.000000000000000000 ) ) ;
#4480 = EDGE_CURVE ( 'NONE', #1025, #7067, #6679, .T. ) ;
#4481 = ORIENTED_EDGE ( 'NONE', *, *, #1395, .F. ) ;
#4482 = EDGE_CURVE ( 'NONE', #5555, #7067, #6642, .T. ) ;
#4483 = AXIS2_PLACEMENT_3D ( 'NONE', #6580, #3305, #5846 ) ;
#4484 = AXIS2_PLACEMENT_3D ( 'NONE', #7911, #4000, #5293 ) ;
#4485 = FACE_OUTER_BOUND ( 'NONE', #8007, .T. ) ;
#4486 = ADVANCED_FACE ( 'NONE', ( #7305 ), #4781, .F. ) ;
#4487 = CARTESIAN_POINT ( 'NONE',  ( -63.63727900000002080, 78.36911099999998953, 2.000000000000000000 ) ) ;
#4488 = EDGE_LOOP ( 'NONE', ( #7830, #1797, #5820, #1951 ) ) ;
#4489 = LINE ( 'NONE', #4024, #7214 ) ;
#4490 = CARTESIAN_POINT ( 'NONE',  ( -20.58727900000001299, 23.16911099999999379, 2.000000000000000000 ) ) ;
#4491 = AXIS2_PLACEMENT_3D ( 'NONE', #7567, #1329, #7448 ) ;
#4492 = VECTOR ( 'NONE', #6476, 1000.000000000000000 ) ;
#4493 = CARTESIAN_POINT ( 'NONE',  ( -116.6122789999999867, 15.99411099999771579, 2.000000000000000000 ) ) ;
#4494 = EDGE_CURVE ( 'NONE', #4889, #5190, #7152, .T. ) ;
#4495 = EDGE_CURVE ( 'NONE', #2320, #2462, #3487, .T. ) ;
#4496 = VECTOR ( 'NONE', #4525, 1000.000000000000000 ) ;
#4497 = DIRECTION ( 'NONE',  ( 1.000000000000000000, 0.000000000000000000, 0.000000000000000000 ) ) ;
#4498 = AXIS2_PLACEMENT_3D ( 'NONE', #1833, #4298, #2505 ) ;
#4499 = DIRECTION ( 'NONE',  ( 0.9659258276786804043, -0.2588190399164174704, 0.000000000000000000 ) ) ;
#4500 = ORIENTED_EDGE ( 'NONE', *, *, #5968, .T. ) ;
#4501 = ORIENTED_EDGE ( 'NONE', *, *, #1995, .T. ) ;
#4502 = ORIENTED_EDGE ( 'NONE', *, *, #3817, .T. ) ;
#4503 = PLANE ( 'NONE',  #5417 ) ;
#4504 = DIRECTION ( 'NONE',  ( 1.000000000000000000, 0.000000000000000000, 0.000000000000000000 ) ) ;
#4505 = DIRECTION ( 'NONE',  ( -0.000000000000000000, -0.000000000000000000, 1.000000000000000000 ) ) ;
#4506 = ORIENTED_EDGE ( 'NONE', *, *, #2595, .F. ) ;
#4507 = EDGE_CURVE ( 'NONE', #1782, #5402, #4691, .T. ) ;
#4508 = ORIENTED_EDGE ( 'NONE', *, *, #663, .T. ) ;
#4509 = EDGE_CURVE ( 'NONE', #7500, #2540, #7342, .T. ) ;
#4510 = LINE ( 'NONE', #7751, #5335 ) ;
#4511 = DIRECTION ( 'NONE',  ( 1.000000000000000000, 0.000000000000000000, 0.000000000000000000 ) ) ;
#4512 = DIRECTION ( 'NONE',  ( 1.000000000000000000, -0.000000000000000000, -0.000000000000000000 ) ) ;
#4513 = ORIENTED_EDGE ( 'NONE', *, *, #3037, .F. ) ;
#4514 = CARTESIAN_POINT ( 'NONE',  ( -31.34645300000000390, 1.944111000000000145, 2.000000000000000000 ) ) ;
#4515 = ORIENTED_EDGE ( 'NONE', *, *, #5845, .T. ) ;
#4516 = DIRECTION ( 'NONE',  ( 0.000000000000000000, 1.000000000000000000, 0.000000000000000000 ) ) ;
#4517 = ORIENTED_EDGE ( 'NONE', *, *, #736, .F. ) ;
#4518 = CARTESIAN_POINT ( 'NONE',  ( -101.3372789999999952, 69.96911099999999806, 2.000000000000000000 ) ) ;
#4519 = ORIENTED_EDGE ( 'NONE', *, *, #1683, .T. ) ;
#4520 = DIRECTION ( 'NONE',  ( -1.000000000000000000, 0.000000000000000000, 0.000000000000000000 ) ) ;
#4521 = DIRECTION ( 'NONE',  ( -0.000000000000000000, -0.000000000000000000, 1.000000000000000000 ) ) ;
#4522 = SURFACE_STYLE_FILL_AREA ( #7725 ) ;
#4523 = CARTESIAN_POINT ( 'NONE',  ( -82.68727900000001796, 51.31911099999999237, 2.000000000000000000 ) ) ;
#4524 = ORIENTED_EDGE ( 'NONE', *, *, #6894, .F. ) ;
#4525 = DIRECTION ( 'NONE',  ( -1.000000000000000000, 0.000000000000000000, 0.000000000000000000 ) ) ;
#4526 = AXIS2_PLACEMENT_3D ( 'NONE', #8114, #7485, #4321 ) ;
#4527 = CARTESIAN_POINT ( 'NONE',  ( -80.51227899999928184, 16.99411100000000374, 2.000000000000000000 ) ) ;
#4528 = ORIENTED_EDGE ( 'NONE', *, *, #3100, .F. ) ;
#4529 = LINE ( 'NONE', #3853, #7749 ) ;
#4530 = LINE ( 'NONE', #7060, #1816 ) ;
#4531 = CARTESIAN_POINT ( 'NONE',  ( -25.53727900000002293, 63.86911099999998953, 5.000000000000000000 ) ) ;
#4532 = CIRCLE ( 'NONE', #6924, 0.9977672882801880139 ) ;
#4533 = CARTESIAN_POINT ( 'NONE',  ( -34.08727900000002364, 4.119110999999994860, 2.000000000000000000 ) ) ;
#4534 = DIRECTION ( 'NONE',  ( -0.000000000000000000, -0.000000000000000000, 1.000000000000000000 ) ) ;
#4535 = ORIENTED_EDGE ( 'NONE', *, *, #5235, .F. ) ;
#4536 = EDGE_LOOP ( 'NONE', ( #1044, #7962, #6330, #6917 ) ) ;
#4537 = ORIENTED_EDGE ( 'NONE', *, *, #3678, .F. ) ;
#4538 = EDGE_CURVE ( 'NONE', #5589, #338, #1645, .T. ) ;
#4539 = DIRECTION ( 'NONE',  ( -3.788636071533290956E-12, 1.000000000000000000, 0.000000000000000000 ) ) ;
#4540 = EDGE_CURVE ( 'NONE', #5869, #5576, #6026, .T. ) ;
#4541 = DIRECTION ( 'NONE',  ( -0.000000000000000000, -0.000000000000000000, 1.000000000000000000 ) ) ;
#4542 = VERTEX_POINT ( 'NONE', #5392 ) ;
#4543 = VERTEX_POINT ( 'NONE', #2260 ) ;
#4544 = VERTEX_POINT ( 'NONE', #3411 ) ;
#4545 = CARTESIAN_POINT ( 'NONE',  ( -25.53727900000002293, 78.36911099999998953, 5.000000000000000000 ) ) ;
#4546 = CARTESIAN_POINT ( 'NONE',  ( -44.18727900000002506, 44.86911099999999664, 2.000000000000000000 ) ) ;
#4547 = CARTESIAN_POINT ( 'NONE',  ( -25.53727900000002293, 63.86911099999998953, 2.000000000000000000 ) ) ;
#4548 = ORIENTED_EDGE ( 'NONE', *, *, #4963, .T. ) ;
#4549 = FACE_OUTER_BOUND ( 'NONE', #5941, .T. ) ;
#4550 = CIRCLE ( 'NONE', #2322, 0.3999999999999975797 ) ;
#4551 = EDGE_CURVE ( 'NONE', #1505, #1880, #4179, .T. ) ;
#4552 = ORIENTED_EDGE ( 'NONE', *, *, #1546, .F. ) ;
#4553 = DIRECTION ( 'NONE',  ( -0.000000000000000000, -1.000000000000000000, -0.000000000000000000 ) ) ;
#4554 = EDGE_CURVE ( 'NONE', #6825, #4542, #7825, .T. ) ;
#4555 = EDGE_CURVE ( 'NONE', #3868, #1760, #4019, .T. ) ;
#4556 = AXIS2_PLACEMENT_3D ( 'NONE', #3094, #7520, #2521 ) ;
#4557 = ORIENTED_EDGE ( 'NONE', *, *, #3288, .T. ) ;
#4558 = DIRECTION ( 'NONE',  ( -0.000000000000000000, -0.000000000000000000, 1.000000000000000000 ) ) ;
#4559 = ORIENTED_EDGE ( 'NONE', *, *, #3281, .F. ) ;
#4560 = PLANE ( 'NONE',  #2492 ) ;
#4561 = ADVANCED_FACE ( 'NONE', ( #5315 ), #7853, .F. ) ;
#4562 = DIRECTION ( 'NONE',  ( -1.000000000000000000, -8.271882292587477973E-16, 0.000000000000000000 ) ) ;
#4563 = DIRECTION ( 'NONE',  ( 1.000000000000000000, 0.000000000000000000, 0.000000000000000000 ) ) ;
#4564 = FACE_BOUND ( 'NONE', #2569, .T. ) ;
#4565 = CIRCLE ( 'NONE', #3245, 0.3999999999999975797 ) ;
#4566 = LINE ( 'NONE', #5079, #5961 ) ;
#4567 = CARTESIAN_POINT ( 'NONE',  ( -6.487279000000012452, 74.96911099999999806, 2.000000000000000000 ) ) ;
#4568 = CARTESIAN_POINT ( 'NONE',  ( -115.4372789999999895, 70.36911100000000374, 2.000000000000000000 ) ) ;
#4569 = VERTEX_POINT ( 'NONE', #7503 ) ;
#4570 = CARTESIAN_POINT ( 'NONE',  ( -63.63727900000002080, 78.36911099999998953, 5.000000000000000000 ) ) ;
#4571 = PLANE ( 'NONE',  #1557 ) ;
#4572 = CYLINDRICAL_SURFACE ( 'NONE', #6074, 0.3999999999999975797 ) ;
#4573 = CIRCLE ( 'NONE', #5241, 0.3999999999999975797 ) ;
#4574 = EDGE_CURVE ( 'NONE', #5216, #5555, #3159, .T. ) ;
#4575 = EDGE_CURVE ( 'NONE', #3390, #6825, #6185, .T. ) ;
#4576 = DIRECTION ( 'NONE',  ( -0.000000000000000000, -0.000000000000000000, 1.000000000000000000 ) ) ;
#4577 = DIRECTION ( 'NONE',  ( 1.000000000000000000, 0.000000000000000000, 0.000000000000000000 ) ) ;
#4578 = ORIENTED_EDGE ( 'NONE', *, *, #4389, .T. ) ;
#4579 = AXIS2_PLACEMENT_3D ( 'NONE', #1322, #3813, #1488 ) ;
#4580 = ORIENTED_EDGE ( 'NONE', *, *, #428, .F. ) ;
#4581 = VERTEX_POINT ( 'NONE', #1759 ) ;
#4582 = PLANE ( 'NONE',  #2128 ) ;
#4583 = DIRECTION ( 'NONE',  ( 1.000000000000000000, 0.000000000000000000, 0.000000000000000000 ) ) ;
#4584 = ORIENTED_EDGE ( 'NONE', *, *, #717, .T. ) ;
#4585 = VERTEX_POINT ( 'NONE', #4220 ) ;
#4586 = CARTESIAN_POINT ( 'NONE',  ( -101.7372790000000151, 17.76911099999999166, 2.000000000000000000 ) ) ;
#4587 = AXIS2_PLACEMENT_3D ( 'NONE', #3760, #2588, #5108 ) ;
#4588 = PLANE ( 'NONE',  #7492 ) ;
#4589 = FACE_OUTER_BOUND ( 'NONE', #3023, .T. ) ;
#4590 = ORIENTED_EDGE ( 'NONE', *, *, #5747, .F. ) ;
#4591 = LINE ( 'NONE', #1542, #5276 ) ;
#4592 = EDGE_CURVE ( 'NONE', #3466, #4011, #7011, .T. ) ;
#4593 = ORIENTED_EDGE ( 'NONE', *, *, #4737, .F. ) ;
#4594 = DIRECTION ( 'NONE',  ( 1.000000000000000000, 0.000000000000000000, 0.000000000000000000 ) ) ;
#4595 = EDGE_CURVE ( 'NONE', #2473, #6551, #4977, .T. ) ;
#4596 = VECTOR ( 'NONE', #1181, 1000.000000000000000 ) ;
#4597 = EDGE_LOOP ( 'NONE', ( #746, #4855, #6354, #6619, #6705, #3029, #2191, #5884 ) ) ;
#4598 = EDGE_CURVE ( 'NONE', #4023, #1839, #7549, .T. ) ;
#4599 = ORIENTED_EDGE ( 'NONE', *, *, #6065, .F. ) ;
#4600 = VECTOR ( 'NONE', #7883, 1000.000000000000000 ) ;
#4601 = CARTESIAN_POINT ( 'NONE',  ( -9.703684177437178704, -2.307274015923409749, 2.000000000000000000 ) ) ;
#4602 = ORIENTED_EDGE ( 'NONE', *, *, #5613, .T. ) ;
#4603 = CARTESIAN_POINT ( 'NONE',  ( -23.36468599999864182, 79.24236500000012029, 5.000000000000000000 ) ) ;
#4604 = EDGE_CURVE ( 'NONE', #5186, #3926, #3602, .T. ) ;
#4605 = DIRECTION ( 'NONE',  ( 0.000000000000000000, 0.000000000000000000, 1.000000000000000000 ) ) ;
#4606 = DIRECTION ( 'NONE',  ( 0.02449038266015516468, 0.9997000655982569706, -0.000000000000000000 ) ) ;
#4607 = ADVANCED_FACE ( 'NONE', ( #1796 ), #6229, .F. ) ;
#4608 = AXIS2_PLACEMENT_3D ( 'NONE', #3418, #5443, #6649 ) ;
#4609 = DIRECTION ( 'NONE',  ( 1.000000000000000000, 0.000000000000000000, 0.000000000000000000 ) ) ;
#4610 = CARTESIAN_POINT ( 'NONE',  ( -63.23727900000002222, 39.86911099999998953, 5.000000000000000000 ) ) ;
#4611 = DIRECTION ( 'NONE',  ( 0.000000000000000000, 0.000000000000000000, 1.000000000000000000 ) ) ;
#4612 = VECTOR ( 'NONE', #5985, 1000.000000000000000 ) ;
#4613 = CARTESIAN_POINT ( 'NONE',  ( -20.18727900000001796, 61.26911099999998811, 2.000000000000000000 ) ) ;
#4614 = ORIENTED_EDGE ( 'NONE', *, *, #7032, .F. ) ;
#4615 = DIRECTION ( 'NONE',  ( 0.000000000000000000, 0.000000000000000000, -1.000000000000000000 ) ) ;
#4616 = DIRECTION ( 'NONE',  ( 1.000000000000000000, 0.000000000000000000, 0.000000000000000000 ) ) ;
#4617 = ADVANCED_FACE ( 'NONE', ( #6764 ), #5563, .F. ) ;
#4618 = DIRECTION ( 'NONE',  ( 1.000000000000000000, 1.504379633861931621E-13, 0.000000000000000000 ) ) ;
#4619 = ADVANCED_FACE ( 'NONE', ( #3118 ), #8175, .F. ) ;
#4620 = VECTOR ( 'NONE', #5551, 1000.000000000000000 ) ;
#4621 = CIRCLE ( 'NONE', #4079, 0.9977672882833243939 ) ;
#4622 = EDGE_CURVE ( 'NONE', #6655, #2847, #6306, .T. ) ;
#4623 = EDGE_CURVE ( 'NONE', #6681, #6641, #6337, .T. ) ;
#4624 = DIRECTION ( 'NONE',  ( 0.000000000000000000, 0.000000000000000000, 1.000000000000000000 ) ) ;
#4625 = CARTESIAN_POINT ( 'NONE',  ( -6.487279000000012452, 56.31911099999999237, 2.000000000000000000 ) ) ;
#4626 = EDGE_LOOP ( 'NONE', ( #677, #7832, #3233, #397 ) ) ;
#4627 = VECTOR ( 'NONE', #3857, 1000.000000000000114 ) ;
#4628 = AXIS2_PLACEMENT_3D ( 'NONE', #4631, #3427, #7197 ) ;
#4629 = ORIENTED_EDGE ( 'NONE', *, *, #2681, .T. ) ;
#4630 = ORIENTED_EDGE ( 'NONE', *, *, #3890, .F. ) ;
#4631 = CARTESIAN_POINT ( 'NONE',  ( -6.487279000000012452, 36.86911099999999664, 5.000000000000000000 ) ) ;
#4632 = VECTOR ( 'NONE', #2319, 1000.000000000000000 ) ;
#4633 = DIRECTION ( 'NONE',  ( 1.000000000000000000, -0.000000000000000000, -0.000000000000000000 ) ) ;
#4634 = ORIENTED_EDGE ( 'NONE', *, *, #520, .F. ) ;
#4635 = EDGE_LOOP ( 'NONE', ( #2278, #3912, #5783, #4003 ) ) ;
#4636 = APPLICATION_PROTOCOL_DEFINITION ( 'draft international standard', 'automotive_design', 1998, #2238 ) ;
#4637 = FACE_OUTER_BOUND ( 'NONE', #7748, .T. ) ;
#4638 = CIRCLE ( 'NONE', #5967, 3.498033192550313419 ) ;
#4639 = CARTESIAN_POINT ( 'NONE',  ( -82.28727900000001227, 69.96911099999999806, 2.000000000000000000 ) ) ;
#4640 = ORIENTED_EDGE ( 'NONE', *, *, #7032, .T. ) ;
#4641 = DIRECTION ( 'NONE',  ( 1.000000000000000000, 0.000000000000000000, 0.000000000000000000 ) ) ;
#4642 = EDGE_LOOP ( 'NONE', ( #2122, #6788, #8130, #5670 ) ) ;
#4643 = ORIENTED_EDGE ( 'NONE', *, *, #5818, .T. ) ;
#4644 = CARTESIAN_POINT ( 'NONE',  ( -61.46227899999998812, 80.14411100000272370, 5.000000000000000000 ) ) ;
#4645 = ORIENTED_EDGE ( 'NONE', *, *, #7547, .T. ) ;
#4646 = CARTESIAN_POINT ( 'NONE',  ( -44.18727900000002506, 44.86911099999999664, 2.000000000000000000 ) ) ;
#4647 = CYLINDRICAL_SURFACE ( 'NONE', #6167, 0.9977672882801047471 ) ;
#4648 = DIRECTION ( 'NONE',  ( -0.000000000000000000, -0.000000000000000000, 1.000000000000000000 ) ) ;
#4649 = ADVANCED_FACE ( 'NONE', ( #2338 ), #5018, .T. ) ;
#4650 = CARTESIAN_POINT ( 'NONE',  ( -6.487279000000012452, 75.36911099999998953, 2.000000000000000000 ) ) ;
#4651 = EDGE_LOOP ( 'NONE', ( #4640, #1706, #7626, #1088 ) ) ;
#4652 = DIRECTION ( 'NONE',  ( -0.000000000000000000, -0.000000000000000000, 1.000000000000000000 ) ) ;
#4653 = CARTESIAN_POINT ( 'NONE',  ( -20.58727900000001299, 36.86911099999999664, 2.000000000000000000 ) ) ;
#4654 = CARTESIAN_POINT ( 'NONE',  ( -77.33727900000002364, 77.96911099999999806, 2.000000000000000000 ) ) ;
#4655 = EDGE_LOOP ( 'NONE', ( #2235, #918, #6166, #4528 ) ) ;
#4656 = CARTESIAN_POINT ( 'NONE',  ( -6.487279000000012452, 75.36911099999998953, 2.000000000000000000 ) ) ;
#4657 = LINE ( 'NONE', #871, #2219 ) ;
#4658 = DIRECTION ( 'NONE',  ( -0.01308111653775370815, -0.9999144385346807606, 0.000000000000000000 ) ) ;
#4659 = EDGE_CURVE ( 'NONE', #8178, #3824, #7465, .T. ) ;
#4660 = VECTOR ( 'NONE', #5811, 1000.000000000000000 ) ;
#4661 = EDGE_CURVE ( 'NONE', #3786, #6450, #6603, .T. ) ;
#4662 = CARTESIAN_POINT ( 'NONE',  ( -22.86227900000000091, 60.09411099999999806, 2.000000000000000000 ) ) ;
#4663 = DIRECTION ( 'NONE',  ( -0.000000000000000000, -0.000000000000000000, 1.000000000000000000 ) ) ;
#4664 = ORIENTED_EDGE ( 'NONE', *, *, #7370, .F. ) ;
#4665 = ORIENTED_EDGE ( 'NONE', *, *, #7766, .T. ) ;
#4666 = ORIENTED_EDGE ( 'NONE', *, *, #173, .F. ) ;
#4667 = VECTOR ( 'NONE', #88, 1000.000000000000000 ) ;
#4668 = LINE ( 'NONE', #3301, #4083 ) ;
#4669 = EDGE_CURVE ( 'NONE', #337, #599, #7393, .T. ) ;
#4670 = DIRECTION ( 'NONE',  ( 1.000000000000000000, 0.000000000000000000, 0.000000000000000000 ) ) ;
#4671 = EDGE_CURVE ( 'NONE', #7502, #4133, #1325, .T. ) ;
#4672 = EDGE_LOOP ( 'NONE', ( #3626, #3111, #1424, #3239 ) ) ;
#4673 = ORIENTED_EDGE ( 'NONE', *, *, #1930, .F. ) ;
#4674 =( NAMED_UNIT ( * ) PLANE_ANGLE_UNIT ( ) SI_UNIT ( $, .RADIAN. ) );
#4675 = PLANE ( 'NONE',  #5255 ) ;
#4676 = ORIENTED_EDGE ( 'NONE', *, *, #2749, .T. ) ;
#4677 = DIRECTION ( 'NONE',  ( -0.2588190399164175814, -0.9659258276786804043, 0.000000000000000000 ) ) ;
#4678 = EDGE_LOOP ( 'NONE', ( #5856, #2406, #5017, #7996 ) ) ;
#4679 = DIRECTION ( 'NONE',  ( 1.000000000000000000, 0.000000000000000000, 0.000000000000000000 ) ) ;
#4680 = EDGE_CURVE ( 'NONE', #7065, #2143, #8060, .T. ) ;
#4681 = ORIENTED_EDGE ( 'NONE', *, *, #4393, .F. ) ;
#4682 = EDGE_LOOP ( 'NONE', ( #2550, #6060, #5732, #1576 ) ) ;
#4683 = CARTESIAN_POINT ( 'NONE',  ( -42.41227899999621087, 81.14411099999999522, 2.000000000000000000 ) ) ;
#4684 = VERTEX_POINT ( 'NONE', #8134 ) ;
#4685 = LINE ( 'NONE', #4646, #4600 ) ;
#4686 = CARTESIAN_POINT ( 'NONE',  ( -81.51003633868000975, 16.98965514279599986, 2.000000000000000000 ) ) ;
#4687 = DIRECTION ( 'NONE',  ( 0.9659258276786804043, -0.2588190399164174704, 0.000000000000000000 ) ) ;
#4688 = EDGE_CURVE ( 'NONE', #3054, #4133, #3753, .T. ) ;
#4689 = DIRECTION ( 'NONE',  ( -5.930678550348058356E-14, -1.000000000000000000, 0.000000000000000000 ) ) ;
#4690 = ORIENTED_EDGE ( 'NONE', *, *, #3780, .T. ) ;
#4691 = LINE ( 'NONE', #2955, #153 ) ;
#4692 = EDGE_CURVE ( 'NONE', #5091, #657, #1470, .T. ) ;
#4693 = FACE_OUTER_BOUND ( 'NONE', #7708, .T. ) ;
#4694 = DIRECTION ( 'NONE',  ( 1.000000000000000000, -0.000000000000000000, 0.000000000000000000 ) ) ;
#4695 = EDGE_LOOP ( 'NONE', ( #2541, #4664, #6988, #7937 ) ) ;
#4696 = LINE ( 'NONE', #5321, #4289 ) ;
#4697 = CARTESIAN_POINT ( 'NONE',  ( -115.4372789999999895, 56.26911099999999522, 5.000000000000000000 ) ) ;
#4698 = CARTESIAN_POINT ( 'NONE',  ( -77.33727900000002364, 45.21911099999999095, 2.000000000000000000 ) ) ;
#4699 =( GEOMETRIC_REPRESENTATION_CONTEXT ( 3 ) GLOBAL_UNCERTAINTY_ASSIGNED_CONTEXT ( ( #6916 ) ) GLOBAL_UNIT_ASSIGNED_CONTEXT ( ( #5422, #7874, #5254 ) ) REPRESENTATION_CONTEXT ( 'NONE', 'WORKASPACE' ) );
#4700 = EDGE_CURVE ( 'NONE', #2694, #3923, #2248, .T. ) ;
#4701 = VECTOR ( 'NONE', #2344, 1000.000000000000000 ) ;
#4702 = DIRECTION ( 'NONE',  ( 0.000000000000000000, -1.000000000000000000, -0.000000000000000000 ) ) ;
#4703 = DIRECTION ( 'NONE',  ( 0.000000000000000000, -0.000000000000000000, 1.000000000000000000 ) ) ;
#4704 = VERTEX_POINT ( 'NONE', #68 ) ;
#4705 = EDGE_CURVE ( 'NONE', #7157, #711, #6349, .T. ) ;
#4706 = ORIENTED_EDGE ( 'NONE', *, *, #4816, .F. ) ;
#4707 = ORIENTED_EDGE ( 'NONE', *, *, #686, .T. ) ;
#4708 = VECTOR ( 'NONE', #8087, 1000.000000000000000 ) ;
#4709 = ADVANCED_FACE ( 'NONE', ( #3839 ), #5855, .T. ) ;
#4710 = EDGE_CURVE ( 'NONE', #2575, #5682, #4204, .T. ) ;
#4711 = CARTESIAN_POINT ( 'NONE',  ( -60.46227900000000233, 81.14411100000000943, 5.000000000000000000 ) ) ;
#4712 = CARTESIAN_POINT ( 'NONE',  ( -79.51227900000000659, 73.14411099999999522, 5.000000000000000000 ) ) ;
#4713 = VECTOR ( 'NONE', #3693, 1000.000000000000000 ) ;
#4714 = ORIENTED_EDGE ( 'NONE', *, *, #3556, .T. ) ;
#4715 = VECTOR ( 'NONE', #8182, 1000.000000000000000 ) ;
#4716 = ORIENTED_EDGE ( 'NONE', *, *, #5581, .T. ) ;
#4717 = SURFACE_STYLE_FILL_AREA ( #4167 ) ;
#4718 = ADVANCED_FACE ( 'NONE', ( #2582 ), #7127, .T. ) ;
#4719 = LINE ( 'NONE', #7840, #1584 ) ;
#4720 = VECTOR ( 'NONE', #832, 1000.000000000000000 ) ;
#4721 = CARTESIAN_POINT ( 'NONE',  ( -39.23727900000002933, 39.86911099999998953, 2.000000000000000000 ) ) ;
#4722 = ORIENTED_EDGE ( 'NONE', *, *, #2535, .F. ) ;
#4723 = ORIENTED_EDGE ( 'NONE', *, *, #6310, .T. ) ;
#4724 = CARTESIAN_POINT ( 'NONE',  ( -33.68727900000002506, 4.119110999999994860, 5.000000000000000000 ) ) ;
#4725 = CIRCLE ( 'NONE', #5385, 1.125000000000000888 ) ;
#4726 = VERTEX_POINT ( 'NONE', #2622 ) ;
#4727 = EDGE_CURVE ( 'NONE', #2210, #4134, #6508, .T. ) ;
#4728 = DIRECTION ( 'NONE',  ( 1.000000000000000000, 1.292365014155489333E-13, 0.000000000000000000 ) ) ;
#4729 = AXIS2_PLACEMENT_3D ( 'NONE', #5319, #7856, #4065 ) ;
#4730 = CARTESIAN_POINT ( 'NONE',  ( -115.8372790000000094, 31.86911099999999308, 5.000000000000000000 ) ) ;
#4731 = DIRECTION ( 'NONE',  ( 0.000000000000000000, 1.000000000000000000, 0.000000000000000000 ) ) ;
#4732 = DIRECTION ( 'NONE',  ( 0.000000000000000000, 0.000000000000000000, 1.000000000000000000 ) ) ;
#4733 = EDGE_CURVE ( 'NONE', #2733, #2624, #5692, .T. ) ;
#4734 = ORIENTED_EDGE ( 'NONE', *, *, #881, .F. ) ;
#4735 = DIRECTION ( 'NONE',  ( 1.000000000000000000, 0.000000000000000000, 0.000000000000000000 ) ) ;
#4736 = AXIS2_PLACEMENT_3D ( 'NONE', #5510, #1756, #2415 ) ;
#4737 = EDGE_CURVE ( 'NONE', #1921, #5253, #5057, .T. ) ;
#4738 = LINE ( 'NONE', #1681, #6906 ) ;
#4739 = LINE ( 'NONE', #2183, #7189 ) ;
#4740 = ORIENTED_EDGE ( 'NONE', *, *, #3992, .T. ) ;
#4741 = VECTOR ( 'NONE', #2525, 1000.000000000000000 ) ;
#4742 = DIRECTION ( 'NONE',  ( -0.000000000000000000, -0.000000000000000000, -1.000000000000000000 ) ) ;
#4743 = LINE ( 'NONE', #2186, #3910 ) ;
#4744 = AXIS2_PLACEMENT_3D ( 'NONE', #4014, #5346, #3482 ) ;
#4745 = CARTESIAN_POINT ( 'NONE',  ( -63.63727900000002080, 40.26911099999998811, 5.000000000000000000 ) ) ;
#4746 = VECTOR ( 'NONE', #2429, 1000.000000000000000 ) ;
#4747 = PLANE ( 'NONE',  #3967 ) ;
#4748 = FACE_OUTER_BOUND ( 'NONE', #6656, .T. ) ;
#4749 = ORIENTED_EDGE ( 'NONE', *, *, #3237, .T. ) ;
#4750 = ORIENTED_EDGE ( 'NONE', *, *, #2067, .T. ) ;
#4751 = ORIENTED_EDGE ( 'NONE', *, *, #3889, .F. ) ;
#4752 = CIRCLE ( 'NONE', #7936, 0.9977672882727322001 ) ;
#4754 = DIRECTION ( 'NONE',  ( 0.000000000000000000, 0.000000000000000000, 1.000000000000000000 ) ) ;
#4753 = VECTOR ( 'NONE', #6547, 1000.000000000000000 ) ;
#4755 = DIRECTION ( 'NONE',  ( 1.000000000000000000, 0.000000000000000000, 0.000000000000000000 ) ) ;
#4756 = VERTEX_POINT ( 'NONE', #4468 ) ;
#4757 = CIRCLE ( 'NONE', #1203, 0.3999999999999975797 ) ;
#4758 = CARTESIAN_POINT ( 'NONE',  ( -58.28727900000002649, 64.31911099999997816, 2.000000000000000000 ) ) ;
#4759 = CIRCLE ( 'NONE', #1204, 0.3999999999999975797 ) ;
#4760 = ORIENTED_EDGE ( 'NONE', *, *, #7495, .T. ) ;
#4761 = ORIENTED_EDGE ( 'NONE', *, *, #29, .T. ) ;
#4762 = ORIENTED_EDGE ( 'NONE', *, *, #616, .T. ) ;
#4763 = CIRCLE ( 'NONE', #3960, 0.9999999999999970024 ) ;
#4764 = VECTOR ( 'NONE', #5645, 1000.000000000000000 ) ;
#4765 = CARTESIAN_POINT ( 'NONE',  ( -39.63727900000002791, 39.86911099999998953, 5.000000000000000000 ) ) ;
#4766 = ORIENTED_EDGE ( 'NONE', *, *, #6250, .F. ) ;
#4767 = CARTESIAN_POINT ( 'NONE',  ( -77.33727900000002364, 44.81911099999999237, 2.000000000000000000 ) ) ;
#4768 = UNCERTAINTY_MEASURE_WITH_UNIT (LENGTH_MEASURE( 1.000000000000000082E-05 ), #7201, 'distance_accuracy_value', 'NONE');
#4769 = EDGE_CURVE ( 'NONE', #3666, #42, #672, .T. ) ;
#4771 = ORIENTED_EDGE ( 'NONE', *, *, #6005, .T. ) ;
#4770 = VECTOR ( 'NONE', #4404, 1000.000000000000000 ) ;
#4772 = PLANE ( 'NONE',  #7709 ) ;
#4773 = VERTEX_POINT ( 'NONE', #3234 ) ;
#4774 = CARTESIAN_POINT ( 'NONE',  ( -101.3372790000000094, 18.16911099999998669, 2.000000000000000000 ) ) ;
#4775 = ADVANCED_FACE ( 'NONE', ( #5223 ), #185, .F. ) ;
#4776 = CARTESIAN_POINT ( 'NONE',  ( 16.46772100000000094, 77.14411100000027943, 2.000000000000000000 ) ) ;
#4777 = LINE ( 'NONE', #1553, #6059 ) ;
#4778 = EDGE_CURVE ( 'NONE', #7558, #7836, #1345, .T. ) ;
#4779 = DIRECTION ( 'NONE',  ( -1.000000000000000000, 0.000000000000000000, 0.000000000000000000 ) ) ;
#4780 = ORIENTED_EDGE ( 'NONE', *, *, #7295, .T. ) ;
#4781 = CYLINDRICAL_SURFACE ( 'NONE', #7411, 0.3999999999999975797 ) ;
#4782 = ORIENTED_EDGE ( 'NONE', *, *, #5643, .F. ) ;
#4783 = DIRECTION ( 'NONE',  ( 1.000000000000000000, 1.292365014155489333E-13, 0.000000000000000000 ) ) ;
#4784 = ADVANCED_FACE ( 'NONE', ( #7007 ), #1919, .F. ) ;
#4785 = EDGE_CURVE ( 'NONE', #2834, #8156, #7717, .T. ) ;
#4786 = CARTESIAN_POINT ( 'NONE',  ( -96.38727900000002080, 17.76911099999999166, 2.000000000000000000 ) ) ;
#4787 = ORIENTED_EDGE ( 'NONE', *, *, #7862, .F. ) ;
#4788 = CARTESIAN_POINT ( 'NONE',  ( -82.28727900000001227, 18.16911099999998669, 2.000000000000000000 ) ) ;
#4789 = PLANE ( 'NONE',  #1030 ) ;
#4790 = LINE ( 'NONE', #2930, #661 ) ;
#4791 = DIRECTION ( 'NONE',  ( 0.000000000000000000, -0.000000000000000000, 1.000000000000000000 ) ) ;
#4792 = DIRECTION ( 'NONE',  ( 1.000000000000000000, 0.000000000000000000, 0.000000000000000000 ) ) ;
#4793 = VERTEX_POINT ( 'NONE', #2049 ) ;
#4794 = EDGE_LOOP ( 'NONE', ( #7466, #2445, #1850, #3838 ) ) ;
#4795 = ORIENTED_EDGE ( 'NONE', *, *, #2798, .T. ) ;
#4796 = CARTESIAN_POINT ( 'NONE',  ( -42.41227899999621087, 81.14411099999999522, 2.000000000000000000 ) ) ;
#4797 = CARTESIAN_POINT ( 'NONE',  ( -82.28727900000001227, 56.26911099999999522, 2.000000000000000000 ) ) ;
#4798 = ADVANCED_FACE ( 'NONE', ( #3924 ), #6463, .F. ) ;
#4799 = VERTEX_POINT ( 'NONE', #4429 ) ;
#4800 = DIRECTION ( 'NONE',  ( -1.000000000000000000, 0.000000000000000000, 0.000000000000000000 ) ) ;
#4801 = VERTEX_POINT ( 'NONE', #6963 ) ;
#4802 = ORIENTED_EDGE ( 'NONE', *, *, #4450, .T. ) ;
#4803 = ORIENTED_EDGE ( 'NONE', *, *, #820, .F. ) ;
#4804 = VECTOR ( 'NONE', #2602, 1000.000000000000000 ) ;
#4805 = LINE ( 'NONE', #4885, #7266 ) ;
#4806 = ORIENTED_EDGE ( 'NONE', *, *, #4112, .T. ) ;
#4807 = CARTESIAN_POINT ( 'NONE',  ( -20.58727900000001299, 23.16911099999999379, 5.000000000000000000 ) ) ;
#4808 = CIRCLE ( 'NONE', #5873, 0.3999999999999975797 ) ;
#4809 = VERTEX_POINT ( 'NONE', #6016 ) ;
#4810 = VERTEX_POINT ( 'NONE', #1011 ) ;
#4811 = CARTESIAN_POINT ( 'NONE',  ( -82.68727900000001796, 55.86911099999999664, 2.000000000000000000 ) ) ;
#4812 = EDGE_CURVE ( 'NONE', #1297, #1746, #7842, .T. ) ;
#4813 = DIRECTION ( 'NONE',  ( -0.000000000000000000, -0.000000000000000000, 1.000000000000000000 ) ) ;
#4814 = FACE_OUTER_BOUND ( 'NONE', #5343, .T. ) ;
#4815 = DIRECTION ( 'NONE',  ( 1.000000000000000000, 0.000000000000000000, -0.000000000000000000 ) ) ;
#4816 = EDGE_CURVE ( 'NONE', #1893, #369, #2168, .T. ) ;
#4817 = VERTEX_POINT ( 'NONE', #4170 ) ;
#4818 = DIRECTION ( 'NONE',  ( 0.000000000000000000, -0.000000000000000000, 1.000000000000000000 ) ) ;
#4819 = EDGE_CURVE ( 'NONE', #7700, #2933, #6471, .T. ) ;
#4820 = ORIENTED_EDGE ( 'NONE', *, *, #1585, .T. ) ;
#4821 = CARTESIAN_POINT ( 'NONE',  ( -79.51227899999999238, 23.99411100000227393, 5.000000000000000000 ) ) ;
#4822 = LINE ( 'NONE', #368, #466 ) ;
#4823 = ORIENTED_EDGE ( 'NONE', *, *, #4049, .T. ) ;
#4824 = FACE_OUTER_BOUND ( 'NONE', #4672, .T. ) ;
#4825 = FACE_OUTER_BOUND ( 'NONE', #1126, .T. ) ;
#4826 = CARTESIAN_POINT ( 'NONE',  ( -82.28727900000001227, 31.86911099999999308, 2.000000000000000000 ) ) ;
#4827 = LINE ( 'NONE', #4192, #693 ) ;
#4828 = AXIS2_PLACEMENT_3D ( 'NONE', #621, #7563, #7441 ) ;
#4829 = DIRECTION ( 'NONE',  ( 1.000000000000000000, 0.000000000000000000, 0.000000000000000000 ) ) ;
#4830 = ORIENTED_EDGE ( 'NONE', *, *, #7146, .F. ) ;
#4831 = EDGE_CURVE ( 'NONE', #432, #1379, #933, .T. ) ;
#4832 = ORIENTED_EDGE ( 'NONE', *, *, #982, .T. ) ;
#4833 = CARTESIAN_POINT ( 'NONE',  ( -77.33727900000002364, 78.36911099999998953, 5.000000000000000000 ) ) ;
#4834 = CARTESIAN_POINT ( 'NONE',  ( -25.13727900000002791, 45.21911099999999095, 2.000000000000000000 ) ) ;
#4835 = DIRECTION ( 'NONE',  ( 0.000000000000000000, 0.000000000000000000, 1.000000000000000000 ) ) ;
#4836 = AXIS2_PLACEMENT_3D ( 'NONE', #2105, #2150, #3989 ) ;
#4837 = VERTEX_POINT ( 'NONE', #5261 ) ;
#4838 = DIRECTION ( 'NONE',  ( 1.000000000000000000, 0.000000000000000000, 0.000000000000000000 ) ) ;
#4839 = ORIENTED_EDGE ( 'NONE', *, *, #7080, .F. ) ;
#4840 = CIRCLE ( 'NONE', #2074, 0.3999999999999975797 ) ;
#4841 = ORIENTED_EDGE ( 'NONE', *, *, #7353, .F. ) ;
#4842 = ORIENTED_EDGE ( 'NONE', *, *, #324, .T. ) ;
#4843 = DIRECTION ( 'NONE',  ( -0.000000000000000000, -0.000000000000000000, 1.000000000000000000 ) ) ;
#4844 = FACE_BOUND ( 'NONE', #4597, .T. ) ;
#4845 = AXIS2_PLACEMENT_3D ( 'NONE', #3350, #4119, #6042 ) ;
#4846 = ORIENTED_EDGE ( 'NONE', *, *, #7395, .F. ) ;
#4847 = ORIENTED_EDGE ( 'NONE', *, *, #1964, .F. ) ;
#4848 = DIRECTION ( 'NONE',  ( -0.000000000000000000, -0.000000000000000000, 1.000000000000000000 ) ) ;
#4849 = VECTOR ( 'NONE', #1773, 1000.000000000000000 ) ;
#4850 = CARTESIAN_POINT ( 'NONE',  ( -25.53727900000002293, 59.31911099999999237, 2.000000000000000000 ) ) ;
#4851 = PLANE ( 'NONE',  #5393 ) ;
#4852 = DIRECTION ( 'NONE',  ( -0.000000000000000000, -1.000000000000000000, -0.000000000000000000 ) ) ;
#4853 = ORIENTED_EDGE ( 'NONE', *, *, #3840, .T. ) ;
#4854 = CARTESIAN_POINT ( 'NONE',  ( 9.703684177437178704, 2.307274015923405752, 2.000000000000000000 ) ) ;
#4855 = ORIENTED_EDGE ( 'NONE', *, *, #2831, .T. ) ;
#4856 = CARTESIAN_POINT ( 'NONE',  ( -9.703684177437180480, -2.307274015923408861, 5.000000000000000000 ) ) ;
#4857 = PRODUCT_DEFINITION ( 'UNKNOWN', '', #215, #2449 ) ;
#4858 = LINE ( 'NONE', #288, #4942 ) ;
#4859 = ORIENTED_EDGE ( 'NONE', *, *, #725, .F. ) ;
#4860 = CARTESIAN_POINT ( 'NONE',  ( -63.63727900000002080, 44.81911099999999237, 2.000000000000000000 ) ) ;
#4861 = CARTESIAN_POINT ( 'NONE',  ( -101.3372790000000094, 37.21911099999999095, 2.000000000000000000 ) ) ;
#4862 = VECTOR ( 'NONE', #6225, 1000.000000000000227 ) ;
#4863 = CARTESIAN_POINT ( 'NONE',  ( -115.4372789999999895, 70.36911100000000374, 5.000000000000000000 ) ) ;
#4864 = CARTESIAN_POINT ( 'NONE',  ( -82.68727900000001796, 51.31911099999999237, 5.000000000000000000 ) ) ;
#4865 = AXIS2_PLACEMENT_3D ( 'NONE', #6568, #7224, #5997 ) ;
#4866 = EDGE_CURVE ( 'NONE', #1335, #1379, #7878, .T. ) ;
#4867 = LINE ( 'NONE', #7398, #6134 ) ;
#4868 = VERTEX_POINT ( 'NONE', #1508 ) ;
#4869 = CIRCLE ( 'NONE', #4744, 0.3999999999999975797 ) ;
#4870 = ORIENTED_EDGE ( 'NONE', *, *, #7595, .T. ) ;
#4871 = CARTESIAN_POINT ( 'NONE',  ( -33.68727900000002506, 17.81911099999999948, 2.000000000000000000 ) ) ;
#4872 = CARTESIAN_POINT ( 'NONE',  ( -25.53727900000002293, 78.36911099999998953, 5.000000000000000000 ) ) ;
#4873 = DIRECTION ( 'NONE',  ( -0.000000000000000000, -0.000000000000000000, 1.000000000000000000 ) ) ;
#4874 = CARTESIAN_POINT ( 'NONE',  ( -20.58727900000001299, 42.21911099999999095, 2.000000000000000000 ) ) ;
#4875 = VECTOR ( 'NONE', #4852, 1000.000000000000000 ) ;
#4876 = EDGE_CURVE ( 'NONE', #7765, #6320, #6671, .T. ) ;
#4877 = LINE ( 'NONE', #343, #5289 ) ;
#4878 = ORIENTED_EDGE ( 'NONE', *, *, #3389, .T. ) ;
#4879 = VECTOR ( 'NONE', #568, 1000.000000000000000 ) ;
#4880 = VECTOR ( 'NONE', #972, 1000.000000000000000 ) ;
#4881 = ORIENTED_EDGE ( 'NONE', *, *, #6034, .T. ) ;
#4882 = VERTEX_POINT ( 'NONE', #1544 ) ;
#4883 = EDGE_CURVE ( 'NONE', #4075, #225, #2205, .T. ) ;
#4884 = VERTEX_POINT ( 'NONE', #3478 ) ;
#4885 = CARTESIAN_POINT ( 'NONE',  ( -116.7105330000004102, 72.14170400000413963, 2.000000000000000000 ) ) ;
#4886 = CARTESIAN_POINT ( 'NONE',  ( -101.7372790000000151, 51.31911099999999237, 2.000000000000000000 ) ) ;
#4887 = AXIS2_PLACEMENT_3D ( 'NONE', #1910, #4541, #4583 ) ;
#4888 = CIRCLE ( 'NONE', #7274, 0.3999999999999975797 ) ;
#4889 = VERTEX_POINT ( 'NONE', #3399 ) ;
#4890 = VERTEX_POINT ( 'NONE', #5894 ) ;
#4891 = DIRECTION ( 'NONE',  ( -0.000000000000000000, -0.000000000000000000, 1.000000000000000000 ) ) ;
#4892 = AXIS2_PLACEMENT_3D ( 'NONE', #6908, #4279, #1815 ) ;
#4893 = VECTOR ( 'NONE', #4199, 1000.000000000000000 ) ;
#4894 = LINE ( 'NONE', #7377, #95 ) ;
#4895 = CARTESIAN_POINT ( 'NONE',  ( -96.38727900000002080, 50.91911099999999379, 2.000000000000000000 ) ) ;
#4896 = DIRECTION ( 'NONE',  ( 0.000000000000000000, 1.000000000000000000, 0.000000000000000000 ) ) ;
#4897 = ORIENTED_EDGE ( 'NONE', *, *, #3726, .T. ) ;
#4898 = DIRECTION ( 'NONE',  ( -0.000000000000000000, -0.000000000000000000, 1.000000000000000000 ) ) ;
#4899 = VECTOR ( 'NONE', #2906, 1000.000000000000227 ) ;
#4900 = EDGE_CURVE ( 'NONE', #8090, #1394, #4130, .T. ) ;
#4901 = ORIENTED_EDGE ( 'NONE', *, *, #6175, .T. ) ;
#4902 = CARTESIAN_POINT ( 'NONE',  ( -80.50782314278998797, 73.14186833868099313, 5.000000000000000000 ) ) ;
#4903 = VERTEX_POINT ( 'NONE', #4093 ) ;
#4904 = CARTESIAN_POINT ( 'NONE',  ( -101.3372790000000094, 18.16911099999998669, 5.000000000000000000 ) ) ;
#4905 = DIRECTION ( 'NONE',  ( 1.000000000000000000, 0.000000000000000000, 0.000000000000000000 ) ) ;
#4906 = DIRECTION ( 'NONE',  ( 0.000000000000000000, 0.000000000000000000, 1.000000000000000000 ) ) ;
#4907 = DIRECTION ( 'NONE',  ( 1.000000000000000000, 0.000000000000000000, 0.000000000000000000 ) ) ;
#4908 = DIRECTION ( 'NONE',  ( 0.000000000000000000, 0.000000000000000000, 1.000000000000000000 ) ) ;
#4909 = DIRECTION ( 'NONE',  ( 0.000000000000000000, -1.000000000000000000, -0.000000000000000000 ) ) ;
#4910 = ORIENTED_EDGE ( 'NONE', *, *, #3099, .F. ) ;
#4911 = ADVANCED_FACE ( 'NONE', ( #5977 ), #2247, .F. ) ;
#4912 = ORIENTED_EDGE ( 'NONE', *, *, #3858, .F. ) ;
#4913 = DIRECTION ( 'NONE',  ( 0.000000000000000000, 0.000000000000000000, 1.000000000000000000 ) ) ;
#4914 = ADVANCED_FACE ( 'NONE', ( #7169 ), #6549, .T. ) ;
#4915 = ADVANCED_FACE ( 'NONE', ( #2788 ), #891, .F. ) ;
#4916 = EDGE_CURVE ( 'NONE', #6322, #2048, #391, .T. ) ;
#4917 = DIRECTION ( 'NONE',  ( 0.000000000000000000, 0.000000000000000000, 1.000000000000000000 ) ) ;
#4918 = CARTESIAN_POINT ( 'NONE',  ( -39.23727900000002933, 64.26911099999999522, 2.000000000000000000 ) ) ;
#4919 = LINE ( 'NONE', #4241, #4632 ) ;
#4920 = EDGE_CURVE ( 'NONE', #3331, #4569, #308, .T. ) ;
#4921 = ORIENTED_EDGE ( 'NONE', *, *, #4538, .F. ) ;
#4922 = CIRCLE ( 'NONE', #2412, 0.3999999999999975797 ) ;
#4923 = CYLINDRICAL_SURFACE ( 'NONE', #3179, 0.3999999999999975797 ) ;
#4924 = CARTESIAN_POINT ( 'NONE',  ( -44.58727900000002364, 45.26911099999999522, 2.000000000000000000 ) ) ;
#4925 = ORIENTED_EDGE ( 'NONE', *, *, #6327, .T. ) ;
#4926 = ORIENTED_EDGE ( 'NONE', *, *, #7413, .F. ) ;
#4927 = EDGE_LOOP ( 'NONE', ( #1380, #1905, #5840, #3985, #4820, #4584, #5939, #4853, #6967 ) ) ;
#4928 = CARTESIAN_POINT ( 'NONE',  ( -20.18727900000001796, 36.86911099999999664, 2.000000000000000000 ) ) ;
#4929 = DIRECTION ( 'NONE',  ( 0.000000000000000000, 0.000000000000000000, 1.000000000000000000 ) ) ;
#4930 = ORIENTED_EDGE ( 'NONE', *, *, #7600, .F. ) ;
#4931 = CARTESIAN_POINT ( 'NONE',  ( -25.53727900000002293, 44.81911099999999237, 2.000000000000000000 ) ) ;
#4932 = CYLINDRICAL_SURFACE ( 'NONE', #5368, 0.4000000000000010214 ) ;
#4933 = LINE ( 'NONE', #7338, #1308 ) ;
#4934 = ORIENTED_EDGE ( 'NONE', *, *, #4325, .F. ) ;
#4935 = DIRECTION ( 'NONE',  ( 0.000000000000000000, -0.000000000000000000, 1.000000000000000000 ) ) ;
#4936 = VECTOR ( 'NONE', #4115, 1000.000000000000227 ) ;
#4937 = ORIENTED_EDGE ( 'NONE', *, *, #1085, .F. ) ;
#4938 = CARTESIAN_POINT ( 'NONE',  ( -81.51003633868000975, 16.98965514279599986, 2.000000000000000000 ) ) ;
#4939 = ORIENTED_EDGE ( 'NONE', *, *, #1031, .T. ) ;
#4940 = LINE ( 'NONE', #7467, #4251 ) ;
#4941 = EDGE_LOOP ( 'NONE', ( #3927, #3369, #3467, #1476, #1991, #2397, #7667, #5918 ) ) ;
#4942 = VECTOR ( 'NONE', #1560, 1000.000000000000000 ) ;
#4943 = DIRECTION ( 'NONE',  ( -0.000000000000000000, -1.000000000000000000, -0.000000000000000000 ) ) ;
#4944 = VECTOR ( 'NONE', #3228, 1000.000000000000000 ) ;
#4945 = CARTESIAN_POINT ( 'NONE',  ( 13.57485339871645991, 7.462336869566425612, 2.000000000000000000 ) ) ;
#4946 = CARTESIAN_POINT ( 'NONE',  ( -6.333840999999999610, 12.63464199999999948, 5.000000000000000000 ) ) ;
#4947 = CARTESIAN_POINT ( 'NONE',  ( -116.6145216613000173, 71.14856685720400264, 5.000000000000000000 ) ) ;
#4948 = LINE ( 'NONE', #4270, #4770 ) ;
#4949 = DIRECTION ( 'NONE',  ( -0.000000000000000000, -0.000000000000000000, 1.000000000000000000 ) ) ;
#4950 = ORIENTED_EDGE ( 'NONE', *, *, #5464, .T. ) ;
#4951 = FACE_OUTER_BOUND ( 'NONE', #6039, .T. ) ;
#4952 = CARTESIAN_POINT ( 'NONE',  ( -101.7372789999999867, 55.86911099999999664, 5.000000000000000000 ) ) ;
#4953 = FACE_OUTER_BOUND ( 'NONE', #4488, .T. ) ;
#4954 = LINE ( 'NONE', #5240, #7382 ) ;
#4955 = CARTESIAN_POINT ( 'NONE',  ( -78.61053300000017430, 80.14170400000188010, 5.000000000000000000 ) ) ;
#4956 = VECTOR ( 'NONE', #6900, 1000.000000000000000 ) ;
#4957 = EDGE_CURVE ( 'NONE', #7701, #6890, #4752, .T. ) ;
#4958 = CARTESIAN_POINT ( 'NONE',  ( -39.23727900000002933, 64.26911099999999522, 2.000000000000000000 ) ) ;
#4959 = LINE ( 'NONE', #5750, #4667 ) ;
#4960 = VERTEX_POINT ( 'NONE', #4767 ) ;
#4961 = ORIENTED_EDGE ( 'NONE', *, *, #7196, .F. ) ;
#4962 = ORIENTED_EDGE ( 'NONE', *, *, #1241, .T. ) ;
#4963 = EDGE_CURVE ( 'NONE', #4103, #3117, #7294, .T. ) ;
#4964 = CIRCLE ( 'NONE', #6426, 1.125000000000000888 ) ;
#4965 = DIRECTION ( 'NONE',  ( -0.000000000000000000, -0.000000000000000000, -1.000000000000000000 ) ) ;
#4966 = DIRECTION ( 'NONE',  ( 1.000000000000000000, 0.000000000000000000, 0.000000000000000000 ) ) ;
#4967 = VECTOR ( 'NONE', #5268, 1000.000000000000000 ) ;
#4968 = ORIENTED_EDGE ( 'NONE', *, *, #2680, .F. ) ;
#4969 = DIRECTION ( 'NONE',  ( 0.9997000655989309870, 0.02449038263264136789, -0.000000000000000000 ) ) ;
#4970 = DIRECTION ( 'NONE',  ( 1.000000000000000000, 0.000000000000000000, 0.000000000000000000 ) ) ;
#4971 = DIRECTION ( 'NONE',  ( -1.000000000000000000, 0.000000000000000000, 0.000000000000000000 ) ) ;
#4972 = EDGE_LOOP ( 'NONE', ( #728, #4508 ) ) ;
#4973 = CARTESIAN_POINT ( 'NONE',  ( -60.46468599999864324, 81.04585699999987014, 5.000000000000000000 ) ) ;
#4974 = VECTOR ( 'NONE', #4813, 1000.000000000000000 ) ;
#4975 = ADVANCED_FACE ( 'NONE', ( #7966 ), #2289, .F. ) ;
#4976 = EDGE_LOOP ( 'NONE', ( #6081, #4018, #4681, #6307 ) ) ;
#4977 = LINE ( 'NONE', #481, #1209 ) ;
#4978 = EDGE_CURVE ( 'NONE', #4903, #2473, #6873, .T. ) ;
#4979 = VERTEX_POINT ( 'NONE', #558 ) ;
#4980 = CYLINDRICAL_SURFACE ( 'NONE', #1237, 1.125000000000000888 ) ;
#4981 = VECTOR ( 'NONE', #5411, 1000.000000000000000 ) ;
#4982 = ORIENTED_EDGE ( 'NONE', *, *, #3383, .T. ) ;
#4983 = DIRECTION ( 'NONE',  ( 0.000000000000000000, 0.000000000000000000, 1.000000000000000000 ) ) ;
#4984 = DIRECTION ( 'NONE',  ( 1.000000000000000000, -0.000000000000000000, 0.000000000000000000 ) ) ;
#4985 = FACE_OUTER_BOUND ( 'NONE', #4794, .T. ) ;
#4986 = DIRECTION ( 'NONE',  ( 0.000000000000000000, 0.000000000000000000, -1.000000000000000000 ) ) ;
#4987 = CIRCLE ( 'NONE', #1432, 0.3999999999999975797 ) ;
#4988 = DIRECTION ( 'NONE',  ( -1.000000000000000000, 0.000000000000000000, 0.000000000000000000 ) ) ;
#4989 = LINE ( 'NONE', #8102, #7055 ) ;
#4990 = EDGE_LOOP ( 'NONE', ( #4125, #6939, #5658, #7528 ) ) ;
#4991 = ORIENTED_EDGE ( 'NONE', *, *, #5318, .F. ) ;
#4992 = PLANE ( 'NONE',  #5648 ) ;
#4993 = LINE ( 'NONE', #6860, #4713 ) ;
#4994 = CARTESIAN_POINT ( 'NONE',  ( -79.51227900000000659, 73.14411099999999522, 2.000000000000000000 ) ) ;
#4995 = CARTESIAN_POINT ( 'NONE',  ( -10.97071132590210496, 12.91945688020494032, 2.000000000000000000 ) ) ;
#4996 = ADVANCED_FACE ( 'NONE', ( #7533, #7455, #3704, #8083, #6132, #1823, #2983, #4844, #2368, #8038, #5504, #7373, #474, #2410, #1751, #4249, #1093, #1048, #1787, #1869, #3027, #3664, #3553, #6257, #596, #6792, #7419 ), #1131, .F. ) ;
#4997 = VECTOR ( 'NONE', #7040, 1000.000000000000000 ) ;
#4998 = DIRECTION ( 'NONE',  ( 1.000000000000000000, 0.000000000000000000, 0.000000000000000000 ) ) ;
#4999 = LINE ( 'NONE', #5043, #3999 ) ;
#5000 = EDGE_LOOP ( 'NONE', ( #5976, #3104, #7537, #1420 ) ) ;
#5001 = ORIENTED_EDGE ( 'NONE', *, *, #4680, .T. ) ;
#5002 = VERTEX_POINT ( 'NONE', #1173 ) ;
#5003 = EDGE_CURVE ( 'NONE', #4868, #4801, #3108, .T. ) ;
#5004 = VECTOR ( 'NONE', #5580, 1000.000000000000000 ) ;
#5005 = CARTESIAN_POINT ( 'NONE',  ( -4.312278999999766604, 76.14411100000025101, 5.000000000000000000 ) ) ;
#5006 = DIRECTION ( 'NONE',  ( 0.000000000000000000, 0.000000000000000000, 1.000000000000000000 ) ) ;
#5007 = VECTOR ( 'NONE', #662, 1000.000000000000000 ) ;
#5008 = ORIENTED_EDGE ( 'NONE', *, *, #6660, .T. ) ;
#5009 = VERTEX_POINT ( 'NONE', #5633 ) ;
#5010 = FACE_OUTER_BOUND ( 'NONE', #7422, .T. ) ;
#5011 = CARTESIAN_POINT ( 'NONE',  ( -82.28727900000001227, 56.26911099999999522, 2.000000000000000000 ) ) ;
#5012 = CARTESIAN_POINT ( 'NONE',  ( -82.68727900000001796, 17.76911099999999166, 5.000000000000000000 ) ) ;
#5013 = VERTEX_POINT ( 'NONE', #509 ) ;
#5014 = AXIS2_PLACEMENT_3D ( 'NONE', #6828, #436, #1217 ) ;
#5015 = AXIS2_PLACEMENT_3D ( 'NONE', #8047, #7463, #8173 ) ;
#5016 = DIRECTION ( 'NONE',  ( -0.000000000000000000, -0.000000000000000000, 1.000000000000000000 ) ) ;
#5017 = ORIENTED_EDGE ( 'NONE', *, *, #6783, .F. ) ;
#5018 = CYLINDRICAL_SURFACE ( 'NONE', #2774, 0.9977672882768851004 ) ;
#5019 = VECTOR ( 'NONE', #6831, 1000.000000000000000 ) ;
#5020 = EDGE_CURVE ( 'NONE', #1290, #1601, #2913, .T. ) ;
#5022 = VERTEX_POINT ( 'NONE', #4210 ) ;
#5021 = AXIS2_PLACEMENT_3D ( 'NONE', #5499, #2815, #6125 ) ;
#5023 = DIRECTION ( 'NONE',  ( 0.000000000000000000, 0.000000000000000000, 1.000000000000000000 ) ) ;
#5024 = AXIS2_PLACEMENT_3D ( 'NONE', #7418, #1750, #3026 ) ;
#5025 = VERTEX_POINT ( 'NONE', #3071 ) ;
#5026 = LINE ( 'NONE', #3165, #3922 ) ;
#5027 = VECTOR ( 'NONE', #1095, 1000.000000000000000 ) ;
#5028 = FACE_OUTER_BOUND ( 'NONE', #3767, .T. ) ;
#5029 = LINE ( 'NONE', #6771, #1710 ) ;
#5030 = VECTOR ( 'NONE', #8154, 1000.000000000000000 ) ;
#5031 = AXIS2_PLACEMENT_3D ( 'NONE', #2760, #7816, #3326 ) ;
#5032 = EDGE_CURVE ( 'NONE', #5002, #2942, #7491, .T. ) ;
#5033 = EDGE_CURVE ( 'NONE', #5408, #7109, #5595, .T. ) ;
#5034 = DIRECTION ( 'NONE',  ( 1.000000000000000000, 0.000000000000000000, 0.000000000000000000 ) ) ;
#5035 = DIRECTION ( 'NONE',  ( 1.000000000000000000, 0.000000000000000000, 0.000000000000000000 ) ) ;
#5036 = ORIENTED_EDGE ( 'NONE', *, *, #512, .F. ) ;
#5037 = EDGE_CURVE ( 'NONE', #1615, #1646, #3428, .T. ) ;
#5038 = CARTESIAN_POINT ( 'NONE',  ( -100.1872790000000037, 53.59411099999999806, 5.000000000000000000 ) ) ;
#5039 = DIRECTION ( 'NONE',  ( 0.000000000000000000, 0.000000000000000000, 1.000000000000000000 ) ) ;
#5040 = CARTESIAN_POINT ( 'NONE',  ( -6.487279000000012452, 74.96911099999999806, 2.000000000000000000 ) ) ;
#5041 = LINE ( 'NONE', #1285, #1475 ) ;
#5042 = LINE ( 'NONE', #1288, #1339 ) ;
#5043 = CARTESIAN_POINT ( 'NONE',  ( -115.8372789999999810, 69.96911099999999806, 2.000000000000000000 ) ) ;
#5044 = ORIENTED_EDGE ( 'NONE', *, *, #6683, .F. ) ;
#5045 = ORIENTED_EDGE ( 'NONE', *, *, #5272, .F. ) ;
#5046 = EDGE_LOOP ( 'NONE', ( #6267, #7207, #3010, #4432 ) ) ;
#5047 = DIRECTION ( 'NONE',  ( -1.000000000000000000, -7.573197224763012245E-14, 0.000000000000000000 ) ) ;
#5048 = LINE ( 'NONE', #4419, #2380 ) ;
#5049 = ORIENTED_EDGE ( 'NONE', *, *, #3388, .F. ) ;
#5050 = ORIENTED_EDGE ( 'NONE', *, *, #4269, .F. ) ;
#5051 = PLANE ( 'NONE',  #6405 ) ;
#5052 = CARTESIAN_POINT ( 'NONE',  ( -82.28727900000001227, 31.86911099999999308, 2.000000000000000000 ) ) ;
#5053 = LINE ( 'NONE', #4547, #3147 ) ;
#5054 = VERTEX_POINT ( 'NONE', #2491 ) ;
#5055 = DIRECTION ( 'NONE',  ( -0.000000000000000000, -0.000000000000000000, 1.000000000000000000 ) ) ;
#5056 = ORIENTED_EDGE ( 'NONE', *, *, #7648, .T. ) ;
#5057 = LINE ( 'NONE', #1307, #1056 ) ;
#5058 = AXIS2_PLACEMENT_3D ( 'NONE', #4431, #189, #32 ) ;
#5059 = ORIENTED_EDGE ( 'NONE', *, *, #668, .F. ) ;
#5060 = EDGE_CURVE ( 'NONE', #7689, #5467, #6874, .T. ) ;
#5061 = DIRECTION ( 'NONE',  ( 0.02449038266029713792, 0.9997000655982534179, 0.000000000000000000 ) ) ;
#5062 = EDGE_LOOP ( 'NONE', ( #7656, #2618, #4422, #104 ) ) ;
#5063 = CARTESIAN_POINT ( 'NONE',  ( -14.90290250382849635, -0.2101993430264192386, 5.000000000000000000 ) ) ;
#5064 = DIRECTION ( 'NONE',  ( 0.000000000000000000, 0.000000000000000000, -1.000000000000000000 ) ) ;
#5065 = CARTESIAN_POINT ( 'NONE',  ( -49.95987199999887451, 2.845857000000109327, 2.000000000000000000 ) ) ;
#5066 = VECTOR ( 'NONE', #6533, 1000.000000000000000 ) ;
#5067 = EDGE_CURVE ( 'NONE', #6390, #3077, #1720, .T. ) ;
#5068 = FACE_BOUND ( 'NONE', #2325, .T. ) ;
#5069 = EDGE_CURVE ( 'NONE', #3198, #6477, #724, .T. ) ;
#5070 = ORIENTED_EDGE ( 'NONE', *, *, #1100, .T. ) ;
#5071 = AXIS2_PLACEMENT_3D ( 'NONE', #2306, #1608, #1024 ) ;
#5072 = CARTESIAN_POINT ( 'NONE',  ( -80.51226905040311976, 16.98965514279599986, 5.000000000000000000 ) ) ;
#5073 = CARTESIAN_POINT ( 'NONE',  ( -58.68727900000002506, 50.21911099999999095, 2.000000000000000000 ) ) ;
#5074 = VERTEX_POINT ( 'NONE', #684 ) ;
#5075 = DIRECTION ( 'NONE',  ( 1.000000000000000000, 0.000000000000000000, 0.000000000000000000 ) ) ;
#5076 = CARTESIAN_POINT ( 'NONE',  ( -20.18727900000001796, 22.76911099999999522, 2.000000000000000000 ) ) ;
#5077 = DIRECTION ( 'NONE',  ( 0.000000000000000000, 0.000000000000000000, 1.000000000000000000 ) ) ;
#5078 = ADVANCED_FACE ( 'NONE', ( #5719 ), #3827, .F. ) ;
#5079 = CARTESIAN_POINT ( 'NONE',  ( -63.63727900000002080, 78.36911099999998953, 2.000000000000000000 ) ) ;
#5080 = CARTESIAN_POINT ( 'NONE',  ( -6.487279000000012452, 36.86911099999999664, 2.000000000000000000 ) ) ;
#5081 = DIRECTION ( 'NONE',  ( -0.000000000000000000, -0.000000000000000000, 1.000000000000000000 ) ) ;
#5082 = VERTEX_POINT ( 'NONE', #3865 ) ;
#5083 = ORIENTED_EDGE ( 'NONE', *, *, #3281, .T. ) ;
#5084 = ORIENTED_EDGE ( 'NONE', *, *, #6790, .T. ) ;
#5085 = EDGE_CURVE ( 'NONE', #5025, #6631, #5087, .T. ) ;
#5086 = FACE_OUTER_BOUND ( 'NONE', #1818, .T. ) ;
#5087 = LINE ( 'NONE', #1257, #7135 ) ;
#5088 = CIRCLE ( 'NONE', #5483, 0.3999999999999975797 ) ;
#5089 = EDGE_CURVE ( 'NONE', #7871, #390, #6345, .T. ) ;
#5090 = EDGE_CURVE ( 'NONE', #3926, #7743, #1332, .T. ) ;
#5091 = VERTEX_POINT ( 'NONE', #5131 ) ;
#5092 = ORIENTED_EDGE ( 'NONE', *, *, #4361, .F. ) ;
#5093 = DIRECTION ( 'NONE',  ( -1.000000000000000000, 0.000000000000000000, 0.000000000000000000 ) ) ;
#5094 = FACE_OUTER_BOUND ( 'NONE', #7675, .T. ) ;
#5095 = DIRECTION ( 'NONE',  ( 1.000000000000000000, 0.000000000000000000, 0.000000000000000000 ) ) ;
#5096 = ORIENTED_EDGE ( 'NONE', *, *, #5352, .F. ) ;
#5097 = CARTESIAN_POINT ( 'NONE',  ( -25.13727900000002791, 39.86911099999998953, 2.000000000000000000 ) ) ;
#5098 = ORIENTED_EDGE ( 'NONE', *, *, #5491, .T. ) ;
#5099 = CARTESIAN_POINT ( 'NONE',  ( -44.58727900000002364, 49.81911099999999237, 2.000000000000000000 ) ) ;
#5100 = AXIS2_PLACEMENT_3D ( 'NONE', #1562, #290, #4109 ) ;
#5101 = ORIENTED_EDGE ( 'NONE', *, *, #1643, .F. ) ;
#5102 = FACE_OUTER_BOUND ( 'NONE', #1454, .T. ) ;
#5103 = VERTEX_POINT ( 'NONE', #2537 ) ;
#5104 = DIRECTION ( 'NONE',  ( 0.000000000000000000, 0.000000000000000000, -1.000000000000000000 ) ) ;
#5105 = EDGE_CURVE ( 'NONE', #6409, #4172, #5048, .T. ) ;
#5106 = VECTOR ( 'NONE', #4136, 1000.000000000000000 ) ;
#5107 = DIRECTION ( 'NONE',  ( 0.000000000000000000, 0.000000000000000000, 1.000000000000000000 ) ) ;
#5108 = DIRECTION ( 'NONE',  ( 1.000000000000000000, 0.000000000000000000, 0.000000000000000000 ) ) ;
#5109 = LINE ( 'NONE', #6358, #3549 ) ;
#5110 = ORIENTED_EDGE ( 'NONE', *, *, #7615, .F. ) ;
#5111 = ADVANCED_FACE ( 'NONE', ( #3225 ), #3744, .T. ) ;
#5112 = VECTOR ( 'NONE', #2355, 1000.000000000000000 ) ;
#5113 = EDGE_CURVE ( 'NONE', #4809, #6249, #6294, .T. ) ;
#5114 = CARTESIAN_POINT ( 'NONE',  ( -99.06227900000000375, 34.54411100000000090, 2.000000000000000000 ) ) ;
#5115 = CARTESIAN_POINT ( 'NONE',  ( -77.33727900000002364, 63.86911099999998953, 2.000000000000000000 ) ) ;
#5116 = ORIENTED_EDGE ( 'NONE', *, *, #5573, .T. ) ;
#5117 = CARTESIAN_POINT ( 'NONE',  ( -25.53727900000002293, 63.86911099999998953, 2.000000000000000000 ) ) ;
#5118 = DIRECTION ( 'NONE',  ( 0.000000000000000000, 0.000000000000000000, 1.000000000000000000 ) ) ;
#5119 = CIRCLE ( 'NONE', #2483, 0.3999999999999975797 ) ;
#5120 = CYLINDRICAL_SURFACE ( 'NONE', #3415, 0.3999999999999975797 ) ;
#5121 = CARTESIAN_POINT ( 'NONE',  ( -63.23727900000002222, 58.91911099999999379, 2.000000000000000000 ) ) ;
#5122 = AXIS2_PLACEMENT_3D ( 'NONE', #2829, #7258, #7811 ) ;
#5123 = ADVANCED_FACE ( 'NONE', ( #638 ), #4458, .F. ) ;
#5124 = FACE_OUTER_BOUND ( 'NONE', #4385, .T. ) ;
#5125 = VERTEX_POINT ( 'NONE', #6336 ) ;
#5126 = ORIENTED_EDGE ( 'NONE', *, *, #5573, .F. ) ;
#5127 = ORIENTED_EDGE ( 'NONE', *, *, #3314, .F. ) ;
#5128 = ADVANCED_FACE ( 'NONE', ( #7618 ), #5675, .F. ) ;
#5129 = DIRECTION ( 'NONE',  ( 1.000000000000000000, -0.000000000000000000, 0.000000000000000000 ) ) ;
#5130 = VECTOR ( 'NONE', #6881, 1000.000000000000000 ) ;
#5131 = CARTESIAN_POINT ( 'NONE',  ( -81.51227900000000659, 15.99411099999999841, 2.000000000000000000 ) ) ;
#5132 = CARTESIAN_POINT ( 'NONE',  ( -115.8372790000000094, 37.21911099999999095, 2.000000000000000000 ) ) ;
#5133 = ORIENTED_EDGE ( 'NONE', *, *, #6559, .F. ) ;
#5134 = CIRCLE ( 'NONE', #6855, 1.125000000000000888 ) ;
#5135 = ORIENTED_EDGE ( 'NONE', *, *, #5188, .T. ) ;
#5136 = CARTESIAN_POINT ( 'NONE',  ( -58.28727900000002649, 83.36911099999998953, 5.000000000000000000 ) ) ;
#5137 = DIRECTION ( 'NONE',  ( 0.8779737183685903945, -0.4787088361979868756, 0.000000000000000000 ) ) ;
#5138 = CARTESIAN_POINT ( 'NONE',  ( -77.73727900000001512, 64.26911099999999522, 2.000000000000000000 ) ) ;
#5139 = ORIENTED_EDGE ( 'NONE', *, *, #1607, .T. ) ;
#5140 = CARTESIAN_POINT ( 'NONE',  ( -20.18727900000001796, 23.16911099999999379, 5.000000000000000000 ) ) ;
#5141 = ORIENTED_EDGE ( 'NONE', *, *, #1258, .F. ) ;
#5142 = DIRECTION ( 'NONE',  ( 0.5000000044811719890, 0.8660254011972327026, 0.000000000000000000 ) ) ;
#5143 = AXIS2_PLACEMENT_3D ( 'NONE', #7814, #403, #7973 ) ;
#5144 = EDGE_CURVE ( 'NONE', #6322, #3666, #4001, .T. ) ;
#5145 = ORIENTED_EDGE ( 'NONE', *, *, #5554, .F. ) ;
#5146 = DIRECTION ( 'NONE',  ( 1.000000000000000000, 0.000000000000000000, 0.000000000000000000 ) ) ;
#5147 = ORIENTED_EDGE ( 'NONE', *, *, #6098, .F. ) ;
#5148 = DIRECTION ( 'NONE',  ( 1.000000000000000000, 0.000000000000000000, 0.000000000000000000 ) ) ;
#5149 = AXIS2_PLACEMENT_3D ( 'NONE', #4721, #5304, #4679 ) ;
#5150 = CIRCLE ( 'NONE', #8, 0.3999999999999975797 ) ;
#5151 = PLANE ( 'NONE',  #1417 ) ;
#5152 = CYLINDRICAL_SURFACE ( 'NONE', #5921, 3.498033192550313419 ) ;
#5153 = DIRECTION ( 'NONE',  ( -1.000000000000000000, 0.000000000000000000, 0.000000000000000000 ) ) ;
#5154 = ORIENTED_EDGE ( 'NONE', *, *, #3048, .F. ) ;
#5155 = CIRCLE ( 'NONE', #2650, 0.3999999999999975797 ) ;
#5156 = AXIS2_PLACEMENT_3D ( 'NONE', #55, #7573, #3146 ) ;
#5157 = CIRCLE ( 'NONE', #1599, 0.3999999999999975797 ) ;
#5158 = CYLINDRICAL_SURFACE ( 'NONE', #6887, 0.3999999999999975797 ) ;
#5159 = FACE_OUTER_BOUND ( 'NONE', #6462, .T. ) ;
#5160 = ORIENTED_EDGE ( 'NONE', *, *, #512, .T. ) ;
#5161 = LINE ( 'NONE', #7645, #219 ) ;
#5162 = LINE ( 'NONE', #751, #3769 ) ;
#5163 = AXIS2_PLACEMENT_3D ( 'NONE', #207, #3950, #7155 ) ;
#5164 = AXIS2_PLACEMENT_3D ( 'NONE', #425, #7446, #7363 ) ;
#5165 = CARTESIAN_POINT ( 'NONE',  ( -63.63727900000002080, 45.21911099999999095, 2.000000000000000000 ) ) ;
#5166 = AXIS2_PLACEMENT_3D ( 'NONE', #7226, #3420, #7275 ) ;
#5167 = DIRECTION ( 'NONE',  ( 0.000000000000000000, 0.000000000000000000, 1.000000000000000000 ) ) ;
#5168 = CARTESIAN_POINT ( 'NONE',  ( -101.7372789999999867, 69.96911099999999806, 2.000000000000000000 ) ) ;
#5169 = ORIENTED_EDGE ( 'NONE', *, *, #7774, .F. ) ;
#5170 = EDGE_CURVE ( 'NONE', #1646, #7700, #761, .T. ) ;
#5171 = EDGE_CURVE ( 'NONE', #3956, #5245, #3296, .T. ) ;
#5172 = ORIENTED_EDGE ( 'NONE', *, *, #4574, .F. ) ;
#5173 = VERTEX_POINT ( 'NONE', #5799 ) ;
#5174 = EDGE_CURVE ( 'NONE', #5601, #4231, #7070, .T. ) ;
#5175 = CYLINDRICAL_SURFACE ( 'NONE', #5156, 0.3999999999999975797 ) ;
#5176 = EDGE_CURVE ( 'NONE', #4585, #2552, #175, .T. ) ;
#5177 = FACE_OUTER_BOUND ( 'NONE', #2157, .T. ) ;
#5178 = ORIENTED_EDGE ( 'NONE', *, *, #6669, .T. ) ;
#5179 = ORIENTED_EDGE ( 'NONE', *, *, #3172, .F. ) ;
#5180 = ORIENTED_EDGE ( 'NONE', *, *, #3409, .F. ) ;
#5181 = DIRECTION ( 'NONE',  ( -0.000000000000000000, -0.000000000000000000, -1.000000000000000000 ) ) ;
#5182 = DIRECTION ( 'NONE',  ( -0.000000000000000000, -0.000000000000000000, 1.000000000000000000 ) ) ;
#5183 = FACE_OUTER_BOUND ( 'NONE', #7872, .T. ) ;
#5184 = ORIENTED_EDGE ( 'NONE', *, *, #5453, .F. ) ;
#5185 = LINE ( 'NONE', #6461, #1459 ) ;
#5186 = VERTEX_POINT ( 'NONE', #2699 ) ;
#5187 = CARTESIAN_POINT ( 'NONE',  ( -28.13608634302641676, 3.335621503828499979, 2.000000000000000000 ) ) ;
#5188 = EDGE_CURVE ( 'NONE', #4142, #8166, #540, .T. ) ;
#5189 = CIRCLE ( 'NONE', #4379, 0.3999999999999975797 ) ;
#5190 = VERTEX_POINT ( 'NONE', #216 ) ;
#5191 = EDGE_CURVE ( 'NONE', #6477, #7906, #6415, .T. ) ;
#5192 = DIRECTION ( 'NONE',  ( -0.000000000000000000, -0.000000000000000000, 1.000000000000000000 ) ) ;
#5193 = ORIENTED_EDGE ( 'NONE', *, *, #3322, .F. ) ;
#5194 = DIRECTION ( 'NONE',  ( -0.000000000000000000, -0.000000000000000000, 1.000000000000000000 ) ) ;
#5195 = LINE ( 'NONE', #7724, #8153 ) ;
#5196 = CARTESIAN_POINT ( 'NONE',  ( -53.46030958397999200, 20.49838296832900042, 2.000000000000000000 ) ) ;
#5197 = FACE_BOUND ( 'NONE', #388, .T. ) ;
#5198 = AXIS2_PLACEMENT_3D ( 'NONE', #7132, #740, #6965 ) ;
#5199 = CARTESIAN_POINT ( 'NONE',  ( -63.63727900000002080, 64.26911099999999522, 2.000000000000000000 ) ) ;
#5200 = CIRCLE ( 'NONE', #7183, 0.3999999999999975797 ) ;
#5201 = FACE_OUTER_BOUND ( 'NONE', #3285, .T. ) ;
#5202 = ORIENTED_EDGE ( 'NONE', *, *, #3726, .F. ) ;
#5203 = DIRECTION ( 'NONE',  ( -0.000000000000000000, -0.000000000000000000, 1.000000000000000000 ) ) ;
#5204 = LINE ( 'NONE', #2562, #7366 ) ;
#5205 = CARTESIAN_POINT ( 'NONE',  ( -39.63727900000002791, 77.96911099999999806, 5.000000000000000000 ) ) ;
#5206 = AXIS2_PLACEMENT_3D ( 'NONE', #3175, #1849, #7561 ) ;
#5207 = CARTESIAN_POINT ( 'NONE',  ( -101.3372789999999952, 69.96911099999999806, 2.000000000000000000 ) ) ;
#5208 = DIRECTION ( 'NONE',  ( -0.000000000000000000, -0.000000000000000000, 1.000000000000000000 ) ) ;
#5209 = ORIENTED_EDGE ( 'NONE', *, *, #7413, .T. ) ;
#5210 = EDGE_LOOP ( 'NONE', ( #6867, #5857, #8115, #5355 ) ) ;
#5211 = ORIENTED_EDGE ( 'NONE', *, *, #393, .F. ) ;
#5212 = CARTESIAN_POINT ( 'NONE',  ( -45.91227899999999806, 24.49411100000000019, 2.000000000000000000 ) ) ;
#5213 = DIRECTION ( 'NONE',  ( 8.271882292587478959E-16, -1.000000000000000000, 0.000000000000000000 ) ) ;
#5214 = EDGE_CURVE ( 'NONE', #1412, #7369, #3429, .T. ) ;
#5215 = ORIENTED_EDGE ( 'NONE', *, *, #2628, .F. ) ;
#5216 = VERTEX_POINT ( 'NONE', #5296 ) ;
#5217 = CARTESIAN_POINT ( 'NONE',  ( -9.357274015923405130, -2.507274015923409483, 5.000000000000000000 ) ) ;
#5218 = CARTESIAN_POINT ( 'NONE',  ( -60.46468599999864324, 81.04585699999987014, 2.000000000000000000 ) ) ;
#5219 = FACE_OUTER_BOUND ( 'NONE', #764, .T. ) ;
#5220 = EDGE_LOOP ( 'NONE', ( #620, #1158, #6117, #7430 ) ) ;
#5221 = LINE ( 'NONE', #1425, #3171 ) ;
#5222 = EDGE_LOOP ( 'NONE', ( #2891, #5327, #1678, #2773 ) ) ;
#5223 = FACE_OUTER_BOUND ( 'NONE', #2771, .T. ) ;
#5224 = ORIENTED_EDGE ( 'NONE', *, *, #5968, .F. ) ;
#5225 = CARTESIAN_POINT ( 'NONE',  ( -6.087279000000014761, 74.96911099999999806, 5.000000000000000000 ) ) ;
#5226 = ORIENTED_EDGE ( 'NONE', *, *, #7246, .F. ) ;
#5227 = CARTESIAN_POINT ( 'NONE',  ( -80.51227899999999238, 72.14411100000273791, 5.000000000000000000 ) ) ;
#5228 = DIRECTION ( 'NONE',  ( 0.8660254037844387076, -0.4999999999999998890, 0.000000000000000000 ) ) ;
#5229 = DIRECTION ( 'NONE',  ( -1.000000000000000000, 0.000000000000000000, 0.000000000000000000 ) ) ;
#5230 = FACE_BOUND ( 'NONE', #4118, .T. ) ;
#5231 = AXIS2_PLACEMENT_3D ( 'NONE', #202, #412, #7896 ) ;
#5232 = CYLINDRICAL_SURFACE ( 'NONE', #1736, 0.3999999999999975797 ) ;
#5233 = DIRECTION ( 'NONE',  ( -0.000000000000000000, -0.000000000000000000, -1.000000000000000000 ) ) ;
#5234 = VECTOR ( 'NONE', #1262, 1000.000000000000000 ) ;
#5235 = EDGE_CURVE ( 'NONE', #2860, #7502, #942, .T. ) ;
#5236 = CARTESIAN_POINT ( 'NONE',  ( -7.458841000000000498, 12.63464199999999948, 5.000000000000000000 ) ) ;
#5237 = VERTEX_POINT ( 'NONE', #7834 ) ;
#5238 = DIRECTION ( 'NONE',  ( 1.000000000000000000, 0.000000000000000000, 0.000000000000000000 ) ) ;
#5239 = CARTESIAN_POINT ( 'NONE',  ( -63.23727900000002222, 77.96911099999999806, 2.000000000000000000 ) ) ;
#5240 = CARTESIAN_POINT ( 'NONE',  ( -77.73727900000001512, 64.26911099999999522, 5.000000000000000000 ) ) ;
#5241 = AXIS2_PLACEMENT_3D ( 'NONE', #4276, #4754, #3501 ) ;
#5242 = CYLINDRICAL_SURFACE ( 'NONE', #421, 0.3999999999999975797 ) ;
#5243 = EDGE_CURVE ( 'NONE', #7744, #2624, #5969, .T. ) ;
#5244 = LINE ( 'NONE', #7156, #5596 ) ;
#5245 = VERTEX_POINT ( 'NONE', #6453 ) ;
#5246 = AXIS2_PLACEMENT_3D ( 'NONE', #7511, #1844, #8184 ) ;
#5247 = ORIENTED_EDGE ( 'NONE', *, *, #1899, .T. ) ;
#5248 = VERTEX_POINT ( 'NONE', #3260 ) ;
#5249 = CARTESIAN_POINT ( 'NONE',  ( -49.95987199999887451, 2.845857000000109327, 5.000000000000000000 ) ) ;
#5250 = ADVANCED_FACE ( 'NONE', ( #133 ), #6499, .F. ) ;
#5251 = CARTESIAN_POINT ( 'NONE',  ( -115.8372789999999810, 56.26911099999999522, 2.000000000000000000 ) ) ;
#5252 = ORIENTED_EDGE ( 'NONE', *, *, #1945, .F. ) ;
#5253 = VERTEX_POINT ( 'NONE', #3386 ) ;
#5254 =( NAMED_UNIT ( * ) SI_UNIT ( $, .STERADIAN. ) SOLID_ANGLE_UNIT ( ) );
#5255 = AXIS2_PLACEMENT_3D ( 'NONE', #7202, #4044, #6585 ) ;
#5256 = DIRECTION ( 'NONE',  ( 0.000000000000000000, 0.000000000000000000, 1.000000000000000000 ) ) ;
#5257 = ORIENTED_EDGE ( 'NONE', *, *, #1606, .T. ) ;
#5258 = VECTOR ( 'NONE', #3558, 1000.000000000000000 ) ;
#5259 = CARTESIAN_POINT ( 'NONE',  ( -24.97663582724297271, 16.67233295899298895, 2.000000000000000000 ) ) ;
#5260 = ORIENTED_EDGE ( 'NONE', *, *, #6383, .F. ) ;
#5261 = CARTESIAN_POINT ( 'NONE',  ( -116.7105330000004102, 72.14170400000413963, 2.000000000000000000 ) ) ;
#5262 = CIRCLE ( 'NONE', #8190, 0.3999999999999975797 ) ;
#5263 = VERTEX_POINT ( 'NONE', #804 ) ;
#5264 = ORIENTED_EDGE ( 'NONE', *, *, #3828, .F. ) ;
#5265 = CARTESIAN_POINT ( 'NONE',  ( -6.087279000000014761, 42.21911099999999095, 2.000000000000000000 ) ) ;
#5266 = LINE ( 'NONE', #110, #5662 ) ;
#5267 = ADVANCED_FACE ( 'NONE', ( #5177 ), #7704, .F. ) ;
#5268 = DIRECTION ( 'NONE',  ( -0.000000000000000000, -0.000000000000000000, 1.000000000000000000 ) ) ;
#5269 = DIRECTION ( 'NONE',  ( 0.000000000000000000, 0.000000000000000000, 1.000000000000000000 ) ) ;
#5270 = AXIS2_PLACEMENT_3D ( 'NONE', #4947, #8017, #1196 ) ;
#5271 = DIRECTION ( 'NONE',  ( -0.000000000000000000, -0.000000000000000000, 1.000000000000000000 ) ) ;
#5272 = EDGE_CURVE ( 'NONE', #5544, #3117, #5155, .T. ) ;
#5273 = ORIENTED_EDGE ( 'NONE', *, *, #5032, .T. ) ;
#5274 = LINE ( 'NONE', #6248, #8075 ) ;
#5275 = DIRECTION ( 'NONE',  ( 1.000000000000000000, 0.000000000000000000, 0.000000000000000000 ) ) ;
#5276 = VECTOR ( 'NONE', #6052, 1000.000000000000114 ) ;
#5277 = DIRECTION ( 'NONE',  ( -1.000000000000000000, 0.000000000000000000, 0.000000000000000000 ) ) ;
#5278 = ORIENTED_EDGE ( 'NONE', *, *, #2046, .T. ) ;
#5280 = EDGE_CURVE ( 'NONE', #3432, #6987, #843, .T. ) ;
#5279 = AXIS2_PLACEMENT_3D ( 'NONE', #5637, #4891, #3595 ) ;
#5281 = CARTESIAN_POINT ( 'NONE',  ( -97.93727900000000375, 34.54411100000000090, 2.000000000000000000 ) ) ;
#5282 = DIRECTION ( 'NONE',  ( 1.000000000000000000, 0.000000000000000000, 0.000000000000000000 ) ) ;
#5283 = LINE ( 'NONE', #293, #2895 ) ;
#5284 = VECTOR ( 'NONE', #6993, 1000.000000000000000 ) ;
#5285 = CIRCLE ( 'NONE', #7004, 0.3999999999999975797 ) ;
#5286 = CARTESIAN_POINT ( 'NONE',  ( -80.50987199999886457, 23.09236499999989078, 2.000000000000000000 ) ) ;
#5287 = DIRECTION ( 'NONE',  ( -0.000000000000000000, -0.000000000000000000, 1.000000000000000000 ) ) ;
#5288 = ORIENTED_EDGE ( 'NONE', *, *, #7903, .T. ) ;
#5289 = VECTOR ( 'NONE', #2897, 1000.000000000000000 ) ;
#5290 = VECTOR ( 'NONE', #6131, 1000.000000000000000 ) ;
#5291 = ORIENTED_EDGE ( 'NONE', *, *, #7316, .T. ) ;
#5292 = VERTEX_POINT ( 'NONE', #5251 ) ;
#5293 = DIRECTION ( 'NONE',  ( 1.000000000000000000, 0.000000000000000000, 0.000000000000000000 ) ) ;
#5294 = VECTOR ( 'NONE', #5780, 1000.000000000000000 ) ;
#5295 = VECTOR ( 'NONE', #1942, 1000.000000000000227 ) ;
#5296 = CARTESIAN_POINT ( 'NONE',  ( -9.557274015923402644, -2.853684177437183056, 2.000000000000000000 ) ) ;
#5297 = EDGE_LOOP ( 'NONE', ( #6678, #4013, #852, #1625, #2240, #3577, #253, #6947, #3035, #7621, #609, #6093, #5585, #2750, #2252, #4108, #3571, #7319, #1517, #7866, #7231, #4537, #7414, #3750, #4311, #2303, #444, #1190, #8094, #4751, #4181, #7476, #1103, #7464, #965, #1667, #2901, #5640, #1904, #4910, #3143, #4513, #2337, #4599, #309, #6344, #923, #5154, #6586, #5726, #6582, #3996, #552, #1037, #524, #7400 ) ) ;
#5298 = ORIENTED_EDGE ( 'NONE', *, *, #7947, .T. ) ;
#5299 = CARTESIAN_POINT ( 'NONE',  ( -24.59026549617149726, 16.56880534302642261, 2.000000000000000000 ) ) ;
#5300 = FACE_OUTER_BOUND ( 'NONE', #6985, .T. ) ;
#5301 = ORIENTED_EDGE ( 'NONE', *, *, #2188, .F. ) ;
#5302 = DIRECTION ( 'NONE',  ( 1.000000000000000000, 0.000000000000000000, 0.000000000000000000 ) ) ;
#5303 = VERTEX_POINT ( 'NONE', #7792 ) ;
#5304 = DIRECTION ( 'NONE',  ( -0.000000000000000000, -0.000000000000000000, 1.000000000000000000 ) ) ;
#5305 = EDGE_LOOP ( 'NONE', ( #3526, #5147, #6184, #2193 ) ) ;
#5306 = EDGE_LOOP ( 'NONE', ( #553, #5252, #1561, #800 ) ) ;
#5307 = CARTESIAN_POINT ( 'NONE',  ( -82.28727900000001227, 37.21911099999999095, 5.000000000000000000 ) ) ;
#5308 = ORIENTED_EDGE ( 'NONE', *, *, #3100, .T. ) ;
#5309 = DIRECTION ( 'NONE',  ( -0.000000000000000000, -0.000000000000000000, 1.000000000000000000 ) ) ;
#5310 = CARTESIAN_POINT ( 'NONE',  ( -96.38727900000002080, 50.91911099999999379, 2.000000000000000000 ) ) ;
#5311 = CARTESIAN_POINT ( 'NONE',  ( -39.23727900000002933, 45.21911099999999095, 2.000000000000000000 ) ) ;
#5312 = ADVANCED_FACE ( 'NONE', ( #258 ), #4038, .F. ) ;
#5313 = CARTESIAN_POINT ( 'NONE',  ( -43.40782314279000076, 84.14635366131901151, 5.000000000000000000 ) ) ;
#5314 = ORIENTED_EDGE ( 'NONE', *, *, #6491, .T. ) ;
#5315 = FACE_OUTER_BOUND ( 'NONE', #998, .T. ) ;
#5316 = EDGE_CURVE ( 'NONE', #5793, #176, #4162, .T. ) ;
#5317 = CARTESIAN_POINT ( 'NONE',  ( -10.97071132590210496, 12.91945688020494032, 2.000000000000000000 ) ) ;
#5318 = EDGE_CURVE ( 'NONE', #7232, #2165, #4757, .T. ) ;
#5319 = CARTESIAN_POINT ( 'NONE',  ( -80.50782314278998797, 73.14186833868099313, 2.000000000000000000 ) ) ;
#5320 = VERTEX_POINT ( 'NONE', #469 ) ;
#5321 = CARTESIAN_POINT ( 'NONE',  ( -22.36227899999999735, 77.14411099999999522, 2.000000000000000000 ) ) ;
#5322 = DIRECTION ( 'NONE',  ( -0.000000000000000000, -0.000000000000000000, 1.000000000000000000 ) ) ;
#5323 = CARTESIAN_POINT ( 'NONE',  ( -77.73727900000001512, 58.91911099999999379, 5.000000000000000000 ) ) ;
#5324 = AXIS2_PLACEMENT_3D ( 'NONE', #1722, #6233, #4225 ) ;
#5325 = CARTESIAN_POINT ( 'NONE',  ( -34.08727900000002364, 18.21911099999999450, 2.000000000000000000 ) ) ;
#5326 = CARTESIAN_POINT ( 'NONE',  ( -96.38727900000002080, 70.36911100000000374, 5.000000000000000000 ) ) ;
#5327 = ORIENTED_EDGE ( 'NONE', *, *, #7928, .F. ) ;
#5328 = ORIENTED_EDGE ( 'NONE', *, *, #1531, .F. ) ;
#5329 = ORIENTED_EDGE ( 'NONE', *, *, #2974, .T. ) ;
#5330 = AXIS2_PLACEMENT_3D ( 'NONE', #3995, #4534, #7786 ) ;
#5331 = CARTESIAN_POINT ( 'NONE',  ( -117.6122790000000009, 16.99411100000000019, 2.000000000000000000 ) ) ;
#5332 = LINE ( 'NONE', #4202, #2119 ) ;
#5333 = VECTOR ( 'NONE', #7940, 1000.000000000000114 ) ;
#5334 = ORIENTED_EDGE ( 'NONE', *, *, #736, .T. ) ;
#5335 = VECTOR ( 'NONE', #3308, 1000.000000000000000 ) ;
#5336 = ORIENTED_EDGE ( 'NONE', *, *, #1497, .T. ) ;
#5337 = VERTEX_POINT ( 'NONE', #1004 ) ;
#5338 = DIRECTION ( 'NONE',  ( 0.000000000000000000, -1.000000000000000000, -0.000000000000000000 ) ) ;
#5339 = CARTESIAN_POINT ( 'NONE',  ( -39.23727900000002933, 45.21911099999999095, 2.000000000000000000 ) ) ;
#5340 = DIRECTION ( 'NONE',  ( -0.000000000000000000, -0.000000000000000000, 1.000000000000000000 ) ) ;
#5341 = AXIS2_PLACEMENT_3D ( 'NONE', #5684, #729, #5802 ) ;
#5342 = EDGE_CURVE ( 'NONE', #1125, #819, #5821, .T. ) ;
#5343 = EDGE_LOOP ( 'NONE', ( #6092, #2612, #1168, #2363 ) ) ;
#5344 = DIRECTION ( 'NONE',  ( 1.000000000000000000, 0.000000000000000000, 0.000000000000000000 ) ) ;
#5345 = ORIENTED_EDGE ( 'NONE', *, *, #6660, .F. ) ;
#5346 = DIRECTION ( 'NONE',  ( 0.000000000000000000, 0.000000000000000000, 1.000000000000000000 ) ) ;
#5347 = DIRECTION ( 'NONE',  ( 1.000000000000000000, 0.000000000000000000, 0.000000000000000000 ) ) ;
#5348 = DIRECTION ( 'NONE',  ( 0.8660254037844385966, -0.5000000000000000000, 0.000000000000000000 ) ) ;
#5349 = CARTESIAN_POINT ( 'NONE',  ( -49.96227899999895783, 20.49411100000000019, 5.000000000000000000 ) ) ;
#5350 = ORIENTED_EDGE ( 'NONE', *, *, #2389, .T. ) ;
#5351 = DIRECTION ( 'NONE',  ( -0.000000000000000000, -0.000000000000000000, 1.000000000000000000 ) ) ;
#5352 = EDGE_CURVE ( 'NONE', #5722, #5406, #5414, .T. ) ;
#5353 = CARTESIAN_POINT ( 'NONE',  ( -44.58727900000002364, 31.16911099999999379, 2.000000000000000000 ) ) ;
#5354 = CARTESIAN_POINT ( 'NONE',  ( -82.28727900000001227, 50.91911099999999379, 2.000000000000000000 ) ) ;
#5355 = ORIENTED_EDGE ( 'NONE', *, *, #5113, .T. ) ;
#5356 = AXIS2_PLACEMENT_3D ( 'NONE', #1772, #6940, #4274 ) ;
#5357 = CARTESIAN_POINT ( 'NONE',  ( -77.33727900000002364, 63.86911099999998953, 2.000000000000000000 ) ) ;
#5358 = CARTESIAN_POINT ( 'NONE',  ( -2.507274015923405486, 9.357274015923398025, 2.000000000000000000 ) ) ;
#5359 = CARTESIAN_POINT ( 'NONE',  ( -25.53727900000002293, 26.16911099999998669, 5.000000000000000000 ) ) ;
#5360 = AXIS2_PLACEMENT_3D ( 'NONE', #6151, #2426, #1885 ) ;
#5361 = EDGE_CURVE ( 'NONE', #2900, #4890, #6479, .T. ) ;
#5362 = DIRECTION ( 'NONE',  ( 1.000000000000000000, 0.000000000000000000, 0.000000000000000000 ) ) ;
#5363 = CARTESIAN_POINT ( 'NONE',  ( -28.23961395899298665, 2.949251172757027195, 2.000000000000000000 ) ) ;
#5364 = ORIENTED_EDGE ( 'NONE', *, *, #3578, .T. ) ;
#5365 = ORIENTED_EDGE ( 'NONE', *, *, #5461, .F. ) ;
#5366 = ORIENTED_EDGE ( 'NONE', *, *, #717, .F. ) ;
#5367 = CARTESIAN_POINT ( 'NONE',  ( -28.52245667409789220, 3.439149119795064991, 2.000000000000000000 ) ) ;
#5368 = AXIS2_PLACEMENT_3D ( 'NONE', #4293, #2500, #2333 ) ;
#5369 = ADVANCED_FACE ( 'NONE', ( #7870 ), #1086, .F. ) ;
#5370 = CARTESIAN_POINT ( 'NONE',  ( -101.7372790000000151, 17.76911099999999166, 5.000000000000000000 ) ) ;
#5371 = ADVANCED_FACE ( 'NONE', ( #3584 ), #1622, .T. ) ;
#5372 = ORIENTED_EDGE ( 'NONE', *, *, #5171, .T. ) ;
#5373 = DIRECTION ( 'NONE',  ( 0.000000000000000000, 1.000000000000000000, -0.000000000000000000 ) ) ;
#5374 = AXIS2_PLACEMENT_3D ( 'NONE', #3096, #8107, #5619 ) ;
#5375 = EDGE_CURVE ( 'NONE', #7843, #7558, #2239, .T. ) ;
#5376 = ORIENTED_EDGE ( 'NONE', *, *, #3777, .F. ) ;
#5377 = ORIENTED_EDGE ( 'NONE', *, *, #7959, .F. ) ;
#5378 = EDGE_LOOP ( 'NONE', ( #1075, #7960, #139, #6726 ) ) ;
#5379 = DIRECTION ( 'NONE',  ( 0.000000000000000000, 0.000000000000000000, 1.000000000000000000 ) ) ;
#5380 = DIRECTION ( 'NONE',  ( -0.000000000000000000, -0.000000000000000000, 1.000000000000000000 ) ) ;
#5381 = ORIENTED_EDGE ( 'NONE', *, *, #4554, .T. ) ;
#5382 = DIRECTION ( 'NONE',  ( 1.000000000000000000, 0.000000000000000000, 0.000000000000000000 ) ) ;
#5383 = ORIENTED_EDGE ( 'NONE', *, *, #2607, .T. ) ;
#5384 = DIRECTION ( 'NONE',  ( -1.262878690511114151E-12, 1.000000000000000000, 0.000000000000000000 ) ) ;
#5385 = AXIS2_PLACEMENT_3D ( 'NONE', #2427, #1068, #3003 ) ;
#5386 = ORIENTED_EDGE ( 'NONE', *, *, #4287, .T. ) ;
#5387 = CARTESIAN_POINT ( 'NONE',  ( -116.6122790000000009, 72.14411099999999522, 5.000000000000000000 ) ) ;
#5388 = FACE_OUTER_BOUND ( 'NONE', #4635, .T. ) ;
#5389 = CARTESIAN_POINT ( 'NONE',  ( -96.38727900000002080, 55.86911099999999664, 2.000000000000000000 ) ) ;
#5390 = CARTESIAN_POINT ( 'NONE',  ( -11.35708165697357686, 13.02298449617150666, 2.000000000000000000 ) ) ;
#5391 = ORIENTED_EDGE ( 'NONE', *, *, #6995, .F. ) ;
#5392 = CARTESIAN_POINT ( 'NONE',  ( 9.757274015923403709, 2.507274015923405486, 5.000000000000000000 ) ) ;
#5393 = AXIS2_PLACEMENT_3D ( 'NONE', #5600, #8129, #2990 ) ;
#5394 = EDGE_LOOP ( 'NONE', ( #6392, #4803, #1303, #5381 ) ) ;
#5395 = CARTESIAN_POINT ( 'NONE',  ( -6.487279000000012452, 56.31911099999999237, 2.000000000000000000 ) ) ;
#5396 = CARTESIAN_POINT ( 'NONE',  ( -6.487279000000012452, 55.91911099999999379, 2.000000000000000000 ) ) ;
#5397 = ORIENTED_EDGE ( 'NONE', *, *, #5680, .F. ) ;
#5398 = VECTOR ( 'NONE', #4618, 1000.000000000000000 ) ;
#5399 = CARTESIAN_POINT ( 'NONE',  ( -63.63727900000002080, 26.16911099999998669, 2.000000000000000000 ) ) ;
#5400 = CARTESIAN_POINT ( 'NONE',  ( 2.437354000000000021, -11.82837899999999998, 2.000000000000000000 ) ) ;
#5401 = CARTESIAN_POINT ( 'NONE',  ( -101.3372789999999952, 56.26911099999999522, 2.000000000000000000 ) ) ;
#5402 = VERTEX_POINT ( 'NONE', #4122 ) ;
#5403 = AXIS2_PLACEMENT_3D ( 'NONE', #5507, #4969, #3152 ) ;
#5404 = DIRECTION ( 'NONE',  ( -0.000000000000000000, -1.000000000000000000, -0.000000000000000000 ) ) ;
#5405 = DIRECTION ( 'NONE',  ( 0.000000000000000000, 0.000000000000000000, -1.000000000000000000 ) ) ;
#5406 = VERTEX_POINT ( 'NONE', #7285 ) ;
#5407 = ORIENTED_EDGE ( 'NONE', *, *, #4299, .T. ) ;
#5408 = VERTEX_POINT ( 'NONE', #4082 ) ;
#5409 = VECTOR ( 'NONE', #6216, 1000.000000000000000 ) ;
#5411 = DIRECTION ( 'NONE',  ( 0.000000000000000000, 0.000000000000000000, 1.000000000000000000 ) ) ;
#5410 = CIRCLE ( 'NONE', #2376, 0.3999999999999975797 ) ;
#5412 = CARTESIAN_POINT ( 'NONE',  ( -4.312278999999719531, 19.52152838256456135, 5.000000000000000000 ) ) ;
#5413 = ORIENTED_EDGE ( 'NONE', *, *, #5583, .T. ) ;
#5414 = CIRCLE ( 'NONE', #1854, 0.3999999999999975797 ) ;
#5415 = EDGE_CURVE ( 'NONE', #2626, #6510, #5332, .T. ) ;
#5416 = CARTESIAN_POINT ( 'NONE',  ( -44.18727900000002506, 69.26911099999999522, 2.000000000000000000 ) ) ;
#5417 = AXIS2_PLACEMENT_3D ( 'NONE', #7030, #6293, #5047 ) ;
#5418 = ORIENTED_EDGE ( 'NONE', *, *, #69, .T. ) ;
#5419 = ORIENTED_EDGE ( 'NONE', *, *, #2696, .F. ) ;
#5420 = ORIENTED_EDGE ( 'NONE', *, *, #8188, .F. ) ;
#5421 = ADVANCED_FACE ( 'NONE', ( #2940 ), #6624, .F. ) ;
#5422 =( LENGTH_UNIT ( ) NAMED_UNIT ( * ) SI_UNIT ( .MILLI., .METRE. ) );
#5423 = AXIS2_PLACEMENT_3D ( 'NONE', #4958, #3102, #4413 ) ;
#5424 = VECTOR ( 'NONE', #4160, 1000.000000000000000 ) ;
#5425 = CARTESIAN_POINT ( 'NONE',  ( -82.68727900000001796, 36.81911099999999237, 5.000000000000000000 ) ) ;
#5426 = ORIENTED_EDGE ( 'NONE', *, *, #7727, .F. ) ;
#5427 = DIRECTION ( 'NONE',  ( -0.000000000000000000, -0.000000000000000000, 1.000000000000000000 ) ) ;
#5428 = VERTEX_POINT ( 'NONE', #2196 ) ;
#5429 = ORIENTED_EDGE ( 'NONE', *, *, #7235, .F. ) ;
#5430 = LINE ( 'NONE', #2211, #531 ) ;
#5431 = DIRECTION ( 'NONE',  ( -0.000000000000000000, -0.000000000000000000, 1.000000000000000000 ) ) ;
#5432 = CARTESIAN_POINT ( 'NONE',  ( -20.18727900000001796, 60.86911099999998953, 5.000000000000000000 ) ) ;
#5433 = CARTESIAN_POINT ( 'NONE',  ( -115.4372790000000180, 36.81911099999999237, 5.000000000000000000 ) ) ;
#5434 = EDGE_CURVE ( 'NONE', #5843, #7589, #967, .T. ) ;
#5435 = ORIENTED_EDGE ( 'NONE', *, *, #2178, .T. ) ;
#5436 = DIRECTION ( 'NONE',  ( 0.8660254037844385966, -0.5000000000000001110, -0.000000000000000000 ) ) ;
#5437 = EDGE_LOOP ( 'NONE', ( #4129, #6082, #5345, #5407 ) ) ;
#5438 = DIRECTION ( 'NONE',  ( -0.000000000000000000, -0.000000000000000000, 1.000000000000000000 ) ) ;
#5439 = DIRECTION ( 'NONE',  ( 0.000000000000000000, 0.000000000000000000, 1.000000000000000000 ) ) ;
#5440 = ORIENTED_EDGE ( 'NONE', *, *, #1620, .T. ) ;
#5441 = DIRECTION ( 'NONE',  ( 0.000000000000000000, 0.000000000000000000, 1.000000000000000000 ) ) ;
#5442 = CARTESIAN_POINT ( 'NONE',  ( -23.36227900000000091, 79.14411100000000943, 2.000000000000000000 ) ) ;
#5443 = DIRECTION ( 'NONE',  ( -0.000000000000000000, -0.000000000000000000, 1.000000000000000000 ) ) ;
#5444 = ORIENTED_EDGE ( 'NONE', *, *, #1072, .T. ) ;
#5445 = EDGE_CURVE ( 'NONE', #2092, #7613, #4877, .T. ) ;
#5446 = EDGE_CURVE ( 'NONE', #1461, #501, #1703, .T. ) ;
#5447 = CARTESIAN_POINT ( 'NONE',  ( -44.58727900000002364, 64.31911099999997816, 2.000000000000000000 ) ) ;
#5448 = LINE ( 'NONE', #6115, #6531 ) ;
#5449 = ORIENTED_EDGE ( 'NONE', *, *, #881, .T. ) ;
#5450 = VERTEX_POINT ( 'NONE', #4712 ) ;
#5451 = DIRECTION ( 'NONE',  ( 0.000000000000000000, 0.000000000000000000, 1.000000000000000000 ) ) ;
#5452 = CARTESIAN_POINT ( 'NONE',  ( -24.48673788020493092, 16.95517567409789450, 2.000000000000000000 ) ) ;
#5453 = EDGE_CURVE ( 'NONE', #2854, #6781, #429, .T. ) ;
#5454 = VECTOR ( 'NONE', #6270, 1000.000000000000000 ) ;
#5455 = ORIENTED_EDGE ( 'NONE', *, *, #4393, .T. ) ;
#5456 = CARTESIAN_POINT ( 'NONE',  ( -25.13727900000002791, 64.26911099999999522, 2.000000000000000000 ) ) ;
#5457 = EDGE_LOOP ( 'NONE', ( #4802, #6751, #3784, #5646 ) ) ;
#5458 = VERTEX_POINT ( 'NONE', #2282 ) ;
#5459 = EDGE_LOOP ( 'NONE', ( #7251, #6296, #1916, #6707 ) ) ;
#5460 = AXIS2_PLACEMENT_3D ( 'NONE', #7026, #1369, #3253 ) ;
#5461 = EDGE_CURVE ( 'NONE', #1635, #2981, #1603, .T. ) ;
#5462 = CARTESIAN_POINT ( 'NONE',  ( -44.18727900000002506, 31.16911099999999379, 2.000000000000000000 ) ) ;
#5463 = CARTESIAN_POINT ( 'NONE',  ( -77.73727900000001512, 26.16911099999998669, 5.000000000000000000 ) ) ;
#5464 = EDGE_CURVE ( 'NONE', #6750, #4773, #6703, .T. ) ;
#5465 = EDGE_CURVE ( 'NONE', #6234, #2733, #6089, .T. ) ;
#5466 = EDGE_CURVE ( 'NONE', #4799, #4810, #502, .T. ) ;
#5467 = VERTEX_POINT ( 'NONE', #1944 ) ;
#5468 = DIRECTION ( 'NONE',  ( -1.000000000000000000, 0.000000000000000000, 0.000000000000000000 ) ) ;
#5469 = CARTESIAN_POINT ( 'NONE',  ( -99.06227900000000375, 53.59411099999999806, 5.000000000000000000 ) ) ;
#5470 = LINE ( 'NONE', #8088, #4862 ) ;
#5471 = CARTESIAN_POINT ( 'NONE',  ( -82.68727900000001796, 51.31911099999999237, 2.000000000000000000 ) ) ;
#5472 = CIRCLE ( 'NONE', #5341, 0.3999999999999975797 ) ;
#5473 = VERTEX_POINT ( 'NONE', #1166 ) ;
#5474 = CARTESIAN_POINT ( 'NONE',  ( -44.58727900000002364, 45.26911099999999522, 2.000000000000000000 ) ) ;
#5475 = EDGE_LOOP ( 'NONE', ( #3012, #7451, #6870, #2738 ) ) ;
#5476 = LINE ( 'NONE', #8179, #1373 ) ;
#5477 = DIRECTION ( 'NONE',  ( -1.000000000000000000, 0.000000000000000000, 0.000000000000000000 ) ) ;
#5478 = ORIENTED_EDGE ( 'NONE', *, *, #3393, .T. ) ;
#5479 = DIRECTION ( 'NONE',  ( 0.000000000000000000, 0.000000000000000000, 1.000000000000000000 ) ) ;
#5480 = DIRECTION ( 'NONE',  ( -0.000000000000000000, -0.000000000000000000, 1.000000000000000000 ) ) ;
#5481 = CARTESIAN_POINT ( 'NONE',  ( -115.8372790000000094, 18.16911099999998669, 2.000000000000000000 ) ) ;
#5482 = ADVANCED_FACE ( 'NONE', ( #1249 ), #4923, .F. ) ;
#5483 = AXIS2_PLACEMENT_3D ( 'NONE', #5927, #5888, #1539 ) ;
#5484 = EDGE_CURVE ( 'NONE', #4084, #6758, #3658, .T. ) ;
#5485 = ADVANCED_FACE ( 'NONE', ( #7526 ), #5542, .F. ) ;
#5486 = ADVANCED_FACE ( 'NONE', ( #2441 ), #587, .F. ) ;
#5487 = DIRECTION ( 'NONE',  ( -1.000000000000000000, 0.000000000000000000, 0.000000000000000000 ) ) ;
#5488 = AXIS2_PLACEMENT_3D ( 'NONE', #3373, #119, #7022 ) ;
#5489 = DIRECTION ( 'NONE',  ( 1.000000000000000000, 0.000000000000000000, 0.000000000000000000 ) ) ;
#5490 = EDGE_LOOP ( 'NONE', ( #1153, #521, #386, #2732 ) ) ;
#5491 = EDGE_CURVE ( 'NONE', #6672, #1825, #2388, .T. ) ;
#5492 = ORIENTED_EDGE ( 'NONE', *, *, #5316, .T. ) ;
#5493 = DIRECTION ( 'NONE',  ( 1.000000000000000000, 0.000000000000000000, 0.000000000000000000 ) ) ;
#5494 = LINE ( 'NONE', #7908, #2470 ) ;
#5495 = DIRECTION ( 'NONE',  ( -0.000000000000000000, -0.000000000000000000, 1.000000000000000000 ) ) ;
#5496 = ADVANCED_FACE ( 'NONE', ( #4 ), #4369, .F. ) ;
#5497 = FACE_OUTER_BOUND ( 'NONE', #7582, .T. ) ;
#5498 = VECTOR ( 'NONE', #2025, 1000.000000000000000 ) ;
#5499 = CARTESIAN_POINT ( 'NONE',  ( 13.57485339871645991, 7.462336869566425612, 5.000000000000000000 ) ) ;
#5500 = VERTEX_POINT ( 'NONE', #6865 ) ;
#5501 = ORIENTED_EDGE ( 'NONE', *, *, #30, .F. ) ;
#5502 = ORIENTED_EDGE ( 'NONE', *, *, #8122, .T. ) ;
#5503 = LINE ( 'NONE', #1129, #3426 ) ;
#5504 = FACE_BOUND ( 'NONE', #7895, .T. ) ;
#5505 = VECTOR ( 'NONE', #8069, 1000.000000000000000 ) ;
#5506 = EDGE_LOOP ( 'NONE', ( #990, #893, #6550, #2408 ) ) ;
#5507 = CARTESIAN_POINT ( 'NONE',  ( -42.41227899999999806, 84.14411099999999522, 2.000000000000000000 ) ) ;
#5508 = VECTOR ( 'NONE', #6647, 1000.000000000000000 ) ;
#5509 = FACE_OUTER_BOUND ( 'NONE', #7655, .T. ) ;
#5510 = CARTESIAN_POINT ( 'NONE',  ( -61.45782314279000502, 81.14186833868100734, 5.000000000000000000 ) ) ;
#5511 = CARTESIAN_POINT ( 'NONE',  ( 3.803337000001279833, -11.46242600000072898, 5.000000000000000000 ) ) ;
#5512 = ORIENTED_EDGE ( 'NONE', *, *, #3058, .F. ) ;
#5513 = DIRECTION ( 'NONE',  ( -0.000000000000000000, -1.000000000000000000, -0.000000000000000000 ) ) ;
#5514 = COLOUR_RGB ( '',0.1019607843137254888, 0.1019607843137254888, 0.1019607843137254888 ) ;
#5515 = EDGE_CURVE ( 'NONE', #2817, #3622, #3814, .T. ) ;
#5516 = ORIENTED_EDGE ( 'NONE', *, *, #4401, .F. ) ;
#5517 = AXIS2_PLACEMENT_3D ( 'NONE', #5899, #2627, #5148 ) ;
#5518 = EDGE_CURVE ( 'NONE', #7369, #3039, #4763, .T. ) ;
#5519 = DIRECTION ( 'NONE',  ( -1.000000000000000000, 0.000000000000000000, 0.000000000000000000 ) ) ;
#5520 = CARTESIAN_POINT ( 'NONE',  ( -48.18727900000002506, 4.119110999999994860, 2.000000000000000000 ) ) ;
#5521 = ORIENTED_EDGE ( 'NONE', *, *, #1407, .T. ) ;
#5522 = CARTESIAN_POINT ( 'NONE',  ( -6.487279000000012452, 41.81911099999999237, 2.000000000000000000 ) ) ;
#5523 = DIRECTION ( 'NONE',  ( -1.000000000000000000, 0.000000000000000000, 0.000000000000000000 ) ) ;
#5524 = ADVANCED_FACE ( 'NONE', ( #6208 ), #3698, .F. ) ;
#5525 = AXIS2_PLACEMENT_3D ( 'NONE', #2374, #1055, #7972 ) ;
#5526 = LINE ( 'NONE', #5481, #129 ) ;
#5527 = DIRECTION ( 'NONE',  ( 1.000000000000000000, 0.000000000000000000, 0.000000000000000000 ) ) ;
#5528 = VECTOR ( 'NONE', #2066, 1000.000000000000000 ) ;
#5529 = LINE ( 'NONE', #3810, #8118 ) ;
#5530 = ORIENTED_EDGE ( 'NONE', *, *, #3796, .F. ) ;
#5531 = CARTESIAN_POINT ( 'NONE',  ( -63.63727900000002080, 58.91911099999999379, 5.000000000000000000 ) ) ;
#5532 = DIRECTION ( 'NONE',  ( 1.000000000000000000, -0.000000000000000000, -0.000000000000000000 ) ) ;
#5533 = CARTESIAN_POINT ( 'NONE',  ( -101.3372789999999952, 56.26911099999999522, 2.000000000000000000 ) ) ;
#5534 = DIRECTION ( 'NONE',  ( 0.000000000000000000, 0.000000000000000000, 1.000000000000000000 ) ) ;
#5535 = ADVANCED_FACE ( 'NONE', ( #5713 ), #2404, .F. ) ;
#5536 = ADVANCED_FACE ( 'NONE', ( #5587 ), #549, .F. ) ;
#5537 = DIRECTION ( 'NONE',  ( -0.000000000000000000, -0.000000000000000000, 1.000000000000000000 ) ) ;
#5538 = VECTOR ( 'NONE', #5819, 1000.000000000000000 ) ;
#5539 = EDGE_CURVE ( 'NONE', #778, #5013, #628, .T. ) ;
#5540 = ORIENTED_EDGE ( 'NONE', *, *, #6991, .T. ) ;
#5541 = EDGE_CURVE ( 'NONE', #819, #2709, #5042, .T. ) ;
#5542 = CYLINDRICAL_SURFACE ( 'NONE', #4892, 0.3999999999999975797 ) ;
#5543 = CARTESIAN_POINT ( 'NONE',  ( -20.18727900000001796, 61.26911099999998811, 2.000000000000000000 ) ) ;
#5544 = VERTEX_POINT ( 'NONE', #675 ) ;
#5545 = VECTOR ( 'NONE', #7676, 1000.000000000000000 ) ;
#5546 = VECTOR ( 'NONE', #6762, 1000.000000000000000 ) ;
#5547 = ORIENTED_EDGE ( 'NONE', *, *, #2145, .T. ) ;
#5548 = EDGE_LOOP ( 'NONE', ( #3508, #6049, #2597, #2919, #1170, #2031, #6496, #5364 ) ) ;
#5549 = EDGE_CURVE ( 'NONE', #4033, #4066, #48, .T. ) ;
#5550 = DIRECTION ( 'NONE',  ( -0.000000000000000000, -0.000000000000000000, 1.000000000000000000 ) ) ;
#5551 = DIRECTION ( 'NONE',  ( -0.000000000000000000, -0.000000000000000000, 1.000000000000000000 ) ) ;
#5552 = AXIS2_PLACEMENT_3D ( 'NONE', #7574, #1953, #3148 ) ;
#5553 = AXIS2_PLACEMENT_3D ( 'NONE', #2447, #4965, #6708 ) ;
#5554 = EDGE_CURVE ( 'NONE', #7310, #947, #5960, .T. ) ;
#5555 = VERTEX_POINT ( 'NONE', #7025 ) ;
#5556 = DIRECTION ( 'NONE',  ( -0.000000000000000000, -0.000000000000000000, 1.000000000000000000 ) ) ;
#5557 = VECTOR ( 'NONE', #6983, 1000.000000000000000 ) ;
#5558 = AXIS2_PLACEMENT_3D ( 'NONE', #406, #2144, #4735 ) ;
#5559 = CARTESIAN_POINT ( 'NONE',  ( -24.59026549617149726, 16.56880534302642261, 5.000000000000000000 ) ) ;
#5560 = DIRECTION ( 'NONE',  ( -0.9997000655982568595, 0.02449038266015602511, 0.000000000000000000 ) ) ;
#5561 = CARTESIAN_POINT ( 'NONE',  ( -58.28727900000002649, 68.86911100000000374, 2.000000000000000000 ) ) ;
#5562 = EDGE_LOOP ( 'NONE', ( #3713, #4372, #2126, #1731 ) ) ;
#5563 = CYLINDRICAL_SURFACE ( 'NONE', #5814, 0.3999999999999975797 ) ;
#5564 = CIRCLE ( 'NONE', #5837, 0.9977672882801047471 ) ;
#5565 = VERTEX_POINT ( 'NONE', #7697 ) ;
#5566 = CARTESIAN_POINT ( 'NONE',  ( -53.46030958397999200, 20.49838296832900042, 5.000000000000000000 ) ) ;
#5567 = EDGE_LOOP ( 'NONE', ( #5001, #7035 ) ) ;
#5568 = CARTESIAN_POINT ( 'NONE',  ( -78.61053300000017430, 80.14170400000188010, 2.000000000000000000 ) ) ;
#5569 = PLANE ( 'NONE',  #6686 ) ;
#5570 = CARTESIAN_POINT ( 'NONE',  ( -49.96227899999895783, 20.49411100000000019, 2.000000000000000000 ) ) ;
#5571 = DIRECTION ( 'NONE',  ( 1.000000000000000000, -0.000000000000000000, -0.000000000000000000 ) ) ;
#5572 = ADVANCED_FACE ( 'NONE', ( #2769 ), #5242, .F. ) ;
#5573 = EDGE_CURVE ( 'NONE', #2684, #1685, #2647, .T. ) ;
#5574 = CARTESIAN_POINT ( 'NONE',  ( -100.1872790000000037, 34.54411100000000090, 5.000000000000000000 ) ) ;
#5575 = CARTESIAN_POINT ( 'NONE',  ( 9.757274015923403709, 2.507274015923405486, 2.000000000000000000 ) ) ;
#5576 = VERTEX_POINT ( 'NONE', #6369 ) ;
#5577 = LINE ( 'NONE', #4362, #4956 ) ;
#5578 = LINE ( 'NONE', #4952, #7497 ) ;
#5579 = DIRECTION ( 'NONE',  ( -0.4999999999999998890, -0.8660254037844387076, 0.000000000000000000 ) ) ;
#5580 = DIRECTION ( 'NONE',  ( -0.000000000000000000, -1.000000000000000000, -0.000000000000000000 ) ) ;
#5581 = EDGE_CURVE ( 'NONE', #6050, #1297, #7008, .T. ) ;
#5582 = DIRECTION ( 'NONE',  ( -0.9997000655982568595, -0.02449038266015429038, 0.000000000000000000 ) ) ;
#5583 = EDGE_CURVE ( 'NONE', #7843, #3274, #7817, .T. ) ;
#5584 = EDGE_CURVE ( 'NONE', #5576, #6007, #285, .T. ) ;
#5585 = ORIENTED_EDGE ( 'NONE', *, *, #5788, .F. ) ;
#5586 = EDGE_CURVE ( 'NONE', #517, #4793, #8073, .T. ) ;
#5587 = FACE_OUTER_BOUND ( 'NONE', #581, .T. ) ;
#5588 = LINE ( 'NONE', #1289, #8110 ) ;
#5589 = VERTEX_POINT ( 'NONE', #7740 ) ;
#5590 = EDGE_CURVE ( 'NONE', #4704, #7325, #7105, .T. ) ;
#5591 = ORIENTED_EDGE ( 'NONE', *, *, #5176, .F. ) ;
#5592 = ORIENTED_EDGE ( 'NONE', *, *, #455, .F. ) ;
#5593 = AXIS2_PLACEMENT_3D ( 'NONE', #72, #5192, #5146 ) ;
#5594 = CARTESIAN_POINT ( 'NONE',  ( -2.307274015923413302, 9.703684177437180480, 2.000000000000000000 ) ) ;
#5595 = LINE ( 'NONE', #5463, #678 ) ;
#5596 = VECTOR ( 'NONE', #3952, 1000.000000000000000 ) ;
#5597 = EDGE_LOOP ( 'NONE', ( #763, #3357, #4795, #4939 ) ) ;
#5598 = CARTESIAN_POINT ( 'NONE',  ( -34.08727900000002364, 3.719110999999997169, 2.000000000000000000 ) ) ;
#5599 = FACE_OUTER_BOUND ( 'NONE', #4051, .T. ) ;
#5600 = CARTESIAN_POINT ( 'NONE',  ( -79.51227899999619808, 79.14411100000002364, 2.000000000000000000 ) ) ;
#5601 = VERTEX_POINT ( 'NONE', #7191 ) ;
#5602 = DIRECTION ( 'NONE',  ( 1.000000000000000000, 0.000000000000000000, 0.000000000000000000 ) ) ;
#5603 = AXIS2_PLACEMENT_3D ( 'NONE', #5868, #3987, #7734 ) ;
#5604 = EDGE_LOOP ( 'NONE', ( #7131, #6242, #3752, #3498 ) ) ;
#5605 = DIRECTION ( 'NONE',  ( -1.000000000000000000, 0.000000000000000000, 0.000000000000000000 ) ) ;
#5606 = ORIENTED_EDGE ( 'NONE', *, *, #5549, .T. ) ;
#5607 = DIRECTION ( 'NONE',  ( -0.000000000000000000, -0.000000000000000000, 1.000000000000000000 ) ) ;
#5608 = ORIENTED_EDGE ( 'NONE', *, *, #7437, .T. ) ;
#5609 = DIRECTION ( 'NONE',  ( -0.000000000000000000, -0.000000000000000000, 1.000000000000000000 ) ) ;
#5610 = DIRECTION ( 'NONE',  ( 0.000000000000000000, 1.000000000000000000, 0.000000000000000000 ) ) ;
#5611 = DIRECTION ( 'NONE',  ( 0.02449038266015602511, 0.9997000655982568595, -0.000000000000000000 ) ) ;
#5612 = PLANE ( 'NONE',  #260 ) ;
#5613 = EDGE_CURVE ( 'NONE', #1668, #4799, #5874, .T. ) ;
#5614 = DIRECTION ( 'NONE',  ( -0.000000000000000000, -0.000000000000000000, -1.000000000000000000 ) ) ;
#5615 = LINE ( 'NONE', #619, #7323 ) ;
#5616 = VERTEX_POINT ( 'NONE', #5286 ) ;
#5617 = DIRECTION ( 'NONE',  ( -0.000000000000000000, -0.000000000000000000, 1.000000000000000000 ) ) ;
#5618 = DIRECTION ( 'NONE',  ( 1.000000000000000000, -0.000000000000000000, -0.000000000000000000 ) ) ;
#5619 = DIRECTION ( 'NONE',  ( -1.000000000000000000, 0.000000000000000000, 0.000000000000000000 ) ) ;
#5620 = DIRECTION ( 'NONE',  ( 0.000000000000000000, 1.000000000000000000, 0.000000000000000000 ) ) ;
#5621 = AXIS2_PLACEMENT_3D ( 'NONE', #5299, #221, #4043 ) ;
#5622 = ADVANCED_FACE ( 'NONE', ( #6407 ), #5838, .F. ) ;
#5623 = DIRECTION ( 'NONE',  ( 0.000000000000000000, 0.000000000000000000, 1.000000000000000000 ) ) ;
#5624 = DIRECTION ( 'NONE',  ( 0.000000000000000000, 0.000000000000000000, 1.000000000000000000 ) ) ;
#5625 = DIRECTION ( 'NONE',  ( 0.4999999999999998335, 0.8660254037844387076, 0.000000000000000000 ) ) ;
#5626 = VERTEX_POINT ( 'NONE', #2029 ) ;
#5627 = ADVANCED_FACE ( 'NONE', ( #124 ), #7785, .F. ) ;
#5628 = EDGE_CURVE ( 'NONE', #2847, #5402, #6221, .T. ) ;
#5629 = ORIENTED_EDGE ( 'NONE', *, *, #8142, .F. ) ;
#5630 = EDGE_LOOP ( 'NONE', ( #3473, #6269, #7699, #4749 ) ) ;
#5631 = ADVANCED_FACE ( 'NONE', ( #1492 ), #168, .F. ) ;
#5632 = CARTESIAN_POINT ( 'NONE',  ( -59.46227900000000233, 85.14411099999999522, 2.000000000000000000 ) ) ;
#5633 = CARTESIAN_POINT ( 'NONE',  ( -77.73727900000001512, 39.86911099999998953, 2.000000000000000000 ) ) ;
#5634 = AXIS2_PLACEMENT_3D ( 'NONE', #1552, #1639, #6637 ) ;
#5635 = VERTEX_POINT ( 'NONE', #5207 ) ;
#5636 = ORIENTED_EDGE ( 'NONE', *, *, #5003, .T. ) ;
#5637 = CARTESIAN_POINT ( 'NONE',  ( -96.38727900000002080, 31.86911099999999308, 2.000000000000000000 ) ) ;
#5638 = CARTESIAN_POINT ( 'NONE',  ( -42.41227899999999806, 84.14411099999999522, 5.000000000000000000 ) ) ;
#5639 = LINE ( 'NONE', #2006, #2887 ) ;
#5640 = ORIENTED_EDGE ( 'NONE', *, *, #205, .F. ) ;
#5641 = CARTESIAN_POINT ( 'NONE',  ( -3.812278999999715534, 18.65550297878012742, 5.000000000000000000 ) ) ;
#5642 = CIRCLE ( 'NONE', #7091, 0.3999999999999975797 ) ;
#5643 = EDGE_CURVE ( 'NONE', #3295, #4371, #6532, .T. ) ;
#5644 = VERTEX_POINT ( 'NONE', #247 ) ;
#5645 = DIRECTION ( 'NONE',  ( -0.000000000000000000, -0.000000000000000000, 1.000000000000000000 ) ) ;
#5646 = ORIENTED_EDGE ( 'NONE', *, *, #3684, .T. ) ;
#5647 = CARTESIAN_POINT ( 'NONE',  ( -82.28727900000001227, 31.86911099999999308, 5.000000000000000000 ) ) ;
#5648 = AXIS2_PLACEMENT_3D ( 'NONE', #8066, #7521, #3133 ) ;
#5649 = ORIENTED_EDGE ( 'NONE', *, *, #2853, .F. ) ;
#5650 = LINE ( 'NONE', #1883, #8180 ) ;
#5651 = DIRECTION ( 'NONE',  ( 0.000000000000000000, -0.000000000000000000, 1.000000000000000000 ) ) ;
#5652 = DIRECTION ( 'NONE',  ( -0.000000000000000000, -0.000000000000000000, 1.000000000000000000 ) ) ;
#5653 = CARTESIAN_POINT ( 'NONE',  ( -115.4372789999999895, 70.36911100000000374, 2.000000000000000000 ) ) ;
#5654 = CIRCLE ( 'NONE', #3011, 0.3999999999999975797 ) ;
#5655 = AXIS2_PLACEMENT_3D ( 'NONE', #8138, #6930, #3123 ) ;
#5656 = CARTESIAN_POINT ( 'NONE',  ( -79.51227899999619808, 79.14411100000002364, 2.000000000000000000 ) ) ;
#5657 = CARTESIAN_POINT ( 'NONE',  ( -79.51673485719999235, 22.99635366131899872, 2.000000000000000000 ) ) ;
#5658 = ORIENTED_EDGE ( 'NONE', *, *, #2244, .F. ) ;
#5659 = CIRCLE ( 'NONE', #1826, 0.4000000000000010214 ) ;
#5660 = FACE_OUTER_BOUND ( 'NONE', #2621, .T. ) ;
#5661 = CARTESIAN_POINT ( 'NONE',  ( -6.087279000000014761, 42.21911099999999095, 2.000000000000000000 ) ) ;
#5662 = VECTOR ( 'NONE', #3882, 1000.000000000000000 ) ;
#5663 = PLANE ( 'NONE',  #6569 ) ;
#5664 = VECTOR ( 'NONE', #6807, 1000.000000000000000 ) ;
#5665 = FACE_OUTER_BOUND ( 'NONE', #6213, .T. ) ;
#5666 = EDGE_CURVE ( 'NONE', #2859, #5500, #7828, .T. ) ;
#5667 = DIRECTION ( 'NONE',  ( 0.000000000000000000, 0.000000000000000000, 1.000000000000000000 ) ) ;
#5668 = DIRECTION ( 'NONE',  ( -0.000000000000000000, -0.000000000000000000, 1.000000000000000000 ) ) ;
#5669 = DIRECTION ( 'NONE',  ( 0.000000000000000000, 0.000000000000000000, 1.000000000000000000 ) ) ;
#5670 = ORIENTED_EDGE ( 'NONE', *, *, #4692, .T. ) ;
#5671 = VERTEX_POINT ( 'NONE', #2153 ) ;
#5672 = ORIENTED_EDGE ( 'NONE', *, *, #5243, .T. ) ;
#5673 = AXIS2_PLACEMENT_3D ( 'NONE', #8150, #624, #6160 ) ;
#5674 = CYLINDRICAL_SURFACE ( 'NONE', #943, 0.3999999999999975797 ) ;
#5675 = CYLINDRICAL_SURFACE ( 'NONE', #4887, 0.3999999999999975797 ) ;
#5676 = ADVANCED_FACE ( 'NONE', ( #1989 ), #2349, .F. ) ;
#5677 = ADVANCED_FACE ( 'NONE', ( #332 ), #2931, .F. ) ;
#5678 = VECTOR ( 'NONE', #5935, 1000.000000000000000 ) ;
#5679 = CIRCLE ( 'NONE', #7525, 0.9977672882727322001 ) ;
#5680 = EDGE_CURVE ( 'NONE', #5245, #2859, #2843, .T. ) ;
#5681 = EDGE_CURVE ( 'NONE', #7500, #2170, #3535, .T. ) ;
#5682 = VERTEX_POINT ( 'NONE', #6693 ) ;
#5683 = VERTEX_POINT ( 'NONE', #2313 ) ;
#5684 = CARTESIAN_POINT ( 'NONE',  ( -63.63727900000002080, 39.86911099999998953, 5.000000000000000000 ) ) ;
#5685 = LINE ( 'NONE', #3788, #103 ) ;
#5686 = FACE_OUTER_BOUND ( 'NONE', #24, .T. ) ;
#5687 = VERTEX_POINT ( 'NONE', #1032 ) ;
#5688 = AXIS2_PLACEMENT_3D ( 'NONE', #7238, #2360, #4838 ) ;
#5689 = CIRCLE ( 'NONE', #534, 0.3999999999999975797 ) ;
#5690 = CARTESIAN_POINT ( 'NONE',  ( -25.53727900000002293, 59.31911099999999237, 2.000000000000000000 ) ) ;
#5691 = ORIENTED_EDGE ( 'NONE', *, *, #3462, .F. ) ;
#5692 = LINE ( 'NONE', #700, #1583 ) ;
#5693 = ORIENTED_EDGE ( 'NONE', *, *, #5352, .T. ) ;
#5694 = LINE ( 'NONE', #3928, #7178 ) ;
#5695 = AXIS2_PLACEMENT_3D ( 'NONE', #7160, #300, #1533 ) ;
#5696 = ORIENTED_EDGE ( 'NONE', *, *, #1752, .F. ) ;
#5697 = DIRECTION ( 'NONE',  ( 0.000000000000000000, 0.000000000000000000, 1.000000000000000000 ) ) ;
#5698 = DIRECTION ( 'NONE',  ( -0.000000000000000000, -0.000000000000000000, 1.000000000000000000 ) ) ;
#5699 = CYLINDRICAL_SURFACE ( 'NONE', #6972, 1.125000000000000888 ) ;
#5700 = FACE_BOUND ( 'NONE', #2862, .T. ) ;
#5701 = EDGE_CURVE ( 'NONE', #563, #242, #6487, .T. ) ;
#5702 = AXIS2_PLACEMENT_3D ( 'NONE', #535, #1236, #6239 ) ;
#5703 = CIRCLE ( 'NONE', #3961, 1.125000000000000888 ) ;
#5704 = EDGE_CURVE ( 'NONE', #4359, #4076, #6000, .T. ) ;
#5705 = CARTESIAN_POINT ( 'NONE',  ( -25.53727900000002293, 58.91911099999999379, 5.000000000000000000 ) ) ;
#5706 = LINE ( 'NONE', #3092, #862 ) ;
#5707 = VERTEX_POINT ( 'NONE', #8019 ) ;
#5708 = EDGE_LOOP ( 'NONE', ( #8116, #5301, #3649, #7081 ) ) ;
#5709 = DIRECTION ( 'NONE',  ( 0.000000000000000000, 0.000000000000000000, 1.000000000000000000 ) ) ;
#5710 = DIRECTION ( 'NONE',  ( 1.000000000000000000, 0.000000000000000000, 0.000000000000000000 ) ) ;
#5711 = DIRECTION ( 'NONE',  ( -0.000000000000000000, -1.000000000000000000, -0.000000000000000000 ) ) ;
#5712 = EDGE_CURVE ( 'NONE', #5022, #3786, #7354, .T. ) ;
#5713 = FACE_OUTER_BOUND ( 'NONE', #4990, .T. ) ;
#5714 = CYLINDRICAL_SURFACE ( 'NONE', #7718, 0.3999999999999975797 ) ;
#5715 = VERTEX_POINT ( 'NONE', #1073 ) ;
#5716 = ORIENTED_EDGE ( 'NONE', *, *, #627, .T. ) ;
#5717 = VERTEX_POINT ( 'NONE', #6079 ) ;
#5718 = CARTESIAN_POINT ( 'NONE',  ( -80.51227899999999238, 72.14411100000273791, 2.000000000000000000 ) ) ;
#5719 = FACE_OUTER_BOUND ( 'NONE', #8103, .T. ) ;
#5720 = EDGE_CURVE ( 'NONE', #2709, #5450, #4827, .T. ) ;
#5721 = ORIENTED_EDGE ( 'NONE', *, *, #7124, .F. ) ;
#5722 = VERTEX_POINT ( 'NONE', #418 ) ;
#5723 = DIRECTION ( 'NONE',  ( -0.02449038266019303370, 0.9997000655982559714, 0.000000000000000000 ) ) ;
#5724 = CARTESIAN_POINT ( 'NONE',  ( -44.58727900000002364, 69.26911099999999522, 5.000000000000000000 ) ) ;
#5725 = DIRECTION ( 'NONE',  ( 0.000000000000000000, 0.000000000000000000, 1.000000000000000000 ) ) ;
#5726 = ORIENTED_EDGE ( 'NONE', *, *, #4112, .F. ) ;
#5727 = CARTESIAN_POINT ( 'NONE',  ( -5.312278999999802132, 77.14411100000012311, 5.000000000000000000 ) ) ;
#5728 = EDGE_CURVE ( 'NONE', #4140, #3432, #8080, .T. ) ;
#5729 = ORIENTED_EDGE ( 'NONE', *, *, #1528, .T. ) ;
#5730 = CARTESIAN_POINT ( 'NONE',  ( 3.803337000001279833, -11.46242600000072898, 2.000000000000000000 ) ) ;
#5731 = CIRCLE ( 'NONE', #5864, 0.4000000000000010214 ) ;
#5732 = ORIENTED_EDGE ( 'NONE', *, *, #2038, .T. ) ;
#5733 = DIRECTION ( 'NONE',  ( -0.000000000000000000, -0.000000000000000000, 1.000000000000000000 ) ) ;
#5734 = EDGE_LOOP ( 'NONE', ( #4614, #4467, #1771, #446, #4213, #1117, #641, #201 ) ) ;
#5735 = CARTESIAN_POINT ( 'NONE',  ( -99.06227900000000375, 53.59411099999999806, 2.000000000000000000 ) ) ;
#5736 = CARTESIAN_POINT ( 'NONE',  ( -63.63727900000002080, 44.81911099999999237, 5.000000000000000000 ) ) ;
#5737 = PRESENTATION_STYLE_ASSIGNMENT (( #3804 ) ) ;
#5738 = FACE_BOUND ( 'NONE', #7530, .T. ) ;
#5739 = AXIS2_PLACEMENT_3D ( 'NONE', #2596, #7692, #829 ) ;
#5740 = DIRECTION ( 'NONE',  ( 0.000000000000000000, 0.000000000000000000, 1.000000000000000000 ) ) ;
#5741 = FACE_OUTER_BOUND ( 'NONE', #392, .T. ) ;
#5742 = ORIENTED_EDGE ( 'NONE', *, *, #7402, .F. ) ;
#5743 = ADVANCED_FACE ( 'NONE', ( #374 ), #4747, .F. ) ;
#5744 = FACE_OUTER_BOUND ( 'NONE', #839, .T. ) ;
#5745 = DIRECTION ( 'NONE',  ( 0.000000000000000000, 1.000000000000000000, 0.000000000000000000 ) ) ;
#5746 = CARTESIAN_POINT ( 'NONE',  ( -97.93727900000000375, 53.59411099999999806, 5.000000000000000000 ) ) ;
#5747 = EDGE_CURVE ( 'NONE', #719, #517, #2886, .T. ) ;
#5748 = CARTESIAN_POINT ( 'NONE',  ( -22.36227899999999735, 77.14411099999999522, 2.000000000000000000 ) ) ;
#5749 = EDGE_CURVE ( 'NONE', #3274, #4031, #6114, .T. ) ;
#5750 = CARTESIAN_POINT ( 'NONE',  ( -115.8372789999999810, 56.26911099999999522, 2.000000000000000000 ) ) ;
#5751 = ORIENTED_EDGE ( 'NONE', *, *, #4077, .T. ) ;
#5752 = VERTEX_POINT ( 'NONE', #7317 ) ;
#5753 = ORIENTED_EDGE ( 'NONE', *, *, #7547, .F. ) ;
#5754 = CARTESIAN_POINT ( 'NONE',  ( -58.68727900000002506, 50.21911099999999095, 2.000000000000000000 ) ) ;
#5755 = CARTESIAN_POINT ( 'NONE',  ( 2.937125132992000065, -10.96753045566000040, 2.000000000000000000 ) ) ;
#5756 = ORIENTED_EDGE ( 'NONE', *, *, #5774, .T. ) ;
#5757 = EDGE_LOOP ( 'NONE', ( #5440, #1320, #1778, #6719 ) ) ;
#5758 = DIRECTION ( 'NONE',  ( -0.02449038266015429038, -0.9997000655982568595, 0.000000000000000000 ) ) ;
#5759 = AXIS2_PLACEMENT_3D ( 'NONE', #2124, #4087, #971 ) ;
#5760 = CARTESIAN_POINT ( 'NONE',  ( -6.487279000000012452, 75.36911099999998953, 5.000000000000000000 ) ) ;
#5761 = FACE_OUTER_BOUND ( 'NONE', #2792, .T. ) ;
#5762 = ORIENTED_EDGE ( 'NONE', *, *, #929, .T. ) ;
#5763 = CYLINDRICAL_SURFACE ( 'NONE', #2517, 0.3999999999999975797 ) ;
#5764 = ORIENTED_EDGE ( 'NONE', *, *, #5174, .T. ) ;
#5765 = DIRECTION ( 'NONE',  ( -0.02449038266015602511, 0.9997000655982568595, 0.000000000000000000 ) ) ;
#5766 = CIRCLE ( 'NONE', #2729, 0.4000000000000006328 ) ;
#5767 = ORIENTED_EDGE ( 'NONE', *, *, #6953, .T. ) ;
#5768 = CARTESIAN_POINT ( 'NONE',  ( -115.8372790000000094, 18.16911099999998669, 2.000000000000000000 ) ) ;
#5769 = ORIENTED_EDGE ( 'NONE', *, *, #936, .T. ) ;
#5770 = CARTESIAN_POINT ( 'NONE',  ( -96.78727900000001227, 56.26911099999999522, 2.000000000000000000 ) ) ;
#5771 = AXIS2_PLACEMENT_3D ( 'NONE', #644, #477, #1138 ) ;
#5772 = CARTESIAN_POINT ( 'NONE',  ( -80.51226905040311976, 16.98965514279599986, 2.000000000000000000 ) ) ;
#5773 = CARTESIAN_POINT ( 'NONE',  ( -60.46227899999620803, 84.14411100000000943, 5.000000000000000000 ) ) ;
#5774 = EDGE_CURVE ( 'NONE', #3340, #4810, #2809, .T. ) ;
#5775 = LINE ( 'NONE', #4523, #7657 ) ;
#5776 = ORIENTED_EDGE ( 'NONE', *, *, #5067, .F. ) ;
#5777 = ADVANCED_FACE ( 'NONE', ( #1655 ), #995, .F. ) ;
#5778 = VECTOR ( 'NONE', #4463, 1000.000000000000000 ) ;
#5779 = AXIS2_PLACEMENT_3D ( 'NONE', #5063, #1925, #6767 ) ;
#5780 = DIRECTION ( 'NONE',  ( -1.202741610010586673E-13, 1.000000000000000000, 0.000000000000000000 ) ) ;
#5781 = ADVANCED_FACE ( 'NONE', ( #6570 ), #912, .F. ) ;
#5782 = DIRECTION ( 'NONE',  ( 1.000000000000000000, 0.000000000000000000, 0.000000000000000000 ) ) ;
#5783 = ORIENTED_EDGE ( 'NONE', *, *, #2079, .F. ) ;
#5784 = CARTESIAN_POINT ( 'NONE',  ( -20.18727900000001796, 42.21911099999999095, 2.000000000000000000 ) ) ;
#5785 = DIRECTION ( 'NONE',  ( -1.000000000000000000, 0.000000000000000000, 0.000000000000000000 ) ) ;
#5786 = AXIS2_PLACEMENT_3D ( 'NONE', #203, #2727, #6980 ) ;
#5787 = FACE_OUTER_BOUND ( 'NONE', #1666, .T. ) ;
#5788 = EDGE_CURVE ( 'NONE', #4756, #6823, #1735, .T. ) ;
#5789 = DIRECTION ( 'NONE',  ( 0.000000000000000000, 1.000000000000000000, 0.000000000000000000 ) ) ;
#5790 = CIRCLE ( 'NONE', #7913, 0.3999999999999975797 ) ;
#5791 = ADVANCED_FACE ( 'NONE', ( #3051 ), #1277, .F. ) ;
#5792 = CARTESIAN_POINT ( 'NONE',  ( -6.087279000000014761, 61.26911099999998811, 2.000000000000000000 ) ) ;
#5793 = VERTEX_POINT ( 'NONE', #4357 ) ;
#5794 = EDGE_LOOP ( 'NONE', ( #7920, #3079, #5696, #6168 ) ) ;
#5795 = ORIENTED_EDGE ( 'NONE', *, *, #3878, .T. ) ;
#5796 = EDGE_CURVE ( 'NONE', #2170, #1538, #8143, .T. ) ;
#5797 = DIRECTION ( 'NONE',  ( 0.000000000000000000, -0.000000000000000000, 1.000000000000000000 ) ) ;
#5798 = VECTOR ( 'NONE', #441, 1000.000000000000000 ) ;
#5799 = CARTESIAN_POINT ( 'NONE',  ( -6.087279000000014761, 23.16911099999999379, 2.000000000000000000 ) ) ;
#5800 = ORIENTED_EDGE ( 'NONE', *, *, #5970, .F. ) ;
#5801 = ORIENTED_EDGE ( 'NONE', *, *, #6018, .T. ) ;
#5802 = DIRECTION ( 'NONE',  ( 1.000000000000000000, 0.000000000000000000, 0.000000000000000000 ) ) ;
#5803 = LINE ( 'NONE', #7752, #4438 ) ;
#5804 = DIRECTION ( 'NONE',  ( -1.000000000000000000, 0.000000000000000000, 0.000000000000000000 ) ) ;
#5805 = ORIENTED_EDGE ( 'NONE', *, *, #1531, .T. ) ;
#5806 = CARTESIAN_POINT ( 'NONE',  ( -28.23961395899298665, 2.949251172757027195, 5.000000000000000000 ) ) ;
#5807 = VERTEX_POINT ( 'NONE', #3647 ) ;
#5808 = DIRECTION ( 'NONE',  ( -1.000000000000000000, 0.000000000000000000, 0.000000000000000000 ) ) ;
#5809 = VECTOR ( 'NONE', #783, 1000.000000000000000 ) ;
#5810 = VERTEX_POINT ( 'NONE', #5574 ) ;
#5811 = DIRECTION ( 'NONE',  ( -0.000000000000000000, -0.000000000000000000, 1.000000000000000000 ) ) ;
#5812 = EDGE_LOOP ( 'NONE', ( #2856, #749, #177, #569 ) ) ;
#5813 = DIRECTION ( 'NONE',  ( 0.000000000000000000, 0.000000000000000000, -1.000000000000000000 ) ) ;
#5814 = AXIS2_PLACEMENT_3D ( 'NONE', #3634, #4898, #3080 ) ;
#5815 = VECTOR ( 'NONE', #5380, 1000.000000000000000 ) ;
#5816 = CARTESIAN_POINT ( 'NONE',  ( -58.28727900000002649, 50.21911099999999095, 2.000000000000000000 ) ) ;
#5817 = CARTESIAN_POINT ( 'NONE',  ( -39.23727900000002933, 63.86911099999998953, 2.000000000000000000 ) ) ;
#5818 = EDGE_CURVE ( 'NONE', #5190, #592, #4233, .T. ) ;
#5819 = DIRECTION ( 'NONE',  ( -0.000000000000000000, -0.000000000000000000, 1.000000000000000000 ) ) ;
#5820 = ORIENTED_EDGE ( 'NONE', *, *, #3780, .F. ) ;
#5821 = CIRCLE ( 'NONE', #5688, 0.9977672882800908694 ) ;
#5822 = VECTOR ( 'NONE', #6412, 1000.000000000000000 ) ;
#5823 = EDGE_CURVE ( 'NONE', #819, #3187, #2471, .T. ) ;
#5824 = ADVANCED_FACE ( 'NONE', ( #1848 ), #8100, .T. ) ;
#5825 = CYLINDRICAL_SURFACE ( 'NONE', #4221, 0.3999999999999975797 ) ;
#5826 = DIRECTION ( 'NONE',  ( -1.000000000000000000, 0.000000000000000000, 0.000000000000000000 ) ) ;
#5827 = ORIENTED_EDGE ( 'NONE', *, *, #57, .T. ) ;
#5828 = PLANE ( 'NONE',  #4836 ) ;
#5829 = DIRECTION ( 'NONE',  ( -1.000000000000000000, 0.000000000000000000, 0.000000000000000000 ) ) ;
#5830 = ADVANCED_FACE ( 'NONE', ( #6811 ), #3727, .F. ) ;
#5831 = VECTOR ( 'NONE', #2274, 1000.000000000000000 ) ;
#5832 = VECTOR ( 'NONE', #2938, 1000.000000000000000 ) ;
#5833 = DIRECTION ( 'NONE',  ( 0.000000000000000000, 0.000000000000000000, -1.000000000000000000 ) ) ;
#5834 = ADVANCED_FACE ( 'NONE', ( #6772 ), #4309, .F. ) ;
#5835 = EDGE_CURVE ( 'NONE', #7325, #3261, #5564, .T. ) ;
#5836 = EDGE_CURVE ( 'NONE', #3105, #6987, #2527, .T. ) ;
#5837 = AXIS2_PLACEMENT_3D ( 'NONE', #578, #2518, #5034 ) ;
#5838 = PLANE ( 'NONE',  #5163 ) ;
#5839 = CARTESIAN_POINT ( 'NONE',  ( 2.853684177437179059, -9.557274015923406196, 5.000000000000000000 ) ) ;
#5840 = ORIENTED_EDGE ( 'NONE', *, *, #2209, .T. ) ;
#5841 = VECTOR ( 'NONE', #2663, 1000.000000000000114 ) ;
#5842 = ORIENTED_EDGE ( 'NONE', *, *, #6861, .T. ) ;
#5843 = VERTEX_POINT ( 'NONE', #3764 ) ;
#5844 = CARTESIAN_POINT ( 'NONE',  ( -6.487279000000012452, 41.81911099999999237, 5.000000000000000000 ) ) ;
#5845 = EDGE_CURVE ( 'NONE', #3187, #5450, #4948, .T. ) ;
#5846 = DIRECTION ( 'NONE',  ( 1.000000000000000000, 0.000000000000000000, 0.000000000000000000 ) ) ;
#5847 = EDGE_LOOP ( 'NONE', ( #2021, #669, #2939, #6413 ) ) ;
#5848 = ORIENTED_EDGE ( 'NONE', *, *, #135, .T. ) ;
#5849 = CARTESIAN_POINT ( 'NONE',  ( -23.36227900000000091, 79.14411100000000943, 5.000000000000000000 ) ) ;
#5850 = CARTESIAN_POINT ( 'NONE',  ( -81.51003633868000975, 16.98965514279599986, 2.000000000000000000 ) ) ;
#5851 = LINE ( 'NONE', #6741, #1967 ) ;
#5852 = ORIENTED_EDGE ( 'NONE', *, *, #4143, .F. ) ;
#5853 = LINE ( 'NONE', #6303, #2249 ) ;
#5854 = ORIENTED_EDGE ( 'NONE', *, *, #1908, .F. ) ;
#5855 = PLANE ( 'NONE',  #7802 ) ;
#5856 = ORIENTED_EDGE ( 'NONE', *, *, #4705, .T. ) ;
#5857 = ORIENTED_EDGE ( 'NONE', *, *, #885, .F. ) ;
#5858 = CYLINDRICAL_SURFACE ( 'NONE', #5058, 0.3999999999999975797 ) ;
#5859 = ORIENTED_EDGE ( 'NONE', *, *, #1881, .T. ) ;
#5860 = CARTESIAN_POINT ( 'NONE',  ( -23.36227900000000091, 79.14411100000000943, 5.000000000000000000 ) ) ;
#5861 = CARTESIAN_POINT ( 'NONE',  ( -20.58727900000001299, 61.26911099999998811, 2.000000000000000000 ) ) ;
#5862 = EDGE_CURVE ( 'NONE', #4066, #2603, #7017, .T. ) ;
#5863 = FACE_BOUND ( 'NONE', #7170, .T. ) ;
#5864 = AXIS2_PLACEMENT_3D ( 'NONE', #1882, #4391, #6147 ) ;
#5865 = CARTESIAN_POINT ( 'NONE',  ( -22.86227900000000091, 60.09411099999999806, 2.000000000000000000 ) ) ;
#5866 = FACE_OUTER_BOUND ( 'NONE', #4695, .T. ) ;
#5867 = VECTOR ( 'NONE', #4030, 1000.000000000000000 ) ;
#5868 = CARTESIAN_POINT ( 'NONE',  ( -2.507274015923405486, 9.357274015923398025, 2.000000000000000000 ) ) ;
#5869 = VERTEX_POINT ( 'NONE', #3687 ) ;
#5870 = PLANE ( 'NONE',  #5231 ) ;
#5871 = CARTESIAN_POINT ( 'NONE',  ( -58.68727900000002506, 82.96911099999999806, 2.000000000000000000 ) ) ;
#5872 = FACE_OUTER_BOUND ( 'NONE', #7762, .T. ) ;
#5873 = AXIS2_PLACEMENT_3D ( 'NONE', #4022, #5908, #241 ) ;
#5874 = LINE ( 'NONE', #1450, #2127 ) ;
#5875 = CARTESIAN_POINT ( 'NONE',  ( -24.36227899999998670, 80.14411099999728094, 5.000000000000000000 ) ) ;
#5876 = ORIENTED_EDGE ( 'NONE', *, *, #7517, .T. ) ;
#5877 = ORIENTED_EDGE ( 'NONE', *, *, #7647, .T. ) ;
#5878 = ORIENTED_EDGE ( 'NONE', *, *, #3200, .T. ) ;
#5879 = ADVANCED_FACE ( 'NONE', ( #7560 ), #2392, .F. ) ;
#5880 = CARTESIAN_POINT ( 'NONE',  ( -63.63727900000002080, 59.31911099999999237, 2.000000000000000000 ) ) ;
#5881 = EDGE_CURVE ( 'NONE', #5458, #7036, #4095, .T. ) ;
#5882 = DIRECTION ( 'NONE',  ( -0.000000000000000000, -1.000000000000000000, -0.000000000000000000 ) ) ;
#5883 = ORIENTED_EDGE ( 'NONE', *, *, #232, .F. ) ;
#5884 = ORIENTED_EDGE ( 'NONE', *, *, #6435, .T. ) ;
#5885 = VERTEX_POINT ( 'NONE', #5072 ) ;
#5886 = EDGE_CURVE ( 'NONE', #5687, #4178, #1114, .T. ) ;
#5887 = EDGE_CURVE ( 'NONE', #8042, #407, #492, .T. ) ;
#5888 = DIRECTION ( 'NONE',  ( 0.000000000000000000, 0.000000000000000000, 1.000000000000000000 ) ) ;
#5889 = LINE ( 'NONE', #3615, #6043 ) ;
#5890 = LINE ( 'NONE', #5974, #4187 ) ;
#5891 = VERTEX_POINT ( 'NONE', #7438 ) ;
#5892 = DIRECTION ( 'NONE',  ( -1.262878690511114353E-12, 1.000000000000000000, 0.000000000000000000 ) ) ;
#5893 = EDGE_LOOP ( 'NONE', ( #2072, #6030, #4806, #2073 ) ) ;
#5894 = CARTESIAN_POINT ( 'NONE',  ( 14.57485339871646346, 7.462336869566425612, 5.000000000000000000 ) ) ;
#5895 = AXIS2_PLACEMENT_3D ( 'NONE', #870, #750, #5910 ) ;
#5896 = VERTEX_POINT ( 'NONE', #1769 ) ;
#5897 = DIRECTION ( 'NONE',  ( 0.02449038266015602511, -0.9997000655982568595, 0.000000000000000000 ) ) ;
#5898 = ORIENTED_EDGE ( 'NONE', *, *, #1234, .T. ) ;
#5899 = CARTESIAN_POINT ( 'NONE',  ( -59.46452166131000183, 84.14856685720401686, 2.000000000000000000 ) ) ;
#5900 = CARTESIAN_POINT ( 'NONE',  ( -101.7372790000000151, 36.81911099999999237, 5.000000000000000000 ) ) ;
#5901 = DIRECTION ( 'NONE',  ( 0.000000000000000000, 0.000000000000000000, -1.000000000000000000 ) ) ;
#5902 = LINE ( 'NONE', #7340, #1455 ) ;
#5903 = CIRCLE ( 'NONE', #3503, 0.3999999999999975797 ) ;
#5904 = CARTESIAN_POINT ( 'NONE',  ( -63.63727900000002080, 40.26911099999998811, 2.000000000000000000 ) ) ;
#5905 = ADVANCED_FACE ( 'NONE', ( #4485 ), #7019, .F. ) ;
#5906 = CARTESIAN_POINT ( 'NONE',  ( -31.34645300000000390, 1.944111000000000145, 2.000000000000000000 ) ) ;
#5907 = AXIS2_PLACEMENT_3D ( 'NONE', #6969, #4562, #1436 ) ;
#5908 = DIRECTION ( 'NONE',  ( 0.000000000000000000, 0.000000000000000000, 1.000000000000000000 ) ) ;
#5909 = EDGE_LOOP ( 'NONE', ( #1718, #2424, #1465, #1214 ) ) ;
#5910 = DIRECTION ( 'NONE',  ( 1.000000000000000000, 1.292365014155489333E-13, 0.000000000000000000 ) ) ;
#5911 = CARTESIAN_POINT ( 'NONE',  ( -101.3372789999999952, 69.96911099999999806, 5.000000000000000000 ) ) ;
#5912 = FACE_OUTER_BOUND ( 'NONE', #975, .T. ) ;
#5913 = AXIS2_PLACEMENT_3D ( 'NONE', #3871, #1301, #1346 ) ;
#5914 = DIRECTION ( 'NONE',  ( -0.000000000000000000, -0.000000000000000000, 1.000000000000000000 ) ) ;
#5915 = CARTESIAN_POINT ( 'NONE',  ( -39.63727900000002791, 26.16911099999998669, 2.000000000000000000 ) ) ;
#5916 = ORIENTED_EDGE ( 'NONE', *, *, #3359, .F. ) ;
#5917 = AXIS2_PLACEMENT_3D ( 'NONE', #4697, #6032, #1027 ) ;
#5918 = ORIENTED_EDGE ( 'NONE', *, *, #6149, .F. ) ;
#5919 = ORIENTED_EDGE ( 'NONE', *, *, #3304, .F. ) ;
#5920 = DIRECTION ( 'NONE',  ( 1.000000000000000000, -0.000000000000000000, -0.000000000000000000 ) ) ;
#5921 = AXIS2_PLACEMENT_3D ( 'NONE', #5196, #2555, #7093 ) ;
#5922 = DIRECTION ( 'NONE',  ( -0.000000000000000000, -0.000000000000000000, 1.000000000000000000 ) ) ;
#5923 = EDGE_LOOP ( 'NONE', ( #5502, #7954, #7215, #4643 ) ) ;
#5924 = ADVANCED_FACE ( 'NONE', ( #828 ), #3329, .F. ) ;
#5925 = VERTEX_POINT ( 'NONE', #2060 ) ;
#5926 = ORIENTED_EDGE ( 'NONE', *, *, #7146, .T. ) ;
#5927 = CARTESIAN_POINT ( 'NONE',  ( -47.78727900000002649, 4.119110999999994860, 2.000000000000000000 ) ) ;
#5928 = AXIS2_PLACEMENT_3D ( 'NONE', #2617, #5804, #7581 ) ;
#5929 = DIRECTION ( 'NONE',  ( -0.000000000000000000, -0.000000000000000000, 1.000000000000000000 ) ) ;
#5930 = ORIENTED_EDGE ( 'NONE', *, *, #2142, .T. ) ;
#5931 = ADVANCED_FACE ( 'NONE', ( #3849 ), #5158, .F. ) ;
#5932 = LINE ( 'NONE', #1630, #7394 ) ;
#5933 = VECTOR ( 'NONE', #74, 1000.000000000000000 ) ;
#5934 = ORIENTED_EDGE ( 'NONE', *, *, #2947, .F. ) ;
#5935 = DIRECTION ( 'NONE',  ( 0.000000000000000000, 0.000000000000000000, 1.000000000000000000 ) ) ;
#5936 = ADVANCED_FACE ( 'NONE', ( #867 ), #1360, .F. ) ;
#5937 = AXIS2_PLACEMENT_3D ( 'NONE', #2478, #585, #5710 ) ;
#5938 = EDGE_CURVE ( 'NONE', #7284, #432, #6438, .T. ) ;
#5939 = ORIENTED_EDGE ( 'NONE', *, *, #1267, .T. ) ;
#5940 = LINE ( 'NONE', #6785, #5999 ) ;
#5941 = EDGE_LOOP ( 'NONE', ( #6786, #7632, #1452, #1866 ) ) ;
#5942 = CARTESIAN_POINT ( 'NONE',  ( -6.087279000000014761, 42.21911099999999095, 2.000000000000000000 ) ) ;
#5943 = CARTESIAN_POINT ( 'NONE',  ( -63.23727900000002222, 39.86911099999998953, 2.000000000000000000 ) ) ;
#5944 = DIRECTION ( 'NONE',  ( 0.000000000000000000, 0.000000000000000000, -1.000000000000000000 ) ) ;
#5945 = AXIS2_PLACEMENT_3D ( 'NONE', #5471, #4896, #4935 ) ;
#5946 = LINE ( 'NONE', #2179, #1842 ) ;
#5947 = EDGE_LOOP ( 'NONE', ( #6011, #262, #1965, #4787 ) ) ;
#5948 = CARTESIAN_POINT ( 'NONE',  ( -6.487279000000012452, 41.81911099999999237, 5.000000000000000000 ) ) ;
#5949 = LINE ( 'NONE', #4653, #4114 ) ;
#5950 = VECTOR ( 'NONE', #5892, 1000.000000000000000 ) ;
#5951 = DIRECTION ( 'NONE',  ( 1.000000000000000000, 0.000000000000000000, 0.000000000000000000 ) ) ;
#5952 = ORIENTED_EDGE ( 'NONE', *, *, #4290, .T. ) ;
#5953 = DIRECTION ( 'NONE',  ( 0.000000000000000000, -1.000000000000000000, -0.000000000000000000 ) ) ;
#5954 = CARTESIAN_POINT ( 'NONE',  ( -47.78727900000002649, 17.81911099999999948, 2.000000000000000000 ) ) ;
#5955 = CARTESIAN_POINT ( 'NONE',  ( -45.91227899999999806, 24.49411100000000019, 2.000000000000000000 ) ) ;
#5956 = AXIS2_PLACEMENT_3D ( 'NONE', #6170, #5550, #1786 ) ;
#5957 = CARTESIAN_POINT ( 'NONE',  ( -6.487279000000012452, 41.81911099999999237, 2.000000000000000000 ) ) ;
#5958 = DIRECTION ( 'NONE',  ( -1.000000000000000000, 0.000000000000000000, 0.000000000000000000 ) ) ;
#5959 = ORIENTED_EDGE ( 'NONE', *, *, #4478, .F. ) ;
#5960 = CIRCLE ( 'NONE', #1998, 0.3999999999999975797 ) ;
#5961 = VECTOR ( 'NONE', #6285, 1000.000000000000000 ) ;
#5962 = ORIENTED_EDGE ( 'NONE', *, *, #6782, .F. ) ;
#5963 = VERTEX_POINT ( 'NONE', #747 ) ;
#5964 = EDGE_CURVE ( 'NONE', #7067, #6775, #3819, .T. ) ;
#5965 = DIRECTION ( 'NONE',  ( 1.000000000000000000, 0.000000000000000000, 0.000000000000000000 ) ) ;
#5966 = VECTOR ( 'NONE', #4908, 1000.000000000000000 ) ;
#5967 = AXIS2_PLACEMENT_3D ( 'NONE', #3193, #5181, #847 ) ;
#5968 = EDGE_CURVE ( 'NONE', #2533, #6511, #3690, .T. ) ;
#5969 = LINE ( 'NONE', #3911, #4081 ) ;
#5970 = EDGE_CURVE ( 'NONE', #8033, #6050, #7098, .T. ) ;
#5971 = VERTEX_POINT ( 'NONE', #115 ) ;
#5972 = ORIENTED_EDGE ( 'NONE', *, *, #7259, .T. ) ;
#5973 = FILL_AREA_STYLE_COLOUR ( '', #8009 ) ;
#5974 = CARTESIAN_POINT ( 'NONE',  ( -25.13727900000002791, 26.16911099999998669, 2.000000000000000000 ) ) ;
#5975 = CYLINDRICAL_SURFACE ( 'NONE', #4205, 0.3999999999999975797 ) ;
#5976 = ORIENTED_EDGE ( 'NONE', *, *, #1590, .F. ) ;
#5977 = FACE_OUTER_BOUND ( 'NONE', #2508, .T. ) ;
#5978 = ADVANCED_FACE ( 'NONE', ( #3809 ), #5825, .F. ) ;
#5979 = VERTEX_POINT ( 'NONE', #1442 ) ;
#5980 = DIRECTION ( 'NONE',  ( 1.000000000000000000, 0.000000000000000000, 0.000000000000000000 ) ) ;
#5981 = LINE ( 'NONE', #2795, #7252 ) ;
#5982 = CYLINDRICAL_SURFACE ( 'NONE', #5634, 0.9977672882727356418 ) ;
#5983 = DIRECTION ( 'NONE',  ( -0.5000000000000001110, -0.8660254037844387076, 0.000000000000000000 ) ) ;
#5984 = EDGE_CURVE ( 'NONE', #1353, #926, #2682, .T. ) ;
#5985 = DIRECTION ( 'NONE',  ( 0.000000000000000000, 0.000000000000000000, 1.000000000000000000 ) ) ;
#5986 = ADVANCED_FACE ( 'NONE', ( #5866 ), #199, .T. ) ;
#5987 = VERTEX_POINT ( 'NONE', #239 ) ;
#5988 = DIRECTION ( 'NONE',  ( -0.000000000000000000, -0.000000000000000000, 1.000000000000000000 ) ) ;
#5989 = DIRECTION ( 'NONE',  ( -0.000000000000000000, -0.000000000000000000, 1.000000000000000000 ) ) ;
#5990 = DIRECTION ( 'NONE',  ( 0.000000000000000000, 0.000000000000000000, -1.000000000000000000 ) ) ;
#5991 = ORIENTED_EDGE ( 'NONE', *, *, #5680, .T. ) ;
#5992 = EDGE_CURVE ( 'NONE', #6249, #5125, #2723, .T. ) ;
#5993 = LINE ( 'NONE', #4860, #92 ) ;
#5994 = DIRECTION ( 'NONE',  ( 1.000000000000000000, 0.000000000000000000, 0.000000000000000000 ) ) ;
#5995 = VECTOR ( 'NONE', #7881, 1000.000000000000000 ) ;
#5996 = ADVANCED_FACE ( 'NONE', ( #1484 ), #4439, .T. ) ;
#5997 = DIRECTION ( 'NONE',  ( -1.000000000000000000, 0.000000000000000000, 0.000000000000000000 ) ) ;
#5998 = EDGE_CURVE ( 'NONE', #7689, #615, #6362, .T. ) ;
#5999 = VECTOR ( 'NONE', #5897, 1000.000000000000000 ) ;
#6000 = LINE ( 'NONE', #5447, #7540 ) ;
#6001 = CARTESIAN_POINT ( 'NONE',  ( -47.03727899999999806, 24.49411100000000019, 5.000000000000000000 ) ) ;
#6002 = VERTEX_POINT ( 'NONE', #3209 ) ;
#6003 = ORIENTED_EDGE ( 'NONE', *, *, #5998, .T. ) ;
#6004 = ORIENTED_EDGE ( 'NONE', *, *, #3174, .T. ) ;
#6005 = EDGE_CURVE ( 'NONE', #223, #2502, #7416, .T. ) ;
#6006 = DIRECTION ( 'NONE',  ( -1.000000000000000000, 0.000000000000000000, 0.000000000000000000 ) ) ;
#6007 = VERTEX_POINT ( 'NONE', #3412 ) ;
#6008 = CARTESIAN_POINT ( 'NONE',  ( -63.63727900000002080, 26.16911099999998669, 2.000000000000000000 ) ) ;
#6009 = VECTOR ( 'NONE', #6526, 1000.000000000000000 ) ;
#6010 = EDGE_LOOP ( 'NONE', ( #2545, #5530, #3540, #3131 ) ) ;
#6011 = ORIENTED_EDGE ( 'NONE', *, *, #4671, .F. ) ;
#6012 = DIRECTION ( 'NONE',  ( 1.000000000000000000, 0.000000000000000000, 0.000000000000000000 ) ) ;
#6013 = ADVANCED_FACE ( 'NONE', ( #4693 ), #3454, .F. ) ;
#6014 = LINE ( 'NONE', #5259, #6338 ) ;
#6015 = ORIENTED_EDGE ( 'NONE', *, *, #5085, .F. ) ;
#6016 = CARTESIAN_POINT ( 'NONE',  ( -77.33727900000002364, 25.76911099999999166, 2.000000000000000000 ) ) ;
#6017 = VERTEX_POINT ( 'NONE', #5395 ) ;
#6018 = EDGE_CURVE ( 'NONE', #5054, #506, #4922, .T. ) ;
#6019 = CARTESIAN_POINT ( 'NONE',  ( -6.087279000000014761, 42.21911099999999095, 5.000000000000000000 ) ) ;
#6020 = VERTEX_POINT ( 'NONE', #1559 ) ;
#6021 = LINE ( 'NONE', #4774, #5258 ) ;
#6022 = LINE ( 'NONE', #4776, #626 ) ;
#6023 = CARTESIAN_POINT ( 'NONE',  ( -101.3372790000000094, 18.16911099999998669, 2.000000000000000000 ) ) ;
#6024 = PLANE ( 'NONE',  #3940 ) ;
#6025 = ORIENTED_EDGE ( 'NONE', *, *, #1130, .T. ) ;
#6026 = LINE ( 'NONE', #364, #3815 ) ;
#6027 =( GEOMETRIC_REPRESENTATION_CONTEXT ( 3 ) GLOBAL_UNCERTAINTY_ASSIGNED_CONTEXT ( ( #4768 ) ) GLOBAL_UNIT_ASSIGNED_CONTEXT ( ( #7201, #4674, #2740 ) ) REPRESENTATION_CONTEXT ( 'NONE', 'WORKASPACE' ) );
#6028 = CARTESIAN_POINT ( 'NONE',  ( -96.78727900000001227, 56.26911099999999522, 2.000000000000000000 ) ) ;
#6029 = CARTESIAN_POINT ( 'NONE',  ( -77.33727900000002364, 45.21911099999999095, 5.000000000000000000 ) ) ;
#6030 = ORIENTED_EDGE ( 'NONE', *, *, #4290, .F. ) ;
#6031 = CARTESIAN_POINT ( 'NONE',  ( -44.58727900000002364, 68.86911100000000374, 2.000000000000000000 ) ) ;
#6032 = DIRECTION ( 'NONE',  ( 0.000000000000000000, 0.000000000000000000, 1.000000000000000000 ) ) ;
#6033 = DIRECTION ( 'NONE',  ( -0.000000000000000000, -0.000000000000000000, 1.000000000000000000 ) ) ;
#6034 = EDGE_CURVE ( 'NONE', #6641, #1297, #5949, .T. ) ;
#6035 = VECTOR ( 'NONE', #2018, 1000.000000000000000 ) ;
#6036 = EDGE_CURVE ( 'NONE', #2288, #311, #5189, .T. ) ;
#6037 = CARTESIAN_POINT ( 'NONE',  ( -44.58727900000002364, 45.26911099999999522, 2.000000000000000000 ) ) ;
#6038 = CARTESIAN_POINT ( 'NONE',  ( -28.23961395899298665, 2.949251172757027195, 5.000000000000000000 ) ) ;
#6039 = EDGE_LOOP ( 'NONE', ( #4878, #3830, #4673, #4430 ) ) ;
#6040 = VERTEX_POINT ( 'NONE', #987 ) ;
#6041 = ORIENTED_EDGE ( 'NONE', *, *, #7352, .F. ) ;
#6042 = DIRECTION ( 'NONE',  ( 1.000000000000000000, 0.000000000000000000, 0.000000000000000000 ) ) ;
#6043 = VECTOR ( 'NONE', #464, 1000.000000000000000 ) ;
#6044 = CARTESIAN_POINT ( 'NONE',  ( -58.68727900000002506, 82.96911099999999806, 2.000000000000000000 ) ) ;
#6045 = EDGE_LOOP ( 'NONE', ( #6616, #2800, #5365, #7735 ) ) ;
#6046 = CARTESIAN_POINT ( 'NONE',  ( -82.68727900000001796, 51.31911099999999237, 2.000000000000000000 ) ) ;
#6047 = VECTOR ( 'NONE', #7624, 1000.000000000000000 ) ;
#6048 = EDGE_CURVE ( 'NONE', #5722, #6844, #1063, .T. ) ;
#6049 = ORIENTED_EDGE ( 'NONE', *, *, #2302, .T. ) ;
#6050 = VERTEX_POINT ( 'NONE', #287 ) ;
#6051 = ORIENTED_EDGE ( 'NONE', *, *, #5090, .T. ) ;
#6052 = DIRECTION ( 'NONE',  ( 0.9997000655982551942, 0.02449038266022485200, 0.000000000000000000 ) ) ;
#6053 = CIRCLE ( 'NONE', #6309, 0.3999999999999975797 ) ;
#6054 = EDGE_LOOP ( 'NONE', ( #5260, #1587, #7329, #3975 ) ) ;
#6055 = CARTESIAN_POINT ( 'NONE',  ( -80.51227900000000659, 22.99411100000000019, 2.000000000000000000 ) ) ;
#6056 = EDGE_CURVE ( 'NONE', #7179, #151, #6071, .T. ) ;
#6057 = CIRCLE ( 'NONE', #2486, 0.3999999999999975797 ) ;
#6058 = VERTEX_POINT ( 'NONE', #7892 ) ;
#6059 = VECTOR ( 'NONE', #4687, 1000.000000000000114 ) ;
#6060 = ORIENTED_EDGE ( 'NONE', *, *, #1881, .F. ) ;
#6061 = DIRECTION ( 'NONE',  ( -0.000000000000000000, -0.000000000000000000, 1.000000000000000000 ) ) ;
#6062 = VECTOR ( 'NONE', #6515, 1000.000000000000000 ) ;
#6063 = CARTESIAN_POINT ( 'NONE',  ( -81.51227900000000659, 15.99411099999999841, 5.000000000000000000 ) ) ;
#6064 = PLANE ( 'NONE',  #6579 ) ;
#6065 = EDGE_CURVE ( 'NONE', #2693, #3822, #4738, .T. ) ;
#6066 = CARTESIAN_POINT ( 'NONE',  ( -33.68727900000002506, 4.119110999999994860, 2.000000000000000000 ) ) ;
#6067 = ORIENTED_EDGE ( 'NONE', *, *, #4876, .F. ) ;
#6068 = DIRECTION ( 'NONE',  ( 0.000000000000000000, -0.000000000000000000, 1.000000000000000000 ) ) ;
#6069 = ORIENTED_EDGE ( 'NONE', *, *, #6178, .F. ) ;
#6070 = EDGE_CURVE ( 'NONE', #3093, #6007, #2265, .T. ) ;
#6071 = LINE ( 'NONE', #7217, #2687 ) ;
#6072 = DIRECTION ( 'NONE',  ( -0.2588190399164175814, -0.9659258276786802933, 0.000000000000000000 ) ) ;
#6073 = ORIENTED_EDGE ( 'NONE', *, *, #437, .F. ) ;
#6074 = AXIS2_PLACEMENT_3D ( 'NONE', #7783, #2767, #2728 ) ;
#6075 = DIRECTION ( 'NONE',  ( -0.000000000000000000, -1.000000000000000000, -0.000000000000000000 ) ) ;
#6076 = DIRECTION ( 'NONE',  ( -0.000000000000000000, -0.000000000000000000, 1.000000000000000000 ) ) ;
#6077 = DIRECTION ( 'NONE',  ( 1.000000000000000000, 0.000000000000000000, 0.000000000000000000 ) ) ;
#6078 = AXIS2_PLACEMENT_3D ( 'NONE', #3243, #7687, #5153 ) ;
#6079 = CARTESIAN_POINT ( 'NONE',  ( -43.41227899999998385, 85.14411099999728094, 2.000000000000000000 ) ) ;
#6080 = DIRECTION ( 'NONE',  ( 0.000000000000000000, 1.000000000000000000, 0.000000000000000000 ) ) ;
#6081 = ORIENTED_EDGE ( 'NONE', *, *, #1085, .T. ) ;
#6082 = ORIENTED_EDGE ( 'NONE', *, *, #3684, .F. ) ;
#6083 = ORIENTED_EDGE ( 'NONE', *, *, #3904, .T. ) ;
#6084 = AXIS2_PLACEMENT_3D ( 'NONE', #3547, #3505, #4244 ) ;
#6086 = CARTESIAN_POINT ( 'NONE',  ( -77.33727900000002364, 39.86911099999998953, 5.000000000000000000 ) ) ;
#6085 = AXIS2_PLACEMENT_3D ( 'NONE', #1183, #3673, #6227 ) ;
#6087 = EDGE_CURVE ( 'NONE', #3262, #571, #3488, .T. ) ;
#6088 = LINE ( 'NONE', #7957, #6353 ) ;
#6089 = LINE ( 'NONE', #5456, #5030 ) ;
#6090 = VECTOR ( 'NONE', #557, 1000.000000000000000 ) ;
#6091 = ORIENTED_EDGE ( 'NONE', *, *, #3959, .T. ) ;
#6092 = ORIENTED_EDGE ( 'NONE', *, *, #5845, .F. ) ;
#6093 = ORIENTED_EDGE ( 'NONE', *, *, #2798, .F. ) ;
#6094 = EDGE_CURVE ( 'NONE', #2552, #806, #7308, .T. ) ;
#6095 = CIRCLE ( 'NONE', #2786, 0.3999999999999975797 ) ;
#6096 = DIRECTION ( 'NONE',  ( 0.000000000000000000, 0.000000000000000000, 1.000000000000000000 ) ) ;
#6097 = CARTESIAN_POINT ( 'NONE',  ( -34.08727900000002364, 17.81911099999999948, 2.000000000000000000 ) ) ;
#6098 = EDGE_CURVE ( 'NONE', #6176, #5428, #2220, .T. ) ;
#6099 = ADVANCED_BREP_SHAPE_REPRESENTATION ( 'EVA_MID', ( #1790, #5759 ), #6027 ) ;
#6100 = ORIENTED_EDGE ( 'NONE', *, *, #2142, .F. ) ;
#6101 = DIRECTION ( 'NONE',  ( 0.000000000000000000, 0.000000000000000000, 1.000000000000000000 ) ) ;
#6102 = FACE_OUTER_BOUND ( 'NONE', #6010, .T. ) ;
#6103 = LINE ( 'NONE', #6834, #5130 ) ;
#6104 = FACE_OUTER_BOUND ( 'NONE', #2201, .T. ) ;
#6105 = ORIENTED_EDGE ( 'NONE', *, *, #7607, .T. ) ;
#6106 = DIRECTION ( 'NONE',  ( -0.000000000000000000, -0.000000000000000000, 1.000000000000000000 ) ) ;
#6107 = EDGE_LOOP ( 'NONE', ( #2351, #50, #6339, #6635 ) ) ;
#6108 = DIRECTION ( 'NONE',  ( -0.000000000000000000, -1.000000000000000000, -0.000000000000000000 ) ) ;
#6109 = DIRECTION ( 'NONE',  ( 0.000000000000000000, 0.000000000000000000, -1.000000000000000000 ) ) ;
#6110 = ORIENTED_EDGE ( 'NONE', *, *, #7495, .F. ) ;
#6111 = DIRECTION ( 'NONE',  ( 1.000000000000000000, 0.000000000000000000, 0.000000000000000000 ) ) ;
#6112 = DIRECTION ( 'NONE',  ( 0.000000000000000000, 0.000000000000000000, 1.000000000000000000 ) ) ;
#6113 = DIRECTION ( 'NONE',  ( 1.000000000000000000, 0.000000000000000000, 0.000000000000000000 ) ) ;
#6114 = LINE ( 'NONE', #4072, #2929 ) ;
#6115 = CARTESIAN_POINT ( 'NONE',  ( -79.51227900000000659, 73.14411099999999522, 2.000000000000000000 ) ) ;
#6116 = VERTEX_POINT ( 'NONE', #904 ) ;
#6117 = ORIENTED_EDGE ( 'NONE', *, *, #3578, .F. ) ;
#6118 = LINE ( 'NONE', #622, #6699 ) ;
#6119 = ADVANCED_FACE ( 'NONE', ( #6604 ), #6682, .F. ) ;
#6120 = CARTESIAN_POINT ( 'NONE',  ( -77.73727900000001512, 77.96911099999999806, 2.000000000000000000 ) ) ;
#6121 = FACE_OUTER_BOUND ( 'NONE', #7876, .T. ) ;
#6122 = DIRECTION ( 'NONE',  ( -1.000000000000000000, 0.000000000000000000, 0.000000000000000000 ) ) ;
#6123 = CIRCLE ( 'NONE', #6780, 0.9977672882802018917 ) ;
#6124 = VERTEX_POINT ( 'NONE', #2803 ) ;
#6125 = DIRECTION ( 'NONE',  ( -1.000000000000000000, 0.000000000000000000, 0.000000000000000000 ) ) ;
#6126 = ORIENTED_EDGE ( 'NONE', *, *, #7287, .F. ) ;
#6127 = ORIENTED_EDGE ( 'NONE', *, *, #4540, .F. ) ;
#6128 = ORIENTED_EDGE ( 'NONE', *, *, #937, .T. ) ;
#6129 = VECTOR ( 'NONE', #5958, 1000.000000000000000 ) ;
#6130 = EDGE_CURVE ( 'NONE', #6448, #607, #4105, .T. ) ;
#6131 = DIRECTION ( 'NONE',  ( 0.000000000000000000, 0.000000000000000000, 1.000000000000000000 ) ) ;
#6132 = FACE_BOUND ( 'NONE', #4247, .T. ) ;
#6133 = ADVANCED_FACE ( 'NONE', ( #2182 ), #1022, .F. ) ;
#6134 = VECTOR ( 'NONE', #1733, 1000.000000000000000 ) ;
#6135 = EDGE_CURVE ( 'NONE', #6058, #5428, #408, .T. ) ;
#6136 = ORIENTED_EDGE ( 'NONE', *, *, #7851, .T. ) ;
#6137 = ORIENTED_EDGE ( 'NONE', *, *, #3891, .F. ) ;
#6138 = DIRECTION ( 'NONE',  ( -1.000000000000000000, 0.000000000000000000, 0.000000000000000000 ) ) ;
#6139 = CARTESIAN_POINT ( 'NONE',  ( 9.357274015923401578, 2.507274015923405486, 2.000000000000000000 ) ) ;
#6140 = PLANE ( 'NONE',  #7512 ) ;
#6141 = CARTESIAN_POINT ( 'NONE',  ( 9.357274015923401578, 2.507274015923405486, 2.000000000000000000 ) ) ;
#6142 = ORIENTED_EDGE ( 'NONE', *, *, #7812, .T. ) ;
#6143 = DIRECTION ( 'NONE',  ( -0.000000000000000000, -0.000000000000000000, -1.000000000000000000 ) ) ;
#6144 = EDGE_CURVE ( 'NONE', #5626, #8090, #2304, .T. ) ;
#6145 = EDGE_CURVE ( 'NONE', #7700, #4569, #7344, .T. ) ;
#6146 = ORIENTED_EDGE ( 'NONE', *, *, #3763, .T. ) ;
#6147 = DIRECTION ( 'NONE',  ( -1.000000000000000000, 0.000000000000000000, 0.000000000000000000 ) ) ;
#6148 = ADVANCED_FACE ( 'NONE', ( #8053 ), #4980, .F. ) ;
#6149 = EDGE_CURVE ( 'NONE', #7171, #6885, #2463, .T. ) ;
#6150 = DIRECTION ( 'NONE',  ( 0.000000000000000000, 1.000000000000000000, 0.000000000000000000 ) ) ;
#6151 = CARTESIAN_POINT ( 'NONE',  ( -115.4372789999999895, 56.26911099999999522, 2.000000000000000000 ) ) ;
#6152 = CARTESIAN_POINT ( 'NONE',  ( -77.33727900000002364, 26.16911099999998669, 2.000000000000000000 ) ) ;
#6153 = LINE ( 'NONE', #6275, #7260 ) ;
#6154 = DIRECTION ( 'NONE',  ( -0.000000000000000000, -1.000000000000000000, -0.000000000000000000 ) ) ;
#6155 = CARTESIAN_POINT ( 'NONE',  ( -25.53727900000002293, 39.86911099999998953, 5.000000000000000000 ) ) ;
#6156 = ORIENTED_EDGE ( 'NONE', *, *, #6894, .T. ) ;
#6157 = ORIENTED_EDGE ( 'NONE', *, *, #2885, .F. ) ;
#6158 = DIRECTION ( 'NONE',  ( 1.000000000000000000, 0.000000000000000000, 0.000000000000000000 ) ) ;
#6159 = DIRECTION ( 'NONE',  ( 0.000000000000000000, 0.000000000000000000, -1.000000000000000000 ) ) ;
#6160 = DIRECTION ( 'NONE',  ( 1.000000000000000000, 0.000000000000000000, 0.000000000000000000 ) ) ;
#6161 = CARTESIAN_POINT ( 'NONE',  ( -6.087279000000014761, 23.16911099999999379, 2.000000000000000000 ) ) ;
#6162 = VECTOR ( 'NONE', #7389, 1000.000000000000000 ) ;
#6163 = ORIENTED_EDGE ( 'NONE', *, *, #4963, .F. ) ;
#6164 = DIRECTION ( 'NONE',  ( 0.000000000000000000, 0.000000000000000000, 1.000000000000000000 ) ) ;
#6165 = FACE_OUTER_BOUND ( 'NONE', #143, .T. ) ;
#6166 = ORIENTED_EDGE ( 'NONE', *, *, #3052, .T. ) ;
#6167 = AXIS2_PLACEMENT_3D ( 'NONE', #7971, #7337, #7929 ) ;
#6168 = ORIENTED_EDGE ( 'NONE', *, *, #2094, .T. ) ;
#6169 = ORIENTED_EDGE ( 'NONE', *, *, #834, .T. ) ;
#6170 = CARTESIAN_POINT ( 'NONE',  ( -96.38727900000002080, 18.16911099999998669, 2.000000000000000000 ) ) ;
#6171 = DIRECTION ( 'NONE',  ( -0.000000000000000000, -0.000000000000000000, 1.000000000000000000 ) ) ;
#6172 = EDGE_CURVE ( 'NONE', #1394, #5925, #6519, .T. ) ;
#6173 = AXIS2_PLACEMENT_3D ( 'NONE', #6139, #3310, #731 ) ;
#6174 = ADVANCED_FACE ( 'NONE', ( #4262 ), #1104, .T. ) ;
#6175 = EDGE_CURVE ( 'NONE', #7750, #1734, #3210, .T. ) ;
#6176 = VERTEX_POINT ( 'NONE', #2340 ) ;
#6177 = DIRECTION ( 'NONE',  ( 1.000000000000000000, 0.000000000000000000, 0.000000000000000000 ) ) ;
#6178 = EDGE_CURVE ( 'NONE', #4178, #2847, #1761, .T. ) ;
#6179 = AXIS2_PLACEMENT_3D ( 'NONE', #5358, #7312, #4025 ) ;
#6180 = LINE ( 'NONE', #6224, #5234 ) ;
#6181 = CARTESIAN_POINT ( 'NONE',  ( -6.087279000000014761, 74.96911099999999806, 2.000000000000000000 ) ) ;
#6182 = LINE ( 'NONE', #5561, #1057 ) ;
#6183 = EDGE_CURVE ( 'NONE', #5125, #1685, #3081, .T. ) ;
#6184 = ORIENTED_EDGE ( 'NONE', *, *, #7620, .T. ) ;
#6185 = LINE ( 'NONE', #4854, #7682 ) ;
#6186 = STYLED_ITEM ( 'NONE', ( #5737 ), #1790 ) ;
#6187 = EDGE_CURVE ( 'NONE', #1486, #5074, #4940, .T. ) ;
#6188 = ORIENTED_EDGE ( 'NONE', *, *, #46, .F. ) ;
#6189 = CARTESIAN_POINT ( 'NONE',  ( -96.38727900000002080, 36.81911099999999237, 2.000000000000000000 ) ) ;
#6190 = ORIENTED_EDGE ( 'NONE', *, *, #7690, .F. ) ;
#6191 = LINE ( 'NONE', #6847, #5664 ) ;
#6192 = ORIENTED_EDGE ( 'NONE', *, *, #7143, .F. ) ;
#6193 = DIRECTION ( 'NONE',  ( 0.02449038266015602511, -0.9997000655982568595, 0.000000000000000000 ) ) ;
#6194 = DIRECTION ( 'NONE',  ( -1.000000000000000000, 5.930678550348058356E-14, 0.000000000000000000 ) ) ;
#6195 = AXIS2_PLACEMENT_3D ( 'NONE', #1875, #5495, #2125 ) ;
#6196 = CARTESIAN_POINT ( 'NONE',  ( -96.78727900000001227, 56.26911099999999522, 2.000000000000000000 ) ) ;
#6197 = CARTESIAN_POINT ( 'NONE',  ( -58.28727900000002649, 45.26911099999999522, 2.000000000000000000 ) ) ;
#6198 = VECTOR ( 'NONE', #3215, 1000.000000000000000 ) ;
#6199 = DIRECTION ( 'NONE',  ( -0.000000000000000000, -0.000000000000000000, -1.000000000000000000 ) ) ;
#6200 = ORIENTED_EDGE ( 'NONE', *, *, #2535, .T. ) ;
#6201 = ORIENTED_EDGE ( 'NONE', *, *, #6178, .T. ) ;
#6202 = DIRECTION ( 'NONE',  ( -1.000000000000000000, 0.000000000000000000, 0.000000000000000000 ) ) ;
#6203 = DIRECTION ( 'NONE',  ( -0.000000000000000000, -0.000000000000000000, 1.000000000000000000 ) ) ;
#6204 = CARTESIAN_POINT ( 'NONE',  ( -100.1872790000000037, 34.54411100000000090, 2.000000000000000000 ) ) ;
#6205 = PLANE ( 'NONE',  #2794 ) ;
#6206 = AXIS2_PLACEMENT_3D ( 'NONE', #6141, #4256, #5602 ) ;
#6207 = VERTEX_POINT ( 'NONE', #6189 ) ;
#6208 = FACE_OUTER_BOUND ( 'NONE', #6835, .T. ) ;
#6209 = DIRECTION ( 'NONE',  ( 1.000000000000000000, 0.000000000000000000, 0.000000000000000000 ) ) ;
#6210 = ORIENTED_EDGE ( 'NONE', *, *, #1901, .T. ) ;
#6211 = AXIS2_PLACEMENT_3D ( 'NONE', #105, #1429, #773 ) ;
#6212 = AXIS2_PLACEMENT_3D ( 'NONE', #7799, #7877, #3703 ) ;
#6213 = EDGE_LOOP ( 'NONE', ( #2204, #7989, #6575, #997 ) ) ;
#6214 = ORIENTED_EDGE ( 'NONE', *, *, #2301, .F. ) ;
#6215 = CARTESIAN_POINT ( 'NONE',  ( -58.68727900000002506, 44.86911099999999664, 2.000000000000000000 ) ) ;
#6216 = DIRECTION ( 'NONE',  ( -0.000000000000000000, -0.000000000000000000, 1.000000000000000000 ) ) ;
#6217 = VECTOR ( 'NONE', #7116, 1000.000000000000000 ) ;
#6218 = VECTOR ( 'NONE', #2035, 1000.000000000000000 ) ;
#6219 = EDGE_LOOP ( 'NONE', ( #4324, #6625, #4227, #5672 ) ) ;
#6220 = CARTESIAN_POINT ( 'NONE',  ( -11.35708165697357686, 13.02298449617150666, 2.000000000000000000 ) ) ;
#6221 = CIRCLE ( 'NONE', #1466, 0.3999999999999975797 ) ;
#6222 = EDGE_CURVE ( 'NONE', #5885, #1335, #4121, .T. ) ;
#6223 = VECTOR ( 'NONE', #6122, 1000.000000000000000 ) ;
#6224 = CARTESIAN_POINT ( 'NONE',  ( -96.78727900000001227, 69.96911099999999806, 2.000000000000000000 ) ) ;
#6225 = DIRECTION ( 'NONE',  ( 0.9999144385346806496, -0.01308111653775370642, 0.000000000000000000 ) ) ;
#6226 = VERTEX_POINT ( 'NONE', #523 ) ;
#6227 = DIRECTION ( 'NONE',  ( 1.000000000000000000, 0.000000000000000000, 0.000000000000000000 ) ) ;
#6228 = ORIENTED_EDGE ( 'NONE', *, *, #490, .F. ) ;
#6229 = PLANE ( 'NONE',  #2375 ) ;
#6230 = EDGE_CURVE ( 'NONE', #3054, #3338, #7385, .T. ) ;
#6231 = VECTOR ( 'NONE', #458, 1000.000000000000000 ) ;
#6232 = ORIENTED_EDGE ( 'NONE', *, *, #1607, .F. ) ;
#6233 = DIRECTION ( 'NONE',  ( -0.000000000000000000, -0.000000000000000000, 1.000000000000000000 ) ) ;
#6234 = VERTEX_POINT ( 'NONE', #3679 ) ;
#6235 = CARTESIAN_POINT ( 'NONE',  ( -96.78727900000001227, 37.21911099999999095, 5.000000000000000000 ) ) ;
#6236 = FACE_OUTER_BOUND ( 'NONE', #5757, .T. ) ;
#6237 = CARTESIAN_POINT ( 'NONE',  ( -101.7372790000000151, 37.21911099999999095, 2.000000000000000000 ) ) ;
#6238 = DIRECTION ( 'NONE',  ( -1.000000000000000000, 0.000000000000000000, 0.000000000000000000 ) ) ;
#6239 = DIRECTION ( 'NONE',  ( 1.000000000000000000, 0.000000000000000000, 0.000000000000000000 ) ) ;
#6240 = ADVANCED_FACE ( 'NONE', ( #8093 ), #3121, .F. ) ;
#6241 = CARTESIAN_POINT ( 'NONE',  ( -77.73727900000001512, 26.16911099999998669, 5.000000000000000000 ) ) ;
#6242 = ORIENTED_EDGE ( 'NONE', *, *, #7517, .F. ) ;
#6243 = EDGE_CURVE ( 'NONE', #5683, #2259, #3040, .T. ) ;
#6244 = ORIENTED_EDGE ( 'NONE', *, *, #1, .T. ) ;
#6245 = CARTESIAN_POINT ( 'NONE',  ( -20.18727900000001796, 74.96911099999999806, 2.000000000000000000 ) ) ;
#6246 = DIRECTION ( 'NONE',  ( 0.000000000000000000, 0.000000000000000000, -1.000000000000000000 ) ) ;
#6247 = PLANE ( 'NONE',  #8050 ) ;
#6248 = CARTESIAN_POINT ( 'NONE',  ( -82.28727900000001227, 56.26911099999999522, 5.000000000000000000 ) ) ;
#6249 = VERTEX_POINT ( 'NONE', #7506 ) ;
#6250 = EDGE_CURVE ( 'NONE', #2320, #2721, #6889, .T. ) ;
#6251 = CARTESIAN_POINT ( 'NONE',  ( -60.46227900000000233, 81.14411100000000943, 2.000000000000000000 ) ) ;
#6252 = CARTESIAN_POINT ( 'NONE',  ( -34.08727900000002364, 18.21911099999999450, 2.000000000000000000 ) ) ;
#6253 = ORIENTED_EDGE ( 'NONE', *, *, #2422, .F. ) ;
#6254 = EDGE_LOOP ( 'NONE', ( #6846, #756, #3779, #7798, #2250, #1591, #117, #3639 ) ) ;
#6255 = ORIENTED_EDGE ( 'NONE', *, *, #4402, .T. ) ;
#6256 = CYLINDRICAL_SURFACE ( 'NONE', #4338, 0.3999999999999975797 ) ;
#6257 = FACE_BOUND ( 'NONE', #2207, .T. ) ;
#6258 = AXIS2_PLACEMENT_3D ( 'NONE', #6552, #4280, #5625 ) ;
#6259 = VERTEX_POINT ( 'NONE', #5647 ) ;
#6260 = EDGE_LOOP ( 'NONE', ( #5383, #6979, #4506, #3702 ) ) ;
#6261 = DIRECTION ( 'NONE',  ( -0.000000000000000000, -0.000000000000000000, -1.000000000000000000 ) ) ;
#6262 = DIRECTION ( 'NONE',  ( 0.000000000000000000, 0.000000000000000000, 1.000000000000000000 ) ) ;
#6263 = DIRECTION ( 'NONE',  ( -0.000000000000000000, -1.000000000000000000, -0.000000000000000000 ) ) ;
#6264 = ORIENTED_EDGE ( 'NONE', *, *, #4223, .F. ) ;
#6265 = LINE ( 'NONE', #604, #935 ) ;
#6266 = VECTOR ( 'NONE', #2763, 1000.000000000000000 ) ;
#6267 = ORIENTED_EDGE ( 'NONE', *, *, #37, .T. ) ;
#6268 = CARTESIAN_POINT ( 'NONE',  ( -5.312278999999766604, 76.14411100000025101, 5.000000000000000000 ) ) ;
#6269 = ORIENTED_EDGE ( 'NONE', *, *, #6465, .F. ) ;
#6270 = DIRECTION ( 'NONE',  ( -0.000000000000000000, -0.000000000000000000, 1.000000000000000000 ) ) ;
#6271 = ORIENTED_EDGE ( 'NONE', *, *, #321, .F. ) ;
#6272 = DIRECTION ( 'NONE',  ( 0.000000000000000000, 0.000000000000000000, 1.000000000000000000 ) ) ;
#6273 = CYLINDRICAL_SURFACE ( 'NONE', #3507, 0.4000000000000010214 ) ;
#6274 = FACE_OUTER_BOUND ( 'NONE', #5597, .T. ) ;
#6275 = CARTESIAN_POINT ( 'NONE',  ( -79.51227899999999238, 23.99411100000227393, 2.000000000000000000 ) ) ;
#6276 = ORIENTED_EDGE ( 'NONE', *, *, #872, .T. ) ;
#6277 = DIRECTION ( 'NONE',  ( 0.000000000000000000, 0.000000000000000000, 1.000000000000000000 ) ) ;
#6278 = DIRECTION ( 'NONE',  ( -0.000000000000000000, -0.000000000000000000, 1.000000000000000000 ) ) ;
#6279 = VERTEX_POINT ( 'NONE', #2509 ) ;
#6280 = DIRECTION ( 'NONE',  ( -0.000000000000000000, -0.000000000000000000, 1.000000000000000000 ) ) ;
#6281 = CARTESIAN_POINT ( 'NONE',  ( -20.58727900000001299, 36.86911099999999664, 5.000000000000000000 ) ) ;
#6282 = EDGE_CURVE ( 'NONE', #4134, #4207, #5476, .T. ) ;
#6283 = CARTESIAN_POINT ( 'NONE',  ( -77.73727900000001512, 26.16911099999998669, 2.000000000000000000 ) ) ;
#6284 = CARTESIAN_POINT ( 'NONE',  ( -44.58727900000002364, 45.26911099999999522, 5.000000000000000000 ) ) ;
#6285 = DIRECTION ( 'NONE',  ( -0.000000000000000000, -0.000000000000000000, 1.000000000000000000 ) ) ;
#6286 = EDGE_CURVE ( 'NONE', #607, #176, #5731, .T. ) ;
#6287 = CARTESIAN_POINT ( 'NONE',  ( -39.63727900000002791, 64.26911099999999522, 2.000000000000000000 ) ) ;
#6288 = CARTESIAN_POINT ( 'NONE',  ( -6.487279000000012452, 56.31911099999999237, 5.000000000000000000 ) ) ;
#6289 = VERTEX_POINT ( 'NONE', #8011 ) ;
#6290 = ORIENTED_EDGE ( 'NONE', *, *, #7784, .F. ) ;
#6291 = ORIENTED_EDGE ( 'NONE', *, *, #3891, .T. ) ;
#6292 = AXIS2_PLACEMENT_3D ( 'NONE', #4945, #6892, #7591 ) ;
#6293 = DIRECTION ( 'NONE',  ( -7.573197224763012245E-14, 1.000000000000000000, 0.000000000000000000 ) ) ;
#6294 = LINE ( 'NONE', #1997, #7003 ) ;
#6295 = VECTOR ( 'NONE', #5228, 1000.000000000000114 ) ;
#6296 = ORIENTED_EDGE ( 'NONE', *, *, #5818, .F. ) ;
#6297 = EDGE_CURVE ( 'NONE', #6226, #4172, #6928, .T. ) ;
#6298 = VERTEX_POINT ( 'NONE', #2584 ) ;
#6299 = LINE ( 'NONE', #7496, #3936 ) ;
#6300 = FACE_OUTER_BOUND ( 'NONE', #3603, .T. ) ;
#6301 = CARTESIAN_POINT ( 'NONE',  ( -20.18727900000001796, 75.36911099999998953, 5.000000000000000000 ) ) ;
#6302 = ORIENTED_EDGE ( 'NONE', *, *, #6843, .F. ) ;
#6303 = CARTESIAN_POINT ( 'NONE',  ( -63.63727900000002080, 40.26911099999998811, 5.000000000000000000 ) ) ;
#6304 = VECTOR ( 'NONE', #4158, 1000.000000000000000 ) ;
#6305 = VERTEX_POINT ( 'NONE', #2052 ) ;
#6306 = LINE ( 'NONE', #651, #6994 ) ;
#6307 = ORIENTED_EDGE ( 'NONE', *, *, #2440, .T. ) ;
#6308 = CARTESIAN_POINT ( 'NONE',  ( -115.8372790000000094, 37.21911099999999095, 2.000000000000000000 ) ) ;
#6309 = AXIS2_PLACEMENT_3D ( 'NONE', #6902, #462, #6202 ) ;
#6310 = EDGE_CURVE ( 'NONE', #3395, #6226, #6468, .T. ) ;
#6311 = ORIENTED_EDGE ( 'NONE', *, *, #4131, .F. ) ;
#6312 = CARTESIAN_POINT ( 'NONE',  ( -44.58727900000002364, 45.26911099999999522, 2.000000000000000000 ) ) ;
#6313 = LINE ( 'NONE', #7470, #1801 ) ;
#6314 = CARTESIAN_POINT ( 'NONE',  ( -101.7372790000000151, 17.76911099999999166, 2.000000000000000000 ) ) ;
#6315 = DIRECTION ( 'NONE',  ( 0.000000000000000000, -1.000000000000000000, -0.000000000000000000 ) ) ;
#6316 = AXIS2_PLACEMENT_3D ( 'NONE', #3046, #8140, #2468 ) ;
#6317 = CIRCLE ( 'NONE', #1174, 0.3999999999999975797 ) ;
#6318 = DIRECTION ( 'NONE',  ( 1.000000000000000000, 0.000000000000000000, 0.000000000000000000 ) ) ;
#6319 = CARTESIAN_POINT ( 'NONE',  ( -25.53727900000002293, 44.81911099999999237, 2.000000000000000000 ) ) ;
#6320 = VERTEX_POINT ( 'NONE', #152 ) ;
#6321 = VECTOR ( 'NONE', #7797, 1000.000000000000000 ) ;
#6322 = VERTEX_POINT ( 'NONE', #2551 ) ;
#6323 = FACE_OUTER_BOUND ( 'NONE', #4655, .T. ) ;
#6324 = DIRECTION ( 'NONE',  ( -0.9997000655982568595, 0.02449038266015774942, 0.000000000000000000 ) ) ;
#6325 = DIRECTION ( 'NONE',  ( 0.000000000000000000, 1.000000000000000000, 0.000000000000000000 ) ) ;
#6326 = AXIS2_PLACEMENT_3D ( 'NONE', #7898, #4069, #7860 ) ;
#6327 = EDGE_CURVE ( 'NONE', #432, #5616, #2014, .T. ) ;
#6328 = CARTESIAN_POINT ( 'NONE',  ( -44.58727900000002364, 50.21911099999999095, 2.000000000000000000 ) ) ;
#6329 = DIRECTION ( 'NONE',  ( -0.000000000000000000, -1.000000000000000000, -0.000000000000000000 ) ) ;
#6330 = ORIENTED_EDGE ( 'NONE', *, *, #3900, .F. ) ;
#6331 = ORIENTED_EDGE ( 'NONE', *, *, #7650, .F. ) ;
#6332 = ORIENTED_EDGE ( 'NONE', *, *, #7647, .F. ) ;
#6333 = ADVANCED_FACE ( 'NONE', ( #7047 ), #4471, .T. ) ;
#6334 = CIRCLE ( 'NONE', #7931, 0.3999999999999975797 ) ;
#6335 = CARTESIAN_POINT ( 'NONE',  ( -25.53727900000002293, 63.86911099999998953, 2.000000000000000000 ) ) ;
#6336 = CARTESIAN_POINT ( 'NONE',  ( -63.63727900000002080, 25.76911099999999166, 5.000000000000000000 ) ) ;
#6337 = CIRCLE ( 'NONE', #4498, 0.3999999999999975797 ) ;
#6338 = VECTOR ( 'NONE', #4677, 1000.000000000000000 ) ;
#6339 = ORIENTED_EDGE ( 'NONE', *, *, #4598, .F. ) ;
#6340 = VERTEX_POINT ( 'NONE', #3238 ) ;
#6341 = DIRECTION ( 'NONE',  ( -0.9997000655982569706, 0.02449038266015429385, 0.000000000000000000 ) ) ;
#6342 = DIRECTION ( 'NONE',  ( -0.000000000000000000, -0.000000000000000000, 1.000000000000000000 ) ) ;
#6343 = CARTESIAN_POINT ( 'NONE',  ( -117.6122789999917018, 71.14411100000003785, 2.000000000000000000 ) ) ;
#6344 = ORIENTED_EDGE ( 'NONE', *, *, #5191, .F. ) ;
#6345 = CIRCLE ( 'NONE', #277, 0.3999999999999975797 ) ;
#6346 = CIRCLE ( 'NONE', #416, 0.3999999999999975797 ) ;
#6347 = FACE_OUTER_BOUND ( 'NONE', #5459, .T. ) ;
#6348 = ORIENTED_EDGE ( 'NONE', *, *, #463, .T. ) ;
#6349 = LINE ( 'NONE', #2549, #5545 ) ;
#6351 = VERTEX_POINT ( 'NONE', #5225 ) ;
#6350 = VECTOR ( 'NONE', #7410, 1000.000000000000000 ) ;
#6352 = FACE_OUTER_BOUND ( 'NONE', #7857, .T. ) ;
#6353 = VECTOR ( 'NONE', #3656, 1000.000000000000000 ) ;
#6354 = ORIENTED_EDGE ( 'NONE', *, *, #5085, .T. ) ;
#6355 = DIRECTION ( 'NONE',  ( 1.000000000000000000, 0.000000000000000000, 0.000000000000000000 ) ) ;
#6356 = FACE_OUTER_BOUND ( 'NONE', #4085, .T. ) ;
#6357 = CARTESIAN_POINT ( 'NONE',  ( -53.46227900000000233, 23.99411100000000019, 2.000000000000000000 ) ) ;
#6358 = CARTESIAN_POINT ( 'NONE',  ( -81.41402500000003783, 15.99651800000036594, 2.000000000000000000 ) ) ;
#6359 = VECTOR ( 'NONE', #6154, 1000.000000000000000 ) ;
#6360 = CIRCLE ( 'NONE', #5558, 0.3999999999999975797 ) ;
#6361 = ADVANCED_FACE ( 'NONE', ( #702 ), #817, .F. ) ;
#6362 = LINE ( 'NONE', #2593, #2791 ) ;
#6363 = DIRECTION ( 'NONE',  ( -1.000000000000000000, 0.000000000000000000, 0.000000000000000000 ) ) ;
#6364 = VERTEX_POINT ( 'NONE', #1474 ) ;
#6365 = LINE ( 'NONE', #6858, #3110 ) ;
#6366 = DIRECTION ( 'NONE',  ( 1.000000000000000000, 0.000000000000000000, 0.000000000000000000 ) ) ;
#6367 = EDGE_CURVE ( 'NONE', #5635, #1617, #3976, .T. ) ;
#6368 = DIRECTION ( 'NONE',  ( 0.000000000000000000, 0.000000000000000000, 1.000000000000000000 ) ) ;
#6369 = CARTESIAN_POINT ( 'NONE',  ( -21.73727899999999735, 60.09411099999999806, 2.000000000000000000 ) ) ;
#6370 = DIRECTION ( 'NONE',  ( 1.000000000000000000, 0.000000000000000000, 0.000000000000000000 ) ) ;
#6371 = VERTEX_POINT ( 'NONE', #5768 ) ;
#6372 = ORIENTED_EDGE ( 'NONE', *, *, #2494, .T. ) ;
#6373 = ORIENTED_EDGE ( 'NONE', *, *, #4269, .T. ) ;
#6374 = CARTESIAN_POINT ( 'NONE',  ( -77.33727900000002364, 77.96911099999999806, 2.000000000000000000 ) ) ;
#6375 = DIRECTION ( 'NONE',  ( 0.000000000000000000, 0.000000000000000000, 1.000000000000000000 ) ) ;
#6376 = VERTEX_POINT ( 'NONE', #7588 ) ;
#6377 = ORIENTED_EDGE ( 'NONE', *, *, #5188, .F. ) ;
#6378 = DIRECTION ( 'NONE',  ( 0.000000000000000000, -1.000000000000000000, -0.000000000000000000 ) ) ;
#6379 = ADVANCED_FACE ( 'NONE', ( #5102 ), #1393, .F. ) ;
#6380 = LINE ( 'NONE', #2543, #3128 ) ;
#6381 = DIRECTION ( 'NONE',  ( 1.000000000000000000, 0.000000000000000000, 0.000000000000000000 ) ) ;
#6382 = ORIENTED_EDGE ( 'NONE', *, *, #3588, .T. ) ;
#6383 = EDGE_CURVE ( 'NONE', #3201, #407, #6123, .T. ) ;
#6384 = CARTESIAN_POINT ( 'NONE',  ( 2.523644000000305088, -11.87542799999932974, 2.000000000000000000 ) ) ;
#6385 = ORIENTED_EDGE ( 'NONE', *, *, #7493, .F. ) ;
#6386 = CARTESIAN_POINT ( 'NONE',  ( -59.46452166131000183, 84.14856685720401686, 2.000000000000000000 ) ) ;
#6387 = AXIS2_PLACEMENT_3D ( 'NONE', #4683, #3360, #5384 ) ;
#6388 = ADVANCED_FACE ( 'NONE', ( #3319 ), #654, .T. ) ;
#6389 = EDGE_CURVE ( 'NONE', #501, #3504, #3202, .T. ) ;
#6390 = VERTEX_POINT ( 'NONE', #3842 ) ;
#6391 = CARTESIAN_POINT ( 'NONE',  ( -117.6122789999917018, 71.14411100000003785, 2.000000000000000000 ) ) ;
#6392 = ORIENTED_EDGE ( 'NONE', *, *, #6702, .F. ) ;
#6393 = CYLINDRICAL_SURFACE ( 'NONE', #2480, 0.3999999999999975797 ) ;
#6394 = CARTESIAN_POINT ( 'NONE',  ( -96.78727900000001227, 56.26911099999999522, 2.000000000000000000 ) ) ;
#6395 = DIRECTION ( 'NONE',  ( -1.265191655145750163E-12, -1.000000000000000000, 0.000000000000000000 ) ) ;
#6396 = AXIS2_PLACEMENT_3D ( 'NONE', #3009, #2190, #5405 ) ;
#6397 = CARTESIAN_POINT ( 'NONE',  ( -100.1872790000000037, 53.59411099999999806, 5.000000000000000000 ) ) ;
#6398 = AXIS2_PLACEMENT_3D ( 'NONE', #3053, #4909, #580 ) ;
#6399 = DIRECTION ( 'NONE',  ( 1.000000000000000000, 0.000000000000000000, 0.000000000000000000 ) ) ;
#6400 = DIRECTION ( 'NONE',  ( -0.000000000000000000, -0.000000000000000000, 1.000000000000000000 ) ) ;
#6401 = ORIENTED_EDGE ( 'NONE', *, *, #51, .F. ) ;
#6402 = DIRECTION ( 'NONE',  ( 0.000000000000000000, 0.000000000000000000, 1.000000000000000000 ) ) ;
#6403 = DIRECTION ( 'NONE',  ( 0.000000000000000000, -0.000000000000000000, 1.000000000000000000 ) ) ;
#6404 = DIRECTION ( 'NONE',  ( 0.000000000000000000, -1.000000000000000000, -0.000000000000000000 ) ) ;
#6405 = AXIS2_PLACEMENT_3D ( 'NONE', #7579, #6341, #5758 ) ;
#6406 = ADVANCED_FACE ( 'NONE', ( #7681 ), #1310, .F. ) ;
#6407 = FACE_OUTER_BOUND ( 'NONE', #985, .T. ) ;
#6408 = LINE ( 'NONE', #1410, #1113 ) ;
#6409 = VERTEX_POINT ( 'NONE', #4601 ) ;
#6410 = ORIENTED_EDGE ( 'NONE', *, *, #8031, .F. ) ;
#6411 = ORIENTED_EDGE ( 'NONE', *, *, #7577, .T. ) ;
#6412 = DIRECTION ( 'NONE',  ( -1.000000000000000000, -7.573197224763012245E-14, 0.000000000000000000 ) ) ;
#6413 = ORIENTED_EDGE ( 'NONE', *, *, #4208, .T. ) ;
#6414 = EDGE_CURVE ( 'NONE', #6959, #7743, #3163, .T. ) ;
#6415 = LINE ( 'NONE', #1416, #6217 ) ;
#6416 = ORIENTED_EDGE ( 'NONE', *, *, #4405, .F. ) ;
#6417 = ORIENTED_EDGE ( 'NONE', *, *, #4659, .F. ) ;
#6418 = CARTESIAN_POINT ( 'NONE',  ( -77.73727900000001512, 45.21911099999999095, 5.000000000000000000 ) ) ;
#6419 = LINE ( 'NONE', #2705, #8026 ) ;
#6420 = DIRECTION ( 'NONE',  ( 0.000000000000000000, 0.000000000000000000, -1.000000000000000000 ) ) ;
#6421 = EDGE_LOOP ( 'NONE', ( #1094, #7387, #866, #160, #1799, #1370, #634, #5800 ) ) ;
#6422 = DIRECTION ( 'NONE',  ( 1.000000000000000000, 0.000000000000000000, 0.000000000000000000 ) ) ;
#6423 = ORIENTED_EDGE ( 'NONE', *, *, #6183, .T. ) ;
#6424 = CARTESIAN_POINT ( 'NONE',  ( -58.28727900000002649, 63.91911100000000090, 5.000000000000000000 ) ) ;
#6425 = EDGE_CURVE ( 'NONE', #3274, #7836, #5694, .T. ) ;
#6426 = AXIS2_PLACEMENT_3D ( 'NONE', #659, #1108, #3607 ) ;
#6427 = ORIENTED_EDGE ( 'NONE', *, *, #1184, .T. ) ;
#6428 = ADVANCED_FACE ( 'NONE', ( #6352 ), #5858, .F. ) ;
#6429 = DIRECTION ( 'NONE',  ( 0.000000000000000000, 1.000000000000000000, 0.000000000000000000 ) ) ;
#6430 = ORIENTED_EDGE ( 'NONE', *, *, #6094, .F. ) ;
#6431 = FACE_OUTER_BOUND ( 'NONE', #5222, .T. ) ;
#6432 = VECTOR ( 'NONE', #4216, 1000.000000000000227 ) ;
#6433 = DIRECTION ( 'NONE',  ( 0.000000000000000000, 0.000000000000000000, 1.000000000000000000 ) ) ;
#6434 = FILL_AREA_STYLE_COLOUR ( '', #5514 ) ;
#6435 = EDGE_CURVE ( 'NONE', #1259, #1461, #452, .T. ) ;
#6436 = CARTESIAN_POINT ( 'NONE',  ( -115.4372790000000180, 32.26911099999998811, 2.000000000000000000 ) ) ;
#6437 = AXIS2_PLACEMENT_3D ( 'NONE', #2399, #5451, #2232 ) ;
#6438 = LINE ( 'NONE', #3370, #5294 ) ;
#6439 = CARTESIAN_POINT ( 'NONE',  ( -39.63727900000002791, 45.21911099999999095, 2.000000000000000000 ) ) ;
#6440 = ORIENTED_EDGE ( 'NONE', *, *, #1419, .T. ) ;
#6441 = DIRECTION ( 'NONE',  ( -1.000000000000000000, 0.000000000000000000, 0.000000000000000000 ) ) ;
#6442 = CARTESIAN_POINT ( 'NONE',  ( -25.53727900000002293, 78.36911099999998953, 2.000000000000000000 ) ) ;
#6443 = CIRCLE ( 'NONE', #4579, 0.3999999999999975797 ) ;
#6444 = DIRECTION ( 'NONE',  ( -0.000000000000000000, -0.000000000000000000, 1.000000000000000000 ) ) ;
#6445 = DIRECTION ( 'NONE',  ( -0.000000000000000000, -0.000000000000000000, 1.000000000000000000 ) ) ;
#6446 = VECTOR ( 'NONE', #5229, 1000.000000000000000 ) ;
#6447 = CARTESIAN_POINT ( 'NONE',  ( -34.08727900000002364, 18.21911099999999450, 2.000000000000000000 ) ) ;
#6448 = VERTEX_POINT ( 'NONE', #2251 ) ;
#6449 = ORIENTED_EDGE ( 'NONE', *, *, #6661, .F. ) ;
#6450 = VERTEX_POINT ( 'NONE', #5307 ) ;
#6451 = DIRECTION ( 'NONE',  ( 0.000000000000000000, 0.000000000000000000, 1.000000000000000000 ) ) ;
#6452 = AXIS2_PLACEMENT_3D ( 'NONE', #1302, #5725, #1961 ) ;
#6453 = CARTESIAN_POINT ( 'NONE',  ( -63.23727900000002222, 45.21911099999999095, 2.000000000000000000 ) ) ;
#6454 = VERTEX_POINT ( 'NONE', #2751 ) ;
#6455 = AXIS2_PLACEMENT_3D ( 'NONE', #7649, #3289, #3991 ) ;
#6456 = ORIENTED_EDGE ( 'NONE', *, *, #5144, .F. ) ;
#6457 = CARTESIAN_POINT ( 'NONE',  ( -115.8372790000000094, 18.16911099999998669, 5.000000000000000000 ) ) ;
#6458 = DIRECTION ( 'NONE',  ( 0.000000000000000000, 0.000000000000000000, 1.000000000000000000 ) ) ;
#6459 = DIRECTION ( 'NONE',  ( 0.000000000000000000, 0.000000000000000000, 1.000000000000000000 ) ) ;
#6460 = ORIENTED_EDGE ( 'NONE', *, *, #7392, .T. ) ;
#6461 = CARTESIAN_POINT ( 'NONE',  ( -20.58727900000001299, 23.16911099999999379, 2.000000000000000000 ) ) ;
#6462 = EDGE_LOOP ( 'NONE', ( #3400, #6911, #2633, #5444 ) ) ;
#6463 = CYLINDRICAL_SURFACE ( 'NONE', #1986, 0.4000000000000006328 ) ;
#6464 = VECTOR ( 'NONE', #3127, 1000.000000000000000 ) ;
#6465 = EDGE_CURVE ( 'NONE', #1290, #4116, #3481, .T. ) ;
#6466 = ORIENTED_EDGE ( 'NONE', *, *, #5666, .F. ) ;
#6467 = VERTEX_POINT ( 'NONE', #4644 ) ;
#6468 = LINE ( 'NONE', #1969, #579 ) ;
#6469 = ORIENTED_EDGE ( 'NONE', *, *, #1382, .T. ) ;
#6470 = DIRECTION ( 'NONE',  ( -0.000000000000000000, -0.000000000000000000, 1.000000000000000000 ) ) ;
#6471 = CIRCLE ( 'NONE', #1197, 0.3999999999999975797 ) ;
#6472 = VECTOR ( 'NONE', #2047, 1000.000000000000000 ) ;
#6473 = PLANE ( 'NONE',  #367 ) ;
#6474 = CARTESIAN_POINT ( 'NONE',  ( 3.803337000001279833, -11.46242600000072898, 5.000000000000000000 ) ) ;
#6475 = FACE_BOUND ( 'NONE', #3729, .T. ) ;
#6476 = DIRECTION ( 'NONE',  ( -0.000000000000000000, -1.000000000000000000, -0.000000000000000000 ) ) ;
#6477 = VERTEX_POINT ( 'NONE', #1781 ) ;
#6478 = ADVANCED_FACE ( 'NONE', ( #1636 ), #3021, .T. ) ;
#6479 = CIRCLE ( 'NONE', #5021, 1.000000000000002665 ) ;
#6480 = VECTOR ( 'NONE', #341, 1000.000000000000000 ) ;
#6481 = EDGE_CURVE ( 'NONE', #7450, #5891, #7447, .T. ) ;
#6482 = DIRECTION ( 'NONE',  ( -1.000000000000000000, -4.422839691596144761E-13, 0.000000000000000000 ) ) ;
#6483 = DIRECTION ( 'NONE',  ( -0.000000000000000000, -1.000000000000000000, -0.000000000000000000 ) ) ;
#6484 = ORIENTED_EDGE ( 'NONE', *, *, #6465, .T. ) ;
#6485 = DIRECTION ( 'NONE',  ( -1.000000000000000000, 0.000000000000000000, 0.000000000000000000 ) ) ;
#6486 = CARTESIAN_POINT ( 'NONE',  ( -53.27897700000002601, 23.99171299999948559, 5.000000000000000000 ) ) ;
#6487 = CIRCLE ( 'NONE', #2921, 0.3999999999999975797 ) ;
#6488 = VECTOR ( 'NONE', #6106, 1000.000000000000000 ) ;
#6489 = CARTESIAN_POINT ( 'NONE',  ( -77.33727900000002364, 58.91911099999999379, 5.000000000000000000 ) ) ;
#6490 = EDGE_CURVE ( 'NONE', #4207, #3201, #5940, .T. ) ;
#6491 = EDGE_CURVE ( 'NONE', #6823, #3741, #1589, .T. ) ;
#6492 = VECTOR ( 'NONE', #7145, 1000.000000000000000 ) ;
#6493 = CARTESIAN_POINT ( 'NONE',  ( -20.18727900000001796, 36.86911099999999664, 5.000000000000000000 ) ) ;
#6494 = DIRECTION ( 'NONE',  ( 1.000000000000000000, 0.000000000000000000, 0.000000000000000000 ) ) ;
#6495 = ORIENTED_EDGE ( 'NONE', *, *, #2494, .F. ) ;
#6496 = ORIENTED_EDGE ( 'NONE', *, *, #594, .T. ) ;
#6497 = ORIENTED_EDGE ( 'NONE', *, *, #5170, .F. ) ;
#6498 = CARTESIAN_POINT ( 'NONE',  ( -63.23727900000002222, 26.16911099999998669, 5.000000000000000000 ) ) ;
#6499 = CYLINDRICAL_SURFACE ( 'NONE', #7672, 0.3999999999999975797 ) ;
#6500 = ORIENTED_EDGE ( 'NONE', *, *, #1092, .F. ) ;
#6501 = ORIENTED_EDGE ( 'NONE', *, *, #7353, .T. ) ;
#6502 = CARTESIAN_POINT ( 'NONE',  ( -79.51468599999864750, 73.04585699999988435, 2.000000000000000000 ) ) ;
#6503 = CARTESIAN_POINT ( 'NONE',  ( -78.51227900000000659, 80.14411100000000943, 2.000000000000000000 ) ) ;
#6504 = CARTESIAN_POINT ( 'NONE',  ( -20.18727900000001796, 75.36911099999998953, 2.000000000000000000 ) ) ;
#6505 = VERTEX_POINT ( 'NONE', #6019 ) ;
#6506 = LINE ( 'NONE', #4639, #7939 ) ;
#6507 = ORIENTED_EDGE ( 'NONE', *, *, #7861, .F. ) ;
#6508 = LINE ( 'NONE', #1966, #2116 ) ;
#6509 = ADVANCED_FACE ( 'NONE', ( #273 ), #894, .F. ) ;
#6510 = VERTEX_POINT ( 'NONE', #2208 ) ;
#6511 = VERTEX_POINT ( 'NONE', #4724 ) ;
#6512 = CARTESIAN_POINT ( 'NONE',  ( -49.96227899999895783, 20.49411100000000019, 2.000000000000000000 ) ) ;
#6513 = EDGE_LOOP ( 'NONE', ( #3974, #3424, #4155, #6697 ) ) ;
#6514 = ORIENTED_EDGE ( 'NONE', *, *, #1001, .T. ) ;
#6515 = DIRECTION ( 'NONE',  ( 1.000000000000000000, -0.000000000000000000, -0.000000000000000000 ) ) ;
#6516 = LINE ( 'NONE', #705, #892 ) ;
#6517 = DIRECTION ( 'NONE',  ( 1.000000000000000000, 0.000000000000000000, 0.000000000000000000 ) ) ;
#6518 = LINE ( 'NONE', #7886, #3 ) ;
#6519 = CIRCLE ( 'NONE', #2291, 3.498033192550313419 ) ;
#6520 = ORIENTED_EDGE ( 'NONE', *, *, #2988, .T. ) ;
#6521 = LINE ( 'NONE', #2564, #4222 ) ;
#6522 = EDGE_LOOP ( 'NONE', ( #5336, #2605, #2284, #5334 ) ) ;
#6523 = EDGE_CURVE ( 'NONE', #2450, #7193, #4052, .T. ) ;
#6524 = DIRECTION ( 'NONE',  ( 0.000000000000000000, -1.000000000000000000, 0.000000000000000000 ) ) ;
#6525 = AXIS2_PLACEMENT_3D ( 'NONE', #3103, #588, #6209 ) ;
#6526 = DIRECTION ( 'NONE',  ( -0.000000000000000000, -0.000000000000000000, -1.000000000000000000 ) ) ;
#6527 = ORIENTED_EDGE ( 'NONE', *, *, #3695, .F. ) ;
#6528 = DIRECTION ( 'NONE',  ( -1.000000000000000000, 0.000000000000000000, 0.000000000000000000 ) ) ;
#6529 = CARTESIAN_POINT ( 'NONE',  ( -77.73727900000001512, 58.91911099999999379, 2.000000000000000000 ) ) ;
#6530 = CARTESIAN_POINT ( 'NONE',  ( -25.53727900000002293, 59.31911099999999237, 2.000000000000000000 ) ) ;
#6531 = VECTOR ( 'NONE', #2350, 1000.000000000000000 ) ;
#6532 = LINE ( 'NONE', #3378, #2655 ) ;
#6533 = DIRECTION ( 'NONE',  ( 1.000000000000000000, -0.000000000000000000, -0.000000000000000000 ) ) ;
#6534 = ORIENTED_EDGE ( 'NONE', *, *, #8163, .F. ) ;
#6535 = EDGE_CURVE ( 'NONE', #5963, #837, #7253, .T. ) ;
#6536 = ORIENTED_EDGE ( 'NONE', *, *, #1336, .F. ) ;
#6537 = ORIENTED_EDGE ( 'NONE', *, *, #57, .F. ) ;
#6538 = EDGE_CURVE ( 'NONE', #4979, #1090, #2172, .T. ) ;
#6539 = CARTESIAN_POINT ( 'NONE',  ( -6.487279000000012452, 74.96911099999999806, 5.000000000000000000 ) ) ;
#6540 = DIRECTION ( 'NONE',  ( -1.000000000000000000, 0.000000000000000000, 0.000000000000000000 ) ) ;
#6541 = VECTOR ( 'NONE', #6956, 1000.000000000000000 ) ;
#6542 = ORIENTED_EDGE ( 'NONE', *, *, #1620, .F. ) ;
#6543 = ORIENTED_EDGE ( 'NONE', *, *, #955, .T. ) ;
#6544 = ORIENTED_EDGE ( 'NONE', *, *, #1744, .T. ) ;
#6545 = CARTESIAN_POINT ( 'NONE',  ( -58.68727900000002506, 44.86911099999999664, 2.000000000000000000 ) ) ;
#6546 = ORIENTED_EDGE ( 'NONE', *, *, #6297, .F. ) ;
#6547 = DIRECTION ( 'NONE',  ( -0.000000000000000000, -0.000000000000000000, 1.000000000000000000 ) ) ;
#6548 = ORIENTED_EDGE ( 'NONE', *, *, #2511, .T. ) ;
#6549 = PLANE ( 'NONE',  #7663 ) ;
#6550 = ORIENTED_EDGE ( 'NONE', *, *, #4250, .F. ) ;
#6551 = VERTEX_POINT ( 'NONE', #7449 ) ;
#6552 = CARTESIAN_POINT ( 'NONE',  ( 2.853684177437179059, -9.557274015923406196, 2.000000000000000000 ) ) ;
#6553 = STYLED_ITEM ( 'NONE', ( #4127 ), #6099 ) ;
#6554 = LINE ( 'NONE', #3446, #1836 ) ;
#6555 = CARTESIAN_POINT ( 'NONE',  ( -39.63727900000002791, 64.26911099999999522, 2.000000000000000000 ) ) ;
#6556 = CARTESIAN_POINT ( 'NONE',  ( -82.68727900000001796, 32.26911099999998811, 2.000000000000000000 ) ) ;
#6557 = CARTESIAN_POINT ( 'NONE',  ( -96.78727900000001227, 69.96911099999999806, 2.000000000000000000 ) ) ;
#6558 = CIRCLE ( 'NONE', #2594, 0.3999999999999975797 ) ;
#6559 = EDGE_CURVE ( 'NONE', #7763, #6505, #4245, .T. ) ;
#6560 = VERTEX_POINT ( 'NONE', #3619 ) ;
#6561 = CARTESIAN_POINT ( 'NONE',  ( -58.68727900000002506, 69.26911099999999522, 5.000000000000000000 ) ) ;
#6562 = CARTESIAN_POINT ( 'NONE',  ( -23.98727900000000091, 60.09411099999999806, 5.000000000000000000 ) ) ;
#6563 = CIRCLE ( 'NONE', #8018, 0.3999999999999975797 ) ;
#6564 = DIRECTION ( 'NONE',  ( 0.2588190399164173594, 0.9659258276786804043, 0.000000000000000000 ) ) ;
#6565 = ORIENTED_EDGE ( 'NONE', *, *, #7760, .F. ) ;
#6566 = LINE ( 'NONE', #3213, #485 ) ;
#6567 = CARTESIAN_POINT ( 'NONE',  ( -77.33727900000002364, 64.26911099999999522, 2.000000000000000000 ) ) ;
#6568 = CARTESIAN_POINT ( 'NONE',  ( -115.4372790000000180, 18.16911099999998669, 5.000000000000000000 ) ) ;
#6569 = AXIS2_PLACEMENT_3D ( 'NONE', #3653, #5579, #8195 ) ;
#6570 = FACE_OUTER_BOUND ( 'NONE', #8092, .T. ) ;
#6571 = FACE_OUTER_BOUND ( 'NONE', #3701, .T. ) ;
#6572 = ORIENTED_EDGE ( 'NONE', *, *, #8104, .T. ) ;
#6573 = VECTOR ( 'NONE', #7102, 1000.000000000000000 ) ;
#6574 = ORIENTED_EDGE ( 'NONE', *, *, #2645, .F. ) ;
#6575 = ORIENTED_EDGE ( 'NONE', *, *, #3288, .F. ) ;
#6576 = ADVANCED_FACE ( 'NONE', ( #8076 ), #4772, .T. ) ;
#6577 = ADVANCED_FACE ( 'NONE', ( #7806 ), #1548, .F. ) ;
#6578 = CARTESIAN_POINT ( 'NONE',  ( -115.4372789999999895, 69.96911099999999806, 2.000000000000000000 ) ) ;
#6579 = AXIS2_PLACEMENT_3D ( 'NONE', #7885, #2872, #3365 ) ;
#6580 = CARTESIAN_POINT ( 'NONE',  ( -63.63727900000002080, 45.21911099999999095, 2.000000000000000000 ) ) ;
#6581 = PRODUCT_RELATED_PRODUCT_CATEGORY ( 'part', '', ( #7731 ) ) ;
#6582 = ORIENTED_EDGE ( 'NONE', *, *, #5835, .F. ) ;
#6583 = EDGE_LOOP ( 'NONE', ( #90, #7705, #3517, #1753 ) ) ;
#6584 = VECTOR ( 'NONE', #6263, 1000.000000000000000 ) ;
#6585 = DIRECTION ( 'NONE',  ( 1.000000000000000000, -8.736879848297780430E-14, 0.000000000000000000 ) ) ;
#6586 = ORIENTED_EDGE ( 'NONE', *, *, #7607, .F. ) ;
#6587 = CARTESIAN_POINT ( 'NONE',  ( -6.487279000000012452, 22.76911099999999522, 2.000000000000000000 ) ) ;
#6588 = ORIENTED_EDGE ( 'NONE', *, *, #5446, .T. ) ;
#6589 = DIRECTION ( 'NONE',  ( -1.000000000000000000, 0.000000000000000000, 0.000000000000000000 ) ) ;
#6590 = AXIS2_PLACEMENT_3D ( 'NONE', #4918, #1813, #1896 ) ;
#6591 = EDGE_LOOP ( 'NONE', ( #3998, #758, #978, #4881 ) ) ;
#6592 = ORIENTED_EDGE ( 'NONE', *, *, #3208, .F. ) ;
#6593 = DIRECTION ( 'NONE',  ( -0.000000000000000000, -0.000000000000000000, 1.000000000000000000 ) ) ;
#6594 = EDGE_LOOP ( 'NONE', ( #6899, #3919, #1430, #2905 ) ) ;
#6595 = CARTESIAN_POINT ( 'NONE',  ( -58.28727900000002649, 64.31911099999997816, 2.000000000000000000 ) ) ;
#6596 = CARTESIAN_POINT ( 'NONE',  ( -58.28727900000002649, 44.86911099999999664, 2.000000000000000000 ) ) ;
#6597 = FACE_OUTER_BOUND ( 'NONE', #2848, .T. ) ;
#6598 = VECTOR ( 'NONE', #5571, 1000.000000000000000 ) ;
#6599 = DIRECTION ( 'NONE',  ( 0.000000000000000000, 0.000000000000000000, 1.000000000000000000 ) ) ;
#6600 = VERTEX_POINT ( 'NONE', #4097 ) ;
#6601 = CARTESIAN_POINT ( 'NONE',  ( -25.53727900000002293, 40.26911099999998811, 2.000000000000000000 ) ) ;
#6602 = VECTOR ( 'NONE', #4173, 1000.000000000000000 ) ;
#6603 = CIRCLE ( 'NONE', #3947, 0.3999999999999975797 ) ;
#6604 = FACE_OUTER_BOUND ( 'NONE', #1541, .T. ) ;
#6605 = VECTOR ( 'NONE', #2503, 999.9999999999998863 ) ;
#6606 = LINE ( 'NONE', #953, #2356 ) ;
#6607 = ORIENTED_EDGE ( 'NONE', *, *, #2098, .F. ) ;
#6608 = DIRECTION ( 'NONE',  ( 1.000000000000000000, 0.000000000000000000, 0.000000000000000000 ) ) ;
#6609 = CYLINDRICAL_SURFACE ( 'NONE', #7905, 0.3999999999999975797 ) ;
#6610 = CYLINDRICAL_SURFACE ( 'NONE', #255, 0.3999999999999975797 ) ;
#6611 = AXIS2_PLACEMENT_3D ( 'NONE', #2000, #3866, #2778 ) ;
#6612 = AXIS2_PLACEMENT_3D ( 'NONE', #879, #7833, #4755 ) ;
#6613 = ADVANCED_FACE ( 'NONE', ( #6165 ), #2133, .F. ) ;
#6614 = DIRECTION ( 'NONE',  ( -0.000000000000000000, -0.000000000000000000, -1.000000000000000000 ) ) ;
#6615 = PLANE ( 'NONE',  #1642 ) ;
#6616 = ORIENTED_EDGE ( 'NONE', *, *, #1255, .T. ) ;
#6617 = VECTOR ( 'NONE', #7482, 1000.000000000000000 ) ;
#6618 = EDGE_LOOP ( 'NONE', ( #6157, #5264, #605, #915 ) ) ;
#6619 = ORIENTED_EDGE ( 'NONE', *, *, #597, .T. ) ;
#6620 = CARTESIAN_POINT ( 'NONE',  ( -39.63727900000002791, 39.86911099999998953, 2.000000000000000000 ) ) ;
#6621 = AXIS2_PLACEMENT_3D ( 'NONE', #8189, #4988, #7474 ) ;
#6622 = ORIENTED_EDGE ( 'NONE', *, *, #5020, .T. ) ;
#6623 = AXIS2_PLACEMENT_3D ( 'NONE', #2081, #6378, #2542 ) ;
#6624 = CYLINDRICAL_SURFACE ( 'NONE', #14, 0.3999999999999975797 ) ;
#6625 = ORIENTED_EDGE ( 'NONE', *, *, #3904, .F. ) ;
#6626 = ADVANCED_FACE ( 'NONE', ( #6634 ), #504, .F. ) ;
#6627 = ORIENTED_EDGE ( 'NONE', *, *, #5938, .T. ) ;
#6628 = ORIENTED_EDGE ( 'NONE', *, *, #313, .T. ) ;
#6629 = PRODUCT_CONTEXT ( 'NONE', #1374, 'mechanical' ) ;
#6630 = CARTESIAN_POINT ( 'NONE',  ( -25.53727900000002293, 44.81911099999999237, 2.000000000000000000 ) ) ;
#6631 = VERTEX_POINT ( 'NONE', #6909 ) ;
#6632 = DIRECTION ( 'NONE',  ( 0.8660254011972328136, -0.5000000044811719890, 0.000000000000000000 ) ) ;
#6633 = ORIENTED_EDGE ( 'NONE', *, *, #1497, .F. ) ;
#6634 = FACE_OUTER_BOUND ( 'NONE', #4428, .T. ) ;
#6635 = ORIENTED_EDGE ( 'NONE', *, *, #7597, .T. ) ;
#6636 = CARTESIAN_POINT ( 'NONE',  ( -44.58727900000002364, 68.86911100000000374, 5.000000000000000000 ) ) ;
#6637 = DIRECTION ( 'NONE',  ( 1.000000000000000000, 0.000000000000000000, 0.000000000000000000 ) ) ;
#6638 = CARTESIAN_POINT ( 'NONE',  ( -6.333840999999999610, 12.63464199999999948, 2.000000000000000000 ) ) ;
#6639 = DIRECTION ( 'NONE',  ( 0.000000000000000000, 0.000000000000000000, 1.000000000000000000 ) ) ;
#6640 = EDGE_CURVE ( 'NONE', #1601, #4884, #8155, .T. ) ;
#6641 = VERTEX_POINT ( 'NONE', #1946 ) ;
#6642 = LINE ( 'NONE', #445, #2134 ) ;
#6643 = CARTESIAN_POINT ( 'NONE',  ( -101.7372790000000151, 50.91911099999999379, 2.000000000000000000 ) ) ;
#6644 = DIRECTION ( 'NONE',  ( 1.000000000000000000, -0.000000000000000000, 0.000000000000000000 ) ) ;
#6645 = ORIENTED_EDGE ( 'NONE', *, *, #7163, .F. ) ;
#6646 = CARTESIAN_POINT ( 'NONE',  ( -77.73727900000001512, 45.21911099999999095, 2.000000000000000000 ) ) ;
#6647 = DIRECTION ( 'NONE',  ( -0.000000000000000000, -1.000000000000000000, -0.000000000000000000 ) ) ;
#6648 = VECTOR ( 'NONE', #7845, 1000.000000000000000 ) ;
#6649 = DIRECTION ( 'NONE',  ( 1.000000000000000000, 0.000000000000000000, 0.000000000000000000 ) ) ;
#6650 = EDGE_CURVE ( 'NONE', #3093, #5869, #58, .T. ) ;
#6651 = VECTOR ( 'NONE', #4414, 1000.000000000000000 ) ;
#6652 = CARTESIAN_POINT ( 'NONE',  ( -101.3372790000000094, 37.21911099999999095, 5.000000000000000000 ) ) ;
#6653 = CARTESIAN_POINT ( 'NONE',  ( -81.41402500000003783, 15.99651800000036594, 2.000000000000000000 ) ) ;
#6654 = ORIENTED_EDGE ( 'NONE', *, *, #4555, .F. ) ;
#6655 = VERTEX_POINT ( 'NONE', #4451 ) ;
#6656 = EDGE_LOOP ( 'NONE', ( #7977, #4593, #2585, #7562 ) ) ;
#6657 = LINE ( 'NONE', #1740, #7899 ) ;
#6658 = CIRCLE ( 'NONE', #5206, 0.3999999999999975797 ) ;
#6659 = CARTESIAN_POINT ( 'NONE',  ( -9.703684177437178704, -2.307274015923409749, 5.000000000000000000 ) ) ;
#6660 = EDGE_CURVE ( 'NONE', #799, #337, #3140, .T. ) ;
#6661 = EDGE_CURVE ( 'NONE', #2165, #2967, #4999, .T. ) ;
#6662 = ORIENTED_EDGE ( 'NONE', *, *, #6669, .F. ) ;
#6663 = DIRECTION ( 'NONE',  ( -0.000000000000000000, -1.000000000000000000, -0.000000000000000000 ) ) ;
#6664 = EDGE_CURVE ( 'NONE', #304, #2733, #1900, .T. ) ;
#6665 = ORIENTED_EDGE ( 'NONE', *, *, #5464, .F. ) ;
#6666 = ORIENTED_EDGE ( 'NONE', *, *, #7608, .T. ) ;
#6667 = ORIENTED_EDGE ( 'NONE', *, *, #5105, .T. ) ;
#6668 = DIRECTION ( 'NONE',  ( 0.000000000000000000, 0.000000000000000000, 1.000000000000000000 ) ) ;
#6669 = EDGE_CURVE ( 'NONE', #8166, #5074, #551, .T. ) ;
#6670 = ORIENTED_EDGE ( 'NONE', *, *, #6144, .T. ) ;
#6671 = LINE ( 'NONE', #2748, #4899 ) ;
#6672 = VERTEX_POINT ( 'NONE', #49 ) ;
#6673 = ORIENTED_EDGE ( 'NONE', *, *, #5170, .T. ) ;
#6674 = LINE ( 'NONE', #1014, #7115 ) ;
#6675 = CARTESIAN_POINT ( 'NONE',  ( -22.86227900000000091, 60.09411099999999806, 5.000000000000000000 ) ) ;
#6676 = CARTESIAN_POINT ( 'NONE',  ( -96.38727900000002080, 31.86911099999999308, 5.000000000000000000 ) ) ;
#6677 = DIRECTION ( 'NONE',  ( 0.000000000000000000, 0.000000000000000000, 1.000000000000000000 ) ) ;
#6678 = ORIENTED_EDGE ( 'NONE', *, *, #490, .T. ) ;
#6679 = LINE ( 'NONE', #1602, #2529 ) ;
#6680 = AXIS2_PLACEMENT_3D ( 'NONE', #5531, #7601, #4442 ) ;
#6681 = VERTEX_POINT ( 'NONE', #1862 ) ;
#6682 = PLANE ( 'NONE',  #722 ) ;
#6683 = EDGE_CURVE ( 'NONE', #5979, #5473, #1247, .T. ) ;
#6684 = CARTESIAN_POINT ( 'NONE',  ( -24.97663582724297271, 16.67233295899298895, 2.000000000000000000 ) ) ;
#6685 = ORIENTED_EDGE ( 'NONE', *, *, #8163, .T. ) ;
#6686 = AXIS2_PLACEMENT_3D ( 'NONE', #3002, #4984, #5064 ) ;
#6687 = CARTESIAN_POINT ( 'NONE',  ( -63.23727900000002222, 45.21911099999999095, 5.000000000000000000 ) ) ;
#6688 = DIRECTION ( 'NONE',  ( 1.000000000000000000, 0.000000000000000000, 0.000000000000000000 ) ) ;
#6689 = CARTESIAN_POINT ( 'NONE',  ( -25.13727900000002791, 64.26911099999999522, 5.000000000000000000 ) ) ;
#6690 = EDGE_CURVE ( 'NONE', #2711, #1394, #7568, .T. ) ;
#6691 = ADVANCED_FACE ( 'NONE', ( #5 ), #1250, .F. ) ;
#6692 = AXIS2_PLACEMENT_3D ( 'NONE', #5559, #7460, #4970 ) ;
#6693 = CARTESIAN_POINT ( 'NONE',  ( -96.38727900000002080, 55.86911099999999664, 5.000000000000000000 ) ) ;
#6694 = DIRECTION ( 'NONE',  ( 1.000000000000000000, 0.000000000000000000, 0.000000000000000000 ) ) ;
#6695 = VERTEX_POINT ( 'NONE', #3065 ) ;
#6696 = EDGE_LOOP ( 'NONE', ( #7519, #1428 ) ) ;
#6697 = ORIENTED_EDGE ( 'NONE', *, *, #4509, .T. ) ;
#6698 = LINE ( 'NONE', #2970, #3905 ) ;
#6699 = VECTOR ( 'NONE', #5532, 1000.000000000000000 ) ;
#6700 = LINE ( 'NONE', #1039, #5832 ) ;
#6701 = ORIENTED_EDGE ( 'NONE', *, *, #7761, .F. ) ;
#6702 = EDGE_CURVE ( 'NONE', #7173, #4542, #6984, .T. ) ;
#6703 = LINE ( 'NONE', #6748, #2785 ) ;
#6704 = AXIS2_PLACEMENT_3D ( 'NONE', #1523, #7223, #1563 ) ;
#6705 = ORIENTED_EDGE ( 'NONE', *, *, #2237, .T. ) ;
#6706 = ORIENTED_EDGE ( 'NONE', *, *, #6250, .T. ) ;
#6707 = ORIENTED_EDGE ( 'NONE', *, *, #3070, .T. ) ;
#6708 = DIRECTION ( 'NONE',  ( 1.000000000000000000, 0.000000000000000000, 0.000000000000000000 ) ) ;
#6709 = AXIS2_PLACEMENT_3D ( 'NONE', #7212, #4606, #4059 ) ;
#6710 = DIRECTION ( 'NONE',  ( 0.000000000000000000, 0.000000000000000000, 1.000000000000000000 ) ) ;
#6711 = CIRCLE ( 'NONE', #7507, 0.3999999999999975797 ) ;
#6712 = ORIENTED_EDGE ( 'NONE', *, *, #5272, .T. ) ;
#6713 = VECTOR ( 'NONE', #5929, 1000.000000000000000 ) ;
#6714 = LINE ( 'NONE', #941, #7110 ) ;
#6715 = CIRCLE ( 'NONE', #3149, 0.3999999999999975797 ) ;
#6716 = CARTESIAN_POINT ( 'NONE',  ( -77.33727900000002364, 58.91911099999999379, 2.000000000000000000 ) ) ;
#6717 = CARTESIAN_POINT ( 'NONE',  ( -31.34645300000000390, 1.944111000000000145, 5.000000000000000000 ) ) ;
#6718 = LINE ( 'NONE', #1794, #3795 ) ;
#6719 = ORIENTED_EDGE ( 'NONE', *, *, #6745, .T. ) ;
#6720 = FACE_OUTER_BOUND ( 'NONE', #5378, .T. ) ;
#6721 = AXIS2_PLACEMENT_3D ( 'NONE', #4188, #7944, #6730 ) ;
#6722 = VERTEX_POINT ( 'NONE', #6946 ) ;
#6723 = CARTESIAN_POINT ( 'NONE',  ( -77.33727900000002364, 64.26911099999999522, 2.000000000000000000 ) ) ;
#6724 = EDGE_CURVE ( 'NONE', #3680, #2353, #5588, .T. ) ;
#6725 = CARTESIAN_POINT ( 'NONE',  ( -63.23727900000002222, 64.26911099999999522, 2.000000000000000000 ) ) ;
#6726 = ORIENTED_EDGE ( 'NONE', *, *, #3038, .T. ) ;
#6727 = CIRCLE ( 'NONE', #2104, 0.3999999999999975797 ) ;
#6728 = DIRECTION ( 'NONE',  ( 0.000000000000000000, 0.000000000000000000, 1.000000000000000000 ) ) ;
#6729 = PLANE ( 'NONE',  #7776 ) ;
#6730 = DIRECTION ( 'NONE',  ( 1.000000000000000000, 0.000000000000000000, 0.000000000000000000 ) ) ;
#6731 = VECTOR ( 'NONE', #2670, 1000.000000000000000 ) ;
#6732 = CIRCLE ( 'NONE', #4469, 0.3999999999999975797 ) ;
#6733 = DIRECTION ( 'NONE',  ( 0.000000000000000000, 1.000000000000000000, 0.000000000000000000 ) ) ;
#6734 = CYLINDRICAL_SURFACE ( 'NONE', #1768, 0.3999999999999975797 ) ;
#6735 = ORIENTED_EDGE ( 'NONE', *, *, #1212, .F. ) ;
#6736 = ORIENTED_EDGE ( 'NONE', *, *, #2885, .T. ) ;
#6737 = AXIS2_PLACEMENT_3D ( 'NONE', #2328, #3591, #4504 ) ;
#6738 = ADVANCED_FACE ( 'NONE', ( #676 ), #3185, .F. ) ;
#6740 = LINE ( 'NONE', #4238, #897 ) ;
#6739 = VECTOR ( 'NONE', #7292, 1000.000000000000000 ) ;
#6741 = CARTESIAN_POINT ( 'NONE',  ( 2.853684177437179059, -9.557274015923406196, 5.000000000000000000 ) ) ;
#6742 = LINE ( 'NONE', #2358, #7404 ) ;
#6743 = ADVANCED_FACE ( 'NONE', ( #3821 ), #5714, .F. ) ;
#6744 = EDGE_CURVE ( 'NONE', #1737, #7701, #3219, .T. ) ;
#6745 = EDGE_CURVE ( 'NONE', #5292, #646, #4959, .T. ) ;
#6746 = ORIENTED_EDGE ( 'NONE', *, *, #6145, .T. ) ;
#6747 = AXIS2_PLACEMENT_3D ( 'NONE', #7949, #4113, #7397 ) ;
#6748 = CARTESIAN_POINT ( 'NONE',  ( -5.208840999999998722, 12.63464199999999948, 5.000000000000000000 ) ) ;
#6749 = AXIS2_PLACEMENT_3D ( 'NONE', #6335, #3189, #4080 ) ;
#6750 = VERTEX_POINT ( 'NONE', #6866 ) ;
#6751 = ORIENTED_EDGE ( 'NONE', *, *, #1664, .F. ) ;
#6752 = ORIENTED_EDGE ( 'NONE', *, *, #787, .T. ) ;
#6753 = ADVANCED_FACE ( 'NONE', ( #5124 ), #6822, .F. ) ;
#6754 = VECTOR ( 'NONE', #3129, 1000.000000000000000 ) ;
#6755 = VECTOR ( 'NONE', #1679, 1000.000000000000000 ) ;
#6756 = CARTESIAN_POINT ( 'NONE',  ( -58.28727900000002649, 50.21911099999999095, 2.000000000000000000 ) ) ;
#6757 = CARTESIAN_POINT ( 'NONE',  ( -20.58727900000001299, 74.96911099999999806, 2.000000000000000000 ) ) ;
#6758 = VERTEX_POINT ( 'NONE', #5915 ) ;
#6759 = CARTESIAN_POINT ( 'NONE',  ( -44.58727900000002364, 30.76911099999999522, 2.000000000000000000 ) ) ;
#6760 = CARTESIAN_POINT ( 'NONE',  ( -44.18727900000002506, 63.91911100000000090, 2.000000000000000000 ) ) ;
#6761 = LINE ( 'NONE', #6798, #4596 ) ;
#6762 = DIRECTION ( 'NONE',  ( -1.000000000000000000, 0.000000000000000000, 0.000000000000000000 ) ) ;
#6763 = ORIENTED_EDGE ( 'NONE', *, *, #1835, .T. ) ;
#6764 = FACE_OUTER_BOUND ( 'NONE', #6219, .T. ) ;
#6765 = ORIENTED_EDGE ( 'NONE', *, *, #4070, .F. ) ;
#6766 = DIRECTION ( 'NONE',  ( -0.4999999999999998890, -0.8660254037844385966, -0.000000000000000000 ) ) ;
#6767 = DIRECTION ( 'NONE',  ( 1.000000000000000000, 0.000000000000000000, 0.000000000000000000 ) ) ;
#6768 = ORIENTED_EDGE ( 'NONE', *, *, #7707, .T. ) ;
#6769 = DIRECTION ( 'NONE',  ( 0.000000000000000000, 1.000000000000000000, 0.000000000000000000 ) ) ;
#6770 = FACE_OUTER_BOUND ( 'NONE', #505, .T. ) ;
#6771 = CARTESIAN_POINT ( 'NONE',  ( -6.487279000000012452, 22.76911099999999522, 5.000000000000000000 ) ) ;
#6772 = FACE_OUTER_BOUND ( 'NONE', #303, .T. ) ;
#6773 = CYLINDRICAL_SURFACE ( 'NONE', #593, 0.9977672882833243939 ) ;
#6774 = ORIENTED_EDGE ( 'NONE', *, *, #7383, .T. ) ;
#6775 = VERTEX_POINT ( 'NONE', #5839 ) ;
#6776 = DIRECTION ( 'NONE',  ( 1.000000000000000000, 0.000000000000000000, 0.000000000000000000 ) ) ;
#6777 = LINE ( 'NONE', #5533, #1682 ) ;
#6778 = CARTESIAN_POINT ( 'NONE',  ( -20.18727900000001796, 75.36911099999998953, 2.000000000000000000 ) ) ;
#6779 = LINE ( 'NONE', #2439, #6617 ) ;
#6780 = AXIS2_PLACEMENT_3D ( 'NONE', #3880, #7764, #7010 ) ;
#6781 = VERTEX_POINT ( 'NONE', #2154 ) ;
#6782 = EDGE_CURVE ( 'NONE', #1601, #1188, #296, .T. ) ;
#6783 = EDGE_CURVE ( 'NONE', #8022, #7871, #2692, .T. ) ;
#6784 = DIRECTION ( 'NONE',  ( 1.000000000000000000, 0.000000000000000000, 0.000000000000000000 ) ) ;
#6785 = CARTESIAN_POINT ( 'NONE',  ( -117.6122790000000009, 16.99411100000000019, 5.000000000000000000 ) ) ;
#6786 = ORIENTED_EDGE ( 'NONE', *, *, #663, .F. ) ;
#6787 = ORIENTED_EDGE ( 'NONE', *, *, #1438, .T. ) ;
#6788 = ORIENTED_EDGE ( 'NONE', *, *, #5887, .F. ) ;
#6789 = CIRCLE ( 'NONE', #3216, 0.9977672882740817872 ) ;
#6790 = EDGE_CURVE ( 'NONE', #7179, #2603, #5244, .T. ) ;
#6791 = CYLINDRICAL_SURFACE ( 'NONE', #5956, 0.3999999999999975797 ) ;
#6792 = FACE_BOUND ( 'NONE', #1536, .T. ) ;
#6793 = EDGE_CURVE ( 'NONE', #4246, #3187, #4257, .T. ) ;
#6794 = ORIENTED_EDGE ( 'NONE', *, *, #6130, .F. ) ;
#6795 = EDGE_CURVE ( 'NONE', #2288, #2184, #7064, .T. ) ;
#6796 = DIRECTION ( 'NONE',  ( 1.000000000000000000, -0.000000000000000000, -0.000000000000000000 ) ) ;
#6797 = DIRECTION ( 'NONE',  ( -0.4999999999999998890, -0.8660254037844385966, -0.000000000000000000 ) ) ;
#6798 = CARTESIAN_POINT ( 'NONE',  ( -101.7372789999999867, 55.86911099999999664, 2.000000000000000000 ) ) ;
#6799 = LINE ( 'NONE', #5641, #409 ) ;
#6800 = AXIS2_PLACEMENT_3D ( 'NONE', #5217, #3915, #61 ) ;
#6801 = EDGE_LOOP ( 'NONE', ( #5455, #2781, #6440, #2403, #598, #6348, #813, #354 ) ) ;
#6802 = DIRECTION ( 'NONE',  ( -0.8660254037844388186, 0.4999999999999997224, 0.000000000000000000 ) ) ;
#6803 = EDGE_CURVE ( 'NONE', #4075, #5987, #6408, .T. ) ;
#6804 = ORIENTED_EDGE ( 'NONE', *, *, #5060, .F. ) ;
#6805 = DIRECTION ( 'NONE',  ( -0.000000000000000000, -0.000000000000000000, 1.000000000000000000 ) ) ;
#6806 = ORIENTED_EDGE ( 'NONE', *, *, #6172, .F. ) ;
#6807 = DIRECTION ( 'NONE',  ( 0.000000000000000000, 0.000000000000000000, 1.000000000000000000 ) ) ;
#6808 = DIRECTION ( 'NONE',  ( 1.000000000000000000, 0.000000000000000000, 0.000000000000000000 ) ) ;
#6809 = CARTESIAN_POINT ( 'NONE',  ( -115.4372790000000180, 17.76911099999999166, 5.000000000000000000 ) ) ;
#6810 = DIRECTION ( 'NONE',  ( -1.000000000000000000, 0.000000000000000000, 0.000000000000000000 ) ) ;
#6811 = FACE_OUTER_BOUND ( 'NONE', #7412, .T. ) ;
#6812 = DIRECTION ( 'NONE',  ( 0.000000000000000000, 0.000000000000000000, 1.000000000000000000 ) ) ;
#6813 = ORIENTED_EDGE ( 'NONE', *, *, #264, .T. ) ;
#6814 = MECHANICAL_DESIGN_GEOMETRIC_PRESENTATION_REPRESENTATION (  '', ( #6553 ), #4699 ) ;
#6815 = FACE_OUTER_BOUND ( 'NONE', #4420, .T. ) ;
#6816 = CARTESIAN_POINT ( 'NONE',  ( -48.18727900000002506, 4.119110999999994860, 2.000000000000000000 ) ) ;
#6817 = CARTESIAN_POINT ( 'NONE',  ( -6.487279000000012452, 22.76911099999999522, 2.000000000000000000 ) ) ;
#6818 = PLANE ( 'NONE',  #7651 ) ;
#6819 = FACE_OUTER_BOUND ( 'NONE', #1496, .T. ) ;
#6820 = AXIS2_PLACEMENT_3D ( 'NONE', #1363, #6402, #3896 ) ;
#6821 = DIRECTION ( 'NONE',  ( 1.000000000000000000, 0.000000000000000000, 0.000000000000000000 ) ) ;
#6822 = PLANE ( 'NONE',  #456 ) ;
#6823 = VERTEX_POINT ( 'NONE', #3902 ) ;
#6824 = AXIS2_PLACEMENT_3D ( 'NONE', #6675, #440, #1015 ) ;
#6825 = VERTEX_POINT ( 'NONE', #797 ) ;
#6826 = ORIENTED_EDGE ( 'NONE', *, *, #7851, .F. ) ;
#6827 = LINE ( 'NONE', #4209, #3297 ) ;
#6828 = CARTESIAN_POINT ( 'NONE',  ( -58.28727900000002649, 31.16911099999999379, 2.000000000000000000 ) ) ;
#6829 = VECTOR ( 'NONE', #3542, 1000.000000000000000 ) ;
#6830 = ORIENTED_EDGE ( 'NONE', *, *, #426, .T. ) ;
#6831 = DIRECTION ( 'NONE',  ( -1.000000000000000000, 0.000000000000000000, 0.000000000000000000 ) ) ;
#6832 = AXIS2_PLACEMENT_3D ( 'NONE', #6567, #5322, #3493 ) ;
#6833 = CARTESIAN_POINT ( 'NONE',  ( -79.51227899999999238, 23.99411100000227393, 2.000000000000000000 ) ) ;
#6834 = CARTESIAN_POINT ( 'NONE',  ( -77.33727900000002364, 40.26911099999998811, 2.000000000000000000 ) ) ;
#6835 = EDGE_LOOP ( 'NONE', ( #7327, #7304, #6214, #2323 ) ) ;
#6836 = ADVANCED_FACE ( 'NONE', ( #2648 ), #3859, .F. ) ;
#6837 = DIRECTION ( 'NONE',  ( 0.000000000000000000, 0.000000000000000000, 1.000000000000000000 ) ) ;
#6838 = EDGE_LOOP ( 'NONE', ( #7775, #2053, #864, #5084 ) ) ;
#6839 = DIRECTION ( 'NONE',  ( -1.000000000000000000, 0.000000000000000000, 0.000000000000000000 ) ) ;
#6840 = EDGE_CURVE ( 'NONE', #1188, #5544, #1451, .T. ) ;
#6841 = EDGE_CURVE ( 'NONE', #3550, #3504, #2070, .T. ) ;
#6842 = VECTOR ( 'NONE', #4648, 1000.000000000000000 ) ;
#6843 = EDGE_CURVE ( 'NONE', #8048, #4084, #5200, .T. ) ;
#6844 = VERTEX_POINT ( 'NONE', #2030 ) ;
#6845 = DIRECTION ( 'NONE',  ( 0.02449038266029713792, 0.9997000655982534179, 0.000000000000000000 ) ) ;
#6846 = ORIENTED_EDGE ( 'NONE', *, *, #2592, .F. ) ;
#6847 = CARTESIAN_POINT ( 'NONE',  ( -79.51227899999999238, 23.99411100000227393, 2.000000000000000000 ) ) ;
#6848 = FACE_OUTER_BOUND ( 'NONE', #2343, .T. ) ;
#6849 = LINE ( 'NONE', #1687, #1035 ) ;
#6850 = CIRCLE ( 'NONE', #2227, 0.3999999999999975797 ) ;
#6851 = CARTESIAN_POINT ( 'NONE',  ( -101.3372789999999952, 56.26911099999999522, 2.000000000000000000 ) ) ;
#6852 = VECTOR ( 'NONE', #233, 1000.000000000000000 ) ;
#6853 = EDGE_CURVE ( 'NONE', #6289, #1923, #6789, .T. ) ;
#6854 = DIRECTION ( 'NONE',  ( 1.000000000000000000, 0.000000000000000000, 0.000000000000000000 ) ) ;
#6855 = AXIS2_PLACEMENT_3D ( 'NONE', #5955, #7188, #329 ) ;
#6856 = CARTESIAN_POINT ( 'NONE',  ( -99.06227900000000375, 34.54411100000000090, 5.000000000000000000 ) ) ;
#6857 = ORIENTED_EDGE ( 'NONE', *, *, #434, .F. ) ;
#6858 = CARTESIAN_POINT ( 'NONE',  ( 14.07485339871646346, 8.328362273350869316, 2.000000000000000000 ) ) ;
#6859 = PLANE ( 'NONE',  #4308 ) ;
#6860 = CARTESIAN_POINT ( 'NONE',  ( -43.41227899999998385, 85.14411099999728094, 5.000000000000000000 ) ) ;
#6861 = EDGE_CURVE ( 'NONE', #42, #2089, #836, .T. ) ;
#6862 = DIRECTION ( 'NONE',  ( 1.000000000000000000, 0.000000000000000000, 0.000000000000000000 ) ) ;
#6863 = LINE ( 'NONE', #3182, #5295 ) ;
#6864 = AXIS2_PLACEMENT_3D ( 'NONE', #2216, #6677, #900 ) ;
#6865 = CARTESIAN_POINT ( 'NONE',  ( -63.23727900000002222, 58.91911099999999379, 5.000000000000000000 ) ) ;
#6866 = CARTESIAN_POINT ( 'NONE',  ( -5.208840999999998722, 12.63464199999999948, 5.000000000000000000 ) ) ;
#6867 = ORIENTED_EDGE ( 'NONE', *, *, #5992, .T. ) ;
#6868 = AXIS2_PLACEMENT_3D ( 'NONE', #3199, #7586, #1352 ) ;
#6869 = VECTOR ( 'NONE', #306, 1000.000000000000000 ) ;
#6870 = ORIENTED_EDGE ( 'NONE', *, *, #7707, .F. ) ;
#6871 = ORIENTED_EDGE ( 'NONE', *, *, #8151, .F. ) ;
#6872 = LINE ( 'NONE', #1337, #687 ) ;
#6873 = LINE ( 'NONE', #4886, #5409 ) ;
#6874 = CIRCLE ( 'NONE', #3170, 0.3999999999999975797 ) ;
#6875 = CIRCLE ( 'NONE', #5024, 0.3999999999999975797 ) ;
#6876 = ORIENTED_EDGE ( 'NONE', *, *, #2832, .F. ) ;
#6877 = CARTESIAN_POINT ( 'NONE',  ( -96.78727900000001227, 31.86911099999999308, 2.000000000000000000 ) ) ;
#6878 = VECTOR ( 'NONE', #7609, 999.9999999999998863 ) ;
#6879 = AXIS2_PLACEMENT_3D ( 'NONE', #3138, #5667, #586 ) ;
#6880 = PLANE ( 'NONE',  #7893 ) ;
#6881 = DIRECTION ( 'NONE',  ( -0.000000000000000000, -0.000000000000000000, 1.000000000000000000 ) ) ;
#6882 = EDGE_LOOP ( 'NONE', ( #6514, #3226, #3423, #344 ) ) ;
#6883 = PLANE ( 'NONE',  #5945 ) ;
#6884 = ADVANCED_FACE ( 'NONE', ( #3337 ), #1493, .F. ) ;
#6885 = VERTEX_POINT ( 'NONE', #5326 ) ;
#6886 = CARTESIAN_POINT ( 'NONE',  ( 9.557274015923402644, 2.853684177437181724, 2.000000000000000000 ) ) ;
#6887 = AXIS2_PLACEMENT_3D ( 'NONE', #7056, #7732, #6399 ) ;
#6888 = ORIENTED_EDGE ( 'NONE', *, *, #1001, .F. ) ;
#6889 = LINE ( 'NONE', #1228, #5454 ) ;
#6890 = VERTEX_POINT ( 'NONE', #5875 ) ;
#6891 = CARTESIAN_POINT ( 'NONE',  ( -82.28727900000001227, 69.96911099999999806, 5.000000000000000000 ) ) ;
#6892 = DIRECTION ( 'NONE',  ( -0.000000000000000000, -0.000000000000000000, 1.000000000000000000 ) ) ;
#6893 = FACE_OUTER_BOUND ( 'NONE', #7159, .T. ) ;
#6894 = EDGE_CURVE ( 'NONE', #6017, #8166, #2112, .T. ) ;
#6895 = ADVANCED_FACE ( 'NONE', ( #6571 ), #3421, .F. ) ;
#6896 = CARTESIAN_POINT ( 'NONE',  ( -115.8372789999999810, 56.26911099999999522, 2.000000000000000000 ) ) ;
#6897 = CARTESIAN_POINT ( 'NONE',  ( -44.58727900000002364, 69.26911099999999522, 2.000000000000000000 ) ) ;
#6898 = DIRECTION ( 'NONE',  ( 1.000000000000000000, -0.000000000000000000, -0.000000000000000000 ) ) ;
#6899 = ORIENTED_EDGE ( 'NONE', *, *, #936, .F. ) ;
#6900 = DIRECTION ( 'NONE',  ( -0.000000000000000000, -0.000000000000000000, 1.000000000000000000 ) ) ;
#6901 = EDGE_CURVE ( 'NONE', #2711, #4756, #4126, .T. ) ;
#6902 = CARTESIAN_POINT ( 'NONE',  ( -9.357274015923405130, -2.507274015923409483, 2.000000000000000000 ) ) ;
#6903 = CARTESIAN_POINT ( 'NONE',  ( -82.28727900000001227, 56.26911099999999522, 2.000000000000000000 ) ) ;
#6904 = FACE_OUTER_BOUND ( 'NONE', #3176, .T. ) ;
#6905 = DIRECTION ( 'NONE',  ( 0.000000000000000000, 1.000000000000000000, 0.000000000000000000 ) ) ;
#6906 = VECTOR ( 'NONE', #4021, 1000.000000000000000 ) ;
#6907 = EDGE_CURVE ( 'NONE', #2684, #4219, #996, .T. ) ;
#6908 = CARTESIAN_POINT ( 'NONE',  ( -82.68727900000001796, 31.86911099999999308, 2.000000000000000000 ) ) ;
#6909 = CARTESIAN_POINT ( 'NONE',  ( -58.28727900000002649, 83.36911099999998953, 2.000000000000000000 ) ) ;
#6910 = ORIENTED_EDGE ( 'NONE', *, *, #3828, .T. ) ;
#6911 = ORIENTED_EDGE ( 'NONE', *, *, #6310, .F. ) ;
#6912 = ORIENTED_EDGE ( 'NONE', *, *, #4389, .F. ) ;
#6913 = AXIS2_PLACEMENT_3D ( 'NONE', #1189, #7552, #3604 ) ;
#6914 = DIRECTION ( 'NONE',  ( -0.000000000000000000, -0.000000000000000000, 1.000000000000000000 ) ) ;
#6915 = DIRECTION ( 'NONE',  ( -1.000000000000000000, 0.000000000000000000, 0.000000000000000000 ) ) ;
#6916 = UNCERTAINTY_MEASURE_WITH_UNIT (LENGTH_MEASURE( 1.000000000000000082E-05 ), #5422, 'distance_accuracy_value', 'NONE');
#6917 = ORIENTED_EDGE ( 'NONE', *, *, #7861, .T. ) ;
#6918 = ORIENTED_EDGE ( 'NONE', *, *, #6995, .T. ) ;
#6919 = CARTESIAN_POINT ( 'NONE',  ( -63.63727900000002080, 58.91911099999999379, 2.000000000000000000 ) ) ;
#6920 = DIRECTION ( 'NONE',  ( 0.000000000000000000, 0.000000000000000000, 1.000000000000000000 ) ) ;
#6921 = LINE ( 'NONE', #3789, #4063 ) ;
#6922 = ORIENTED_EDGE ( 'NONE', *, *, #1130, .F. ) ;
#6923 = LINE ( 'NONE', #5097, #3555 ) ;
#6924 = AXIS2_PLACEMENT_3D ( 'NONE', #5657, #6199, #1199 ) ;
#6925 = ORIENTED_EDGE ( 'NONE', *, *, #522, .F. ) ;
#6926 = DIRECTION ( 'NONE',  ( 0.000000000000000000, 0.000000000000000000, -1.000000000000000000 ) ) ;
#6927 = ORIENTED_EDGE ( 'NONE', *, *, #147, .T. ) ;
#6928 = LINE ( 'NONE', #4856, #1891 ) ;
#6929 = ORIENTED_EDGE ( 'NONE', *, *, #7402, .T. ) ;
#6930 = DIRECTION ( 'NONE',  ( -0.02449038266029886918, 0.9997000655982534179, 0.000000000000000000 ) ) ;
#6931 = ADVANCED_FACE ( 'NONE', ( #2275 ), #6734, .F. ) ;
#6932 = PLANE ( 'NONE',  #3119 ) ;
#6933 = CARTESIAN_POINT ( 'NONE',  ( -20.18727900000001796, 22.76911099999999522, 5.000000000000000000 ) ) ;
#6934 = CARTESIAN_POINT ( 'NONE',  ( -101.7372790000000151, 17.76911099999999166, 2.000000000000000000 ) ) ;
#6935 = VERTEX_POINT ( 'NONE', #4073 ) ;
#6936 = ADVANCED_FACE ( 'NONE', ( #7355 ), #7950, .F. ) ;
#6937 = DIRECTION ( 'NONE',  ( 0.000000000000000000, 0.000000000000000000, -1.000000000000000000 ) ) ;
#6938 = DIRECTION ( 'NONE',  ( 0.000000000000000000, 1.000000000000000000, 0.000000000000000000 ) ) ;
#6939 = ORIENTED_EDGE ( 'NONE', *, *, #4355, .F. ) ;
#6940 = DIRECTION ( 'NONE',  ( -0.9997000655982569706, -0.02449038266015570245, 0.000000000000000000 ) ) ;
#6941 = DIRECTION ( 'NONE',  ( 0.000000000000000000, 1.000000000000000000, 0.000000000000000000 ) ) ;
#6942 = DIRECTION ( 'NONE',  ( 0.000000000000000000, -0.000000000000000000, 1.000000000000000000 ) ) ;
#6943 = DIRECTION ( 'NONE',  ( 0.000000000000000000, 0.000000000000000000, 1.000000000000000000 ) ) ;
#6944 = ADVANCED_FACE ( 'NONE', ( #7988 ), #6615, .F. ) ;
#6945 = CARTESIAN_POINT ( 'NONE',  ( -39.63727900000002791, 26.16911099999998669, 2.000000000000000000 ) ) ;
#6946 = CARTESIAN_POINT ( 'NONE',  ( -5.312278999999797691, 77.14411100000025101, 2.000000000000000000 ) ) ;
#6947 = ORIENTED_EDGE ( 'NONE', *, *, #3583, .F. ) ;
#6948 = ORIENTED_EDGE ( 'NONE', *, *, #8051, .F. ) ;
#6949 = ORIENTED_EDGE ( 'NONE', *, *, #3737, .F. ) ;
#6950 = CIRCLE ( 'NONE', #5100, 0.3999999999999975797 ) ;
#6951 = DIRECTION ( 'NONE',  ( 1.000000000000000000, 0.000000000000000000, 0.000000000000000000 ) ) ;
#6952 = DIRECTION ( 'NONE',  ( 1.000000000000000000, 0.000000000000000000, 0.000000000000000000 ) ) ;
#6953 = EDGE_CURVE ( 'NONE', #3513, #741, #459, .T. ) ;
#6954 = VERTEX_POINT ( 'NONE', #6653 ) ;
#6955 = ORIENTED_EDGE ( 'NONE', *, *, #6018, .F. ) ;
#6956 = DIRECTION ( 'NONE',  ( 1.000000000000000000, -0.000000000000000000, -0.000000000000000000 ) ) ;
#6957 = LINE ( 'NONE', #1960, #1551 ) ;
#6958 = DIRECTION ( 'NONE',  ( 1.000000000000000000, -0.000000000000000000, 0.000000000000000000 ) ) ;
#6959 = VERTEX_POINT ( 'NONE', #2966 ) ;
#6960 = LINE ( 'NONE', #7715, #1326 ) ;
#6961 = AXIS2_PLACEMENT_3D ( 'NONE', #6086, #2279, #7322 ) ;
#6962 = ORIENTED_EDGE ( 'NONE', *, *, #5970, .T. ) ;
#6963 = CARTESIAN_POINT ( 'NONE',  ( -39.23727900000002933, 25.76911099999999166, 5.000000000000000000 ) ) ;
#6964 = ORIENTED_EDGE ( 'NONE', *, *, #730, .T. ) ;
#6965 = DIRECTION ( 'NONE',  ( 0.000000000000000000, 0.000000000000000000, -1.000000000000000000 ) ) ;
#6966 = AXIS2_PLACEMENT_3D ( 'NONE', #3614, #539, #6158 ) ;
#6967 = ORIENTED_EDGE ( 'NONE', *, *, #1659, .T. ) ;
#6968 = FACE_OUTER_BOUND ( 'NONE', #7599, .T. ) ;
#6969 = CARTESIAN_POINT ( 'NONE',  ( -4.312278999999766604, 76.14411100000025101, 2.000000000000000000 ) ) ;
#6970 = DIRECTION ( 'NONE',  ( 1.000000000000000000, 0.000000000000000000, 0.000000000000000000 ) ) ;
#6971 = DIRECTION ( 'NONE',  ( 0.000000000000000000, 0.000000000000000000, 1.000000000000000000 ) ) ;
#6972 = AXIS2_PLACEMENT_3D ( 'NONE', #193, #1398, #2019 ) ;
#6973 = ORIENTED_EDGE ( 'NONE', *, *, #7205, .T. ) ;
#6974 = EDGE_CURVE ( 'NONE', #6376, #1290, #375, .T. ) ;
#6975 = DIRECTION ( 'NONE',  ( 0.000000000000000000, -0.000000000000000000, -1.000000000000000000 ) ) ;
#6976 = CARTESIAN_POINT ( 'NONE',  ( -6.333840999999999610, 12.63464199999999948, 2.000000000000000000 ) ) ;
#6977 = ORIENTED_EDGE ( 'NONE', *, *, #807, .T. ) ;
#6978 = CIRCLE ( 'NONE', #1445, 0.3999999999999975797 ) ;
#6979 = ORIENTED_EDGE ( 'NONE', *, *, #6795, .F. ) ;
#6980 = DIRECTION ( 'NONE',  ( -1.000000000000000000, 0.000000000000000000, 0.000000000000000000 ) ) ;
#6981 = DIRECTION ( 'NONE',  ( 1.000000000000000000, 0.000000000000000000, 0.000000000000000000 ) ) ;
#6982 = VECTOR ( 'NONE', #246, 1000.000000000000000 ) ;
#6983 = DIRECTION ( 'NONE',  ( -0.000000000000000000, -1.000000000000000000, -0.000000000000000000 ) ) ;
#6984 = LINE ( 'NONE', #1330, #6651 ) ;
#6985 = EDGE_LOOP ( 'NONE', ( #1694, #5753, #3811, #5859 ) ) ;
#6986 = ADVANCED_FACE ( 'NONE', ( #4748 ), #3611, .F. ) ;
#6987 = VERTEX_POINT ( 'NONE', #8020 ) ;
#6988 = ORIENTED_EDGE ( 'NONE', *, *, #3583, .T. ) ;
#6989 = AXIS2_PLACEMENT_3D ( 'NONE', #7053, #2020, #4609 ) ;
#6990 = EDGE_CURVE ( 'NONE', #7576, #3513, #3496, .T. ) ;
#6991 = EDGE_CURVE ( 'NONE', #1348, #5565, #7315, .T. ) ;
#6992 = DIRECTION ( 'NONE',  ( 1.000000000000000000, 3.788636071533290956E-12, -0.000000000000000000 ) ) ;
#6993 = DIRECTION ( 'NONE',  ( -1.000000000000000000, 4.422839691596142742E-13, 0.000000000000000000 ) ) ;
#6994 = VECTOR ( 'NONE', #5513, 1000.000000000000000 ) ;
#6995 = EDGE_CURVE ( 'NONE', #7570, #2092, #3723, .T. ) ;
#6996 = VECTOR ( 'NONE', #1216, 1000.000000000000000 ) ;
#6997 = ORIENTED_EDGE ( 'NONE', *, *, #7306, .F. ) ;
#6998 = ORIENTED_EDGE ( 'NONE', *, *, #7364, .F. ) ;
#6999 = PLANE ( 'NONE',  #6623 ) ;
#7000 = DIRECTION ( 'NONE',  ( -0.000000000000000000, -0.000000000000000000, 1.000000000000000000 ) ) ;
#7001 = CARTESIAN_POINT ( 'NONE',  ( -58.28727900000002649, 45.26911099999999522, 2.000000000000000000 ) ) ;
#7002 = ORIENTED_EDGE ( 'NONE', *, *, #4405, .T. ) ;
#7003 = VECTOR ( 'NONE', #1376, 1000.000000000000000 ) ;
#7004 = AXIS2_PLACEMENT_3D ( 'NONE', #6539, #254, #5965 ) ;
#7005 = DIRECTION ( 'NONE',  ( 1.000000000000000000, 0.000000000000000000, 0.000000000000000000 ) ) ;
#7006 = VERTEX_POINT ( 'NONE', #1614 ) ;
#7007 = FACE_OUTER_BOUND ( 'NONE', #6522, .T. ) ;
#7009 = ORIENTED_EDGE ( 'NONE', *, *, #7107, .T. ) ;
#7008 = CIRCLE ( 'NONE', #4088, 0.3999999999999975797 ) ;
#7010 = DIRECTION ( 'NONE',  ( 1.000000000000000000, 0.000000000000000000, 0.000000000000000000 ) ) ;
#7011 = CIRCLE ( 'NONE', #4090, 1.000000000000000000 ) ;
#7012 = ADVANCED_FACE ( 'NONE', ( #2888 ), #7276, .F. ) ;
#7013 = EDGE_LOOP ( 'NONE', ( #1306, #8032, #1413, #6746 ) ) ;
#7014 = DIRECTION ( 'NONE',  ( 1.000000000000000000, 0.000000000000000000, 0.000000000000000000 ) ) ;
#7015 = CARTESIAN_POINT ( 'NONE',  ( -77.73727900000001512, 26.16911099999998669, 2.000000000000000000 ) ) ;
#7016 = CARTESIAN_POINT ( 'NONE',  ( -24.35782314279000005, 79.14635366131899730, 2.000000000000000000 ) ) ;
#7017 = CIRCLE ( 'NONE', #7151, 0.9977672882801811305 ) ;
#7018 = VECTOR ( 'NONE', #6589, 1000.000000000000000 ) ;
#7019 = CYLINDRICAL_SURFACE ( 'NONE', #2395, 0.3999999999999975797 ) ;
#7020 = CARTESIAN_POINT ( 'NONE',  ( -77.73727900000001512, 45.21911099999999095, 2.000000000000000000 ) ) ;
#7021 = ORIENTED_EDGE ( 'NONE', *, *, #2138, .F. ) ;
#7022 = DIRECTION ( 'NONE',  ( 1.000000000000000000, 0.000000000000000000, 0.000000000000000000 ) ) ;
#7023 = PLANE ( 'NONE',  #1954 ) ;
#7024 = CARTESIAN_POINT ( 'NONE',  ( -6.087279000000014761, 55.91911099999999379, 2.000000000000000000 ) ) ;
#7025 = CARTESIAN_POINT ( 'NONE',  ( -9.557274015923402644, -2.853684177437183056, 5.000000000000000000 ) ) ;
#7026 = CARTESIAN_POINT ( 'NONE',  ( -53.46030958397999200, 20.49838296832900042, 2.000000000000000000 ) ) ;
#7027 = ORIENTED_EDGE ( 'NONE', *, *, #5586, .F. ) ;
#7028 = ORIENTED_EDGE ( 'NONE', *, *, #4037, .T. ) ;
#7029 = ORIENTED_EDGE ( 'NONE', *, *, #4680, .F. ) ;
#7030 = CARTESIAN_POINT ( 'NONE',  ( -80.51227899999999238, 72.14411100000273791, 2.000000000000000000 ) ) ;
#7031 = DIRECTION ( 'NONE',  ( 0.000000000000000000, 0.000000000000000000, 1.000000000000000000 ) ) ;
#7032 = EDGE_CURVE ( 'NONE', #3315, #4076, #7986, .T. ) ;
#7033 = DIRECTION ( 'NONE',  ( 1.000000000000000000, 0.000000000000000000, 0.000000000000000000 ) ) ;
#7034 = EDGE_CURVE ( 'NONE', #2709, #901, #5448, .T. ) ;
#7035 = ORIENTED_EDGE ( 'NONE', *, *, #161, .T. ) ;
#7036 = VERTEX_POINT ( 'NONE', #3464 ) ;
#7037 = AXIS2_PLACEMENT_3D ( 'NONE', #4924, #355, #2868 ) ;
#7038 = CARTESIAN_POINT ( 'NONE',  ( -116.6122789999999867, 15.99411099999771579, 2.000000000000000000 ) ) ;
#7039 = CARTESIAN_POINT ( 'NONE',  ( -44.18727900000002506, 50.21911099999999095, 5.000000000000000000 ) ) ;
#7040 = DIRECTION ( 'NONE',  ( -0.000000000000000000, -1.000000000000000000, -0.000000000000000000 ) ) ;
#7041 = ORIENTED_EDGE ( 'NONE', *, *, #2302, .F. ) ;
#7042 = PLANE ( 'NONE',  #7136 ) ;
#7043 = EDGE_LOOP ( 'NONE', ( #460, #1889, #6456, #3317 ) ) ;
#7044 = CARTESIAN_POINT ( 'NONE',  ( -58.28727900000002649, 69.26911099999999522, 2.000000000000000000 ) ) ;
#7045 = VECTOR ( 'NONE', #5287, 1000.000000000000000 ) ;
#7046 = ORIENTED_EDGE ( 'NONE', *, *, #6907, .F. ) ;
#7047 = FACE_OUTER_BOUND ( 'NONE', #5947, .T. ) ;
#7048 = ORIENTED_EDGE ( 'NONE', *, *, #4273, .T. ) ;
#7049 = LINE ( 'NONE', #7808, #7236 ) ;
#7050 = CARTESIAN_POINT ( 'NONE',  ( -3.812278999999715534, 18.65550297878012742, 2.000000000000000000 ) ) ;
#7051 =( NAMED_UNIT ( * ) SI_UNIT ( $, .STERADIAN. ) SOLID_ANGLE_UNIT ( ) );
#7052 = VECTOR ( 'NONE', #5669, 1000.000000000000000 ) ;
#7053 = CARTESIAN_POINT ( 'NONE',  ( -43.40782314279000076, 84.14635366131901151, 2.000000000000000000 ) ) ;
#7054 = ORIENTED_EDGE ( 'NONE', *, *, #2138, .T. ) ;
#7055 = VECTOR ( 'NONE', #6898, 1000.000000000000000 ) ;
#7056 = CARTESIAN_POINT ( 'NONE',  ( -101.7372790000000151, 37.21911099999999095, 2.000000000000000000 ) ) ;
#7057 = LINE ( 'NONE', #4487, #3346 ) ;
#7058 = ORIENTED_EDGE ( 'NONE', *, *, #7090, .T. ) ;
#7059 = DIRECTION ( 'NONE',  ( 0.000000000000000000, 0.000000000000000000, -1.000000000000000000 ) ) ;
#7060 = CARTESIAN_POINT ( 'NONE',  ( -63.23727900000002222, 77.96911099999999806, 2.000000000000000000 ) ) ;
#7061 = CARTESIAN_POINT ( 'NONE',  ( -25.53727900000002293, 26.16911099999998669, 2.000000000000000000 ) ) ;
#7062 = EDGE_CURVE ( 'NONE', #4146, #8078, #4867, .T. ) ;
#7063 = DIRECTION ( 'NONE',  ( -1.000000000000000000, 0.000000000000000000, 0.000000000000000000 ) ) ;
#7064 = LINE ( 'NONE', #208, #2953 ) ;
#7065 = VERTEX_POINT ( 'NONE', #6001 ) ;
#7066 = EDGE_LOOP ( 'NONE', ( #2242, #1169, #3347, #5273 ) ) ;
#7067 = VERTEX_POINT ( 'NONE', #1569 ) ;
#7068 = DIRECTION ( 'NONE',  ( 1.000000000000000000, 0.000000000000000000, 0.000000000000000000 ) ) ;
#7069 = ADVANCED_FACE ( 'NONE', ( #4234 ), #6773, .T. ) ;
#7070 = LINE ( 'NONE', #7161, #7945 ) ;
#7071 = ORIENTED_EDGE ( 'NONE', *, *, #1082, .T. ) ;
#7072 = AXIS2_PLACEMENT_3D ( 'NONE', #8015, #4742, #7942 ) ;
#7073 = ORIENTED_EDGE ( 'NONE', *, *, #1940, .F. ) ;
#7074 = CARTESIAN_POINT ( 'NONE',  ( -96.38727900000002080, 51.31911099999999237, 2.000000000000000000 ) ) ;
#7075 = LINE ( 'NONE', #809, #2737 ) ;
#7076 = CARTESIAN_POINT ( 'NONE',  ( -58.68727900000002506, 69.26911099999999522, 2.000000000000000000 ) ) ;
#7077 = ORIENTED_EDGE ( 'NONE', *, *, #3628, .T. ) ;
#7078 = LINE ( 'NONE', #26, #1716 ) ;
#7079 = ADVANCED_FACE ( 'NONE', ( #7518 ), #1157, .F. ) ;
#7080 = EDGE_CURVE ( 'NONE', #3506, #7789, #4989, .T. ) ;
#7081 = ORIENTED_EDGE ( 'NONE', *, *, #1928, .T. ) ;
#7082 = DIRECTION ( 'NONE',  ( 1.000000000000000000, 0.000000000000000000, 0.000000000000000000 ) ) ;
#7083 = CIRCLE ( 'NONE', #6692, 0.4000000000000010214 ) ;
#7084 = EDGE_CURVE ( 'NONE', #6681, #6050, #5529, .T. ) ;
#7085 = EDGE_LOOP ( 'NONE', ( #3392, #4252, #2113, #4839, #1502, #4921, #7630, #5742 ) ) ;
#7086 = CARTESIAN_POINT ( 'NONE',  ( -63.63727900000002080, 78.36911099999998953, 2.000000000000000000 ) ) ;
#7087 = ORIENTED_EDGE ( 'NONE', *, *, #6745, .F. ) ;
#7088 = EDGE_LOOP ( 'NONE', ( #6572, #5172, #2510, #6667 ) ) ;
#7089 = DIRECTION ( 'NONE',  ( 0.000000000000000000, -1.000000000000000000, -0.000000000000000000 ) ) ;
#7090 = EDGE_CURVE ( 'NONE', #4011, #4291, #5615, .T. ) ;
#7091 = AXIS2_PLACEMENT_3D ( 'NONE', #5724, #3265, #4511 ) ;
#7092 = CARTESIAN_POINT ( 'NONE',  ( -44.18727900000002506, 69.26911099999999522, 5.000000000000000000 ) ) ;
#7093 = DIRECTION ( 'NONE',  ( 1.000000000000000000, 0.000000000000000000, 0.000000000000000000 ) ) ;
#7094 = EDGE_CURVE ( 'NONE', #657, #1937, #1239, .T. ) ;
#7095 = FACE_BOUND ( 'NONE', #7486, .T. ) ;
#7096 = EDGE_CURVE ( 'NONE', #7450, #633, #3648, .T. ) ;
#7097 = CARTESIAN_POINT ( 'NONE',  ( -77.33727900000002364, 39.86911099999998953, 2.000000000000000000 ) ) ;
#7098 = LINE ( 'NONE', #2022, #4496 ) ;
#7099 = LINE ( 'NONE', #81, #4132 ) ;
#7100 = ORIENTED_EDGE ( 'NONE', *, *, #7559, .T. ) ;
#7101 = LINE ( 'NONE', #3944, #2858 ) ;
#7102 = DIRECTION ( 'NONE',  ( 0.000000000000000000, 0.000000000000000000, 1.000000000000000000 ) ) ;
#7103 = AXIS2_PLACEMENT_3D ( 'NONE', #3178, #5709, #7602 ) ;
#7104 = DIRECTION ( 'NONE',  ( 1.000000000000000000, 0.000000000000000000, 0.000000000000000000 ) ) ;
#7105 = LINE ( 'NONE', #5748, #4627 ) ;
#7106 = MECHANICAL_DESIGN_GEOMETRIC_PRESENTATION_REPRESENTATION (  '', ( #6186 ), #7372 ) ;
#7107 = EDGE_CURVE ( 'NONE', #5616, #772, #4532, .T. ) ;
#7108 = DIRECTION ( 'NONE',  ( 1.000000000000000000, 0.000000000000000000, 0.000000000000000000 ) ) ;
#7109 = VERTEX_POINT ( 'NONE', #6241 ) ;
#7110 = VECTOR ( 'NONE', #1593, 1000.000000000000000 ) ;
#7111 = ORIENTED_EDGE ( 'NONE', *, *, #6036, .T. ) ;
#7112 = VERTEX_POINT ( 'NONE', #536 ) ;
#7113 = CARTESIAN_POINT ( 'NONE',  ( -9.703684177437180480, -2.307274015923408861, 2.000000000000000000 ) ) ;
#7114 = VECTOR ( 'NONE', #7360, 1000.000000000000000 ) ;
#7115 = VECTOR ( 'NONE', #1512, 1000.000000000000227 ) ;
#7116 = DIRECTION ( 'NONE',  ( -0.9997000655982568595, 0.02449038266015602511, 0.000000000000000000 ) ) ;
#7117 = ORIENTED_EDGE ( 'NONE', *, *, #437, .T. ) ;
#7118 = VECTOR ( 'NONE', #960, 1000.000000000000000 ) ;
#7119 = ORIENTED_EDGE ( 'NONE', *, *, #7967, .F. ) ;
#7120 = FACE_OUTER_BOUND ( 'NONE', #3797, .T. ) ;
#7121 = CARTESIAN_POINT ( 'NONE',  ( -115.4372789999999895, 55.86911099999999664, 5.000000000000000000 ) ) ;
#7122 = CARTESIAN_POINT ( 'NONE',  ( -77.33727900000002364, 26.16911099999998669, 2.000000000000000000 ) ) ;
#7123 = ORIENTED_EDGE ( 'NONE', *, *, #205, .T. ) ;
#7124 = EDGE_CURVE ( 'NONE', #1615, #6551, #8191, .T. ) ;
#7125 = DIRECTION ( 'NONE',  ( -1.000000000000000000, 0.000000000000000000, 0.000000000000000000 ) ) ;
#7126 = ORIENTED_EDGE ( 'NONE', *, *, #5176, .T. ) ;
#7127 = CYLINDRICAL_SURFACE ( 'NONE', #3671, 0.9977672882800978638 ) ;
#7128 = PRODUCT_DEFINITION_SHAPE ( 'NONE', 'NONE',  #4857 ) ;
#7129 = CIRCLE ( 'NONE', #6078, 1.000000000000002665 ) ;
#7130 = EDGE_CURVE ( 'NONE', #7036, #6279, #8063, .T. ) ;
#7131 = ORIENTED_EDGE ( 'NONE', *, *, #6793, .F. ) ;
#7132 = CARTESIAN_POINT ( 'NONE',  ( -63.63727900000002080, 25.76911099999999166, 2.000000000000000000 ) ) ;
#7133 = ORIENTED_EDGE ( 'NONE', *, *, #4070, .T. ) ;
#7134 = PLANE ( 'NONE',  #4189 ) ;
#7135 = VECTOR ( 'NONE', #13, 1000.000000000000000 ) ;
#7136 = AXIS2_PLACEMENT_3D ( 'NONE', #1877, #4384, #1917 ) ;
#7137 = CYLINDRICAL_SURFACE ( 'NONE', #3251, 0.3999999999999975797 ) ;
#7138 = CARTESIAN_POINT ( 'NONE',  ( -63.63727900000002080, 44.81911099999999237, 2.000000000000000000 ) ) ;
#7139 = LINE ( 'NONE', #6436, #5538 ) ;
#7140 = FACE_OUTER_BOUND ( 'NONE', #5794, .T. ) ;
#7141 = ORIENTED_EDGE ( 'NONE', *, *, #2722, .T. ) ;
#7142 = AXIS2_PLACEMENT_3D ( 'NONE', #5957, #4702, #2226 ) ;
#7143 = EDGE_CURVE ( 'NONE', #1837, #2048, #6658, .T. ) ;
#7144 = AXIS2_PLACEMENT_3D ( 'NONE', #7282, #1456, #2735 ) ;
#7145 = DIRECTION ( 'NONE',  ( 1.000000000000000000, -0.000000000000000000, -0.000000000000000000 ) ) ;
#7146 = EDGE_CURVE ( 'NONE', #5601, #2854, #1254, .T. ) ;
#7147 = LINE ( 'NONE', #748, #1648 ) ;
#7148 = ORIENTED_EDGE ( 'NONE', *, *, #331, .T. ) ;
#7149 = LINE ( 'NONE', #1405, #3754 ) ;
#7150 = DIRECTION ( 'NONE',  ( -0.000000000000000000, -0.000000000000000000, 1.000000000000000000 ) ) ;
#7151 = AXIS2_PLACEMENT_3D ( 'NONE', #8061, #6277, #6854 ) ;
#7152 = CIRCLE ( 'NONE', #3567, 0.3999999999999975797 ) ;
#7153 = LINE ( 'NONE', #6530, #5528 ) ;
#7154 = ADVANCED_FACE ( 'NONE', ( #4406 ), #7475, .F. ) ;
#7155 = DIRECTION ( 'NONE',  ( 0.000000000000000000, 0.000000000000000000, -1.000000000000000000 ) ) ;
#7156 = CARTESIAN_POINT ( 'NONE',  ( -48.96227899999998812, 1.944110999997723521, 2.000000000000000000 ) ) ;
#7157 = VERTEX_POINT ( 'NONE', #4310 ) ;
#7158 = ORIENTED_EDGE ( 'NONE', *, *, #6087, .T. ) ;
#7159 = EDGE_LOOP ( 'NONE', ( #6666, #3186, #7941, #1795 ) ) ;
#7160 = CARTESIAN_POINT ( 'NONE',  ( -58.28727900000002649, 44.86911099999999664, 5.000000000000000000 ) ) ;
#7161 = CARTESIAN_POINT ( 'NONE',  ( -101.7372789999999867, 55.86911099999999664, 2.000000000000000000 ) ) ;
#7162 = ORIENTED_EDGE ( 'NONE', *, *, #4387, .F. ) ;
#7163 = EDGE_CURVE ( 'NONE', #5406, #1495, #5706, .T. ) ;
#7164 = ORIENTED_EDGE ( 'NONE', *, *, #6094, .T. ) ;
#7165 = SHAPE_DEFINITION_REPRESENTATION ( #7128, #6099 ) ;
#7166 = LINE ( 'NONE', #3311, #6321 ) ;
#7167 = CARTESIAN_POINT ( 'NONE',  ( -6.487279000000012452, 37.26911099999999522, 2.000000000000000000 ) ) ;
#7168 = ORIENTED_EDGE ( 'NONE', *, *, #5361, .F. ) ;
#7169 = FACE_OUTER_BOUND ( 'NONE', #5562, .T. ) ;
#7170 = EDGE_LOOP ( 'NONE', ( #3254, #4580, #1175, #1697, #1661, #2002, #4926, #6871 ) ) ;
#7171 = VERTEX_POINT ( 'NONE', #8145 ) ;
#7172 = CARTESIAN_POINT ( 'NONE',  ( -77.33727900000002364, 78.36911099999998953, 2.000000000000000000 ) ) ;
#7173 = VERTEX_POINT ( 'NONE', #5575 ) ;
#7174 = CARTESIAN_POINT ( 'NONE',  ( -63.63727900000002080, 64.26911099999999522, 5.000000000000000000 ) ) ;
#7175 = CARTESIAN_POINT ( 'NONE',  ( -82.68727900000001796, 36.81911099999999237, 2.000000000000000000 ) ) ;
#7176 = DIRECTION ( 'NONE',  ( 0.000000000000000000, 0.000000000000000000, 1.000000000000000000 ) ) ;
#7177 = DIRECTION ( 'NONE',  ( -7.147972087465597073E-15, 1.000000000000000000, 0.000000000000000000 ) ) ;
#7178 = VECTOR ( 'NONE', #3798, 1000.000000000000000 ) ;
#7179 = VERTEX_POINT ( 'NONE', #2472 ) ;
#7180 = DIRECTION ( 'NONE',  ( -0.000000000000000000, -0.000000000000000000, 1.000000000000000000 ) ) ;
#7181 = ADVANCED_FACE ( 'NONE', ( #1279 ), #3765, .F. ) ;
#7182 = DIRECTION ( 'NONE',  ( 0.000000000000000000, 0.000000000000000000, 1.000000000000000000 ) ) ;
#7183 = AXIS2_PLACEMENT_3D ( 'NONE', #2810, #7698, #4577 ) ;
#7184 = DIRECTION ( 'NONE',  ( -0.000000000000000000, -0.000000000000000000, 1.000000000000000000 ) ) ;
#7185 = ORIENTED_EDGE ( 'NONE', *, *, #6070, .T. ) ;
#7186 = DIRECTION ( 'NONE',  ( -1.000000000000000000, 0.000000000000000000, 0.000000000000000000 ) ) ;
#7187 = DIRECTION ( 'NONE',  ( 0.000000000000000000, 0.000000000000000000, 1.000000000000000000 ) ) ;
#7188 = DIRECTION ( 'NONE',  ( 0.000000000000000000, 0.000000000000000000, -1.000000000000000000 ) ) ;
#7189 = VECTOR ( 'NONE', #1684, 1000.000000000000000 ) ;
#7190 = EDGE_CURVE ( 'NONE', #4031, #2867, #2559, .T. ) ;
#7191 = CARTESIAN_POINT ( 'NONE',  ( -101.7372789999999867, 55.86911099999999664, 2.000000000000000000 ) ) ;
#7192 = DIRECTION ( 'NONE',  ( -0.000000000000000000, -0.000000000000000000, 1.000000000000000000 ) ) ;
#7193 = VERTEX_POINT ( 'NONE', #7598 ) ;
#7194 = ORIENTED_EDGE ( 'NONE', *, *, #307, .F. ) ;
#7195 = ORIENTED_EDGE ( 'NONE', *, *, #7243, .T. ) ;
#7196 = EDGE_CURVE ( 'NONE', #3914, #4773, #2830, .T. ) ;
#7197 = DIRECTION ( 'NONE',  ( 1.000000000000000000, 0.000000000000000000, 0.000000000000000000 ) ) ;
#7198 = DIRECTION ( 'NONE',  ( 0.000000000000000000, 0.000000000000000000, 1.000000000000000000 ) ) ;
#7199 = ORIENTED_EDGE ( 'NONE', *, *, #5881, .T. ) ;
#7200 = ORIENTED_EDGE ( 'NONE', *, *, #1082, .F. ) ;
#7201 =( LENGTH_UNIT ( ) NAMED_UNIT ( * ) SI_UNIT ( .MILLI., .METRE. ) );
#7202 = CARTESIAN_POINT ( 'NONE',  ( -79.51227899999999238, 23.99411100000227393, 2.000000000000000000 ) ) ;
#7203 = ORIENTED_EDGE ( 'NONE', *, *, #3292, .T. ) ;
#7204 = LINE ( 'NONE', #6630, #679 ) ;
#7205 = EDGE_CURVE ( 'NONE', #97, #4371, #3479, .T. ) ;
#7206 = DIRECTION ( 'NONE',  ( -0.000000000000000000, -1.000000000000000000, -0.000000000000000000 ) ) ;
#7207 = ORIENTED_EDGE ( 'NONE', *, *, #6803, .F. ) ;
#7208 = DIRECTION ( 'NONE',  ( -0.4787088361979869311, -0.8779737183685905055, 0.000000000000000000 ) ) ;
#7209 = ORIENTED_EDGE ( 'NONE', *, *, #4243, .F. ) ;
#7210 = DIRECTION ( 'NONE',  ( 0.000000000000000000, 0.000000000000000000, 1.000000000000000000 ) ) ;
#7211 = CARTESIAN_POINT ( 'NONE',  ( -96.78727900000001227, 50.91911099999999379, 2.000000000000000000 ) ) ;
#7212 = CARTESIAN_POINT ( 'NONE',  ( -22.36227899999999735, 77.14411099999999522, 2.000000000000000000 ) ) ;
#7213 = DIRECTION ( 'NONE',  ( -1.000000000000000000, -7.147972087465597073E-15, 0.000000000000000000 ) ) ;
#7214 = VECTOR ( 'NONE', #243, 1000.000000000000000 ) ;
#7215 = ORIENTED_EDGE ( 'NONE', *, *, #3992, .F. ) ;
#7216 = DIRECTION ( 'NONE',  ( 0.000000000000000000, -1.000000000000000000, -0.000000000000000000 ) ) ;
#7217 = CARTESIAN_POINT ( 'NONE',  ( -48.96227899999998812, 1.944110999997723521, 2.000000000000000000 ) ) ;
#7218 = AXIS2_PLACEMENT_3D ( 'NONE', #6596, #279, #4175 ) ;
#7219 = ADVANCED_FACE ( 'NONE', ( #5159 ), #1485, .F. ) ;
#7220 = PLANE ( 'NONE',  #7584 ) ;
#7221 = EDGE_LOOP ( 'NONE', ( #2285, #2877, #6548, #4282 ) ) ;
#7222 = CARTESIAN_POINT ( 'NONE',  ( -117.6098719999988731, 16.89585700000010959, 2.000000000000000000 ) ) ;
#7223 = DIRECTION ( 'NONE',  ( 0.000000000000000000, 0.000000000000000000, 1.000000000000000000 ) ) ;
#7224 = DIRECTION ( 'NONE',  ( 0.000000000000000000, 0.000000000000000000, 1.000000000000000000 ) ) ;
#7225 = CIRCLE ( 'NONE', #4171, 0.3999999999999975797 ) ;
#7226 = CARTESIAN_POINT ( 'NONE',  ( -25.53727900000002293, 58.91911099999999379, 2.000000000000000000 ) ) ;
#7227 = EDGE_CURVE ( 'NONE', #7006, #7232, #3942, .T. ) ;
#7228 = CARTESIAN_POINT ( 'NONE',  ( -101.7372790000000151, 18.16911099999998669, 2.000000000000000000 ) ) ;
#7229 = ORIENTED_EDGE ( 'NONE', *, *, #6481, .T. ) ;
#7230 = VECTOR ( 'NONE', #1611, 1000.000000000000000 ) ;
#7231 = ORIENTED_EDGE ( 'NONE', *, *, #834, .F. ) ;
#7232 = VERTEX_POINT ( 'NONE', #4568 ) ;
#7233 = LINE ( 'NONE', #5370, #7673 ) ;
#7234 = CIRCLE ( 'NONE', #114, 1.125000000000000888 ) ;
#7235 = EDGE_CURVE ( 'NONE', #4960, #877, #7099, .T. ) ;
#7236 = VECTOR ( 'NONE', #779, 1000.000000000000000 ) ;
#7237 = ADVANCED_FACE ( 'NONE', ( #5741 ), #116, .F. ) ;
#7238 = CARTESIAN_POINT ( 'NONE',  ( -78.51452166130999899, 79.14856685720400264, 2.000000000000000000 ) ) ;
#7239 = ORIENTED_EDGE ( 'NONE', *, *, #4622, .F. ) ;
#7240 = ORIENTED_EDGE ( 'NONE', *, *, #3949, .T. ) ;
#7241 = ADVANCED_FACE ( 'NONE', ( #1443 ), #1520, .F. ) ;
#7242 = ORIENTED_EDGE ( 'NONE', *, *, #6841, .F. ) ;
#7243 = EDGE_CURVE ( 'NONE', #5752, #3914, #2724, .T. ) ;
#7244 = CARTESIAN_POINT ( 'NONE',  ( -78.51452166130999899, 79.14856685720400264, 2.000000000000000000 ) ) ;
#7245 = CIRCLE ( 'NONE', #6452, 0.3999999999999975797 ) ;
#7246 = EDGE_CURVE ( 'NONE', #311, #3068, #788, .T. ) ;
#7247 = CARTESIAN_POINT ( 'NONE',  ( -6.087279000000014761, 61.26911099999998811, 2.000000000000000000 ) ) ;
#7248 = ORIENTED_EDGE ( 'NONE', *, *, #5037, .T. ) ;
#7249 = CARTESIAN_POINT ( 'NONE',  ( -20.18727900000001796, 60.86911099999998953, 2.000000000000000000 ) ) ;
#7250 = CIRCLE ( 'NONE', #794, 0.3999999999999975797 ) ;
#7251 = ORIENTED_EDGE ( 'NONE', *, *, #1283, .T. ) ;
#7252 = VECTOR ( 'NONE', #5309, 1000.000000000000000 ) ;
#7253 = LINE ( 'NONE', #7925, #1633 ) ;
#7254 = ORIENTED_EDGE ( 'NONE', *, *, #5466, .T. ) ;
#7255 = ORIENTED_EDGE ( 'NONE', *, *, #3359, .T. ) ;
#7256 = LINE ( 'NONE', #2253, #4332 ) ;
#7257 = FACE_OUTER_BOUND ( 'NONE', #1956, .T. ) ;
#7258 = DIRECTION ( 'NONE',  ( -0.000000000000000000, -0.000000000000000000, -1.000000000000000000 ) ) ;
#7259 = EDGE_CURVE ( 'NONE', #4359, #7843, #2023, .T. ) ;
#7260 = VECTOR ( 'NONE', #4398, 1000.000000000000000 ) ;
#7261 = CARTESIAN_POINT ( 'NONE',  ( -25.13727900000002791, 58.91911099999999379, 5.000000000000000000 ) ) ;
#7262 = ORIENTED_EDGE ( 'NONE', *, *, #2197, .T. ) ;
#7263 = CARTESIAN_POINT ( 'NONE',  ( -117.6098719999988731, 16.89585700000010959, 2.000000000000000000 ) ) ;
#7264 = VECTOR ( 'NONE', #3514, 1000.000000000000000 ) ;
#7265 = DIRECTION ( 'NONE',  ( -0.000000000000000000, -0.000000000000000000, 1.000000000000000000 ) ) ;
#7266 = VECTOR ( 'NONE', #2982, 1000.000000000000000 ) ;
#7267 = DIRECTION ( 'NONE',  ( -0.000000000000000000, -0.000000000000000000, 1.000000000000000000 ) ) ;
#7268 = ORIENTED_EDGE ( 'NONE', *, *, #7577, .F. ) ;
#7269 = CARTESIAN_POINT ( 'NONE',  ( -58.28727900000002649, 83.36911099999998953, 2.000000000000000000 ) ) ;
#7270 = CARTESIAN_POINT ( 'NONE',  ( -44.58727900000002364, 49.81911099999999237, 2.000000000000000000 ) ) ;
#7271 = EDGE_CURVE ( 'NONE', #7415, #6322, #988, .T. ) ;
#7272 = DIRECTION ( 'NONE',  ( 0.000000000000000000, 0.000000000000000000, 1.000000000000000000 ) ) ;
#7273 = VECTOR ( 'NONE', #5922, 1000.000000000000000 ) ;
#7274 = AXIS2_PLACEMENT_3D ( 'NONE', #6374, #6451, #637 ) ;
#7275 = DIRECTION ( 'NONE',  ( 1.000000000000000000, 0.000000000000000000, 0.000000000000000000 ) ) ;
#7276 = CYLINDRICAL_SURFACE ( 'NONE', #4397, 0.3999999999999975797 ) ;
#7277 = ORIENTED_EDGE ( 'NONE', *, *, #7243, .F. ) ;
#7278 = VECTOR ( 'NONE', #3984, 1000.000000000000114 ) ;
#7279 = ORIENTED_EDGE ( 'NONE', *, *, #2158, .T. ) ;
#7280 = ORIENTED_EDGE ( 'NONE', *, *, #5280, .F. ) ;
#7281 = PLANE ( 'NONE',  #1948 ) ;
#7282 = CARTESIAN_POINT ( 'NONE',  ( -81.51003633868000975, 16.98965514279599986, 5.000000000000000000 ) ) ;
#7283 = AXIS2_PLACEMENT_3D ( 'NONE', #3244, #7691, #2101 ) ;
#7284 = VERTEX_POINT ( 'NONE', #4527 ) ;
#7285 = CARTESIAN_POINT ( 'NONE',  ( -63.23727900000002222, 64.26911099999999522, 2.000000000000000000 ) ) ;
#7286 = ORIENTED_EDGE ( 'NONE', *, *, #725, .T. ) ;
#7287 = EDGE_CURVE ( 'NONE', #335, #1793, #7147, .T. ) ;
#7288 = ORIENTED_EDGE ( 'NONE', *, *, #2440, .F. ) ;
#7289 = ORIENTED_EDGE ( 'NONE', *, *, #7196, .T. ) ;
#7290 = SURFACE_SIDE_STYLE ('',( #4717 ) ) ;
#7291 = ORIENTED_EDGE ( 'NONE', *, *, #1696, .T. ) ;
#7292 = DIRECTION ( 'NONE',  ( -0.8660254037844388186, 0.4999999999999997224, 0.000000000000000000 ) ) ;
#7293 = ORIENTED_EDGE ( 'NONE', *, *, #4727, .T. ) ;
#7294 = LINE ( 'NONE', #1632, #4337 ) ;
#7295 = EDGE_CURVE ( 'NONE', #2980, #2967, #4808, .T. ) ;
#7296 = EDGE_CURVE ( 'NONE', #297, #8156, #7642, .T. ) ;
#7297 = ORIENTED_EDGE ( 'NONE', *, *, #186, .T. ) ;
#7298 = DIRECTION ( 'NONE',  ( -0.000000000000000000, -0.000000000000000000, 1.000000000000000000 ) ) ;
#7299 = ORIENTED_EDGE ( 'NONE', *, *, #2628, .T. ) ;
#7300 = LINE ( 'NONE', #7846, #123 ) ;
#7301 = LINE ( 'NONE', #6555, #4974 ) ;
#7302 = DIRECTION ( 'NONE',  ( 1.000000000000000000, 0.000000000000000000, 0.000000000000000000 ) ) ;
#7303 = CARTESIAN_POINT ( 'NONE',  ( -101.7372790000000151, 32.26911099999998811, 2.000000000000000000 ) ) ;
#7304 = ORIENTED_EDGE ( 'NONE', *, *, #577, .F. ) ;
#7305 = FACE_OUTER_BOUND ( 'NONE', #1240, .T. ) ;
#7306 = EDGE_CURVE ( 'NONE', #7961, #4979, #7057, .T. ) ;
#7307 = ORIENTED_EDGE ( 'NONE', *, *, #1972, .T. ) ;
#7308 = LINE ( 'NONE', #1605, #7313 ) ;
#7309 = CARTESIAN_POINT ( 'NONE',  ( -4.312278999999719531, 19.52152838256456135, 2.000000000000000000 ) ) ;
#7310 = VERTEX_POINT ( 'NONE', #1403 ) ;
#7311 = LINE ( 'NONE', #1651, #1149 ) ;
#7312 = DIRECTION ( 'NONE',  ( 0.000000000000000000, 0.000000000000000000, 1.000000000000000000 ) ) ;
#7313 = VECTOR ( 'NONE', #2924, 1000.000000000000000 ) ;
#7314 = LINE ( 'NONE', #1028, #1975 ) ;
#7315 = CIRCLE ( 'NONE', #2428, 0.3999999999999975797 ) ;
#7316 = EDGE_CURVE ( 'NONE', #947, #299, #3893, .T. ) ;
#7317 = CARTESIAN_POINT ( 'NONE',  ( -7.458841000000000498, 12.63464199999999948, 5.000000000000000000 ) ) ;
#7318 = CARTESIAN_POINT ( 'NONE',  ( -39.23727900000002933, 77.96911099999999806, 2.000000000000000000 ) ) ;
#7319 = ORIENTED_EDGE ( 'NONE', *, *, #6327, .F. ) ;
#7320 = ORIENTED_EDGE ( 'NONE', *, *, #3900, .T. ) ;
#7321 = ORIENTED_EDGE ( 'NONE', *, *, #5375, .T. ) ;
#7322 = DIRECTION ( 'NONE',  ( 1.000000000000000000, 0.000000000000000000, 0.000000000000000000 ) ) ;
#7323 = VECTOR ( 'NONE', #710, 1000.000000000000000 ) ;
#7324 = CARTESIAN_POINT ( 'NONE',  ( -49.96227639142968258, 20.49838296832900042, 2.000000000000000000 ) ) ;
#7325 = VERTEX_POINT ( 'NONE', #3330 ) ;
#7326 = CARTESIAN_POINT ( 'NONE',  ( -44.58727900000002364, 50.21911099999999095, 2.000000000000000000 ) ) ;
#7327 = ORIENTED_EDGE ( 'NONE', *, *, #5415, .T. ) ;
#7328 = ADVANCED_FACE ( 'NONE', ( #1981 ), #1361, .F. ) ;
#7329 = ORIENTED_EDGE ( 'NONE', *, *, #2507, .T. ) ;
#7330 = ORIENTED_EDGE ( 'NONE', *, *, #6414, .F. ) ;
#7331 = FACE_OUTER_BOUND ( 'NONE', #7551, .T. ) ;
#7332 = ADVANCED_FACE ( 'NONE', ( #3246 ), #2683, .F. ) ;
#7333 = ORIENTED_EDGE ( 'NONE', *, *, #5836, .T. ) ;
#7334 = CARTESIAN_POINT ( 'NONE',  ( -63.63727900000002080, 59.31911099999999237, 2.000000000000000000 ) ) ;
#7335 = EDGE_LOOP ( 'NONE', ( #7374, #6401, #4041, #89 ) ) ;
#7336 = LINE ( 'NONE', #1673, #802 ) ;
#7337 = DIRECTION ( 'NONE',  ( 0.000000000000000000, 0.000000000000000000, 1.000000000000000000 ) ) ;
#7338 = CARTESIAN_POINT ( 'NONE',  ( -82.68727900000001796, 17.76911099999999166, 2.000000000000000000 ) ) ;
#7339 = ADVANCED_FACE ( 'NONE', ( #5201 ), #7345, .F. ) ;
#7340 = CARTESIAN_POINT ( 'NONE',  ( -39.23727900000002933, 40.26911099999998811, 2.000000000000000000 ) ) ;
#7341 = VERTEX_POINT ( 'NONE', #3570 ) ;
#7342 = LINE ( 'NONE', #5474, #6755 ) ;
#7343 = EDGE_LOOP ( 'NONE', ( #7209, #2725, #1788, #6536, #6542, #4847, #385, #3546 ) ) ;
#7344 = LINE ( 'NONE', #6308, #318 ) ;
#7345 = CYLINDRICAL_SURFACE ( 'NONE', #4403, 0.3999999999999975797 ) ;
#7346 = ORIENTED_EDGE ( 'NONE', *, *, #5037, .F. ) ;
#7347 = VECTOR ( 'NONE', #5203, 1000.000000000000000 ) ;
#7348 = LINE ( 'NONE', #7222, #1671 ) ;
#7349 = CARTESIAN_POINT ( 'NONE',  ( -63.23727900000002222, 26.16911099999998669, 5.000000000000000000 ) ) ;
#7350 = ADVANCED_FACE ( 'NONE', ( #2266 ), #2925, .F. ) ;
#7351 = DIRECTION ( 'NONE',  ( 0.2588190399164173594, 0.9659258276786804043, -0.000000000000000000 ) ) ;
#7352 = EDGE_CURVE ( 'NONE', #1270, #7570, #3490, .T. ) ;
#7353 = EDGE_CURVE ( 'NONE', #1547, #2259, #2221, .T. ) ;
#7354 = LINE ( 'NONE', #295, #958 ) ;
#7355 = FACE_OUTER_BOUND ( 'NONE', #811, .T. ) ;
#7356 = ORIENTED_EDGE ( 'NONE', *, *, #5701, .F. ) ;
#7357 = VERTEX_POINT ( 'NONE', #4786 ) ;
#7358 = LINE ( 'NONE', #2317, #4981 ) ;
#7359 = AXIS2_PLACEMENT_3D ( 'NONE', #2616, #5182, #62 ) ;
#7360 = DIRECTION ( 'NONE',  ( -0.000000000000000000, -0.000000000000000000, 1.000000000000000000 ) ) ;
#7361 = ADVANCED_FACE ( 'NONE', ( #7979 ), #7220, .F. ) ;
#7362 = EDGE_CURVE ( 'NONE', #8156, #877, #7992, .T. ) ;
#7363 = DIRECTION ( 'NONE',  ( 1.000000000000000000, 0.000000000000000000, 0.000000000000000000 ) ) ;
#7364 = EDGE_CURVE ( 'NONE', #5248, #5337, #4858, .T. ) ;
#7365 = DIRECTION ( 'NONE',  ( -0.000000000000000000, -0.000000000000000000, 1.000000000000000000 ) ) ;
#7366 = VECTOR ( 'NONE', #5829, 1000.000000000000000 ) ;
#7367 = EDGE_LOOP ( 'NONE', ( #3538, #1494, #3881, #7254 ) ) ;
#7368 = ORIENTED_EDGE ( 'NONE', *, *, #4538, .T. ) ;
#7369 = VERTEX_POINT ( 'NONE', #7309 ) ;
#7370 = EDGE_CURVE ( 'NONE', #151, #2156, #4822, .T. ) ;
#7371 = CARTESIAN_POINT ( 'NONE',  ( 2.307274015923403532, -9.703684177437182257, 2.000000000000000000 ) ) ;
#7372 =( GEOMETRIC_REPRESENTATION_CONTEXT ( 3 ) GLOBAL_UNCERTAINTY_ASSIGNED_CONTEXT ( ( #7923 ) ) GLOBAL_UNIT_ASSIGNED_CONTEXT ( ( #4477, #2630, #7051 ) ) REPRESENTATION_CONTEXT ( 'NONE', 'WORKASPACE' ) );
#7373 = FACE_BOUND ( 'NONE', #6801, .T. ) ;
#7374 = ORIENTED_EDGE ( 'NONE', *, *, #1401, .T. ) ;
#7375 = CIRCLE ( 'NONE', #2359, 0.3999999999999975797 ) ;
#7376 = CARTESIAN_POINT ( 'NONE',  ( -35.26227899999999948, 80.14411100000000943, 5.000000000000000000 ) ) ;
#7377 = CARTESIAN_POINT ( 'NONE',  ( -63.63727900000002080, 59.31911099999999237, 5.000000000000000000 ) ) ;
#7378 = CARTESIAN_POINT ( 'NONE',  ( -41.41227900000000517, 80.14411100000000943, 5.000000000000000000 ) ) ;
#7379 = LINE ( 'NONE', #3712, #6605 ) ;
#7380 = EDGE_LOOP ( 'NONE', ( #3835, #2890, #7902, #559, #1592, #2889, #411, #1876 ) ) ;
#7381 = CARTESIAN_POINT ( 'NONE',  ( -82.68727900000001796, 69.96911099999999806, 2.000000000000000000 ) ) ;
#7382 = VECTOR ( 'NONE', #1985, 1000.000000000000000 ) ;
#7383 = EDGE_CURVE ( 'NONE', #5428, #5237, #1387, .T. ) ;
#7384 = ORIENTED_EDGE ( 'NONE', *, *, #1901, .F. ) ;
#7385 = LINE ( 'NONE', #1798, #3715 ) ;
#7386 = PLANE ( 'NONE',  #4264 ) ;
#7387 = ORIENTED_EDGE ( 'NONE', *, *, #2570, .F. ) ;
#7388 = CIRCLE ( 'NONE', #4200, 0.3999999999999975797 ) ;
#7389 = DIRECTION ( 'NONE',  ( -0.000000000000000000, -0.000000000000000000, 1.000000000000000000 ) ) ;
#7390 = CARTESIAN_POINT ( 'NONE',  ( -80.51227899999999238, 72.14411100000273791, 5.000000000000000000 ) ) ;
#7391 = DIRECTION ( 'NONE',  ( -0.000000000000000000, -0.000000000000000000, 1.000000000000000000 ) ) ;
#7392 = EDGE_CURVE ( 'NONE', #5717, #3983, #4739, .T. ) ;
#7393 = CIRCLE ( 'NONE', #4078, 0.3999999999999975797 ) ;
#7394 = VECTOR ( 'NONE', #7125, 1000.000000000000000 ) ;
#7395 = EDGE_CURVE ( 'NONE', #5807, #5303, #2342, .T. ) ;
#7396 = CIRCLE ( 'NONE', #11, 0.9977672882801047471 ) ;
#7397 = DIRECTION ( 'NONE',  ( 0.000000000000000000, 0.000000000000000000, -1.000000000000000000 ) ) ;
#7398 = CARTESIAN_POINT ( 'NONE',  ( -39.63727900000002791, 45.21911099999999095, 5.000000000000000000 ) ) ;
#7399 = ORIENTED_EDGE ( 'NONE', *, *, #336, .T. ) ;
#7400 = ORIENTED_EDGE ( 'NONE', *, *, #5518, .T. ) ;
#7401 = PLANE ( 'NONE',  #1162 ) ;
#7402 = EDGE_CURVE ( 'NONE', #4684, #8135, #1649, .T. ) ;
#7403 = VECTOR ( 'NONE', #5213, 1000.000000000000000 ) ;
#7405 = CARTESIAN_POINT ( 'NONE',  ( -78.61053300000017430, 80.14170400000188010, 2.000000000000000000 ) ) ;
#7404 = VECTOR ( 'NONE', #1165, 1000.000000000000000 ) ;
#7406 = FACE_OUTER_BOUND ( 'NONE', #2772, .T. ) ;
#7407 = DIRECTION ( 'NONE',  ( 0.000000000000000000, 0.000000000000000000, 1.000000000000000000 ) ) ;
#7408 = ADVANCED_FACE ( 'NONE', ( #4145 ), #7386, .F. ) ;
#7409 = AXIS2_PLACEMENT_3D ( 'NONE', #4448, #1902, #1861 ) ;
#7410 = DIRECTION ( 'NONE',  ( -0.000000000000000000, -0.000000000000000000, 1.000000000000000000 ) ) ;
#7411 = AXIS2_PLACEMENT_3D ( 'NONE', #4104, #4652, #3453 ) ;
#7412 = EDGE_LOOP ( 'NONE', ( #5762, #7772, #3585, #7795 ) ) ;
#7413 = EDGE_CURVE ( 'NONE', #2673, #4146, #3354, .T. ) ;
#7414 = ORIENTED_EDGE ( 'NONE', *, *, #2641, .F. ) ;
#7415 = VERTEX_POINT ( 'NONE', #2960 ) ;
#7416 = CIRCLE ( 'NONE', #3055, 1.125000000000000888 ) ;
#7417 = AXIS2_PLACEMENT_3D ( 'NONE', #5187, #814, #2710 ) ;
#7418 = CARTESIAN_POINT ( 'NONE',  ( -34.08727900000002364, 4.119110999999994860, 2.000000000000000000 ) ) ;
#7419 = FACE_OUTER_BOUND ( 'NONE', #5297, .T. ) ;
#7420 = EDGE_CURVE ( 'NONE', #164, #3390, #2837, .T. ) ;
#7421 = ADVANCED_FACE ( 'NONE', ( #3413 ), #2804, .F. ) ;
#7422 = EDGE_LOOP ( 'NONE', ( #5729, #5512, #7041, #3307 ) ) ;
#7423 = ORIENTED_EDGE ( 'NONE', *, *, #7812, .F. ) ;
#7424 = FACE_OUTER_BOUND ( 'NONE', #5812, .T. ) ;
#7425 = CARTESIAN_POINT ( 'NONE',  ( -28.52245667409789220, 3.439149119795067655, 2.000000000000000000 ) ) ;
#7426 = CARTESIAN_POINT ( 'NONE',  ( -82.68727900000001796, 70.36911100000000374, 2.000000000000000000 ) ) ;
#7427 = PLANE ( 'NONE',  #1847 ) ;
#7428 = ORIENTED_EDGE ( 'NONE', *, *, #4232, .T. ) ;
#7429 = CARTESIAN_POINT ( 'NONE',  ( -82.68727900000001796, 37.21911099999999095, 5.000000000000000000 ) ) ;
#7430 = ORIENTED_EDGE ( 'NONE', *, *, #5712, .T. ) ;
#7431 = CARTESIAN_POINT ( 'NONE',  ( -20.58727900000001299, 42.21911099999999095, 2.000000000000000000 ) ) ;
#7432 = EDGE_LOOP ( 'NONE', ( #4203, #5127, #5776, #7671, #6192, #5092, #3612, #1758 ) ) ;
#7433 = CARTESIAN_POINT ( 'NONE',  ( -25.53727900000002293, 39.86911099999998953, 2.000000000000000000 ) ) ;
#7434 = DIRECTION ( 'NONE',  ( -0.000000000000000000, -0.000000000000000000, 1.000000000000000000 ) ) ;
#7435 = LINE ( 'NONE', #1765, #2883 ) ;
#7436 = FACE_OUTER_BOUND ( 'NONE', #3151, .T. ) ;
#7437 = EDGE_CURVE ( 'NONE', #6124, #1572, #6606, .T. ) ;
#7438 = CARTESIAN_POINT ( 'NONE',  ( -96.78727900000001227, 31.86911099999999308, 2.000000000000000000 ) ) ;
#7439 = DIRECTION ( 'NONE',  ( 0.000000000000000000, 0.000000000000000000, 1.000000000000000000 ) ) ;
#7440 = ORIENTED_EDGE ( 'NONE', *, *, #5984, .T. ) ;
#7441 = DIRECTION ( 'NONE',  ( 0.000000000000000000, -0.000000000000000000, 1.000000000000000000 ) ) ;
#7442 = CARTESIAN_POINT ( 'NONE',  ( -63.63727900000002080, 78.36911099999998953, 5.000000000000000000 ) ) ;
#7443 = LINE ( 'NONE', #4872, #6829 ) ;
#7444 = CARTESIAN_POINT ( 'NONE',  ( -77.33727900000002364, 40.26911099999998811, 2.000000000000000000 ) ) ;
#7445 = ADVANCED_FACE ( 'NONE', ( #2384 ), #3640, .T. ) ;
#7446 = DIRECTION ( 'NONE',  ( 0.000000000000000000, 0.000000000000000000, 1.000000000000000000 ) ) ;
#7447 = CIRCLE ( 'NONE', #3850, 0.3999999999999975797 ) ;
#7448 = DIRECTION ( 'NONE',  ( 1.000000000000000000, 0.000000000000000000, 0.000000000000000000 ) ) ;
#7449 = CARTESIAN_POINT ( 'NONE',  ( -115.4372790000000180, 51.31911099999999237, 5.000000000000000000 ) ) ;
#7450 = VERTEX_POINT ( 'NONE', #3606 ) ;
#7451 = ORIENTED_EDGE ( 'NONE', *, *, #6048, .F. ) ;
#7452 = ORIENTED_EDGE ( 'NONE', *, *, #2607, .F. ) ;
#7453 = VECTOR ( 'NONE', #1074, 1000.000000000000000 ) ;
#7454 = DIRECTION ( 'NONE',  ( -0.000000000000000000, -0.000000000000000000, 1.000000000000000000 ) ) ;
#7455 = FACE_BOUND ( 'NONE', #1500, .T. ) ;
#7456 = AXIS2_PLACEMENT_3D ( 'NONE', #2393, #6812, #3211 ) ;
#7457 = ORIENTED_EDGE ( 'NONE', *, *, #4299, .F. ) ;
#7458 = ADVANCED_FACE ( 'NONE', ( #4304 ), #4394, .F. ) ;
#7459 = CARTESIAN_POINT ( 'NONE',  ( -96.78727900000001227, 31.86911099999999308, 5.000000000000000000 ) ) ;
#7460 = DIRECTION ( 'NONE',  ( 0.000000000000000000, 0.000000000000000000, 1.000000000000000000 ) ) ;
#7461 = LINE ( 'NONE', #3669, #3925 ) ;
#7462 = ORIENTED_EDGE ( 'NONE', *, *, #2094, .F. ) ;
#7463 = DIRECTION ( 'NONE',  ( -1.000000000000000000, 0.000000000000000000, 0.000000000000000000 ) ) ;
#7464 = ORIENTED_EDGE ( 'NONE', *, *, #1955, .F. ) ;
#7465 = LINE ( 'NONE', #6886, #2907 ) ;
#7466 = ORIENTED_EDGE ( 'NONE', *, *, #2109, .F. ) ;
#7467 = CARTESIAN_POINT ( 'NONE',  ( -20.18727900000001796, 56.31911099999999237, 2.000000000000000000 ) ) ;
#7468 = VERTEX_POINT ( 'NONE', #6891 ) ;
#7469 = DIRECTION ( 'NONE',  ( 0.000000000000000000, 1.000000000000000000, 0.000000000000000000 ) ) ;
#7470 = CARTESIAN_POINT ( 'NONE',  ( -77.73727900000001512, 58.91911099999999379, 2.000000000000000000 ) ) ;
#7471 = DIRECTION ( 'NONE',  ( 0.000000000000000000, 0.000000000000000000, 1.000000000000000000 ) ) ;
#7472 = DIRECTION ( 'NONE',  ( 0.4999999999999997224, 0.8660254037844388186, 0.000000000000000000 ) ) ;
#7473 = CIRCLE ( 'NONE', #4556, 0.3999999999999975797 ) ;
#7474 = DIRECTION ( 'NONE',  ( 0.000000000000000000, 0.000000000000000000, 1.000000000000000000 ) ) ;
#7475 = PLANE ( 'NONE',  #6398 ) ;
#7476 = ORIENTED_EDGE ( 'NONE', *, *, #5541, .F. ) ;
#7477 = ORIENTED_EDGE ( 'NONE', *, *, #6149, .T. ) ;
#7478 = DIRECTION ( 'NONE',  ( -0.000000000000000000, -0.000000000000000000, 1.000000000000000000 ) ) ;
#7479 = CARTESIAN_POINT ( 'NONE',  ( -82.28727900000001227, 56.26911099999999522, 5.000000000000000000 ) ) ;
#7480 = LINE ( 'NONE', #1120, #3933 ) ;
#7481 = EDGE_CURVE ( 'NONE', #7193, #5683, #6711, .T. ) ;
#7482 = DIRECTION ( 'NONE',  ( -0.000000000000000000, -0.000000000000000000, 1.000000000000000000 ) ) ;
#7483 = VECTOR ( 'NONE', #6075, 1000.000000000000000 ) ;
#7484 = DIRECTION ( 'NONE',  ( -1.000000000000000000, 0.000000000000000000, 0.000000000000000000 ) ) ;
#7485 = DIRECTION ( 'NONE',  ( -1.000000000000000000, 0.000000000000000000, 0.000000000000000000 ) ) ;
#7486 = EDGE_LOOP ( 'NONE', ( #1411, #6410, #1293, #3691, #2084, #7571, #2200, #6633, #6430 ) ) ;
#7487 = AXIS2_PLACEMENT_3D ( 'NONE', #561, #3748, #3031 ) ;
#7488 = ORIENTED_EDGE ( 'NONE', *, *, #982, .F. ) ;
#7489 = ORIENTED_EDGE ( 'NONE', *, *, #2713, .F. ) ;
#7490 = LINE ( 'NONE', #5462, #6090 ) ;
#7491 = LINE ( 'NONE', #6757, #4211 ) ;
#7492 = AXIS2_PLACEMENT_3D ( 'NONE', #2664, #3229, #4424 ) ;
#7493 = EDGE_CURVE ( 'NONE', #7907, #777, #5026, .T. ) ;
#7494 = ORIENTED_EDGE ( 'NONE', *, *, #3457, .F. ) ;
#7495 = EDGE_CURVE ( 'NONE', #6298, #4207, #5650, .T. ) ;
#7496 = CARTESIAN_POINT ( 'NONE',  ( -6.487279000000012452, 37.26911099999999522, 2.000000000000000000 ) ) ;
#7497 = VECTOR ( 'NONE', #1202, 1000.000000000000000 ) ;
#7498 = DIRECTION ( 'NONE',  ( 0.000000000000000000, 0.000000000000000000, -1.000000000000000000 ) ) ;
#7499 = DIRECTION ( 'NONE',  ( 1.000000000000000000, -0.000000000000000000, -0.000000000000000000 ) ) ;
#7500 = VERTEX_POINT ( 'NONE', #6312 ) ;
#7501 = DIRECTION ( 'NONE',  ( -0.000000000000000000, -0.000000000000000000, 1.000000000000000000 ) ) ;
#7502 = VERTEX_POINT ( 'NONE', #1841 ) ;
#7503 = CARTESIAN_POINT ( 'NONE',  ( -115.8372790000000094, 37.21911099999999095, 5.000000000000000000 ) ) ;
#7504 = EDGE_LOOP ( 'NONE', ( #7637, #4950, #3063, #7277 ) ) ;
#7505 = VECTOR ( 'NONE', #2093, 1000.000000000000000 ) ;
#7506 = CARTESIAN_POINT ( 'NONE',  ( -77.33727900000002364, 25.76911099999999166, 5.000000000000000000 ) ) ;
#7507 = AXIS2_PLACEMENT_3D ( 'NONE', #2553, #1763, #525 ) ;
#7508 = ORIENTED_EDGE ( 'NONE', *, *, #7597, .F. ) ;
#7509 = PLANE ( 'NONE',  #3641 ) ;
#7510 = CARTESIAN_POINT ( 'NONE',  ( -101.7372790000000151, 17.76911099999999166, 5.000000000000000000 ) ) ;
#7511 = CARTESIAN_POINT ( 'NONE',  ( 2.507274015923403709, -9.357274015923405130, 2.000000000000000000 ) ) ;
#7512 = AXIS2_PLACEMENT_3D ( 'NONE', #1714, #2334, #1139 ) ;
#7513 = CARTESIAN_POINT ( 'NONE',  ( 14.07485339871646346, 8.328362273350869316, 5.000000000000000000 ) ) ;
#7514 = EDGE_CURVE ( 'NONE', #297, #4960, #3404, .T. ) ;
#7515 = CARTESIAN_POINT ( 'NONE',  ( -115.8372790000000094, 31.86911099999999308, 2.000000000000000000 ) ) ;
#7516 = CIRCLE ( 'NONE', #6721, 0.3999999999999975797 ) ;
#7517 = EDGE_CURVE ( 'NONE', #1125, #4246, #3085, .T. ) ;
#7518 = FACE_OUTER_BOUND ( 'NONE', #5708, .T. ) ;
#7519 = ORIENTED_EDGE ( 'NONE', *, *, #4106, .F. ) ;
#7520 = DIRECTION ( 'NONE',  ( 0.000000000000000000, 0.000000000000000000, 1.000000000000000000 ) ) ;
#7521 = DIRECTION ( 'NONE',  ( 1.000000000000000000, -0.000000000000000000, 0.000000000000000000 ) ) ;
#7522 = LINE ( 'NONE', #3731, #7768 ) ;
#7523 = CARTESIAN_POINT ( 'NONE',  ( -34.08727900000002364, 3.719110999999997169, 5.000000000000000000 ) ) ;
#7524 = FACE_OUTER_BOUND ( 'NONE', #940, .T. ) ;
#7525 = AXIS2_PLACEMENT_3D ( 'NONE', #7016, #1359, #3279 ) ;
#7526 = FACE_OUTER_BOUND ( 'NONE', #4040, .T. ) ;
#7527 = DIRECTION ( 'NONE',  ( -1.000000000000000000, 0.000000000000000000, 0.000000000000000000 ) ) ;
#7528 = ORIENTED_EDGE ( 'NONE', *, *, #1490, .T. ) ;
#7529 = AXIS2_PLACEMENT_3D ( 'NONE', #4342, #6926, #5605 ) ;
#7530 = EDGE_LOOP ( 'NONE', ( #7117, #6830 ) ) ;
#7531 = ORIENTED_EDGE ( 'NONE', *, *, #8157, .F. ) ;
#7532 = LINE ( 'NONE', #1868, #2651 ) ;
#7533 = FACE_BOUND ( 'NONE', #1036, .T. ) ;
#7534 = AXIS2_PLACEMENT_3D ( 'NONE', #7617, #5129, #3908 ) ;
#7535 = EDGE_CURVE ( 'NONE', #5320, #136, #7590, .T. ) ;
#7536 = CIRCLE ( 'NONE', #822, 1.000000000000000000 ) ;
#7537 = ORIENTED_EDGE ( 'NONE', *, *, #7034, .T. ) ;
#7538 = ORIENTED_EDGE ( 'NONE', *, *, #3938, .F. ) ;
#7539 = CARTESIAN_POINT ( 'NONE',  ( -82.68727900000001796, 50.91911099999999379, 2.000000000000000000 ) ) ;
#7540 = VECTOR ( 'NONE', #7987, 1000.000000000000000 ) ;
#7541 = CIRCLE ( 'NONE', #3438, 0.3999999999999975797 ) ;
#7542 = CARTESIAN_POINT ( 'NONE',  ( -96.38727900000002080, 55.86911099999999664, 2.000000000000000000 ) ) ;
#7543 = CYLINDRICAL_SURFACE ( 'NONE', #6195, 0.3999999999999975797 ) ;
#7544 = ORIENTED_EDGE ( 'NONE', *, *, #1490, .F. ) ;
#7545 = CIRCLE ( 'NONE', #3823, 0.3999999999999975797 ) ;
#7546 = CARTESIAN_POINT ( 'NONE',  ( -2.853684177437180836, 9.557274015923399091, 2.000000000000000000 ) ) ;
#7547 = EDGE_CURVE ( 'NONE', #772, #5626, #6191, .T. ) ;
#7548 = ORIENTED_EDGE ( 'NONE', *, *, #428, .T. ) ;
#7549 = LINE ( 'NONE', #518, #1846 ) ;
#7550 = AXIS2_PLACEMENT_3D ( 'NONE', #5325, #7864, #2189 ) ;
#7551 = EDGE_LOOP ( 'NONE', ( #878, #5179, #1003, #1968 ) ) ;
#7552 = DIRECTION ( 'NONE',  ( 0.000000000000000000, 0.000000000000000000, 1.000000000000000000 ) ) ;
#7553 = ORIENTED_EDGE ( 'NONE', *, *, #7205, .F. ) ;
#7554 = DIRECTION ( 'NONE',  ( -0.000000000000000000, -0.000000000000000000, 1.000000000000000000 ) ) ;
#7555 = CARTESIAN_POINT ( 'NONE',  ( -63.23727900000002222, 64.26911099999999522, 2.000000000000000000 ) ) ;
#7556 = CARTESIAN_POINT ( 'NONE',  ( -82.68727900000001796, 56.26911099999999522, 5.000000000000000000 ) ) ;
#7557 = LINE ( 'NONE', #576, #6598 ) ;
#7558 = VERTEX_POINT ( 'NONE', #1231 ) ;
#7559 = EDGE_CURVE ( 'NONE', #3822, #471, #1191, .T. ) ;
#7560 = FACE_OUTER_BOUND ( 'NONE', #5475, .T. ) ;
#7561 = DIRECTION ( 'NONE',  ( -1.000000000000000000, 0.000000000000000000, 0.000000000000000000 ) ) ;
#7562 = ORIENTED_EDGE ( 'NONE', *, *, #4816, .T. ) ;
#7563 = DIRECTION ( 'NONE',  ( 0.000000000000000000, 1.000000000000000000, 0.000000000000000000 ) ) ;
#7564 = DIRECTION ( 'NONE',  ( -0.000000000000000000, -0.000000000000000000, 1.000000000000000000 ) ) ;
#7565 = PLANE ( 'NONE',  #1574 ) ;
#7566 = LINE ( 'NONE', #3771, #951 ) ;
#7567 = CARTESIAN_POINT ( 'NONE',  ( -63.63727900000002080, 77.96911099999999806, 2.000000000000000000 ) ) ;
#7568 = LINE ( 'NONE', #7653, #7052 ) ;
#7569 = EDGE_LOOP ( 'NONE', ( #2464, #2443, #4897, #6004, #5083, #7199, #6255, #7203, #1871 ) ) ;
#7570 = VERTEX_POINT ( 'NONE', #611 ) ;
#7571 = ORIENTED_EDGE ( 'NONE', *, *, #7603, .F. ) ;
#7572 = AXIS2_PLACEMENT_3D ( 'NONE', #6391, #7631, #107 ) ;
#7573 = DIRECTION ( 'NONE',  ( -0.000000000000000000, -0.000000000000000000, 1.000000000000000000 ) ) ;
#7574 = CARTESIAN_POINT ( 'NONE',  ( -47.78727900000002649, 17.81911099999999948, 2.000000000000000000 ) ) ;
#7575 = AXIS2_PLACEMENT_3D ( 'NONE', #5168, #5208, #6494 ) ;
#7576 = VERTEX_POINT ( 'NONE', #3043 ) ;
#7577 = EDGE_CURVE ( 'NONE', #615, #2626, #648, .T. ) ;
#7578 = ORIENTED_EDGE ( 'NONE', *, *, #7723, .F. ) ;
#7579 = CARTESIAN_POINT ( 'NONE',  ( -60.46227900000000233, 81.14411100000000943, 2.000000000000000000 ) ) ;
#7580 = PLANE ( 'NONE',  #5913 ) ;
#7581 = DIRECTION ( 'NONE',  ( 0.000000000000000000, 0.000000000000000000, 1.000000000000000000 ) ) ;
#7582 = EDGE_LOOP ( 'NONE', ( #4156, #2161, #6264, #554 ) ) ;
#7583 = FACE_OUTER_BOUND ( 'NONE', #2591, .T. ) ;
#7584 = AXIS2_PLACEMENT_3D ( 'NONE', #325, #6644, #6109 ) ;
#7585 = ORIENTED_EDGE ( 'NONE', *, *, #3235, .F. ) ;
#7586 = DIRECTION ( 'NONE',  ( 0.000000000000000000, 0.000000000000000000, 1.000000000000000000 ) ) ;
#7587 = ORIENTED_EDGE ( 'NONE', *, *, #2595, .T. ) ;
#7588 = CARTESIAN_POINT ( 'NONE',  ( -33.68727900000002506, 4.119110999999994860, 2.000000000000000000 ) ) ;
#7589 = VERTEX_POINT ( 'NONE', #3758 ) ;
#7590 = LINE ( 'NONE', #484, #2755 ) ;
#7591 = DIRECTION ( 'NONE',  ( 1.000000000000000000, 0.000000000000000000, 0.000000000000000000 ) ) ;
#7592 = CYLINDRICAL_SURFACE ( 'NONE', #4587, 0.3999999999999975797 ) ;
#7593 = FACE_BOUND ( 'NONE', #4941, .T. ) ;
#7594 = ADVANCED_FACE ( 'NONE', ( #2425 ), #7509, .F. ) ;
#7595 = EDGE_CURVE ( 'NONE', #4793, #1182, #3681, .T. ) ;
#7596 = DIRECTION ( 'NONE',  ( 1.000000000000000000, 0.000000000000000000, 0.000000000000000000 ) ) ;
#7597 = EDGE_CURVE ( 'NONE', #4023, #7835, #572, .T. ) ;
#7598 = CARTESIAN_POINT ( 'NONE',  ( -96.78727900000001227, 18.16911099999998669, 5.000000000000000000 ) ) ;
#7599 = EDGE_LOOP ( 'NONE', ( #2444, #3757, #6271, #4322 ) ) ;
#7600 = EDGE_CURVE ( 'NONE', #6020, #5979, #2465, .T. ) ;
#7601 = DIRECTION ( 'NONE',  ( 0.000000000000000000, 0.000000000000000000, 1.000000000000000000 ) ) ;
#7602 = DIRECTION ( 'NONE',  ( 1.000000000000000000, 0.000000000000000000, 0.000000000000000000 ) ) ;
#7603 = EDGE_CURVE ( 'NONE', #741, #6279, #1164, .T. ) ;
#7604 = DIRECTION ( 'NONE',  ( 0.000000000000000000, 0.000000000000000000, 1.000000000000000000 ) ) ;
#7605 = EDGE_CURVE ( 'NONE', #5253, #97, #8055, .T. ) ;
#7606 = LINE ( 'NONE', #1482, #3050 ) ;
#7607 = EDGE_CURVE ( 'NONE', #4544, #1737, #1357, .T. ) ;
#7608 = EDGE_CURVE ( 'NONE', #711, #3518, #655, .T. ) ;
#7609 = DIRECTION ( 'NONE',  ( 0.02449038266015570245, -0.9997000655982569706, 0.000000000000000000 ) ) ;
#7610 = DIRECTION ( 'NONE',  ( 0.000000000000000000, 0.000000000000000000, -1.000000000000000000 ) ) ;
#7611 = ORIENTED_EDGE ( 'NONE', *, *, #8124, .F. ) ;
#7612 = VERTEX_POINT ( 'NONE', #3844 ) ;
#7613 = VERTEX_POINT ( 'NONE', #5860 ) ;
#7614 = ADVANCED_FACE ( 'NONE', ( #6968 ), #6393, .F. ) ;
#7615 = EDGE_CURVE ( 'NONE', #7310, #2673, #2586, .T. ) ;
#7616 = VECTOR ( 'NONE', #6193, 1000.000000000000000 ) ;
#7617 = CARTESIAN_POINT ( 'NONE',  ( -44.18727900000002506, 31.16911099999999379, 2.000000000000000000 ) ) ;
#7618 = FACE_OUTER_BOUND ( 'NONE', #5220, .T. ) ;
#7619 = AXIS2_PLACEMENT_3D ( 'NONE', #192, #6433, #781 ) ;
#7620 = EDGE_CURVE ( 'NONE', #6176, #6560, #2619, .T. ) ;
#7621 = ORIENTED_EDGE ( 'NONE', *, *, #7909, .F. ) ;
#7622 = ORIENTED_EDGE ( 'NONE', *, *, #4920, .F. ) ;
#7623 = DIRECTION ( 'NONE',  ( -0.000000000000000000, -0.000000000000000000, 1.000000000000000000 ) ) ;
#7624 = DIRECTION ( 'NONE',  ( 0.000000000000000000, 0.000000000000000000, 1.000000000000000000 ) ) ;
#7625 = DIRECTION ( 'NONE',  ( 0.000000000000000000, 0.000000000000000000, 1.000000000000000000 ) ) ;
#7626 = ORIENTED_EDGE ( 'NONE', *, *, #1, .F. ) ;
#7627 = LINE ( 'NONE', #1963, #674 ) ;
#7628 = ORIENTED_EDGE ( 'NONE', *, *, #3545, .T. ) ;
#7629 = DIRECTION ( 'NONE',  ( 0.000000000000000000, -1.000000000000000000, -0.000000000000000000 ) ) ;
#7630 = ORIENTED_EDGE ( 'NONE', *, *, #3017, .F. ) ;
#7631 = DIRECTION ( 'NONE',  ( -1.000000000000000000, 1.532579336855593627E-13, 0.000000000000000000 ) ) ;
#7632 = ORIENTED_EDGE ( 'NONE', *, *, #4540, .T. ) ;
#7633 = CARTESIAN_POINT ( 'NONE',  ( -44.58727900000002364, 30.76911099999999522, 2.000000000000000000 ) ) ;
#7634 = CARTESIAN_POINT ( 'NONE',  ( -58.68727900000002506, 31.16911099999999379, 2.000000000000000000 ) ) ;
#7635 = LINE ( 'NONE', #5773, #3532 ) ;
#7636 = LINE ( 'NONE', #6397, #5809 ) ;
#7637 = ORIENTED_EDGE ( 'NONE', *, *, #426, .F. ) ;
#7638 = ORIENTED_EDGE ( 'NONE', *, *, #3777, .T. ) ;
#7639 = EDGE_CURVE ( 'NONE', #6781, #1617, #7049, .T. ) ;
#7640 = EDGE_CURVE ( 'NONE', #3504, #4684, #6057, .T. ) ;
#7641 = DIRECTION ( 'NONE',  ( 0.000000000000000000, 0.000000000000000000, -1.000000000000000000 ) ) ;
#7642 = LINE ( 'NONE', #7020, #6266 ) ;
#7643 = ORIENTED_EDGE ( 'NONE', *, *, #1964, .T. ) ;
#7644 = VECTOR ( 'NONE', #3969, 1000.000000000000000 ) ;
#7645 = CARTESIAN_POINT ( 'NONE',  ( -60.46227899999620803, 84.14411100000000943, 2.000000000000000000 ) ) ;
#7646 = FACE_OUTER_BOUND ( 'NONE', #2734, .T. ) ;
#7647 = EDGE_CURVE ( 'NONE', #571, #2575, #704, .T. ) ;
#7648 = EDGE_CURVE ( 'NONE', #1547, #335, #6317, .T. ) ;
#7649 = CARTESIAN_POINT ( 'NONE',  ( -14.90290250382849635, -0.2101993430264192386, 2.000000000000000000 ) ) ;
#7650 = EDGE_CURVE ( 'NONE', #5715, #5082, #3776, .T. ) ;
#7651 = AXIS2_PLACEMENT_3D ( 'NONE', #4994, #6324, #1163 ) ;
#7652 = DIRECTION ( 'NONE',  ( -0.000000000000000000, -0.000000000000000000, 1.000000000000000000 ) ) ;
#7653 = CARTESIAN_POINT ( 'NONE',  ( -53.27897700000002601, 23.99171299999948559, 2.000000000000000000 ) ) ;
#7654 = ORIENTED_EDGE ( 'NONE', *, *, #4159, .F. ) ;
#7655 = EDGE_LOOP ( 'NONE', ( #6146, #3320, #5916, #2752 ) ) ;
#7656 = ORIENTED_EDGE ( 'NONE', *, *, #6724, .T. ) ;
#7657 = VECTOR ( 'NONE', #3805, 1000.000000000000000 ) ;
#7658 = EDGE_CURVE ( 'NONE', #1734, #7765, #1435, .T. ) ;
#7659 = AXIS2_PLACEMENT_3D ( 'NONE', #4056, #7927, #7970 ) ;
#7660 = CARTESIAN_POINT ( 'NONE',  ( -23.36227899999621016, 78.14411099999999522, 2.000000000000000000 ) ) ;
#7661 = DIRECTION ( 'NONE',  ( -0.000000000000000000, -0.000000000000000000, 1.000000000000000000 ) ) ;
#7662 = EDGE_CURVE ( 'NONE', #3622, #8033, #3275, .T. ) ;
#7663 = AXIS2_PLACEMENT_3D ( 'NONE', #7921, #6632, #269 ) ;
#7664 = CARTESIAN_POINT ( 'NONE',  ( -115.4372790000000180, 37.21911099999999095, 2.000000000000000000 ) ) ;
#7665 = AXIS2_PLACEMENT_3D ( 'NONE', #7756, #224, #2904 ) ;
#7666 = ORIENTED_EDGE ( 'NONE', *, *, #5583, .F. ) ;
#7667 = ORIENTED_EDGE ( 'NONE', *, *, #2997, .F. ) ;
#7668 = CARTESIAN_POINT ( 'NONE',  ( -6.487279000000012452, 56.31911099999999237, 2.000000000000000000 ) ) ;
#7669 = CARTESIAN_POINT ( 'NONE',  ( -77.33727900000002364, 44.81911099999999237, 5.000000000000000000 ) ) ;
#7670 = CARTESIAN_POINT ( 'NONE',  ( -101.3372790000000094, 18.16911099999998669, 2.000000000000000000 ) ) ;
#7671 = ORIENTED_EDGE ( 'NONE', *, *, #4240, .F. ) ;
#7672 = AXIS2_PLACEMENT_3D ( 'NONE', #2160, #2658, #4670 ) ;
#7673 = VECTOR ( 'NONE', #2233, 1000.000000000000000 ) ;
#7674 = LINE ( 'NONE', #4514, #4212 ) ;
#7675 = EDGE_LOOP ( 'NONE', ( #2805, #184, #6497, #4347 ) ) ;
#7676 = DIRECTION ( 'NONE',  ( 1.000000000000000000, -0.000000000000000000, -0.000000000000000000 ) ) ;
#7677 = VECTOR ( 'NONE', #5556, 1000.000000000000000 ) ;
#7678 = ADVANCED_FACE ( 'NONE', ( #6431 ), #7134, .F. ) ;
#7680 = EDGE_LOOP ( 'NONE', ( #690, #1010, #64, #1309 ) ) ;
#7679 = VECTOR ( 'NONE', #4576, 1000.000000000000000 ) ;
#7681 = FACE_OUTER_BOUND ( 'NONE', #789, .T. ) ;
#7682 = VECTOR ( 'NONE', #1142, 1000.000000000000000 ) ;
#7683 = VERTEX_POINT ( 'NONE', #821 ) ;
#7684 = DIRECTION ( 'NONE',  ( 0.000000000000000000, -1.000000000000000000, -0.000000000000000000 ) ) ;
#7685 = CARTESIAN_POINT ( 'NONE',  ( -96.38727900000002080, 51.31911099999999237, 5.000000000000000000 ) ) ;
#7686 = FACE_OUTER_BOUND ( 'NONE', #650, .T. ) ;
#7687 = DIRECTION ( 'NONE',  ( -0.000000000000000000, -0.000000000000000000, -1.000000000000000000 ) ) ;
#7688 = VECTOR ( 'NONE', #3091, 1000.000000000000000 ) ;
#7689 = VERTEX_POINT ( 'NONE', #1396 ) ;
#7690 = EDGE_CURVE ( 'NONE', #7906, #1355, #5266, .T. ) ;
#7691 = DIRECTION ( 'NONE',  ( 0.000000000000000000, 0.000000000000000000, 1.000000000000000000 ) ) ;
#7692 = DIRECTION ( 'NONE',  ( 0.000000000000000000, 1.000000000000000000, 0.000000000000000000 ) ) ;
#7693 = EDGE_LOOP ( 'NONE', ( #16, #2936, #3972, #1089 ) ) ;
#7694 = CARTESIAN_POINT ( 'NONE',  ( -44.18727900000002506, 44.86911099999999664, 5.000000000000000000 ) ) ;
#7695 = CARTESIAN_POINT ( 'NONE',  ( -20.18727900000001796, 56.31911099999999237, 2.000000000000000000 ) ) ;
#7696 = DIRECTION ( 'NONE',  ( -0.000000000000000000, -0.000000000000000000, -1.000000000000000000 ) ) ;
#7697 = CARTESIAN_POINT ( 'NONE',  ( -25.53727900000002293, 40.26911099999998811, 5.000000000000000000 ) ) ;
#7698 = DIRECTION ( 'NONE',  ( 0.000000000000000000, 0.000000000000000000, 1.000000000000000000 ) ) ;
#7699 = ORIENTED_EDGE ( 'NONE', *, *, #6974, .F. ) ;
#7700 = VERTEX_POINT ( 'NONE', #1971 ) ;
#7701 = VERTEX_POINT ( 'NONE', #4603 ) ;
#7702 = EDGE_CURVE ( 'NONE', #2666, #6002, #155, .T. ) ;
#7703 = CARTESIAN_POINT ( 'NONE',  ( -63.63727900000002080, 25.76911099999999166, 2.000000000000000000 ) ) ;
#7704 = CYLINDRICAL_SURFACE ( 'NONE', #1594, 0.3999999999999975797 ) ;
#7705 = ORIENTED_EDGE ( 'NONE', *, *, #8046, .F. ) ;
#7706 = ORIENTED_EDGE ( 'NONE', *, *, #7163, .T. ) ;
#7707 = EDGE_CURVE ( 'NONE', #311, #5722, #3979, .T. ) ;
#7708 = EDGE_LOOP ( 'NONE', ( #6127, #838, #7185, #3348 ) ) ;
#7709 = AXIS2_PLACEMENT_3D ( 'NONE', #231, #7208, #1124 ) ;
#7710 = ADVANCED_FACE ( 'NONE', ( #7722 ), #4560, .F. ) ;
#7711 = DIRECTION ( 'NONE',  ( -0.000000000000000000, -0.000000000000000000, 1.000000000000000000 ) ) ;
#7712 = LINE ( 'NONE', #2043, #2077 ) ;
#7713 = CARTESIAN_POINT ( 'NONE',  ( -80.51227899999999238, 72.14411100000273791, 2.000000000000000000 ) ) ;
#7714 = ORIENTED_EDGE ( 'NONE', *, *, #688, .T. ) ;
#7715 = CARTESIAN_POINT ( 'NONE',  ( -58.68727900000002506, 50.21911099999999095, 5.000000000000000000 ) ) ;
#7716 = EDGE_LOOP ( 'NONE', ( #3269, #3660, #7346, #1784 ) ) ;
#7717 = LINE ( 'NONE', #28, #3801 ) ;
#7718 = AXIS2_PLACEMENT_3D ( 'NONE', #2567, #5081, #6370 ) ;
#7719 = ORIENTED_EDGE ( 'NONE', *, *, #5280, .T. ) ;
#7720 = CARTESIAN_POINT ( 'NONE',  ( -44.18727900000002506, 69.26911099999999522, 5.000000000000000000 ) ) ;
#7721 = ORIENTED_EDGE ( 'NONE', *, *, #4733, .T. ) ;
#7722 = FACE_OUTER_BOUND ( 'NONE', #7043, .T. ) ;
#7723 = EDGE_CURVE ( 'NONE', #7112, #6885, #6714, .T. ) ;
#7724 = CARTESIAN_POINT ( 'NONE',  ( -25.13727900000002791, 64.26911099999999522, 2.000000000000000000 ) ) ;
#7725 = FILL_AREA_STYLE ('',( #6434 ) ) ;
#7726 = VECTOR ( 'NONE', #1770, 1000.000000000000000 ) ;
#7727 = EDGE_CURVE ( 'NONE', #2184, #3068, #6715, .T. ) ;
#7728 = EDGE_CURVE ( 'NONE', #1921, #5707, #6021, .T. ) ;
#7729 = FACE_OUTER_BOUND ( 'NONE', #533, .T. ) ;
#7730 = EDGE_CURVE ( 'NONE', #6477, #2911, #6554, .T. ) ;
#7731 = PRODUCT ( 'EVA_MID', 'EVA_MID', '', ( #6629 ) ) ;
#7732 = DIRECTION ( 'NONE',  ( -0.000000000000000000, -0.000000000000000000, 1.000000000000000000 ) ) ;
#7733 = EDGE_CURVE ( 'NONE', #703, #3315, #5981, .T. ) ;
#7734 = DIRECTION ( 'NONE',  ( 1.000000000000000000, 0.000000000000000000, 0.000000000000000000 ) ) ;
#7735 = ORIENTED_EDGE ( 'NONE', *, *, #3431, .T. ) ;
#7736 = PLANE ( 'NONE',  #5895 ) ;
#7737 = CARTESIAN_POINT ( 'NONE',  ( -43.41227899999998385, 85.14411099999728094, 2.000000000000000000 ) ) ;
#7738 = CARTESIAN_POINT ( 'NONE',  ( -53.27897700000002601, 23.99171299999948559, 2.000000000000000000 ) ) ;
#7739 = VECTOR ( 'NONE', #5093, 1000.000000000000000 ) ;
#7740 = CARTESIAN_POINT ( 'NONE',  ( -58.68727900000002506, 82.96911099999999806, 5.000000000000000000 ) ) ;
#7741 = DIRECTION ( 'NONE',  ( -0.000000000000000000, -0.000000000000000000, 1.000000000000000000 ) ) ;
#7742 = EDGE_LOOP ( 'NONE', ( #8174, #482, #6417, #6200 ) ) ;
#7743 = VERTEX_POINT ( 'NONE', #312 ) ;
#7744 = VERTEX_POINT ( 'NONE', #439 ) ;
#7745 = LINE ( 'NONE', #2118, #4215 ) ;
#7746 = VECTOR ( 'NONE', #1852, 1000.000000000000000 ) ;
#7747 = DIRECTION ( 'NONE',  ( -0.000000000000000000, -0.000000000000000000, 1.000000000000000000 ) ) ;
#7748 = EDGE_LOOP ( 'NONE', ( #4629, #3456, #1530, #5350 ) ) ;
#7749 = VECTOR ( 'NONE', #1446, 1000.000000000000000 ) ;
#7750 = VERTEX_POINT ( 'NONE', #358 ) ;
#7751 = CARTESIAN_POINT ( 'NONE',  ( -6.487279000000012452, 75.36911099999998953, 5.000000000000000000 ) ) ;
#7752 = CARTESIAN_POINT ( 'NONE',  ( -97.93727900000000375, 34.54411100000000090, 5.000000000000000000 ) ) ;
#7753 = CARTESIAN_POINT ( 'NONE',  ( -96.38727900000002080, 18.16911099999998669, 2.000000000000000000 ) ) ;
#7754 = EDGE_LOOP ( 'NONE', ( #1059, #218, #3825, #4236 ) ) ;
#7755 = EDGE_CURVE ( 'NONE', #2264, #6450, #7300, .T. ) ;
#7756 = CARTESIAN_POINT ( 'NONE',  ( -101.7372790000000151, 50.91911099999999379, 2.000000000000000000 ) ) ;
#7757 = VERTEX_POINT ( 'NONE', #2949 ) ;
#7758 = CARTESIAN_POINT ( 'NONE',  ( 2.507274015923403709, -9.357274015923405130, 2.000000000000000000 ) ) ;
#7759 = CIRCLE ( 'NONE', #5771, 0.3999999999999975797 ) ;
#7760 = EDGE_CURVE ( 'NONE', #242, #5500, #1053, .T. ) ;
#7761 = EDGE_CURVE ( 'NONE', #7006, #266, #1638, .T. ) ;
#7762 = EDGE_LOOP ( 'NONE', ( #7333, #7280, #480, #1418 ) ) ;
#7763 = VERTEX_POINT ( 'NONE', #5942 ) ;
#7764 = DIRECTION ( 'NONE',  ( 0.000000000000000000, 0.000000000000000000, 1.000000000000000000 ) ) ;
#7765 = VERTEX_POINT ( 'NONE', #5387 ) ;
#7766 = EDGE_CURVE ( 'NONE', #3822, #7612, #6674, .T. ) ;
#7767 = CARTESIAN_POINT ( 'NONE',  ( -6.487279000000012452, 37.26911099999999522, 2.000000000000000000 ) ) ;
#7768 = VECTOR ( 'NONE', #5618, 1000.000000000000000 ) ;
#7769 = DIRECTION ( 'NONE',  ( 0.02449038266015602511, -0.9997000655982568595, 0.000000000000000000 ) ) ;
#7770 = FACE_OUTER_BOUND ( 'NONE', #727, .T. ) ;
#7771 = FACE_BOUND ( 'NONE', #8137, .T. ) ;
#7772 = ORIENTED_EDGE ( 'NONE', *, *, #5446, .F. ) ;
#7773 = DIRECTION ( 'NONE',  ( -0.000000000000000000, -0.000000000000000000, 1.000000000000000000 ) ) ;
#7774 = EDGE_CURVE ( 'NONE', #589, #4092, #2136, .T. ) ;
#7775 = ORIENTED_EDGE ( 'NONE', *, *, #5862, .F. ) ;
#7776 = AXIS2_PLACEMENT_3D ( 'NONE', #2386, #5611, #8097 ) ;
#7777 = DIRECTION ( 'NONE',  ( -0.000000000000000000, -0.000000000000000000, 1.000000000000000000 ) ) ;
#7778 = CARTESIAN_POINT ( 'NONE',  ( -101.7372789999999867, 70.36911100000000374, 2.000000000000000000 ) ) ;
#7779 = ORIENTED_EDGE ( 'NONE', *, *, #4876, .T. ) ;
#7780 = CARTESIAN_POINT ( 'NONE',  ( -10.95708165697357650, 13.02298449617150666, 5.000000000000000000 ) ) ;
#7781 = CARTESIAN_POINT ( 'NONE',  ( -58.28727900000002649, 31.16911099999999379, 2.000000000000000000 ) ) ;
#7782 = AXIS2_PLACEMENT_3D ( 'NONE', #1598, #5983, #5348 ) ;
#7783 = CARTESIAN_POINT ( 'NONE',  ( -25.53727900000002293, 58.91911099999999379, 2.000000000000000000 ) ) ;
#7784 = EDGE_CURVE ( 'NONE', #4569, #3280, #4869, .T. ) ;
#7785 = CYLINDRICAL_SURFACE ( 'NONE', #3302, 0.3999999999999975797 ) ;
#7786 = DIRECTION ( 'NONE',  ( 1.000000000000000000, 0.000000000000000000, 0.000000000000000000 ) ) ;
#7787 = ORIENTED_EDGE ( 'NONE', *, *, #228, .T. ) ;
#7788 = ORIENTED_EDGE ( 'NONE', *, *, #555, .F. ) ;
#7789 = VERTEX_POINT ( 'NONE', #6636 ) ;
#7790 = DIRECTION ( 'NONE',  ( 0.000000000000000000, 0.000000000000000000, -1.000000000000000000 ) ) ;
#7791 = CIRCLE ( 'NONE', #1049, 0.9976194657069799021 ) ;
#7792 = CARTESIAN_POINT ( 'NONE',  ( -82.28727900000001227, 50.91911099999999379, 5.000000000000000000 ) ) ;
#7793 = ORIENTED_EDGE ( 'NONE', *, *, #8051, .T. ) ;
#7794 = AXIS2_PLACEMENT_3D ( 'NONE', #237, #7177, #7213 ) ;
#7795 = ORIENTED_EDGE ( 'NONE', *, *, #4478, .T. ) ;
#7796 = CARTESIAN_POINT ( 'NONE',  ( -6.487279000000012452, 56.31911099999999237, 5.000000000000000000 ) ) ;
#7797 = DIRECTION ( 'NONE',  ( 1.000000000000000000, -0.000000000000000000, -0.000000000000000000 ) ) ;
#7798 = ORIENTED_EDGE ( 'NONE', *, *, #6243, .F. ) ;
#7799 = CARTESIAN_POINT ( 'NONE',  ( -96.38727900000002080, 69.96911099999999806, 2.000000000000000000 ) ) ;
#7800 = ORIENTED_EDGE ( 'NONE', *, *, #6702, .T. ) ;
#7801 = CARTESIAN_POINT ( 'NONE',  ( -44.58727900000002364, 31.16911099999999379, 2.000000000000000000 ) ) ;
#7802 = AXIS2_PLACEMENT_3D ( 'NONE', #3973, #5765, #3794 ) ;
#7803 = CIRCLE ( 'NONE', #801, 0.3999999999999975797 ) ;
#7804 = EDGE_CURVE ( 'NONE', #883, #136, #4685, .T. ) ;
#7805 = ORIENTED_EDGE ( 'NONE', *, *, #1586, .F. ) ;
#7806 = FACE_OUTER_BOUND ( 'NONE', #7693, .T. ) ;
#7807 = ORIENTED_EDGE ( 'NONE', *, *, #1692, .T. ) ;
#7808 = CARTESIAN_POINT ( 'NONE',  ( -101.3372789999999952, 56.26911099999999522, 5.000000000000000000 ) ) ;
#7809 = VECTOR ( 'NONE', #7501, 1000.000000000000000 ) ;
#7810 = LINE ( 'NONE', #3931, #1154 ) ;
#7811 = DIRECTION ( 'NONE',  ( 1.000000000000000000, 0.000000000000000000, 0.000000000000000000 ) ) ;
#7812 = EDGE_CURVE ( 'NONE', #6844, #7757, #2366, .T. ) ;
#7813 = EDGE_CURVE ( 'NONE', #5467, #2626, #896, .T. ) ;
#7814 = CARTESIAN_POINT ( 'NONE',  ( -115.4372790000000180, 50.91911099999999379, 2.000000000000000000 ) ) ;
#7815 = ORIENTED_EDGE ( 'NONE', *, *, #708, .F. ) ;
#7816 = DIRECTION ( 'NONE',  ( 0.000000000000000000, 0.000000000000000000, 1.000000000000000000 ) ) ;
#7817 = CIRCLE ( 'NONE', #3559, 0.3999999999999975797 ) ;
#7818 = CIRCLE ( 'NONE', #1467, 0.9977672882727217640 ) ;
#7819 = DIRECTION ( 'NONE',  ( -1.000000000000000000, 0.000000000000000000, 0.000000000000000000 ) ) ;
#7820 = DIRECTION ( 'NONE',  ( -0.000000000000000000, -0.000000000000000000, 1.000000000000000000 ) ) ;
#7821 = ORIENTED_EDGE ( 'NONE', *, *, #1696, .F. ) ;
#7822 = CARTESIAN_POINT ( 'NONE',  ( -31.34645300000000390, 1.944111000000000145, 2.000000000000000000 ) ) ;
#7823 = DIRECTION ( 'NONE',  ( -0.000000000000000000, -0.000000000000000000, 1.000000000000000000 ) ) ;
#7824 = VECTOR ( 'NONE', #7900, 1000.000000000000000 ) ;
#7825 = CIRCLE ( 'NONE', #286, 0.4000000000000010214 ) ;
#7826 = CARTESIAN_POINT ( 'NONE',  ( -49.96227899999895783, 20.49411100000000019, 2.000000000000000000 ) ) ;
#7827 = VECTOR ( 'NONE', #5723, 1000.000000000000114 ) ;
#7828 = LINE ( 'NONE', #5121, #2523 ) ;
#7829 = DIRECTION ( 'NONE',  ( 0.000000000000000000, -0.000000000000000000, 1.000000000000000000 ) ) ;
#7830 = ORIENTED_EDGE ( 'NONE', *, *, #2997, .T. ) ;
#7831 = ORIENTED_EDGE ( 'NONE', *, *, #7130, .T. ) ;
#7832 = ORIENTED_EDGE ( 'NONE', *, *, #4480, .F. ) ;
#7833 = DIRECTION ( 'NONE',  ( 0.000000000000000000, 0.000000000000000000, 1.000000000000000000 ) ) ;
#7834 = CARTESIAN_POINT ( 'NONE',  ( -60.46227899999620803, 84.14411100000000943, 5.000000000000000000 ) ) ;
#7835 = VERTEX_POINT ( 'NONE', #274 ) ;
#7836 = VERTEX_POINT ( 'NONE', #2174 ) ;
#7837 = CARTESIAN_POINT ( 'NONE',  ( 2.523644000000305088, -11.87542799999932974, 2.000000000000000000 ) ) ;
#7838 = VERTEX_POINT ( 'NONE', #1550 ) ;
#7839 = EDGE_CURVE ( 'NONE', #2624, #8034, #1195, .T. ) ;
#7840 = CARTESIAN_POINT ( 'NONE',  ( -58.68727900000002506, 69.26911099999999522, 2.000000000000000000 ) ) ;
#7841 = EDGE_LOOP ( 'NONE', ( #5160, #2080, #6520, #2033, #345, #5098, #6927, #8010 ) ) ;
#7842 = LINE ( 'NONE', #4807, #7264 ) ;
#7843 = VERTEX_POINT ( 'NONE', #6595 ) ;
#7844 = ORIENTED_EDGE ( 'NONE', *, *, #4978, .T. ) ;
#7845 = DIRECTION ( 'NONE',  ( -0.000000000000000000, -0.000000000000000000, 1.000000000000000000 ) ) ;
#7846 = CARTESIAN_POINT ( 'NONE',  ( -82.28727900000001227, 37.21911099999999095, 2.000000000000000000 ) ) ;
#7847 = DIRECTION ( 'NONE',  ( 0.000000000000000000, 0.000000000000000000, 1.000000000000000000 ) ) ;
#7848 = DIRECTION ( 'NONE',  ( -1.000000000000000000, 0.000000000000000000, 0.000000000000000000 ) ) ;
#7849 = DIRECTION ( 'NONE',  ( -0.000000000000000000, -0.000000000000000000, 1.000000000000000000 ) ) ;
#7850 = AXIS2_PLACEMENT_3D ( 'NONE', #2998, #1271, #483 ) ;
#7851 = EDGE_CURVE ( 'NONE', #2603, #2156, #5430, .T. ) ;
#7852 = ORIENTED_EDGE ( 'NONE', *, *, #5415, .F. ) ;
#7853 = PLANE ( 'NONE',  #2390 ) ;
#7854 = CARTESIAN_POINT ( 'NONE',  ( -63.63727900000002080, 63.86911099999998953, 2.000000000000000000 ) ) ;
#7855 = VECTOR ( 'NONE', #2530, 1000.000000000000000 ) ;
#7856 = DIRECTION ( 'NONE',  ( 0.000000000000000000, 0.000000000000000000, 1.000000000000000000 ) ) ;
#7857 = EDGE_LOOP ( 'NONE', ( #6276, #3381, #798, #5418 ) ) ;
#7858 = DIRECTION ( 'NONE',  ( 0.000000000000000000, 0.000000000000000000, -1.000000000000000000 ) ) ;
#7859 = LINE ( 'NONE', #7897, #3525 ) ;
#7860 = DIRECTION ( 'NONE',  ( -1.000000000000000000, 0.000000000000000000, 0.000000000000000000 ) ) ;
#7861 = EDGE_CURVE ( 'NONE', #506, #5320, #7256, .T. ) ;
#7862 = EDGE_CURVE ( 'NONE', #4133, #2062, #7336, .T. ) ;
#7863 = ADVANCED_FACE ( 'NONE', ( #560 ), #3074, .T. ) ;
#7864 = DIRECTION ( 'NONE',  ( 0.000000000000000000, 1.000000000000000000, 0.000000000000000000 ) ) ;
#7865 = CARTESIAN_POINT ( 'NONE',  ( -82.68727900000001796, 18.16911099999998669, 2.000000000000000000 ) ) ;
#7866 = ORIENTED_EDGE ( 'NONE', *, *, #3376, .F. ) ;
#7867 = VERTEX_POINT ( 'NONE', #1261 ) ;
#7868 = ORIENTED_EDGE ( 'NONE', *, *, #3737, .T. ) ;
#7869 = LINE ( 'NONE', #6498, #6480 ) ;
#7870 = FACE_OUTER_BOUND ( 'NONE', #6107, .T. ) ;
#7871 = VERTEX_POINT ( 'NONE', #4931 ) ;
#7872 = EDGE_LOOP ( 'NONE', ( #816, #6069, #8159, #2994 ) ) ;
#7873 = ORIENTED_EDGE ( 'NONE', *, *, #2849, .T. ) ;
#7874 =( NAMED_UNIT ( * ) PLANE_ANGLE_UNIT ( ) SI_UNIT ( $, .RADIAN. ) );
#7875 = CARTESIAN_POINT ( 'NONE',  ( -63.63727900000002080, 44.81911099999999237, 2.000000000000000000 ) ) ;
#7876 = EDGE_LOOP ( 'NONE', ( #7924, #1433, #431, #1218 ) ) ;
#7877 = DIRECTION ( 'NONE',  ( 0.000000000000000000, 0.000000000000000000, 1.000000000000000000 ) ) ;
#7878 = LINE ( 'NONE', #4010, #270 ) ;
#7879 = ORIENTED_EDGE ( 'NONE', *, *, #1350, .T. ) ;
#7880 = ORIENTED_EDGE ( 'NONE', *, *, #8037, .T. ) ;
#7881 = DIRECTION ( 'NONE',  ( 0.000000000000000000, 0.000000000000000000, 1.000000000000000000 ) ) ;
#7882 = ORIENTED_EDGE ( 'NONE', *, *, #636, .T. ) ;
#7883 = DIRECTION ( 'NONE',  ( -0.000000000000000000, -0.000000000000000000, 1.000000000000000000 ) ) ;
#7884 = DIRECTION ( 'NONE',  ( 0.000000000000000000, 0.000000000000000000, -1.000000000000000000 ) ) ;
#7885 = CARTESIAN_POINT ( 'NONE',  ( -6.087279000000014761, 42.21911099999999095, 2.000000000000000000 ) ) ;
#7886 = CARTESIAN_POINT ( 'NONE',  ( -44.78727899999999806, 24.49411100000000019, 5.000000000000000000 ) ) ;
#7887 = AXIS2_PLACEMENT_3D ( 'NONE', #2962, #5953, #7858 ) ;
#7888 = EDGE_LOOP ( 'NONE', ( #1248, #252, #3298, #2976 ) ) ;
#7889 = PLANE ( 'NONE',  #1078 ) ;
#7890 = EDGE_CURVE ( 'NONE', #3622, #6681, #6299, .T. ) ;
#7891 = ADVANCED_FACE ( 'NONE', ( #8001 ), #3667, .F. ) ;
#7892 = CARTESIAN_POINT ( 'NONE',  ( -59.46227900000000233, 85.14411099999999522, 5.000000000000000000 ) ) ;
#7893 = AXIS2_PLACEMENT_3D ( 'NONE', #8003, #2373, #7498 ) ;
#7894 = DIRECTION ( 'NONE',  ( -1.000000000000000000, 0.000000000000000000, 0.000000000000000000 ) ) ;
#7895 = EDGE_LOOP ( 'NONE', ( #721, #2979, #7965, #3452, #5291, #5247, #510, #1385 ) ) ;
#7896 = DIRECTION ( 'NONE',  ( 0.000000000000000000, 0.000000000000000000, 1.000000000000000000 ) ) ;
#7897 = CARTESIAN_POINT ( 'NONE',  ( -101.3372790000000094, 37.21911099999999095, 2.000000000000000000 ) ) ;
#7898 = CARTESIAN_POINT ( 'NONE',  ( -11.35708165697357686, 13.02298449617150666, 5.000000000000000000 ) ) ;
#7899 = VECTOR ( 'NONE', #1000, 1000.000000000000000 ) ;
#7900 = DIRECTION ( 'NONE',  ( -1.000000000000000000, 0.000000000000000000, 0.000000000000000000 ) ) ;
#7901 = DIRECTION ( 'NONE',  ( 0.000000000000000000, 0.000000000000000000, 1.000000000000000000 ) ) ;
#7902 = ORIENTED_EDGE ( 'NONE', *, *, #4495, .T. ) ;
#7903 = EDGE_CURVE ( 'NONE', #6890, #2911, #2332, .T. ) ;
#7904 = EDGE_CURVE ( 'NONE', #7906, #2693, #7396, .T. ) ;
#7905 = AXIS2_PLACEMENT_3D ( 'NONE', #371, #6076, #3531 ) ;
#7906 = VERTEX_POINT ( 'NONE', #8168 ) ;
#7907 = VERTEX_POINT ( 'NONE', #2987 ) ;
#7908 = CARTESIAN_POINT ( 'NONE',  ( -25.13727900000002791, 26.16911099999998669, 5.000000000000000000 ) ) ;
#7909 = EDGE_CURVE ( 'NONE', #1819, #7179, #3300, .T. ) ;
#7910 = ADVANCED_FACE ( 'NONE', ( #7424 ), #2452, .T. ) ;
#7911 = CARTESIAN_POINT ( 'NONE',  ( -101.7372790000000151, 37.21911099999999095, 5.000000000000000000 ) ) ;
#7912 = ORIENTED_EDGE ( 'NONE', *, *, #7296, .T. ) ;
#7913 = AXIS2_PLACEMENT_3D ( 'NONE', #6152, #7471, #1109 ) ;
#7914 = DIRECTION ( 'NONE',  ( 1.000000000000000000, 0.000000000000000000, 0.000000000000000000 ) ) ;
#7915 = EDGE_LOOP ( 'NONE', ( #1253, #1982, #4676, #4734 ) ) ;
#7916 = EDGE_LOOP ( 'NONE', ( #4500, #2742, #6137, #2180 ) ) ;
#7917 = CARTESIAN_POINT ( 'NONE',  ( 9.557274015923402644, 2.853684177437181724, 2.000000000000000000 ) ) ;
#7918 = AXIS2_PLACEMENT_3D ( 'NONE', #2916, #2296, #1675 ) ;
#7919 = LINE ( 'NONE', #2166, #5815 ) ;
#7920 = ORIENTED_EDGE ( 'NONE', *, *, #1096, .T. ) ;
#7921 = CARTESIAN_POINT ( 'NONE',  ( 3.803337000001279833, -11.46242600000072898, 2.000000000000000000 ) ) ;
#7922 = CIRCLE ( 'NONE', #2110, 0.3999999999999975797 ) ;
#7923 = UNCERTAINTY_MEASURE_WITH_UNIT (LENGTH_MEASURE( 1.000000000000000082E-05 ), #4477, 'distance_accuracy_value', 'NONE');
#7924 = ORIENTED_EDGE ( 'NONE', *, *, #1643, .T. ) ;
#7925 = CARTESIAN_POINT ( 'NONE',  ( -115.4372789999999895, 55.86911099999999664, 2.000000000000000000 ) ) ;
#7926 = ORIENTED_EDGE ( 'NONE', *, *, #7928, .T. ) ;
#7927 = DIRECTION ( 'NONE',  ( 0.000000000000000000, 0.000000000000000000, 1.000000000000000000 ) ) ;
#7928 = EDGE_CURVE ( 'NONE', #5054, #3299, #4253, .T. ) ;
#7929 = DIRECTION ( 'NONE',  ( 1.000000000000000000, 0.000000000000000000, 0.000000000000000000 ) ) ;
#7930 = LINE ( 'NONE', #7138, #6842 ) ;
#7931 = AXIS2_PLACEMENT_3D ( 'NONE', #1516, #6599, #4102 ) ;
#7932 = CARTESIAN_POINT ( 'NONE',  ( -15.00643011979506447, -0.5965696740978921886, 2.000000000000000000 ) ) ;
#7933 = ORIENTED_EDGE ( 'NONE', *, *, #520, .T. ) ;
#7934 = DIRECTION ( 'NONE',  ( -0.000000000000000000, -1.000000000000000000, -0.000000000000000000 ) ) ;
#7935 = AXIS2_PLACEMENT_3D ( 'NONE', #7174, #7210, #398 ) ;
#7937 = ORIENTED_EDGE ( 'NONE', *, *, #1050, .T. ) ;
#7936 = AXIS2_PLACEMENT_3D ( 'NONE', #2822, #2865, #5382 ) ;
#7938 = DIRECTION ( 'NONE',  ( 0.000000000000000000, 0.000000000000000000, -1.000000000000000000 ) ) ;
#7939 = VECTOR ( 'NONE', #1506, 1000.000000000000000 ) ;
#7940 = DIRECTION ( 'NONE',  ( -0.9997000655982568595, 0.02449038266015516122, 0.000000000000000000 ) ) ;
#7941 = ORIENTED_EDGE ( 'NONE', *, *, #5089, .F. ) ;
#7942 = DIRECTION ( 'NONE',  ( 1.000000000000000000, 0.000000000000000000, 0.000000000000000000 ) ) ;
#7943 = CARTESIAN_POINT ( 'NONE',  ( -115.4372790000000180, 51.31911099999999237, 2.000000000000000000 ) ) ;
#7944 = DIRECTION ( 'NONE',  ( 0.000000000000000000, 0.000000000000000000, 1.000000000000000000 ) ) ;
#7945 = VECTOR ( 'NONE', #7747, 1000.000000000000000 ) ;
#7946 = VECTOR ( 'NONE', #3864, 1000.000000000000000 ) ;
#7947 = EDGE_CURVE ( 'NONE', #4817, #5263, #8043, .T. ) ;
#7948 = VECTOR ( 'NONE', #6796, 1000.000000000000000 ) ;
#7949 = CARTESIAN_POINT ( 'NONE',  ( -25.13727900000002791, 64.26911099999999522, 2.000000000000000000 ) ) ;
#7950 = PLANE ( 'NONE',  #6396 ) ;
#7951 = ORIENTED_EDGE ( 'NONE', *, *, #5466, .F. ) ;
#7952 = AXIS2_PLACEMENT_3D ( 'NONE', #1409, #2691, #3994 ) ;
#7953 = VECTOR ( 'NONE', #2720, 1000.000000000000000 ) ;
#7954 = ORIENTED_EDGE ( 'NONE', *, *, #2974, .F. ) ;
#7955 = ORIENTED_EDGE ( 'NONE', *, *, #3791, .F. ) ;
#7956 = DIRECTION ( 'NONE',  ( 0.000000000000000000, 0.000000000000000000, 1.000000000000000000 ) ) ;
#7957 = CARTESIAN_POINT ( 'NONE',  ( -6.487279000000012452, 60.86911099999998953, 5.000000000000000000 ) ) ;
#7958 = CARTESIAN_POINT ( 'NONE',  ( -101.3372789999999952, 56.26911099999999522, 2.000000000000000000 ) ) ;
#7959 = EDGE_CURVE ( 'NONE', #5793, #4023, #682, .T. ) ;
#7960 = ORIENTED_EDGE ( 'NONE', *, *, #3145, .F. ) ;
#7961 = VERTEX_POINT ( 'NONE', #2498 ) ;
#7962 = ORIENTED_EDGE ( 'NONE', *, *, #7804, .F. ) ;
#7963 = EDGE_CURVE ( 'NONE', #5891, #7974, #1827, .T. ) ;
#7964 = CARTESIAN_POINT ( 'NONE',  ( -101.7372790000000151, 50.91911099999999379, 5.000000000000000000 ) ) ;
#7965 = ORIENTED_EDGE ( 'NONE', *, *, #2645, .T. ) ;
#7966 = FACE_OUTER_BOUND ( 'NONE', #3742, .T. ) ;
#7967 = EDGE_CURVE ( 'NONE', #5635, #7006, #5157, .T. ) ;
#7968 = ORIENTED_EDGE ( 'NONE', *, *, #1899, .F. ) ;
#7969 = ORIENTED_EDGE ( 'NONE', *, *, #4769, .F. ) ;
#7970 = DIRECTION ( 'NONE',  ( 1.000000000000000000, 0.000000000000000000, 0.000000000000000000 ) ) ;
#7971 = CARTESIAN_POINT ( 'NONE',  ( -41.41452166130999757, 81.13965514279600200, 2.000000000000000000 ) ) ;
#7972 = DIRECTION ( 'NONE',  ( -1.000000000000000000, 0.000000000000000000, 0.000000000000000000 ) ) ;
#7973 = DIRECTION ( 'NONE',  ( 1.000000000000000000, 0.000000000000000000, 0.000000000000000000 ) ) ;
#7974 = VERTEX_POINT ( 'NONE', #7459 ) ;
#7975 = CARTESIAN_POINT ( 'NONE',  ( -25.13727900000002791, 45.21911099999999095, 2.000000000000000000 ) ) ;
#7976 = VECTOR ( 'NONE', #2878, 1000.000000000000000 ) ;
#7977 = ORIENTED_EDGE ( 'NONE', *, *, #2261, .T. ) ;
#7978 = DIRECTION ( 'NONE',  ( 0.000000000000000000, 0.000000000000000000, 1.000000000000000000 ) ) ;
#7979 = FACE_OUTER_BOUND ( 'NONE', #830, .T. ) ;
#7980 = ORIENTED_EDGE ( 'NONE', *, *, #6664, .T. ) ;
#7981 = ADVANCED_FACE ( 'NONE', ( #5010 ), #4333, .F. ) ;
#7982 = DIRECTION ( 'NONE',  ( 1.000000000000000000, 0.000000000000000000, 0.000000000000000000 ) ) ;
#7983 = FACE_OUTER_BOUND ( 'NONE', #289, .T. ) ;
#7984 = VECTOR ( 'NONE', #1431, 1000.000000000000000 ) ;
#7985 = CARTESIAN_POINT ( 'NONE',  ( -6.087279000000014761, 36.86911099999999664, 2.000000000000000000 ) ) ;
#7986 = CIRCLE ( 'NONE', #854, 0.3999999999999975797 ) ;
#7987 = DIRECTION ( 'NONE',  ( -0.000000000000000000, -0.000000000000000000, 1.000000000000000000 ) ) ;
#7988 = FACE_OUTER_BOUND ( 'NONE', #977, .T. ) ;
#7989 = ORIENTED_EDGE ( 'NONE', *, *, #2389, .F. ) ;
#7990 = EDGE_LOOP ( 'NONE', ( #2571, #6565, #7356, #6735, #3601, #2824, #5215, #2132 ) ) ;
#7991 = DIRECTION ( 'NONE',  ( -0.000000000000000000, -0.000000000000000000, 1.000000000000000000 ) ) ;
#7992 = CIRCLE ( 'NONE', #4002, 0.3999999999999975797 ) ;
#7993 = LINE ( 'NONE', #7324, #1999 ) ;
#7994 = CARTESIAN_POINT ( 'NONE',  ( -115.4372789999999895, 69.96911099999999806, 2.000000000000000000 ) ) ;
#7995 = ORIENTED_EDGE ( 'NONE', *, *, #1155, .T. ) ;
#7996 = ORIENTED_EDGE ( 'NONE', *, *, #3829, .T. ) ;
#7997 = ORIENTED_EDGE ( 'NONE', *, *, #545, .F. ) ;
#7998 = DIRECTION ( 'NONE',  ( 1.000000000000000000, 0.000000000000000000, 0.000000000000000000 ) ) ;
#7999 = DIRECTION ( 'NONE',  ( 1.000000000000000000, 0.000000000000000000, 0.000000000000000000 ) ) ;
#8000 = ORIENTED_EDGE ( 'NONE', *, *, #6222, .T. ) ;
#8001 = FACE_OUTER_BOUND ( 'NONE', #2299, .T. ) ;
#8002 = EDGE_CURVE ( 'NONE', #164, #6775, #1177, .T. ) ;
#8003 = CARTESIAN_POINT ( 'NONE',  ( -82.28727900000001227, 18.16911099999998669, 2.000000000000000000 ) ) ;
#8004 = DIRECTION ( 'NONE',  ( -1.000000000000000000, 0.000000000000000000, 0.000000000000000000 ) ) ;
#8005 = DIRECTION ( 'NONE',  ( 0.000000000000000000, 1.000000000000000000, 0.000000000000000000 ) ) ;
#8006 = EDGE_CURVE ( 'NONE', #6722, #1412, #7536, .T. ) ;
#8007 = EDGE_LOOP ( 'NONE', ( #4823, #4666, #2167, #1107 ) ) ;
#8008 = CARTESIAN_POINT ( 'NONE',  ( -58.68727900000002506, 31.16911099999999379, 5.000000000000000000 ) ) ;
#8009 = COLOUR_RGB ( '',0.1019607843137254888, 0.1019607843137254888, 0.1019607843137254888 ) ;
#8010 = ORIENTED_EDGE ( 'NONE', *, *, #339, .T. ) ;
#8011 = CARTESIAN_POINT ( 'NONE',  ( -42.41468599999729605, 84.24236500000026240, 5.000000000000000000 ) ) ;
#8012 = CARTESIAN_POINT ( 'NONE',  ( -39.23727900000002933, 58.91911099999999379, 5.000000000000000000 ) ) ;
#8013 = VERTEX_POINT ( 'NONE', #3112 ) ;
#8014 = AXIS2_PLACEMENT_3D ( 'NONE', #327, #2881, #6111 ) ;
#8015 = CARTESIAN_POINT ( 'NONE',  ( -61.45782314279000502, 81.14186833868100734, 2.000000000000000000 ) ) ;
#8016 = CARTESIAN_POINT ( 'NONE',  ( -42.41227899999621087, 81.14411099999999522, 5.000000000000000000 ) ) ;
#8017 = DIRECTION ( 'NONE',  ( 0.000000000000000000, 0.000000000000000000, 1.000000000000000000 ) ) ;
#8018 = AXIS2_PLACEMENT_3D ( 'NONE', #6716, #7847, #3520 ) ;
#8019 = CARTESIAN_POINT ( 'NONE',  ( -101.3372790000000094, 31.86911099999999308, 2.000000000000000000 ) ) ;
#8020 = CARTESIAN_POINT ( 'NONE',  ( -25.53727900000002293, 59.31911099999999237, 5.000000000000000000 ) ) ;
#8021 = ORIENTED_EDGE ( 'NONE', *, *, #5886, .T. ) ;
#8022 = VERTEX_POINT ( 'NONE', #1872 ) ;
#8023 = DIRECTION ( 'NONE',  ( 1.694732965938710706E-13, 1.000000000000000000, -0.000000000000000000 ) ) ;
#8024 = EDGE_CURVE ( 'NONE', #2859, #4075, #7545, .T. ) ;
#8025 = CARTESIAN_POINT ( 'NONE',  ( -82.28727900000001227, 37.21911099999999095, 5.000000000000000000 ) ) ;
#8026 = VECTOR ( 'NONE', #1463, 1000.000000000000000 ) ;
#8027 = CYLINDRICAL_SURFACE ( 'NONE', #8041, 0.3999999999999975797 ) ;
#8028 = PLANE ( 'NONE',  #1340 ) ;
#8029 = DIRECTION ( 'NONE',  ( -0.000000000000000000, -0.000000000000000000, 1.000000000000000000 ) ) ;
#8030 = AXIS2_PLACEMENT_3D ( 'NONE', #1447, #4443, #713 ) ;
#8031 = EDGE_CURVE ( 'NONE', #7835, #7867, #98, .T. ) ;
#8032 = ORIENTED_EDGE ( 'NONE', *, *, #955, .F. ) ;
#8033 = VERTEX_POINT ( 'NONE', #1913 ) ;
#8034 = VERTEX_POINT ( 'NONE', #4545 ) ;
#8035 = CARTESIAN_POINT ( 'NONE',  ( -80.50782314278998797, 73.14186833868099313, 2.000000000000000000 ) ) ;
#8036 = VECTOR ( 'NONE', #1194, 1000.000000000000000 ) ;
#8037 = EDGE_CURVE ( 'NONE', #7613, #7701, #1958, .T. ) ;
#8038 = FACE_BOUND ( 'NONE', #7841, .T. ) ;
#8039 = EDGE_CURVE ( 'NONE', #5925, #3741, #4638, .T. ) ;
#8040 = EDGE_LOOP ( 'NONE', ( #3831, #6332, #4300, #7714 ) ) ;
#8041 = AXIS2_PLACEMENT_3D ( 'NONE', #2318, #3918, #4006 ) ;
#8042 = VERTEX_POINT ( 'NONE', #7038 ) ;
#8043 = LINE ( 'NONE', #5598, #7948 ) ;
#8044 = DIRECTION ( 'NONE',  ( 1.000000000000000000, 0.000000000000000000, 0.000000000000000000 ) ) ;
#8045 = DIRECTION ( 'NONE',  ( -0.000000000000000000, -0.000000000000000000, -1.000000000000000000 ) ) ;
#8046 = EDGE_CURVE ( 'NONE', #7589, #517, #3832, .T. ) ;
#8047 = CARTESIAN_POINT ( 'NONE',  ( -96.78727900000001227, 18.16911099999998669, 2.000000000000000000 ) ) ;
#8048 = VERTEX_POINT ( 'NONE', #3966 ) ;
#8049 = DIRECTION ( 'NONE',  ( 1.000000000000000000, 0.000000000000000000, 0.000000000000000000 ) ) ;
#8050 = AXIS2_PLACEMENT_3D ( 'NONE', #4410, #1775, #6942 ) ;
#8051 = EDGE_CURVE ( 'NONE', #777, #1182, #3263, .T. ) ;
#8052 = ORIENTED_EDGE ( 'NONE', *, *, #1092, .T. ) ;
#8053 = FACE_OUTER_BOUND ( 'NONE', #7915, .T. ) ;
#8054 = EDGE_CURVE ( 'NONE', #901, #7750, #1381, .T. ) ;
#8055 = LINE ( 'NONE', #4904, #5933 ) ;
#8056 = VECTOR ( 'NONE', #1400, 1000.000000000000000 ) ;
#8057 = CARTESIAN_POINT ( 'NONE',  ( -80.51227900000000659, 22.99411100000000019, 2.000000000000000000 ) ) ;
#8058 = CARTESIAN_POINT ( 'NONE',  ( -20.58727900000001299, 23.16911099999999379, 5.000000000000000000 ) ) ;
#8059 = CARTESIAN_POINT ( 'NONE',  ( -20.58727900000001299, 74.96911099999999806, 5.000000000000000000 ) ) ;
#8060 = CIRCLE ( 'NONE', #7529, 1.125000000000000888 ) ;
#8061 = CARTESIAN_POINT ( 'NONE',  ( -48.96673485720000230, 2.941868338680999617, 5.000000000000000000 ) ) ;
#8062 = ADVANCED_FACE ( 'NONE', ( #2042 ), #6999, .F. ) ;
#8063 = LINE ( 'NONE', #41, #3090 ) ;
#8064 = ORIENTED_EDGE ( 'NONE', *, *, #1317, .F. ) ;
#8065 = CARTESIAN_POINT ( 'NONE',  ( -39.63727900000002791, 26.16911099999998669, 2.000000000000000000 ) ) ;
#8066 = CARTESIAN_POINT ( 'NONE',  ( -82.28727900000001227, 37.21911099999999095, 2.000000000000000000 ) ) ;
#8067 = VECTOR ( 'NONE', #5882, 1000.000000000000000 ) ;
#8069 = DIRECTION ( 'NONE',  ( 0.000000000000000000, 0.000000000000000000, 1.000000000000000000 ) ) ;
#8068 = VECTOR ( 'NONE', #5920, 1000.000000000000000 ) ;
#8070 = DIRECTION ( 'NONE',  ( 1.000000000000000000, 0.000000000000000000, 0.000000000000000000 ) ) ;
#8071 = AXIS2_PLACEMENT_3D ( 'NONE', #513, #4214, #1137 ) ;
#8072 = CARTESIAN_POINT ( 'NONE',  ( -25.53727900000002293, 77.96911099999999806, 2.000000000000000000 ) ) ;
#8073 = CIRCLE ( 'NONE', #1472, 0.3999999999999975797 ) ;
#8074 = DIRECTION ( 'NONE',  ( 1.000000000000000000, 0.000000000000000000, 0.000000000000000000 ) ) ;
#8075 = VECTOR ( 'NONE', #1207, 1000.000000000000000 ) ;
#8076 = FACE_OUTER_BOUND ( 'NONE', #6594, .T. ) ;
#8077 = ORIENTED_EDGE ( 'NONE', *, *, #1328, .F. ) ;
#8078 = VERTEX_POINT ( 'NONE', #1343 ) ;
#8079 = ORIENTED_EDGE ( 'NONE', *, *, #5445, .T. ) ;
#8080 = CIRCLE ( 'NONE', #5166, 0.3999999999999975797 ) ;
#8081 = AXIS2_PLACEMENT_3D ( 'NONE', #7801, #2131, #4641 ) ;
#8082 = DIRECTION ( 'NONE',  ( 1.000000000000000000, 0.000000000000000000, 0.000000000000000000 ) ) ;
#8083 = FACE_BOUND ( 'NONE', #1808, .T. ) ;
#8084 = VECTOR ( 'NONE', #179, 1000.000000000000000 ) ;
#8085 = ORIENTED_EDGE ( 'NONE', *, *, #2802, .T. ) ;
#8086 = DIRECTION ( 'NONE',  ( 0.000000000000000000, 0.000000000000000000, 1.000000000000000000 ) ) ;
#8087 = DIRECTION ( 'NONE',  ( -0.000000000000000000, -0.000000000000000000, 1.000000000000000000 ) ) ;
#8088 = CARTESIAN_POINT ( 'NONE',  ( -53.46227900000000233, 23.99411100000000019, 2.000000000000000000 ) ) ;
#8089 = CARTESIAN_POINT ( 'NONE',  ( -101.7372790000000151, 31.86911099999999308, 2.000000000000000000 ) ) ;
#8090 = VERTEX_POINT ( 'NONE', #1421 ) ;
#8091 = DIRECTION ( 'NONE',  ( 0.000000000000000000, 0.000000000000000000, 1.000000000000000000 ) ) ;
#8092 = EDGE_LOOP ( 'NONE', ( #2669, #4004, #5962, #3977 ) ) ;
#8093 = FACE_OUTER_BOUND ( 'NONE', #449, .T. ) ;
#8094 = ORIENTED_EDGE ( 'NONE', *, *, #3949, .F. ) ;
#8095 = CARTESIAN_POINT ( 'NONE',  ( -39.23727900000002933, 77.96911099999999806, 5.000000000000000000 ) ) ;
#8096 = DIRECTION ( 'NONE',  ( -0.000000000000000000, -0.000000000000000000, 1.000000000000000000 ) ) ;
#8097 = DIRECTION ( 'NONE',  ( -0.9997000655982568595, 0.02449038266015602511, 0.000000000000000000 ) ) ;
#8098 = DIRECTION ( 'NONE',  ( 1.000000000000000000, -0.000000000000000000, -0.000000000000000000 ) ) ;
#8099 = EDGE_CURVE ( 'NONE', #1825, #2394, #2704, .T. ) ;
#8100 = CYLINDRICAL_SURFACE ( 'NONE', #5702, 0.9977672882802018917 ) ;
#8101 = VECTOR ( 'NONE', #5519, 1000.000000000000000 ) ;
#8102 = CARTESIAN_POINT ( 'NONE',  ( -44.58727900000002364, 68.86911100000000374, 5.000000000000000000 ) ) ;
#8103 = EDGE_LOOP ( 'NONE', ( #7980, #350, #2315, #7262 ) ) ;
#8104 = EDGE_CURVE ( 'NONE', #4172, #5555, #1873, .T. ) ;
#8105 = CARTESIAN_POINT ( 'NONE',  ( -6.087279000000014761, 61.26911099999998811, 2.000000000000000000 ) ) ;
#8106 = DIRECTION ( 'NONE',  ( -1.000000000000000000, 0.000000000000000000, 0.000000000000000000 ) ) ;
#8107 = DIRECTION ( 'NONE',  ( 0.000000000000000000, 0.000000000000000000, 1.000000000000000000 ) ) ;
#8108 = CARTESIAN_POINT ( 'NONE',  ( -48.96227899999998812, 1.944110999997723521, 5.000000000000000000 ) ) ;
#8109 = LINE ( 'NONE', #1700, #2922 ) ;
#8110 = VECTOR ( 'NONE', #6329, 1000.000000000000000 ) ;
#8111 = EDGE_CURVE ( 'NONE', #4392, #2721, #5472, .T. ) ;
#8112 = EDGE_CURVE ( 'NONE', #858, #2229, #4510, .T. ) ;
#8113 = DIRECTION ( 'NONE',  ( -0.000000000000000000, -0.000000000000000000, 1.000000000000000000 ) ) ;
#8114 = CARTESIAN_POINT ( 'NONE',  ( -77.73727900000001512, 64.26911099999999522, 2.000000000000000000 ) ) ;
#8115 = ORIENTED_EDGE ( 'NONE', *, *, #2391, .F. ) ;
#8116 = ORIENTED_EDGE ( 'NONE', *, *, #930, .F. ) ;
#8117 = ORIENTED_EDGE ( 'NONE', *, *, #2329, .F. ) ;
#8118 = VECTOR ( 'NONE', #3130, 1000.000000000000000 ) ;
#8119 = CARTESIAN_POINT ( 'NONE',  ( -80.51227899999999238, 72.14411100000273791, 2.000000000000000000 ) ) ;
#8120 = DIRECTION ( 'NONE',  ( -0.000000000000000000, -1.000000000000000000, -0.000000000000000000 ) ) ;
#8121 = ORIENTED_EDGE ( 'NONE', *, *, #1664, .T. ) ;
#8122 = EDGE_CURVE ( 'NONE', #592, #4543, #18, .T. ) ;
#8123 = AXIS2_PLACEMENT_3D ( 'NONE', #6976, #1319, #6363 ) ;
#8124 = EDGE_CURVE ( 'NONE', #3868, #1893, #808, .T. ) ;
#8125 = ORIENTED_EDGE ( 'NONE', *, *, #455, .T. ) ;
#8126 = ADVANCED_FACE ( 'NONE', ( #7120 ), #5051, .T. ) ;
#8127 = DIRECTION ( 'NONE',  ( -0.000000000000000000, -0.000000000000000000, 1.000000000000000000 ) ) ;
#8128 = CARTESIAN_POINT ( 'NONE',  ( -82.68727900000001796, 51.31911099999999237, 5.000000000000000000 ) ) ;
#8129 = DIRECTION ( 'NONE',  ( -1.000000000000000000, 6.337523098901914720E-13, 0.000000000000000000 ) ) ;
#8130 = ORIENTED_EDGE ( 'NONE', *, *, #2641, .T. ) ;
#8131 = DIRECTION ( 'NONE',  ( 0.000000000000000000, 0.000000000000000000, 1.000000000000000000 ) ) ;
#8132 = EDGE_CURVE ( 'NONE', #5682, #4092, #2614, .T. ) ;
#8133 = EDGE_LOOP ( 'NONE', ( #6712, #6163, #6232, #3894 ) ) ;
#8134 = CARTESIAN_POINT ( 'NONE',  ( -44.58727900000002364, 83.36911099999998953, 5.000000000000000000 ) ) ;
#8135 = VERTEX_POINT ( 'NONE', #5136 ) ;
#8136 = CARTESIAN_POINT ( 'NONE',  ( -45.91227899999999806, 24.49411100000000019, 5.000000000000000000 ) ) ;
#8137 = EDGE_LOOP ( 'NONE', ( #3674, #5852, #3568, #27, #109, #3106, #3267, #5180 ) ) ;
#8138 = CARTESIAN_POINT ( 'NONE',  ( -78.51227900000000659, 80.14411100000000943, 2.000000000000000000 ) ) ;
#8139 = LINE ( 'NONE', #3721, #759 ) ;
#8140 = DIRECTION ( 'NONE',  ( 1.000000000000000000, 1.202741610010586673E-13, -0.000000000000000000 ) ) ;
#8141 = CARTESIAN_POINT ( 'NONE',  ( -58.68727900000002506, 50.21911099999999095, 5.000000000000000000 ) ) ;
#8142 = EDGE_CURVE ( 'NONE', #6017, #1486, #1299, .T. ) ;
#8143 = LINE ( 'NONE', #6197, #6754 ) ;
#8144 = CIRCLE ( 'NONE', #2199, 1.125000000000000888 ) ;
#8145 = CARTESIAN_POINT ( 'NONE',  ( -82.68727900000001796, 70.36911100000000374, 5.000000000000000000 ) ) ;
#8146 = ORIENTED_EDGE ( 'NONE', *, *, #217, .T. ) ;
#8147 = LINE ( 'NONE', #582, #1143 ) ;
#8148 = DIRECTION ( 'NONE',  ( 1.000000000000000000, 0.000000000000000000, 0.000000000000000000 ) ) ;
#8149 = CYLINDRICAL_SURFACE ( 'NONE', #4039, 0.3999999999999975797 ) ;
#8150 = CARTESIAN_POINT ( 'NONE',  ( -116.6167348571999867, 16.99186833868100166, 2.000000000000000000 ) ) ;
#8151 = EDGE_CURVE ( 'NONE', #6987, #2673, #3870, .T. ) ;
#8152 = CARTESIAN_POINT ( 'NONE',  ( -6.087279000000014761, 23.16911099999999379, 2.000000000000000000 ) ) ;
#8153 = VECTOR ( 'NONE', #111, 1000.000000000000000 ) ;
#8154 = DIRECTION ( 'NONE',  ( -0.000000000000000000, -0.000000000000000000, 1.000000000000000000 ) ) ;
#8155 = LINE ( 'NONE', #6252, #7855 ) ;
#8156 = VERTEX_POINT ( 'NONE', #6418 ) ;
#8157 = EDGE_CURVE ( 'NONE', #4219, #2320, #1266, .T. ) ;
#8158 = AXIS2_PLACEMENT_3D ( 'NONE', #2354, #8194, #8148 ) ;
#8159 = ORIENTED_EDGE ( 'NONE', *, *, #5886, .F. ) ;
#8160 = ORIENTED_EDGE ( 'NONE', *, *, #6683, .T. ) ;
#8161 = EDGE_CURVE ( 'NONE', #6020, #4817, #5088, .T. ) ;
#8162 = LINE ( 'NONE', #2489, #6218 ) ;
#8163 = EDGE_CURVE ( 'NONE', #3299, #5320, #4550, .T. ) ;
#8164 = CARTESIAN_POINT ( 'NONE',  ( -39.23727900000002933, 77.96911099999999806, 2.000000000000000000 ) ) ;
#8165 = AXIS2_PLACEMENT_3D ( 'NONE', #7781, #3249, #5785 ) ;
#8166 = VERTEX_POINT ( 'NONE', #7796 ) ;
#8167 = ORIENTED_EDGE ( 'NONE', *, *, #6901, .T. ) ;
#8168 = CARTESIAN_POINT ( 'NONE',  ( -41.51053300000017998, 80.14651799999811033, 2.000000000000000000 ) ) ;
#8169 = VECTOR ( 'NONE', #5480, 1000.000000000000000 ) ;
#8170 = LINE ( 'NONE', #7425, #4708 ) ;
#8171 = FACE_OUTER_BOUND ( 'NONE', #4651, .T. ) ;
#8172 = ORIENTED_EDGE ( 'NONE', *, *, #4733, .F. ) ;
#8173 = DIRECTION ( 'NONE',  ( 0.000000000000000000, 0.000000000000000000, 1.000000000000000000 ) ) ;
#8174 = ORIENTED_EDGE ( 'NONE', *, *, #3720, .T. ) ;
#8175 = PLANE ( 'NONE',  #3425 ) ;
#8176 = ADVANCED_FACE ( 'NONE', ( #2861 ), #263, .T. ) ;
#8177 = VECTOR ( 'NONE', #1314, 1000.000000000000000 ) ;
#8178 = VERTEX_POINT ( 'NONE', #7917 ) ;
#8179 = CARTESIAN_POINT ( 'NONE',  ( -117.6122790000000009, 16.99411100000000019, 2.000000000000000000 ) ) ;
#8180 = VECTOR ( 'NONE', #1148, 1000.000000000000000 ) ;
#8181 = ORIENTED_EDGE ( 'NONE', *, *, #2689, .F. ) ;
#8182 = DIRECTION ( 'NONE',  ( -0.000000000000000000, -1.000000000000000000, -0.000000000000000000 ) ) ;
#8183 = CYLINDRICAL_SURFACE ( 'NONE', #6292, 1.000000000000002665 ) ;
#8184 = DIRECTION ( 'NONE',  ( 1.000000000000000000, 0.000000000000000000, 0.000000000000000000 ) ) ;
#8185 = VECTOR ( 'NONE', #2951, 1000.000000000000000 ) ;
#8186 = CARTESIAN_POINT ( 'NONE',  ( -25.53727900000002293, 78.36911099999998953, 2.000000000000000000 ) ) ;
#8187 = ORIENTED_EDGE ( 'NONE', *, *, #6135, .T. ) ;
#8188 = EDGE_CURVE ( 'NONE', #1839, #4585, #753, .T. ) ;
#8189 = CARTESIAN_POINT ( 'NONE',  ( -96.78727900000001227, 37.21911099999999095, 2.000000000000000000 ) ) ;
#8190 = AXIS2_PLACEMENT_3D ( 'NONE', #1489, #7604, #1366 ) ;
#8191 = LINE ( 'NONE', #2519, #7726 ) ;
#8192 = EDGE_LOOP ( 'NONE', ( #3491, #8146 ) ) ;
#8193 = LINE ( 'NONE', #538, #7746 ) ;
#8194 = DIRECTION ( 'NONE',  ( 0.000000000000000000, 0.000000000000000000, 1.000000000000000000 ) ) ;
#8195 = DIRECTION ( 'NONE',  ( 0.8660254037844387076, -0.4999999999999998890, 0.000000000000000000 ) ) ;
#8196 = CARTESIAN_POINT ( 'NONE',  ( -63.23727900000002222, 64.26911099999999522, 5.000000000000000000 ) ) ;
ENDSEC;
END-ISO-10303-21;
